{
"type": "FeatureCollection",
"name": "INVENTARIO ADOPTA UN ESPACIO VERDE",
"crs": { "type": "name", "properties": { "name": "urn:ogc:def:crs:OGC:1.3:CRS84" } },
"features": [
{ "type": "Feature", "properties": { "ETAPA": "TERCERA", "tipo": "Camellon", "M2": 1075.46, "ha": 0.10746210153000001, "Donantes": null, "LAT": 19.583772324000002, "LONG_": -99.271376836000002, "Shape__Are": 1217.9140625, "Shape__Len": 206.88851540100001, "Colonia": "Rancho Los Rojas", "Identifica": 162, "m2_1": 1074.62 }, "geometry": { "type": "MultiPolygon", "coordinates": [ [ [ [ -99.271055900198576, 19.583500001107929, 0.0 ], [ -99.271212586439006, 19.583577087386654, 0.0 ], [ -99.271355866370357, 19.583662552608729, 0.0 ], [ -99.271487415780925, 19.583756396774145, 0.0 ], [ -99.271622316769026, 19.58385694409413, 0.0 ], [ -99.271705687254553, 19.583894230391952, 0.0 ], [ -99.271747581971894, 19.583921043010726, 0.0 ], [ -99.271667144115611, 19.583907636701255, 0.0 ], [ -99.271609748353612, 19.583918110380484, 0.0 ], [ -99.27155277153895, 19.583941152474669, 0.0 ], [ -99.27150668735041, 19.583976762983877, 0.0 ], [ -99.271489929463797, 19.58401069770439, 0.0 ], [ -99.271287577982179, 19.583804575698213, 0.0 ], [ -99.271126702270564, 19.583615211578813, 0.0 ], [ -99.271062184406233, 19.583544828454759, 0.0 ], [ -99.271029506527668, 19.583513826364424, 0.0 ], [ -99.271055900198576, 19.583500001107929, 0.0 ] ] ] ] } },
{ "type": "Feature", "properties": { "ETAPA": "TERCERA", "tipo": "Camellon", "M2": 2198.73, "ha": 0.21970168641000001, "Donantes": null, "LAT": 19.584281459, "LONG_": -99.271911822999996, "Shape__Are": 2489.98046875, "Shape__Len": 215.407465597, "Colonia": "Rancho Los Rojas", "Identifica": 163, "m2_1": 2197.02 }, "geometry": { "type": "MultiPolygon", "coordinates": [ [ [ [ -99.271591314677835, 19.584050078738084, 0.0 ], [ -99.271603883093235, 19.584030388221191, 0.0 ], [ -99.271633628342457, 19.584009859810067, 0.0 ], [ -99.271673847269724, 19.583999386130902, 0.0 ], [ -99.271704849360859, 19.584002737708207, 0.0 ], [ -99.271756379861557, 19.584014468228858, 0.0 ], [ -99.271810842993432, 19.584041699794806, 0.0 ], [ -99.271861954547717, 19.584077729251149, 0.0 ], [ -99.271903849265001, 19.584101190292504, 0.0 ], [ -99.271971718705899, 19.58415984289584, 0.0 ], [ -99.27202366815483, 19.584205089189787, 0.0 ], [ -99.272136783889621, 19.584293905989231, 0.0 ], [ -99.27230687643916, 19.58441121119597, 0.0 ], [ -99.272263305934445, 19.584460646961741, 0.0 ], [ -99.272193760704354, 19.584501703784095, 0.0 ], [ -99.272125891263471, 19.58452432693112, 0.0 ], [ -99.272039588146797, 19.584536895346083, 0.0 ], [ -99.271992666064605, 19.584521813248084, 0.0 ], [ -99.27186781980808, 19.584456457490028, 0.0 ], [ -99.271720350405573, 19.584307312298591, 0.0 ], [ -99.271641588338511, 19.584205089189791, 0.0 ], [ -99.271561150482185, 19.584112082918789, 0.0 ], [ -99.271574347317653, 19.584074796620957, 0.0 ], [ -99.271591314677835, 19.584050078738084, 0.0 ] ] ] ] } },
{ "type": "Feature", "properties": { "ETAPA": "SEGUNDA", "tipo": "Camellon", "M2": 266.42, "ha": 0.02662081787, "Donantes": null, "LAT": 19.566670993, "LONG_": -99.25955781, "Shape__Are": 301.642578125, "Shape__Len": 260.27843087100001, "Colonia": "Industrial México Nuevo", "Identifica": 220, "m2_1": 266.208 }, "geometry": { "type": "MultiPolygon", "coordinates": [ [ [ [ -99.259283798131207, 19.566695694066805, 0.0 ], [ -99.259534020091479, 19.566659842221927, 0.0 ], [ -99.259691635582499, 19.566634397360637, 0.0 ], [ -99.259878780057818, 19.566589295733724, 0.0 ], [ -99.26002551315716, 19.56653678009577, 0.0 ], [ -99.260187993746783, 19.566473033573978, 0.0 ], [ -99.260375085404803, 19.566395241323892, 0.0 ], [ -99.260381020734641, 19.566409709844308, 0.0 ], [ -99.260097912298974, 19.566521731690607, 0.0 ], [ -99.259971381880106, 19.566576086299232, 0.0 ], [ -99.259838433136821, 19.566622044011648, 0.0 ], [ -99.259692658324354, 19.566657746023257, 0.0 ], [ -99.259566084305717, 19.566685014256365, 0.0 ], [ -99.259392202259889, 19.566705345358002, 0.0 ], [ -99.259283342791349, 19.56671904485545, 0.0 ], [ -99.259283798131207, 19.566695694066805, 0.0 ] ] ] ] } },
{ "type": "Feature", "properties": { "ETAPA": "SEGUNDA", "tipo": "Camellon", "M2": 125.51, "ha": 0.01254132371, "Donantes": null, "LAT": 19.567303308, "LONG_": -99.251941779000006, "Shape__Are": 142.107421875, "Shape__Len": 139.97213044, "Colonia": "Industrial México Nuevo", "Identifica": 262, "m2_1": 125.413 }, "geometry": { "type": "MultiPolygon", "coordinates": [ [ [ [ -99.251893863056637, 19.566897637024297, 0.0 ], [ -99.251905355242712, 19.566902646438873, 0.0 ], [ -99.251913606043132, 19.566921505411251, 0.0 ], [ -99.251898283128028, 19.566980734371437, 0.0 ], [ -99.251891800356788, 19.567039963331542, 0.0 ], [ -99.251893568384986, 19.567080038647838, 0.0 ], [ -99.251900345827963, 19.567114220535213, 0.0 ], [ -99.25192097282941, 19.567194665839292, 0.0 ], [ -99.251937474430235, 19.567257725528187, 0.0 ], [ -99.251955744059259, 19.567306935659218, 0.0 ], [ -99.251982264489556, 19.567377067462765, 0.0 ], [ -99.251993167333225, 19.567413606721789, 0.0 ], [ -99.2520117316339, 19.567457512766811, 0.0 ], [ -99.251929223629816, 19.567315775802527, 0.0 ], [ -99.25190712327182, 19.567278647200606, 0.0 ], [ -99.251893863056637, 19.567126891407284, 0.0 ], [ -99.251883254884717, 19.56703613260277, 0.0 ], [ -99.251874709412633, 19.566954508612955, 0.0 ], [ -99.251871468026977, 19.56691796935386, 0.0 ], [ -99.251878540141604, 19.56690441446754, 0.0 ], [ -99.251893863056637, 19.566897637024297, 0.0 ] ] ] ] } },
{ "type": "Feature", "properties": { "ETAPA": "SEGUNDA", "tipo": "Camellon", "M2": 150.28, "ha": 0.0150159753, "Donantes": null, "LAT": 19.56820021, "LONG_": -99.252771953000007, "Shape__Are": 170.150390625, "Shape__Len": 241.113198001, "Colonia": "Industrial México Nuevo", "Identifica": 266, "m2_1": 150.16 }, "geometry": { "type": "MultiPolygon", "coordinates": [ [ [ [ -99.252385080352994, 19.567868579430282, 0.0 ], [ -99.252469945728606, 19.567949908748634, 0.0 ], [ -99.252536541474313, 19.568002360265499, 0.0 ], [ -99.252578974162134, 19.568045971639229, 0.0 ], [ -99.252733971341669, 19.568161482844957, 0.0 ], [ -99.252882485749012, 19.568274636679238, 0.0 ], [ -99.252969708496124, 19.568358912712029, 0.0 ], [ -99.253065771387057, 19.56845910100289, 0.0 ], [ -99.253168611720923, 19.568561057322288, 0.0 ], [ -99.252981200682186, 19.568390737227983, 0.0 ], [ -99.252839758389484, 19.568264028507397, 0.0 ], [ -99.252482911272125, 19.567979670564316, 0.0 ], [ -99.252375356195131, 19.567877124902182, 0.0 ], [ -99.252385080352994, 19.567868579430282, 0.0 ] ] ] ] } },
{ "type": "Feature", "properties": { "ETAPA": "TERCERA", "tipo": "Camellon", "M2": 1648.62, "ha": 0.16473343618, "Donantes": null, "LAT": 19.584815613, "LONG_": -99.27260832, "Shape__Are": 1867.0175781200001, "Shape__Len": 263.78038962900001, "Colonia": "Relleno Sanitario", "Identifica": 164, "m2_1": 1647.33 }, "geometry": { "type": "MultiPolygon", "coordinates": [ [ [ [ -99.272428580591807, 19.584545274289507, 0.0 ], [ -99.272541696326655, 19.584631577405851, 0.0 ], [ -99.27268916572919, 19.584766478393504, 0.0 ], [ -99.272949750867426, 19.58497343829406, 0.0 ], [ -99.273050298186888, 19.585049686678502, 0.0 ], [ -99.273175563389756, 19.585167410832415, 0.0 ], [ -99.273126127624664, 19.585143530843876, 0.0 ], [ -99.272984104535169, 19.585082783504699, 0.0 ], [ -99.272679529943971, 19.584944949886772, 0.0 ], [ -99.272297031181211, 19.584766059446387, 0.0 ], [ -99.272207376487088, 19.584714528944865, 0.0 ], [ -99.272210728064593, 19.58469735211105, 0.0 ], [ -99.272298706969551, 19.584645402662368, 0.0 ], [ -99.272428580591807, 19.584545274289507, 0.0 ] ] ] ] } },
{ "type": "Feature", "properties": { "ETAPA": "CUARTA", "tipo": "Area Verde", "M2": 9047.34, "ha": 0.90402427631000004, "Donantes": null, "LAT": 19.561467569000001, "LONG_": -99.239957411999995, "Shape__Are": 10242.9296875, "Shape__Len": 552.94456262799997, "Colonia": "Real de Atizapan", "Identifica": 348, "m2_1": 9040.24 }, "geometry": { "type": "MultiPolygon", "coordinates": [ [ [ [ -99.239608639574655, 19.562391136457499, 0.0 ], [ -99.239334454003142, 19.562146357805855, 0.0 ], [ -99.240295443177089, 19.560481958270433, 0.0 ], [ -99.240569349337463, 19.560539274052072, 0.0 ], [ -99.240347226085532, 19.561207703123095, 0.0 ], [ -99.240250867122441, 19.561198217958495, 0.0 ], [ -99.240023642436839, 19.561847426538922, 0.0 ], [ -99.239998508928963, 19.561996468067921, 0.0 ], [ -99.239608639574655, 19.562391136457499, 0.0 ] ] ] ] } },
{ "type": "Feature", "properties": { "ETAPA": "CUARTA", "tipo": "Area Verde", "M2": 712.09, "ha": 0.07115269607, "Donantes": null, "LAT": 19.561758825999998, "LONG_": -99.238727994000001, "Shape__Are": 806.189453125, "Shape__Len": 116.602267098, "Colonia": "Real de Atizapan", "Identifica": 349, "m2_1": 711.527 }, "geometry": { "type": "MultiPolygon", "coordinates": [ [ [ [ -99.238726646539959, 19.561941314161086, 0.0 ], [ -99.238565063341255, 19.561841103134388, 0.0 ], [ -99.238716021962958, 19.561577886669511, 0.0 ], [ -99.23889779143623, 19.56168285297856, 0.0 ], [ -99.238726646539959, 19.561941314161086, 0.0 ] ] ] ] } },
{ "type": "Feature", "properties": { "ETAPA": "CUARTA", "tipo": "Area Verde", "M2": 1977.22, "ha": 0.19756700153000001, "Donantes": null, "LAT": 19.562250111000001, "LONG_": -99.237053435999997, "Shape__Are": 2238.5234375, "Shape__Len": 219.21870879900001, "Colonia": "Real de Atizapan", "Identifica": 354, "m2_1": 1975.67 }, "geometry": { "type": "MultiPolygon", "coordinates": [ [ [ [ -99.237341611984917, 19.561993266589329, 0.0 ], [ -99.236962270971048, 19.562657091455158, 0.0 ], [ -99.236830226082134, 19.562517870039525, 0.0 ], [ -99.237006868905894, 19.56194563924258, 0.0 ], [ -99.237341611984917, 19.561993266589329, 0.0 ] ] ] ] } },
{ "type": "Feature", "properties": { "ETAPA": "CUARTA", "tipo": "Area Verde", "M2": 1245.34, "ha": 0.12443594991, "Donantes": null, "LAT": 19.561667956000001, "LONG_": -99.238150035999993, "Shape__Are": 1409.9082031200001, "Shape__Len": 151.71146892600001, "Colonia": "Real de Atizapan", "Identifica": 410, "m2_1": 1244.36 }, "geometry": { "type": "MultiPolygon", "coordinates": [ [ [ [ -99.238230900308068, 19.561880487836099, 0.0 ], [ -99.237916242999134, 19.561698247676219, 0.0 ], [ -99.238037596359703, 19.561462558712893, 0.0 ], [ -99.238397869253603, 19.561630318293673, 0.0 ], [ -99.238230900308068, 19.561880487836099, 0.0 ] ] ] ] } },
{ "type": "Feature", "properties": { "ETAPA": "CUARTA", "tipo": "Area Verde", "M2": 1488.12, "ha": 0.14869508986, "Donantes": null, "LAT": 19.560038139, "LONG_": -99.238659107000004, "Shape__Are": 1684.734375, "Shape__Len": 165.40771680899999, "Colonia": "Real de Atizapan", "Identifica": 411, "m2_1": 1486.95 }, "geometry": { "type": "MultiPolygon", "coordinates": [ [ [ [ -99.238806880490358, 19.560253206705394, 0.0 ], [ -99.238487366975278, 19.560215175349359, 0.0 ], [ -99.238502013866693, 19.559830618820346, 0.0 ], [ -99.238836724673774, 19.55985901662552, 0.0 ], [ -99.238806880490358, 19.560253206705394, 0.0 ] ] ] ] } },
{ "type": "Feature", "properties": { "ETAPA": "CUARTA", "tipo": "Area Verde", "M2": 654.48, "ha": 0.06539620293, "Donantes": null, "LAT": 19.56166832, "LONG_": -99.238557067000002, "Shape__Are": 740.962890625, "Shape__Len": 112.608656068, "Colonia": "Real de Atizapan", "Identifica": 412, "m2_1": 653.962 }, "geometry": { "type": "MultiPolygon", "coordinates": [ [ [ [ -99.238565063341255, 19.561841103134388, 0.0 ], [ -99.238396084154758, 19.56175541545203, 0.0 ], [ -99.238552897010038, 19.561495645749925, 0.0 ], [ -99.238716021962958, 19.561577886669511, 0.0 ], [ -99.238565063341255, 19.561841103134388, 0.0 ] ] ] ] } },
{ "type": "Feature", "properties": { "ETAPA": "CUARTA", "tipo": "Area Verde", "M2": 1237.54, "ha": 0.12365651116, "Donantes": null, "LAT": 19.562184788, "LONG_": -99.236833196999996, "Shape__Are": 1401.0839843799999, "Shape__Len": 174.379053271, "Colonia": "Real de Atizapan", "Identifica": 461, "m2_1": 1236.57 }, "geometry": { "type": "MultiPolygon", "coordinates": [ [ [ [ -99.237006868905894, 19.56194563924258, 0.0 ], [ -99.236830226082134, 19.562517870039525, 0.0 ], [ -99.236773765016238, 19.562465876717102, 0.0 ], [ -99.23673967022323, 19.562437228679546, 0.0 ], [ -99.236679053215781, 19.562383509250566, 0.0 ], [ -99.236795660634741, 19.561913512462436, 0.0 ], [ -99.237006868905894, 19.56194563924258, 0.0 ] ] ] ] } },
{ "type": "Feature", "properties": { "ETAPA": "PRIMERA", "tipo": "Area Verde", "M2": 5266.72, "ha": 0.52626416635999995, "Donantes": "ARVS", "LAT": 19.583202614000001, "LONG_": -99.306139801, "Shape__Are": 5964.2128906199996, "Shape__Len": 888.41551825, "Colonia": "Condado de Sayavedra 5ta sección", "Identifica": 185, "m2_1": 5262.64 }, "geometry": { "type": "MultiPolygon", "coordinates": [ [ [ [ -99.305154830354013, 19.580317133846012, 0.0 ], [ -99.305167782518865, 19.580392299021923, 0.0 ], [ -99.305212771703324, 19.580473013996603, 0.0 ], [ -99.30536882860109, 19.580663286085898, 0.0 ], [ -99.305452790021789, 19.580769153041718, 0.0 ], [ -99.305601424159335, 19.580942158468016, 0.0 ], [ -99.305762430283892, 19.581143629822403, 0.0 ], [ -99.305841480027468, 19.581257443919863, 0.0 ], [ -99.305887932956409, 19.581330217221737, 0.0 ], [ -99.305945832177429, 19.581463214155736, 0.0 ], [ -99.305982534036829, 19.581590643023599, 0.0 ], [ -99.306003502481673, 19.581735844591545, 0.0 ], [ -99.306005888762755, 19.581955797751327, 0.0 ], [ -99.306004573196191, 19.582302781300992, 0.0 ], [ -99.306002794588508, 19.582404590409386, 0.0 ], [ -99.306017784363377, 19.582514777073843, 0.0 ], [ -99.306053531962206, 19.582658552542018, 0.0 ], [ -99.306139699602127, 19.582888170496094, 0.0 ], [ -99.306218962311959, 19.583114064121045, 0.0 ], [ -99.306288185381064, 19.583241904677596, 0.0 ], [ -99.306357323787495, 19.583324913314499, 0.0 ], [ -99.306495471827787, 19.583422748672881, 0.0 ], [ -99.306499991153174, 19.583467573025619, 0.0 ], [ -99.306490210005322, 19.583506350675876, 0.0 ], [ -99.306456296863303, 19.583551240336465, 0.0 ], [ -99.306425295884253, 19.583572775026006, 0.0 ], [ -99.306369127111338, 19.58357380444976, 0.0 ], [ -99.306252337391896, 19.583566530798006, 0.0 ], [ -99.306134480168438, 19.583515827849883, 0.0 ], [ -99.306058497475405, 19.583461317765529, 0.0 ], [ -99.305969039320047, 19.583315765438147, 0.0 ], [ -99.30595095911427, 19.583134599965149, 0.0 ], [ -99.30595151420664, 19.5829067028364, 0.0 ], [ -99.305942149620165, 19.582644264498917, 0.0 ], [ -99.305954392458219, 19.58234349546683, 0.0 ], [ -99.305961702774653, 19.582039932789272, 0.0 ], [ -99.305963868304659, 19.581882082967851, 0.0 ], [ -99.305961773970608, 19.581816706458454, 0.0 ], [ -99.30595177938838, 19.581742470341041, 0.0 ], [ -99.305929492430565, 19.581681798085519, 0.0 ], [ -99.305556316200565, 19.581059919013228, 0.0 ], [ -99.305379355162941, 19.580758536371107, 0.0 ], [ -99.305215405924855, 19.580563607643612, 0.0 ], [ -99.305144271175237, 19.580466124883269, 0.0 ], [ -99.305082012404156, 19.580372363085214, 0.0 ], [ -99.305055338133727, 19.580336449156082, 0.0 ], [ -99.305069602229679, 19.580323349016695, 0.0 ], [ -99.305109983690912, 19.580312072703197, 0.0 ], [ -99.305154830354013, 19.580317133846012, 0.0 ] ] ] ] } },
{ "type": "Feature", "properties": { "ETAPA": "PRIMERA", "tipo": "Area Verde", "M2": 1850.32, "ha": 0.18488879237, "Donantes": null, "LAT": 19.583812489, "LONG_": -99.306017612000005, "Shape__Are": 2095.4140625, "Shape__Len": 444.44484819600001, "Colonia": "Condado de Sayavedra 5ta sección", "Identifica": 272, "m2_1": 1848.89 }, "geometry": { "type": "MultiPolygon", "coordinates": [ [ [ [ -99.305948358908324, 19.583473124706607, 0.0 ], [ -99.306030299245464, 19.583551441746742, 0.0 ], [ -99.306136837045031, 19.583609168982353, 0.0 ], [ -99.306222629303264, 19.583639845358746, 0.0 ], [ -99.306267970526619, 19.583645372372402, 0.0 ], [ -99.306190210118828, 19.583693138439436, 0.0 ], [ -99.306130245989024, 19.583771696289205, 0.0 ], [ -99.306042529944563, 19.584026827339816, 0.0 ], [ -99.305942963508187, 19.584268902438243, 0.0 ], [ -99.305901819647673, 19.584398798318077, 0.0 ], [ -99.305876432405228, 19.584523063460448, 0.0 ], [ -99.305845379258329, 19.584778098290833, 0.0 ], [ -99.305822047461902, 19.584947191963419, 0.0 ], [ -99.305804584287316, 19.585092925665176, 0.0 ], [ -99.305791248015439, 19.585206195846592, 0.0 ], [ -99.30576940663272, 19.585120771828869, 0.0 ], [ -99.305912950992166, 19.583900723588684, 0.0 ], [ -99.305948358908324, 19.583473124706607, 0.0 ] ] ] ] } },
{ "type": "Feature", "properties": { "ETAPA": "PRIMERA", "tipo": "Camellon", "M2": 1278.66, "ha": 0.127866, "Donantes": null, "LAT": 19.589030889, "LONG_": -99.305925595999994, "Shape__Are": 4344.41796875, "Shape__Len": 1439.1529561899999, "Colonia": "Condado de Sayavedra 5ta sección", "Identifica": 273, "m2_1": 1304.93 }, "geometry": { "type": "MultiPolygon", "coordinates": [ [ [ [ -99.305282491379145, 19.58735442709316, 0.0 ], [ -99.305212000094087, 19.587376608006402, 0.0 ], [ -99.305235472922789, 19.58731144045915, 0.0 ], [ -99.305268716661871, 19.587172218128448, 0.0 ], [ -99.305327195228841, 19.586827472975369, 0.0 ], [ -99.305324004679761, 19.586703256321208, 0.0 ], [ -99.305308911083927, 19.586537963798289, 0.0 ], [ -99.305275042637604, 19.586345617041122, 0.0 ], [ -99.30528746643229, 19.58614011590366, 0.0 ], [ -99.305303585760456, 19.586065368575266, 0.0 ], [ -99.305375708309185, 19.585901329370952, 0.0 ], [ -99.305433654230029, 19.585797090181064, 0.0 ], [ -99.305556480188031, 19.585607747006343, 0.0 ], [ -99.305683193063686, 19.585389443142304, 0.0 ], [ -99.30569310669874, 19.585420715356136, 0.0 ], [ -99.305715791652446, 19.585430950907618, 0.0 ], [ -99.305460322455687, 19.585829268029212, 0.0 ], [ -99.305375846523972, 19.585974648176613, 0.0 ], [ -99.305327346907603, 19.586123703377343, 0.0 ], [ -99.305311931561306, 19.586310529572685, 0.0 ], [ -99.305332904481546, 19.586458066136458, 0.0 ], [ -99.305376713968684, 19.586696162066144, 0.0 ], [ -99.305405595400657, 19.586856761226731, 0.0 ], [ -99.305393259759356, 19.587108962224988, 0.0 ], [ -99.305328512774395, 19.587265049929048, 0.0 ], [ -99.305282491379145, 19.58735442709316, 0.0 ] ] ] ] } },
{ "type": "Feature", "properties": { "ETAPA": "CUARTA", "tipo": "Area Verde", "M2": 1015.68, "ha": 0.10148895943, "Donantes": null, "LAT": 19.527804885999998, "LONG_": -99.254159453, "Shape__Are": 1149.41015625, "Shape__Len": 418.65892196700003, "Colonia": "Calacoaya", "Identifica": 425, "m2_1": 1014.89 }, "geometry": { "type": "MultiPolygon", "coordinates": [ [ [ [ -99.252917162721261, 19.528267213294562, 0.0 ], [ -99.25290025796285, 19.528159107483976, 0.0 ], [ -99.253620568286152, 19.528007162817364, 0.0 ], [ -99.253972582185256, 19.52785246448213, 0.0 ], [ -99.254579052596824, 19.527604151646791, 0.0 ], [ -99.254567083816795, 19.52769693012354, 0.0 ], [ -99.253087015322706, 19.528193936499406, 0.0 ], [ -99.252917162721261, 19.528267213294562, 0.0 ] ] ] ] } },
{ "type": "Feature", "properties": { "ETAPA": "PRIMERA", "tipo": "Camellon", "M2": 1876.62, "ha": 0.18751550115000001, "Donantes": null, "LAT": 19.527804885999998, "LONG_": -99.254159453, "Shape__Are": 2123.7402343799999, "Shape__Len": 457.297558165, "Colonia": "Calacoaya", "Identifica": 277, "m2_1": 1875.16 }, "geometry": { "type": "MultiPolygon", "coordinates": [ [ [ [ -99.254981647205213, 19.527475160579748, 0.0 ], [ -99.254981647205213, 19.527475160579748, 0.0 ], [ -99.254557664301899, 19.527674156093436, 0.0 ], [ -99.254264299355967, 19.527801594244789, 0.0 ], [ -99.25399063331794, 19.527927136229135, 0.0 ], [ -99.253745465198634, 19.52800780533979, 0.0 ], [ -99.253315212293629, 19.52816392133623, 0.0 ], [ -99.253168460459037, 19.528217725732485, 0.0 ], [ -99.253168460459037, 19.528217725732485, 0.0 ], [ -99.253145656661758, 19.528089905067521, 0.0 ], [ -99.253378055121473, 19.528032604907228, 0.0 ], [ -99.253697082286905, 19.527935954496229, 0.0 ], [ -99.253919594157196, 19.527856251283801, 0.0 ], [ -99.253951560179289, 19.527843223110928, 0.0 ], [ -99.253951560179289, 19.527843223110928, 0.0 ], [ -99.254528992163927, 19.527607881775626, 0.0 ], [ -99.254956076364223, 19.52743543449143, 0.0 ], [ -99.254981647205213, 19.527475160579748, 0.0 ] ] ] ] } },
{ "type": "Feature", "properties": { "ETAPA": "CUARTA", "tipo": "Area Verde", "M2": 9183.67, "ha": 0.91764617241000002, "Donantes": null, "LAT": 19.545980802, "LONG_": -99.2307785, "Shape__Are": 10395.2871094, "Shape__Len": 425.132711755, "Colonia": "Rincón de la Montaña", "Identifica": 321, "m2_1": 9176.46 }, "geometry": { "type": "MultiPolygon", "coordinates": [ [ [ [ -99.231493777016709, 19.546396804098926, 0.0 ], [ -99.230626862300227, 19.546474820557538, 0.0 ], [ -99.230149066740651, 19.545639059885403, 0.0 ], [ -99.230635493861513, 19.545412523459895, 0.0 ], [ -99.230813001669475, 19.545445943820759, 0.0 ], [ -99.231493777016709, 19.546396804098926, 0.0 ] ] ] ] } },
{ "type": "Feature", "properties": { "ETAPA": "CUARTA", "tipo": "Area Verde", "M2": 484.79, "ha": 0.04844066381, "Donantes": null, "LAT": 19.547739098000001, "LONG_": -99.233433453000004, "Shape__Are": 548.7578125, "Shape__Len": 192.561842334, "Colonia": "El Potrero", "Identifica": 281, "m2_1": 484.407 }, "geometry": { "type": "MultiPolygon", "coordinates": [ [ [ [ -99.233425165634031, 19.547348069467084, 0.0 ], [ -99.233432744726372, 19.547356668733446, 0.0 ], [ -99.233426103000895, 19.547358210157157, 0.0 ], [ -99.233425165634031, 19.547348069467084, 0.0 ] ] ], [ [ [ -99.233426103000895, 19.547358210157157, 0.0 ], [ -99.233495237502325, 19.548106187349106, 0.0 ], [ -99.233444813728767, 19.548120599118267, 0.0 ], [ -99.233437181651979, 19.54807517975398, 0.0 ], [ -99.233380848294246, 19.547487049322278, 0.0 ], [ -99.233376770191697, 19.547369651893082, 0.0 ], [ -99.233426103000895, 19.547358210157157, 0.0 ] ] ] ] } },
{ "type": "Feature", "properties": { "ETAPA": "CUARTA", "tipo": "Area Verde", "M2": 313.93, "ha": 0.03136879034, "Donantes": null, "LAT": 19.541904248000002, "LONG_": -99.234693895999996, "Shape__Are": 355.333984375, "Shape__Len": 102.439023048, "Colonia": "El Potrero", "Identifica": 316, "m2_1": 313.688 }, "geometry": { "type": "MultiPolygon", "coordinates": [ [ [ [ -99.234533724146274, 19.541845947354734, 0.0 ], [ -99.234921190670704, 19.541893265348186, 0.0 ], [ -99.23492123494691, 19.541923870967718, 0.0 ], [ -99.234543972861857, 19.541956879632881, 0.0 ], [ -99.234533724146274, 19.541845947354734, 0.0 ] ] ] ] } },
{ "type": "Feature", "properties": { "ETAPA": "CUARTA", "tipo": "Area Verde", "M2": 999.44, "ha": 0.09986561402, "Donantes": null, "LAT": 19.549152466, "LONG_": -99.236515998000002, "Shape__Are": 1131.3417968799999, "Shape__Len": 142.78511144800001, "Colonia": "El Potrero", "Identifica": 418, "m2_1": 998.656 }, "geometry": { "type": "MultiPolygon", "coordinates": [ [ [ [ -99.236529487859528, 19.54936856855857, 0.0 ], [ -99.23627544978585, 19.549013203693075, 0.0 ], [ -99.236549237126113, 19.549003231896492, 0.0 ], [ -99.236737108129176, 19.549185641155415, 0.0 ], [ -99.236529487859528, 19.54936856855857, 0.0 ] ] ] ] } },
{ "type": "Feature", "properties": { "ETAPA": "SEGUNDA", "tipo": "Camellon", "M2": 2129.51, "ha": 0.21278350361000001, "Donantes": null, "LAT": 19.547596749, "LONG_": -99.237438798, "Shape__Are": 2410.4980468799999, "Shape__Len": 277.08004678200001, "Colonia": "El Potrero", "Identifica": 24, "m2_1": 2127.83 }, "geometry": { "type": "MultiPolygon", "coordinates": [ [ [ [ -99.237827544403501, 19.547976455055046, 0.0 ], [ -99.237698133575293, 19.548068649885508, 0.0 ], [ -99.237061818032586, 19.547261998470269, 0.0 ], [ -99.237087380895659, 19.547225538584463, 0.0 ], [ -99.237152346231483, 19.547184356925811, 0.0 ], [ -99.237201572380997, 19.547160008067536, 0.0 ], [ -99.237230306456908, 19.54716124657087, 0.0 ], [ -99.237827544403501, 19.547976455055046, 0.0 ] ] ] ] } },
{ "type": "Feature", "properties": { "ETAPA": "SEGUNDA", "tipo": "Camellon", "M2": 163.86, "ha": 0.01637322971, "Donantes": null, "LAT": 19.547104194, "LONG_": -99.237057668999995, "Shape__Are": 185.478515625, "Shape__Len": 71.259503361200004, "Colonia": "El Potrero", "Identifica": 25, "m2_1": 163.732 }, "geometry": { "type": "MultiPolygon", "coordinates": [ [ [ [ -99.237080953669903, 19.547062832693829, 0.0 ], [ -99.237117635712437, 19.547007453185206, 0.0 ], [ -99.237173564152798, 19.547083794640958, 0.0 ], [ -99.237106243387643, 19.547109425436581, 0.0 ], [ -99.237034420435123, 19.547150167602922, 0.0 ], [ -99.237000438632194, 19.547196838127565, 0.0 ], [ -99.236938538317602, 19.547123991863248, 0.0 ], [ -99.237010384927203, 19.547098791682775, 0.0 ], [ -99.237080953669903, 19.547062832693829, 0.0 ] ] ] ] } },
{ "type": "Feature", "properties": { "ETAPA": "SEGUNDA", "tipo": "Camellon", "M2": 3806.26, "ha": 0.38032770133, "Donantes": null, "LAT": 19.542705619, "LONG_": -99.23380751000001, "Shape__Are": 4308.24609375, "Shape__Len": 549.55007483099996, "Colonia": "El Potrero", "Identifica": 91, "m2_1": 3803.28 }, "geometry": { "type": "MultiPolygon", "coordinates": [ [ [ [ -99.233117776815064, 19.541770655443464, 0.0 ], [ -99.233164498949407, 19.541790742334051, 0.0 ], [ -99.233245859129298, 19.541847144887786, 0.0 ], [ -99.233445218740499, 19.542089729844484, 0.0 ], [ -99.233886462309329, 19.54268505711045, 0.0 ], [ -99.234271443052549, 19.543204801452429, 0.0 ], [ -99.234520706027993, 19.543549127435337, 0.0 ], [ -99.234516298210465, 19.54356687933047, 0.0 ], [ -99.234499579300888, 19.543587449232881, 0.0 ], [ -99.234448392157859, 19.543617870962457, 0.0 ], [ -99.234416398414709, 19.543635658651439, 0.0 ], [ -99.234403039648967, 19.543633143777349, 0.0 ], [ -99.234011583184426, 19.543109978363042, 0.0 ], [ -99.233948218156868, 19.543006960777298, 0.0 ], [ -99.233760469948976, 19.542764377453143, 0.0 ], [ -99.233608437147012, 19.542548350951307, 0.0 ], [ -99.233468761424561, 19.542361262633708, 0.0 ], [ -99.233344396257166, 19.542201707703494, 0.0 ], [ -99.233240756792853, 19.542067344180825, 0.0 ], [ -99.233139595253931, 19.541943251500605, 0.0 ], [ -99.233105040813584, 19.541892859579235, 0.0 ], [ -99.233091203089472, 19.541861588117754, 0.0 ], [ -99.233076848640977, 19.541813505152891, 0.0 ], [ -99.23308518061404, 19.541784073108751, 0.0 ], [ -99.233110884613254, 19.541771893906976, 0.0 ], [ -99.233117776815064, 19.541770655443464, 0.0 ] ] ] ] } },
{ "type": "Feature", "properties": { "ETAPA": "SEGUNDA", "tipo": "Camellon", "M2": 490.33, "ha": 0.0489945421, "Donantes": null, "LAT": 19.543822847000001, "LONG_": -99.234626225, "Shape__Are": 555.001953125, "Shape__Len": 95.356657910099997, "Colonia": "El Potrero", "Identifica": 227, "m2_1": 489.945 }, "geometry": { "type": "MultiPolygon", "coordinates": [ [ [ [ -99.234489716757622, 19.543748983576894, 0.0 ], [ -99.234491912081168, 19.543735966634365, 0.0 ], [ -99.234580745818405, 19.543679343759599, 0.0 ], [ -99.234611533341578, 19.543679070278937, 0.0 ], [ -99.234640400381636, 19.543713357624295, 0.0 ], [ -99.234761086606539, 19.543882022982871, 0.0 ], [ -99.234753735996165, 19.543908651793281, 0.0 ], [ -99.234657614624084, 19.543973370426485, 0.0 ], [ -99.234634849141756, 19.543962511759183, 0.0 ], [ -99.234598826442806, 19.543919360620226, 0.0 ], [ -99.234489716757622, 19.543748983576894, 0.0 ] ] ] ] } },
{ "type": "Feature", "properties": { "ETAPA": "SEGUNDA", "tipo": "Camellon", "M2": 8641.13, "ha": 0.8634350298, "Donantes": null, "LAT": 19.54550442, "LONG_": -99.235891723999998, "Shape__Are": 9781.0917968800004, "Shape__Len": 889.36632968000004, "Colonia": "El Potrero", "Identifica": 228, "m2_1": 8634.35 }, "geometry": { "type": "MultiPolygon", "coordinates": [ [ [ [ -99.234730132860918, 19.544108093398084, 0.0 ], [ -99.234731825021029, 19.544072548548645, 0.0 ], [ -99.234783728778936, 19.544040074594392, 0.0 ], [ -99.234828755365612, 19.544007559258031, 0.0 ], [ -99.234856591025618, 19.544009858096839, 0.0 ], [ -99.234891592454119, 19.544028025768807, 0.0 ], [ -99.234975721814919, 19.544124586302445, 0.0 ], [ -99.235245139984045, 19.544438062711233, 0.0 ], [ -99.235583742645915, 19.544901823930235, 0.0 ], [ -99.235799447048848, 19.545200425359777, 0.0 ], [ -99.236083360869998, 19.545591325376311, 0.0 ], [ -99.237069011550943, 19.546941083585665, 0.0 ], [ -99.236957007051004, 19.547004349609196, 0.0 ], [ -99.236912707069337, 19.547028691940483, 0.0 ], [ -99.236886101723982, 19.547025924806366, 0.0 ], [ -99.236057337343681, 19.545900049255408, 0.0 ], [ -99.236043570935038, 19.545872955983565, 0.0 ], [ -99.23590987278304, 19.545692282608734, 0.0 ], [ -99.234730132860918, 19.544108093398084, 0.0 ] ] ] ] } },
{ "type": "Feature", "properties": { "ETAPA": "SEGUNDA", "tipo": "Camellon", "M2": 13967.88, "ha": 1.3956920475700001, "Donantes": null, "LAT": 19.549692706999998, "LONG_": -99.239092881999994, "Shape__Are": 15811.3867188, "Shape__Len": 873.861148738, "Colonia": "El Potrero", "Identifica": 229, "m2_1": 13956.9 }, "geometry": { "type": "MultiPolygon", "coordinates": [ [ [ [ -99.238350388840615, 19.549027913781924, 0.0 ], [ -99.237848125824499, 19.548332272594354, 0.0 ], [ -99.237745940133365, 19.548186701800688, 0.0 ], [ -99.237813849082158, 19.548137109955832, 0.0 ], [ -99.237902458939544, 19.548094962889834, 0.0 ], [ -99.238521112529398, 19.548905453720998, 0.0 ], [ -99.238537927480564, 19.548925392291753, 0.0 ], [ -99.23886440922729, 19.549173874051657, 0.0 ], [ -99.239163245906809, 19.549382229457404, 0.0 ], [ -99.239366962931058, 19.549560822176897, 0.0 ], [ -99.239416802624518, 19.549618197626202, 0.0 ], [ -99.239511055673333, 19.549727818632277, 0.0 ], [ -99.239570277384217, 19.549800125727238, 0.0 ], [ -99.239626556500838, 19.549881309783636, 0.0 ], [ -99.239678300391844, 19.549973989900202, 0.0 ], [ -99.239730364722703, 19.550060083648241, 0.0 ], [ -99.239813689591813, 19.550212604355021, 0.0 ], [ -99.239897021895345, 19.550370048600598, 0.0 ], [ -99.240108004861909, 19.5508005824314, 0.0 ], [ -99.24004564034648, 19.550795971592457, 0.0 ], [ -99.240003496916188, 19.550781317566109, 0.0 ], [ -99.239947244245073, 19.550777088391477, 0.0 ], [ -99.239872973785936, 19.550783539805394, 0.0 ], [ -99.239816125798612, 19.550803564261965, 0.0 ], [ -99.239763953238736, 19.550829457038024, 0.0 ], [ -99.239713554011601, 19.550860607789691, 0.0 ], [ -99.239690917255118, 19.550903677012446, 0.0 ], [ -99.239361309997363, 19.550420352190034, 0.0 ], [ -99.239392556531755, 19.550414274627201, 0.0 ], [ -99.2392219000361, 19.550195489082867, 0.0 ], [ -99.239204620606486, 19.550173433476399, 0.0 ], [ -99.239115479569037, 19.550059652662803, 0.0 ], [ -99.238405989731845, 19.549094771622126, 0.0 ], [ -99.238350388840615, 19.549027913781924, 0.0 ] ] ] ] } },
{ "type": "Feature", "properties": { "ETAPA": "CUARTA", "tipo": "Area Verde", "M2": 599.64, "ha": 0.05991695451, "Donantes": null, "LAT": 19.540489425000001, "LONG_": -99.240449678000004, "Shape__Are": 678.70703125, "Shape__Len": 131.26173447599999, "Colonia": "Casitas Capistrano", "Identifica": 328, "m2_1": 599.17 }, "geometry": { "type": "MultiPolygon", "coordinates": [ [ [ [ -99.24046018462505, 19.540771556908961, 0.0 ], [ -99.240323402068, 19.540373626043369, 0.0 ], [ -99.240565448732127, 19.540323091518182, 0.0 ], [ -99.24046018462505, 19.540771556908961, 0.0 ] ] ] ] } },
{ "type": "Feature", "properties": { "ETAPA": "CUARTA", "tipo": "Area Verde", "M2": 768.15, "ha": 0.0767548158, "Donantes": null, "LAT": 19.542718983, "LONG_": -99.242665017999997, "Shape__Are": 869.458984375, "Shape__Len": 129.647954306, "Colonia": "Casitas Capistrano", "Identifica": 347, "m2_1": 767.548 }, "geometry": { "type": "MultiPolygon", "coordinates": [ [ [ [ -99.242678320857436, 19.542560412556249, 0.0 ], [ -99.242875518898344, 19.542875768446997, 0.0 ], [ -99.242856629724599, 19.542893726842859, 0.0 ], [ -99.24267495039193, 19.542836585352248, 0.0 ], [ -99.242549992350902, 19.542761434533581, 0.0 ], [ -99.242458970714637, 19.542610919467535, 0.0 ], [ -99.242678320857436, 19.542560412556249, 0.0 ] ] ] ] } },
{ "type": "Feature", "properties": { "ETAPA": "CUARTA", "tipo": "Area Verde", "M2": 4863.32, "ha": 0.48595107269, "Donantes": null, "LAT": 19.543834441000001, "LONG_": -99.244459199000005, "Shape__Are": 5504.7949218800004, "Shape__Len": 315.164839825, "Colonia": "Casitas Capistrano", "Identifica": 426, "m2_1": 4859.51 }, "geometry": { "type": "MultiPolygon", "coordinates": [ [ [ [ -99.244830356482922, 19.54418354364952, 0.0 ], [ -99.243929522317373, 19.543901420809387, 0.0 ], [ -99.243925755259156, 19.543912185696009, 0.0 ], [ -99.244061363657053, 19.543521063127077, 0.0 ], [ -99.244318676147401, 19.543556581340333, 0.0 ], [ -99.244977247637223, 19.54374936593279, 0.0 ], [ -99.244830356482922, 19.54418354364952, 0.0 ] ] ] ] } },
{ "type": "Feature", "properties": { "ETAPA": "CUARTA", "tipo": "Area Verde", "M2": 4229.07, "ha": 0.422575829, "Donantes": null, "LAT": 19.537086528, "LONG_": -99.242627486000004, "Shape__Are": 4786.4980468800004, "Shape__Len": 282.94268014400001, "Colonia": "Lomas de Guadalupe", "Identifica": 338, "m2_1": 4225.76 }, "geometry": { "type": "MultiPolygon", "coordinates": [ [ [ [ -99.242894583980188, 19.537447525056717, 0.0 ], [ -99.242214819804445, 19.537193680983304, 0.0 ], [ -99.242295294887811, 19.536760967768476, 0.0 ], [ -99.243056069770915, 19.536942601742616, 0.0 ], [ -99.242894583980188, 19.537447525056717, 0.0 ] ] ] ] } },
{ "type": "Feature", "properties": { "ETAPA": "CUARTA", "tipo": "Area Verde", "M2": 10823.26, "ha": 1.08147785077, "Donantes": null, "LAT": 19.532189957, "LONG_": -99.24423235, "Shape__Are": 12249.1171875, "Shape__Len": 454.84558702800001, "Colonia": "Rincón Colonial", "Identifica": 336, "m2_1": 10814.8 }, "geometry": { "type": "MultiPolygon", "coordinates": [ [ [ [ -99.244825551806784, 19.532250191008607, 0.0 ], [ -99.244602738085462, 19.532423534867888, 0.0 ], [ -99.244501514201687, 19.532539033286721, 0.0 ], [ -99.244359861249563, 19.532741107407873, 0.0 ], [ -99.244212827376273, 19.532736499400798, 0.0 ], [ -99.243924089330775, 19.532900318031679, 0.0 ], [ -99.243654130912105, 19.532064311486312, 0.0 ], [ -99.243983477151872, 19.53193408557139, 0.0 ], [ -99.244107245344651, 19.531620062341069, 0.0 ], [ -99.244284634836447, 19.531476219758623, 0.0 ], [ -99.244550852833768, 19.531635301694102, 0.0 ], [ -99.244825551806784, 19.532250191008607, 0.0 ] ] ] ] } },
{ "type": "Feature", "properties": { "ETAPA": "PRIMERA", "tipo": "Camellon", "M2": 96.54, "ha": 0.00964646935, "Donantes": null, "LAT": 19.524109617000001, "LONG_": -99.254484250999994, "Shape__Are": 109.24609375, "Shape__Len": 50.578399136500003, "Colonia": "Club de Golf Bellavista", "Identifica": 145, "m2_1": 96.4647 }, "geometry": { "type": "MultiPolygon", "coordinates": [ [ [ [ -99.254526758672796, 19.524165351746063, 0.0 ], [ -99.254501202895625, 19.524201381202516, 0.0 ], [ -99.25449114816405, 19.524210179092975, 0.0 ], [ -99.254436685032189, 19.524039667596146, 0.0 ], [ -99.2544421313453, 19.524033383388588, 0.0 ], [ -99.254478160801369, 19.524022909709345, 0.0 ], [ -99.254509581838917, 19.524092873886229, 0.0 ], [ -99.254526758672796, 19.524165351746063, 0.0 ] ] ] ] } },
{ "type": "Feature", "properties": { "ETAPA": "PRIMERA", "tipo": "Camellon", "M2": 664.2, "ha": 0.06636851688000001, "Donantes": null, "LAT": 19.523553488000001, "LONG_": -99.254255512, "Shape__Are": 751.625, "Shape__Len": 212.998103383, "Colonia": "Club de Golf Bellavista", "Identifica": 146, "m2_1": 663.685 }, "geometry": { "type": "MultiPolygon", "coordinates": [ [ [ [ -99.254459308179179, 19.523981014992657, 0.0 ], [ -99.254415737673526, 19.523998191826514, 0.0 ], [ -99.254377194534598, 19.523902671872484, 0.0 ], [ -99.254267430376416, 19.523661358304224, 0.0 ], [ -99.254171910422755, 19.523449371037771, 0.0 ], [ -99.254084769411477, 19.523272575333291, 0.0 ], [ -99.254074714679902, 19.523229842722312, 0.0 ], [ -99.254088120988996, 19.523202192209265, 0.0 ], [ -99.254108230453056, 19.523192975371526, 0.0 ], [ -99.254127502022527, 19.523192975371526, 0.0 ], [ -99.254148449381162, 19.523199678526311, 0.0 ], [ -99.254209615667094, 19.523340444774412, 0.0 ], [ -99.254390181896426, 19.523798772975024, 0.0 ], [ -99.254453652392428, 19.523962162370115, 0.0 ], [ -99.254459308179179, 19.523981014992657, 0.0 ] ] ] ] } },
{ "type": "Feature", "properties": { "ETAPA": "CUARTA", "tipo": "Area Verde", "M2": 419.93, "ha": 0.04196051791, "Donantes": null, "LAT": 19.593174109, "LONG_": -99.270500584999994, "Shape__Are": 475.609375, "Shape__Len": 105.91670313900001, "Colonia": "Hacienda del Pedregal", "Identifica": 292, "m2_1": 419.605 }, "geometry": { "type": "MultiPolygon", "coordinates": [ [ [ [ -99.270536848189892, 19.593010367044897, 0.0 ], [ -99.270577297982356, 19.593060519059499, 0.0 ], [ -99.270592551503441, 19.593129836436429, 0.0 ], [ -99.270569964879286, 19.593201602791915, 0.0 ], [ -99.270512077557314, 19.593285374768104, 0.0 ], [ -99.270444058458949, 19.593345253864495, 0.0 ], [ -99.27039619152508, 19.593385973504624, 0.0 ], [ -99.27042124587615, 19.59328072942716, 0.0 ], [ -99.270483859028161, 19.593005664942158, 0.0 ], [ -99.270536848189892, 19.593010367044897, 0.0 ] ] ] ] } },
{ "type": "Feature", "properties": { "ETAPA": "CUARTA", "tipo": "Area Verde", "M2": 1924.96, "ha": 0.19234566335, "Donantes": null, "LAT": 19.593176766, "LONG_": -99.270286877999993, "Shape__Are": 2180.18359375, "Shape__Len": 185.58946349199999, "Colonia": "Hacienda del Pedregal", "Identifica": 378, "m2_1": 1923.46 }, "geometry": { "type": "MultiPolygon", "coordinates": [ [ [ [ -99.270483859028161, 19.593005664942158, 0.0 ], [ -99.27039619152508, 19.593385973504745, 0.0 ], [ -99.270372372393524, 19.593437891861708, 0.0 ], [ -99.270303112007525, 19.593509727216158, 0.0 ], [ -99.270214785048523, 19.593494915567806, 0.0 ], [ -99.270161028500084, 19.593408320577137, 0.0 ], [ -99.27013555504719, 19.593261906943944, 0.0 ], [ -99.270116403870844, 19.593124450268963, 0.0 ], [ -99.270144497396814, 19.592951057051994, 0.0 ], [ -99.270232699357024, 19.592891148614452, 0.0 ], [ -99.270406199000774, 19.59292077659024, 0.0 ], [ -99.270483859028161, 19.593005664942158, 0.0 ] ] ] ] } },
{ "type": "Feature", "properties": { "ETAPA": "CUARTA", "tipo": "Area Verde", "M2": 2551.13, "ha": 0.25491440468999998, "Donantes": null, "LAT": 19.592470771, "LONG_": -99.270752274000003, "Shape__Are": 2889.3515625, "Shape__Len": 242.46531286300001, "Colonia": "Hacienda del Pedregal", "Identifica": 384, "m2_1": 2549.14 }, "geometry": { "type": "MultiPolygon", "coordinates": [ [ [ [ -99.270767473688792, 19.592723744468415, 0.0 ], [ -99.270648582121751, 19.592630045234412, 0.0 ], [ -99.270484463748872, 19.592552582412932, 0.0 ], [ -99.27043715438316, 19.592549664573099, 0.0 ], [ -99.270405697989688, 19.592597532757456, 0.0 ], [ -99.270254279057781, 19.592570860490554, 0.0 ], [ -99.270301533547183, 19.592540901522423, 0.0 ], [ -99.270392848926292, 19.592457077838102, 0.0 ], [ -99.27052198270151, 19.592358253301949, 0.0 ], [ -99.270635453119922, 19.592322217251862, 0.0 ], [ -99.270799366406536, 19.592277138932783, 0.0 ], [ -99.2708970386104, 19.592223193572472, 0.0 ], [ -99.271119023835283, 19.592345963120106, 0.0 ], [ -99.270922410205998, 19.592678698258741, 0.0 ], [ -99.270767473688792, 19.592723744468415, 0.0 ] ] ] ] } },
{ "type": "Feature", "properties": { "ETAPA": "CUARTA", "tipo": "Area Verde", "M2": 1119.29, "ha": 0.11184195878, "Donantes": null, "LAT": 19.593633211, "LONG_": -99.27027602, "Shape__Are": 1267.703125, "Shape__Len": 157.28486858900001, "Colonia": "Hacienda del Pedregal", "Identifica": 399, "m2_1": 1118.42 }, "geometry": { "type": "MultiPolygon", "coordinates": [ [ [ [ -99.270372372393524, 19.593437891861708, 0.0 ], [ -99.27046340852138, 19.59348145106032, 0.0 ], [ -99.270355152193432, 19.59380719288556, 0.0 ], [ -99.270249885801064, 19.593877008976285, 0.0 ], [ -99.270151958851159, 19.593752456714995, 0.0 ], [ -99.270116023389448, 19.593492949426178, 0.0 ], [ -99.270168568567797, 19.593420466677269, 0.0 ], [ -99.270214785048523, 19.593494915567806, 0.0 ], [ -99.270303112007525, 19.593509727216158, 0.0 ], [ -99.270372372393524, 19.593437891861708, 0.0 ] ] ] ] } },
{ "type": "Feature", "properties": { "ETAPA": "CUARTA", "tipo": "Area Verde", "M2": 5281.32, "ha": 0.52772013452, "Donantes": null, "LAT": 19.593401318000002, "LONG_": -99.271498797999996, "Shape__Are": 5981.5566406199996, "Shape__Len": 350.512730745, "Colonia": "Hacienda del Pedregal", "Identifica": 446, "m2_1": 5277.2 }, "geometry": { "type": "MultiPolygon", "coordinates": [ [ [ [ -99.271943574395564, 19.592796270268767, 0.0 ], [ -99.271893454127692, 19.593152040739362, 0.0 ], [ -99.271842857549643, 19.593224217351381, 0.0 ], [ -99.271762048138498, 19.59342622005401, 0.0 ], [ -99.271665990940178, 19.593609018947035, 0.0 ], [ -99.27161539411965, 19.593681195494529, 0.0 ], [ -99.271478552801099, 19.593739081862513, 0.0 ], [ -99.271361901848039, 19.593739257489851, 0.0 ], [ -99.271260401817599, 19.59370095674646, 0.0 ], [ -99.271053420841156, 19.593649400951268, 0.0 ], [ -99.271109849238925, 19.593557208643603, 0.0 ], [ -99.271228033497607, 19.593364119664127, 0.0 ], [ -99.271452041493177, 19.59317809523947, 0.0 ], [ -99.271679609483485, 19.592657274302713, 0.0 ], [ -99.271943574395564, 19.592796270268767, 0.0 ] ] ] ] } },
{ "type": "Feature", "properties": { "ETAPA": "TERCERA", "tipo": "Camellon", "M2": 135.88, "ha": 0.0135775759, "Donantes": null, "LAT": 19.595341786, "LONG_": -99.267167434000001, "Shape__Are": 153.900390625, "Shape__Len": 80.913526818299999, "Colonia": "Hacienda del Pedregal", "Identifica": 26, "m2_1": 135.776 }, "geometry": { "type": "MultiPolygon", "coordinates": [ [ [ [ -99.267043740299002, 19.595222475003759, 0.0 ], [ -99.267066288153657, 19.595205789985563, 0.0 ], [ -99.267281502947867, 19.59543609577549, 0.0 ], [ -99.267243627288636, 19.595463541332276, 0.0 ], [ -99.267143683719695, 19.595343008197393, 0.0 ], [ -99.267043740299002, 19.595222475003759, 0.0 ] ] ] ] } },
{ "type": "Feature", "properties": { "ETAPA": "TERCERA", "tipo": "Camellon", "M2": 243.66, "ha": 0.0243472289, "Donantes": null, "LAT": 19.595641296, "LONG_": -99.267438694000006, "Shape__Are": 275.978515625, "Shape__Len": 78.668797582600007, "Colonia": "Hacienda del Pedregal", "Identifica": 27, "m2_1": 243.472 }, "geometry": { "type": "MultiPolygon", "coordinates": [ [ [ [ -99.267368227612394, 19.595715176749383, 0.0 ], [ -99.267371459655578, 19.595512672214795, 0.0 ], [ -99.267576175442869, 19.595696481474562, 0.0 ], [ -99.267504162657502, 19.595703271230786, 0.0 ], [ -99.267439874651458, 19.595707767650236, 0.0 ], [ -99.267368227612394, 19.595715176749383, 0.0 ] ] ] ] } },
{ "type": "Feature", "properties": { "ETAPA": "TERCERA", "tipo": "Camellon", "M2": 1242.72, "ha": 0.12417522553, "Donantes": null, "LAT": 19.595370784, "LONG_": -99.267666789000003, "Shape__Are": 1407.5253906200001, "Shape__Len": 463.84023134500001, "Colonia": "Hacienda del Pedregal", "Identifica": 28, "m2_1": 1241.75 }, "geometry": { "type": "MultiPolygon", "coordinates": [ [ [ [ -99.267154619491947, 19.594959242585741, 0.0 ], [ -99.267245364723792, 19.59488442523423, 0.0 ], [ -99.267536590966102, 19.595175689307084, 0.0 ], [ -99.26753995523859, 19.595201740755204, 0.0 ], [ -99.268043831698137, 19.59571456742254, 0.0 ], [ -99.268076054230576, 19.595722894111592, 0.0 ], [ -99.268619452624378, 19.596271793489286, 0.0 ], [ -99.268126764932305, 19.595834371659329, 0.0 ], [ -99.268101725000179, 19.595810183364812, 0.0 ], [ -99.268049988052184, 19.595766809411959, 0.0 ], [ -99.267154619491947, 19.594959242585741, 0.0 ] ] ] ] } },
{ "type": "Feature", "properties": { "ETAPA": "TERCERA", "tipo": "Camellon", "M2": 197.5, "ha": 0.01973509484, "Donantes": null, "LAT": 19.59273856, "LONG_": -99.270108566999994, "Shape__Are": 223.693359375, "Shape__Len": 81.89174646, "Colonia": "Hacienda del Pedregal", "Identifica": 221, "m2_1": 197.351 }, "geometry": { "type": "MultiPolygon", "coordinates": [ [ [ [ -99.27029138317647, 19.592677762931373, 0.0 ], [ -99.270260842215748, 19.592683646230206, 0.0 ], [ -99.270222925147735, 19.592698647099777, 0.0 ], [ -99.270160897437663, 19.592734232138778, 0.0 ], [ -99.270097164536523, 19.592781494737014, 0.0 ], [ -99.270050660066715, 19.592817990483166, 0.0 ], [ -99.270037493507189, 19.592826766474325, 0.0 ], [ -99.270020003473931, 19.592828427174634, 0.0 ], [ -99.270006324300681, 19.592825295405163, 0.0 ], [ -99.26999916613461, 19.592817367108147, 0.0 ], [ -99.269990519001112, 19.5928030197766, 0.0 ], [ -99.269987414957981, 19.59278843064304, 0.0 ], [ -99.269994656599991, 19.592772541762955, 0.0 ], [ -99.270051253170422, 19.592730426901969, 0.0 ], [ -99.270099484978374, 19.592695563071288, 0.0 ], [ -99.270134446704915, 19.592681267157275, 0.0 ], [ -99.270191337894886, 19.592668105874878, 0.0 ], [ -99.270277077741838, 19.592668444357745, 0.0 ], [ -99.270290628846737, 19.592668657542323, 0.0 ], [ -99.27029138317647, 19.592677762931373, 0.0 ] ] ] ] } },
{ "type": "Feature", "properties": { "ETAPA": "CUARTA", "tipo": "Area Verde", "M2": 1000.01, "ha": 0.09992219508, "Donantes": null, "LAT": 19.576705, "LONG_": -99.238903418999996, "Shape__Are": 1132.359375, "Shape__Len": 144.083230652, "Colonia": "Alfredo V. Bonfil", "Identifica": 422, "m2_1": 999.222 }, "geometry": { "type": "MultiPolygon", "coordinates": [ [ [ [ -99.239118625091905, 19.576753457502196, 0.0 ], [ -99.238870402472443, 19.576936441151631, 0.0 ], [ -99.238834754852505, 19.576835547528379, 0.0 ], [ -99.238799107277458, 19.576734653896377, 0.0 ], [ -99.238743181796124, 19.576638593797753, 0.0 ], [ -99.238697483840085, 19.576600200619286, 0.0 ], [ -99.238864679471945, 19.576494231797334, 0.0 ], [ -99.239118625091905, 19.576753457502196, 0.0 ] ] ] ] } },
{ "type": "Feature", "properties": { "ETAPA": "CUARTA", "tipo": "Area Verde", "M2": 606.95, "ha": 0.06064697145, "Donantes": null, "LAT": 19.58024713, "LONG_": -99.238745875000006, "Shape__Are": 687.30859375, "Shape__Len": 113.99857225, "Colonia": "Alfredo V. Bonfil", "Identifica": 423, "m2_1": 606.47 }, "geometry": { "type": "MultiPolygon", "coordinates": [ [ [ [ -99.238800935344571, 19.580087829690314, 0.0 ], [ -99.23885186978525, 19.580413543887218, 0.0 ], [ -99.238691037765008, 19.580407779139012, 0.0 ], [ -99.238640099247732, 19.580079076076277, 0.0 ], [ -99.238800935344571, 19.580087829690314, 0.0 ] ] ] ] } },
{ "type": "Feature", "properties": { "ETAPA": "CUARTA", "tipo": "Area Verde", "M2": 1330.11, "ha": 0.13290688478000001, "Donantes": null, "LAT": 19.596590571, "LONG_": -99.271629873999998, "Shape__Are": 1506.5214843799999, "Shape__Len": 164.875880274, "Colonia": "Ex-Hacienda El Pedregal", "Identifica": 431, "m2_1": 1329.07 }, "geometry": { "type": "MultiPolygon", "coordinates": [ [ [ [ -99.271917584682697, 19.596612090302592, 0.0 ], [ -99.271520488704411, 19.596774084686587, 0.0 ], [ -99.271395403504158, 19.596655916147601, 0.0 ], [ -99.271315833980054, 19.596598650760399, 0.0 ], [ -99.271753337246182, 19.596394906673034, 0.0 ], [ -99.271917584682697, 19.596612090302592, 0.0 ] ] ] ] } },
{ "type": "Feature", "properties": { "ETAPA": "TERCERA", "tipo": "Camellon", "M2": 5104.42, "ha": 0.51004409237000004, "Donantes": null, "LAT": 19.597288486, "LONG_": -99.269549718999997, "Shape__Are": 5781.48828125, "Shape__Len": 851.23671404799995, "Colonia": "Ex-Hacienda El Pedregal", "Identifica": 198, "m2_1": 5100.44 }, "geometry": { "type": "MultiPolygon", "coordinates": [ [ [ [ -99.270613921902125, 19.598224081945954, 0.0 ], [ -99.270225238591635, 19.597996768729178, 0.0 ], [ -99.2700318049841, 19.597836410363158, 0.0 ], [ -99.269836378889835, 19.597662978743561, 0.0 ], [ -99.269502710747474, 19.597329105377629, 0.0 ], [ -99.269001244207317, 19.596839503580178, 0.0 ], [ -99.268811727401655, 19.596662325980908, 0.0 ], [ -99.268606442533439, 19.596485171671979, 0.0 ], [ -99.268522401224629, 19.596415494910065, 0.0 ], [ -99.268392781118649, 19.596308029593665, 0.0 ], [ -99.268219085881057, 19.596162116850454, 0.0 ], [ -99.268137695642565, 19.596092248806624, 0.0 ], [ -99.268140558515924, 19.596054823470169, 0.0 ], [ -99.268149880031771, 19.596030058555368, 0.0 ], [ -99.268193201452547, 19.596004776056393, 0.0 ], [ -99.268227701087525, 19.596008460731085, 0.0 ], [ -99.268440899358822, 19.596203816741799, 0.0 ], [ -99.268617547551017, 19.596347389863134, 0.0 ], [ -99.268693552646269, 19.596419194720273, 0.0 ], [ -99.269098237605547, 19.596790323716078, 0.0 ], [ -99.269623336891257, 19.59726774787465, 0.0 ], [ -99.270253012267943, 19.597808525782938, 0.0 ], [ -99.270839218653123, 19.598283986638876, 0.0 ], [ -99.270961588284038, 19.598380938867177, 0.0 ], [ -99.270925162336781, 19.598404343659514, 0.0 ], [ -99.270712087030432, 19.598286045631021, 0.0 ], [ -99.270613921902125, 19.598224081945954, 0.0 ] ] ] ] } },
{ "type": "Feature", "properties": { "ETAPA": "CUARTA", "tipo": "Area Verde", "M2": 1075.11, "ha": 0.10742661062, "Donantes": null, "LAT": 19.566749019, "LONG_": -99.251490308000001, "Shape__Are": 1217.25390625, "Shape__Len": 266.03967607300001, "Colonia": "Ciudad Adolfo Lopez Mateos", "Identifica": 307, "m2_1": 1074.27 }, "geometry": { "type": "MultiPolygon", "coordinates": [ [ [ [ -99.251753304778063, 19.566932997597632, 0.0 ], [ -99.251641329629635, 19.566838702735648, 0.0 ], [ -99.251532301195269, 19.566813950334463, 0.0 ], [ -99.251448614505406, 19.566814539677281, 0.0 ], [ -99.251407949846708, 19.566790965961765, 0.0 ], [ -99.251277115725031, 19.566725548901335, 0.0 ], [ -99.25117633809198, 19.566688420299574, 0.0 ], [ -99.251051522084424, 19.566658889722564, 0.0 ], [ -99.250701917068085, 19.566584106608577, 0.0 ], [ -99.250734330926377, 19.566521046919647, 0.0 ], [ -99.250995199328599, 19.566570570806785, 0.0 ], [ -99.25145863333492, 19.566664846584022, 0.0 ], [ -99.251735624491459, 19.566831041278121, 0.0 ], [ -99.251753304778063, 19.566932997597632, 0.0 ] ] ] ] } },
{ "type": "Feature", "properties": { "ETAPA": "SEGUNDA", "tipo": "Area Verde", "M2": 344.86, "ha": 0.03445940277, "Donantes": null, "LAT": 19.566749019, "LONG_": -99.251490308000001, "Shape__Are": 390.4609375, "Shape__Len": 108.680683253, "Colonia": "Ciudad Adolfo Lopez Mateos", "Identifica": 263, "m2_1": 344.594 }, "geometry": { "type": "MultiPolygon", "coordinates": [ [ [ [ -99.25145863333492, 19.566664846584022, 0.0 ], [ -99.251579448626174, 19.566738514444911, 0.0 ], [ -99.251735624491459, 19.566831041278121, 0.0 ], [ -99.251752126092285, 19.566911191910844, 0.0 ], [ -99.251753304778063, 19.566932997597505, 0.0 ], [ -99.251683762317441, 19.566869348565703, 0.0 ], [ -99.251641329629635, 19.566838702735648, 0.0 ], [ -99.251591235483843, 19.566823379820537, 0.0 ], [ -99.251532301195269, 19.566813950334463, 0.0 ], [ -99.25147277756416, 19.566809824934214, 0.0 ], [ -99.251448614505406, 19.566814539677281, 0.0 ], [ -99.251407949846708, 19.566790965961765, 0.0 ], [ -99.25145863333492, 19.566664846584022, 0.0 ] ] ] ] } },
{ "type": "Feature", "properties": { "ETAPA": "CUARTA", "tipo": "Area Verde", "M2": 19446.84, "ha": 1.9431602483199999, "Donantes": null, "LAT": 19.562047651, "LONG_": -99.246285023, "Shape__Are": 22016.8398438, "Shape__Len": 611.24190964800005, "Colonia": "Ciudad Adolfo Lopez Mateos", "Identifica": 466, "m2_1": 19431.6 }, "geometry": { "type": "MultiPolygon", "coordinates": [ [ [ [ -99.247003158319117, 19.561547545152205, 0.0 ], [ -99.246742615920027, 19.562724303741046, 0.0 ], [ -99.246217933794824, 19.562715455907362, 0.0 ], [ -99.245683103999355, 19.562668363374275, 0.0 ], [ -99.245370089981293, 19.562515761170843, 0.0 ], [ -99.245289183961702, 19.562391535917403, 0.0 ], [ -99.246608860765434, 19.561022050620952, 0.0 ], [ -99.247003158319117, 19.561547545152205, 0.0 ] ] ] ] } },
{ "type": "Feature", "properties": { "ETAPA": "SEGUNDA", "tipo": "Camellon", "M2": 56.74, "ha": 0.00566934638, "Donantes": null, "LAT": 19.567707858, "LONG_": -99.251960233999995, "Shape__Are": 64.2421875, "Shape__Len": 98.723692141699999, "Colonia": "Ciudad Adolfo Lopez Mateos", "Identifica": 260, "m2_1": 56.6935 }, "geometry": { "type": "MultiPolygon", "coordinates": [ [ [ [ -99.251849515004366, 19.567515121034042, 0.0 ], [ -99.251867931969599, 19.5675420834711, 0.0 ], [ -99.251947493259749, 19.56767689565643, 0.0 ], [ -99.251983148503683, 19.5677352406023, 0.0 ], [ -99.252015857034536, 19.567790049490746, 0.0 ], [ -99.252043556149772, 19.567832187507175, 0.0 ], [ -99.25206757187226, 19.567866222058804, 0.0 ], [ -99.252064625158269, 19.567871673480482, 0.0 ], [ -99.252059173736455, 19.567873294173406, 0.0 ], [ -99.252056227021569, 19.5678722628234, 0.0 ], [ -99.252007900904871, 19.567803309705631, 0.0 ], [ -99.251901966521672, 19.567622528775118, 0.0 ], [ -99.251853345733323, 19.56753383267074, 0.0 ], [ -99.251844505589588, 19.567521456470008, 0.0 ], [ -99.251844210918776, 19.567517331069791, 0.0 ], [ -99.251845242268303, 19.567515415705412, 0.0 ], [ -99.251849515004366, 19.567515121034042, 0.0 ] ] ] ] } },
{ "type": "Feature", "properties": { "ETAPA": "SEGUNDA", "tipo": "Camellon", "M2": 57.62, "ha": 0.00575737288, "Donantes": null, "LAT": 19.567418412, "LONG_": -99.251853193000002, "Shape__Are": 65.23828125, "Shape__Len": 46.0889176433, "Colonia": "Ciudad Adolfo Lopez Mateos", "Identifica": 261, "m2_1": 57.5737 }, "geometry": { "type": "MultiPolygon", "coordinates": [ [ [ [ -99.25184259022511, 19.567342590903813, 0.0 ], [ -99.251867342626284, 19.567376478119925, 0.0 ], [ -99.251867342626284, 19.567408302635702, 0.0 ], [ -99.251878540141604, 19.567462227509914, 0.0 ], [ -99.251888264299467, 19.567507017569319, 0.0 ], [ -99.251889148313552, 19.567522340484349, 0.0 ], [ -99.251849662339723, 19.567456923423943, 0.0 ], [ -99.251823141910279, 19.56740800796435, 0.0 ], [ -99.251821668552836, 19.567387675634773, 0.0 ], [ -99.251825204610142, 19.567365575276451, 0.0 ], [ -99.25184259022511, 19.567342590903813, 0.0 ] ] ] ] } },
{ "type": "Feature", "properties": { "ETAPA": "SEGUNDA", "tipo": "Area Verde", "M2": 725.62, "ha": 0.0725050694, "Donantes": null, "LAT": 19.566640112999998, "LONG_": -99.251118856999994, "Shape__Are": 821.55859375, "Shape__Len": 189.38809820899999, "Colonia": "Ciudad Adolfo Lopez Mateos", "Identifica": 264, "m2_1": 725.051 }, "geometry": { "type": "MultiPolygon", "coordinates": [ [ [ [ -99.25145863333492, 19.566664846584022, 0.0 ], [ -99.251407949846708, 19.566790965961765, 0.0 ], [ -99.251277115725031, 19.566725548901335, 0.0 ], [ -99.25117633809198, 19.566688420299446, 0.0 ], [ -99.250989516396558, 19.566644219582962, 0.0 ], [ -99.25085514621847, 19.566614752438621, 0.0 ], [ -99.250701917068085, 19.566584106608577, 0.0 ], [ -99.250734330926377, 19.566521046919647, 0.0 ], [ -99.250964174652907, 19.566564658293224, 0.0 ], [ -99.25125177398138, 19.566619467181685, 0.0 ], [ -99.25145863333492, 19.566664846584022, 0.0 ] ] ] ] } },
{ "type": "Feature", "properties": { "ETAPA": "PRIMERA", "tipo": "Camellon", "M2": 86.13, "ha": 0.00860668678, "Donantes": null, "LAT": 19.52435186, "LONG_": -99.265971397000001, "Shape__Are": 97.470703125, "Shape__Len": 185.34221278000001, "Colonia": "Viejo Madín", "Identifica": 29, "m2_1": 86.0669 }, "geometry": { "type": "MultiPolygon", "coordinates": [ [ [ [ -99.266052992511561, 19.523871987082849, 0.0 ], [ -99.266053764006287, 19.523871999283603, 0.0 ], [ -99.266054523314494, 19.523872129359919, 0.0 ], [ -99.26605525053391, 19.523872373902545, 0.0 ], [ -99.266055926605119, 19.523872726502219, 0.0 ], [ -99.266056533808751, 19.523873177917118, 0.0 ], [ -99.266057056228505, 19.523873716315876, 0.0 ], [ -99.266057480172265, 19.523874327587045, 0.0 ], [ -99.266057794529587, 19.523874995709292, 0.0 ], [ -99.266057991060322, 19.52387570317115, 0.0 ], [ -99.266058064613503, 19.523876431430178, 0.0 ], [ -99.266058013261258, 19.523877161398744, 0.0 ], [ -99.266057838350292, 19.523877873944318, 0.0 ], [ -99.266037262717205, 19.523938824162801, 0.0 ], [ -99.266024020574363, 19.524028946168272, 0.0 ], [ -99.266006281717566, 19.524178011991989, 0.0 ], [ -99.266006275132952, 19.524178065320498, 0.0 ], [ -99.26600625061613, 19.524178227120483, 0.0 ], [ -99.265973719585148, 19.524368980213168, 0.0 ], [ -99.265973631594264, 19.524369377974629, 0.0 ], [ -99.265932230300024, 19.524522671802885, 0.0 ], [ -99.265932125999299, 19.524523004521182, 0.0 ], [ -99.265893681332756, 19.524630308748566, 0.0 ], [ -99.265893346463301, 19.524631029540537, 0.0 ], [ -99.265892884679815, 19.524631684254125, 0.0 ], [ -99.265892310012291, 19.524632252999396, 0.0 ], [ -99.265891639918507, 19.524632718498221, 0.0 ], [ -99.265890894755159, 19.52463306660843, 0.0 ], [ -99.265890097161716, 19.524633286754899, 0.0 ], [ -99.265889271367399, 19.524633372249625, 0.0 ], [ -99.26588844245957, 19.524633320495177, 0.0 ], [ -99.265887635620629, 19.524633133063961, 0.0 ], [ -99.265886875362924, 19.52463281565003, 0.0 ], [ -99.265886184781252, 19.524632377896211, 0.0 ], [ -99.265885584855766, 19.524631833101509, 0.0 ], [ -99.265885093813282, 19.524631197816586, 0.0 ], [ -99.265884726569396, 19.524630491340897, 0.0 ], [ -99.265884494282162, 19.524629735137406, 0.0 ], [ -99.265884404008631, 19.524628952179093, 0.0 ], [ -99.265884458490532, 19.52462816625205, 0.0 ], [ -99.265884656073226, 19.52462740123239, 0.0 ], [ -99.265923041918057, 19.524520260664875, 0.0 ], [ -99.265964343747299, 19.524367337505701, 0.0 ], [ -99.265996822868203, 19.524176890848381, 0.0 ], [ -99.266014554212333, 19.524027888296239, 0.0 ], [ -99.266014560796933, 19.524027834967676, 0.0 ], [ -99.266014570222964, 19.524027770790333, 0.0 ], [ -99.266027879292153, 19.523937189602901, 0.0 ], [ -99.266027981424315, 19.523936696931074, 0.0 ], [ -99.266028060106862, 19.523936435643307, 0.0 ], [ -99.266048760002121, 19.523875118337038, 0.0 ], [ -99.266049073370425, 19.523874406356885, 0.0 ], [ -99.266049509918361, 19.523873755301526, 0.0 ], [ -99.266050056918715, 19.5238731841518, 0.0 ], [ -99.266050698425474, 19.523872709558965, 0.0 ], [ -99.266051415733784, 19.52387234535934, 0.0 ], [ -99.266052187933681, 19.523872102170696, 0.0 ], [ -99.266052992511561, 19.523871987082849, 0.0 ] ] ] ] } },
{ "type": "Feature", "properties": { "ETAPA": "PRIMERA", "tipo": "Camellon", "M2": 166.55, "ha": 0.01664198879, "Donantes": null, "LAT": 19.527028414, "LONG_": -99.26245255000001, "Shape__Are": 188.466796875, "Shape__Len": 355.91957980299998, "Colonia": "Viejo Madín", "Identifica": 30, "m2_1": 166.42 }, "geometry": { "type": "MultiPolygon", "coordinates": [ [ [ [ -99.262017317548498, 19.526362050620683, 0.0 ], [ -99.261981165928773, 19.526359322295828, 0.0 ], [ -99.261941858636121, 19.526366182372108, 0.0 ], [ -99.261941032717843, 19.526366256916901, 0.0 ], [ -99.261940205679423, 19.526366194529921, 0.0 ], [ -99.261939402583735, 19.526365997101994, 0.0 ], [ -99.261938647767991, 19.526365670616055, 0.0 ], [ -99.261937964106096, 19.526365224966035, 0.0 ], [ -99.261937372316638, 19.526364673657095, 0.0 ], [ -99.261936890332763, 19.526364033396256, 0.0 ], [ -99.261936532761055, 19.526363323586434, 0.0 ], [ -99.261936310437008, 19.526362565737614, 0.0 ], [ -99.261936230099749, 19.526361782816434, 0.0 ], [ -99.26193629418195, 19.526360998548579, 0.0 ], [ -99.261936500742394, 19.526360236700793, 0.0 ], [ -99.261936843521525, 19.526359520360618, 0.0 ], [ -99.261937312130428, 19.526358871236049, 0.0 ], [ -99.261937892370199, 19.526358308998745, 0.0 ], [ -99.261938566655544, 19.526357850686729, 0.0 ], [ -99.261939314553345, 19.526357510189033, 0.0 ], [ -99.261940113399078, 19.526357297824031, 0.0 ], [ -99.261980056260498, 19.52635032657459, 0.0 ], [ -99.261980674643738, 19.526350258209128, 0.0 ], [ -99.26198129716272, 19.526350266035301, 0.0 ], [ -99.26201826191496, 19.526353055537815, 0.0 ], [ -99.262018638477997, 19.526353098370123, 0.0 ], [ -99.262064475209357, 19.526360067312368, 0.0 ], [ -99.262065211049062, 19.526360237444511, 0.0 ], [ -99.262065909467651, 19.526360515280569, 0.0 ], [ -99.262102874162466, 19.526378633481727, 0.0 ], [ -99.262103232860653, 19.526378828162795, 0.0 ], [ -99.26210368037701, 19.526379132064093, 0.0 ], [ -99.26215101313214, 19.52641537989793, 0.0 ], [ -99.262151469386524, 19.526415782290698, 0.0 ], [ -99.262151830335881, 19.5264161911476, 0.0 ], [ -99.262185193701768, 19.526458906288546, 0.0 ], [ -99.262185263431675, 19.526458999269426, 0.0 ], [ -99.26222518419371, 19.526513349186242, 0.0 ], [ -99.262225455556774, 19.526513763595137, 0.0 ], [ -99.262256513026372, 19.526568128166815, 0.0 ], [ -99.262256579943667, 19.526568250070596, 0.0 ], [ -99.262281715682064, 19.526615633940338, 0.0 ], [ -99.262281886877602, 19.526615994271971, 0.0 ], [ -99.262282073619389, 19.526616538034038, 0.0 ], [ -99.26229981547381, 19.526682038440658, 0.0 ], [ -99.262299844250464, 19.526682151362511, 0.0 ], [ -99.262319064068905, 19.526761584818001, 0.0 ], [ -99.262319079429162, 19.52676165257385, 0.0 ], [ -99.262343479695289, 19.526870049617585, 0.0 ], [ -99.262353636644377, 19.526909710422203, 0.0 ], [ -99.262382676500565, 19.526953504499488, 0.0 ], [ -99.262410344730725, 19.52698781884617, 0.0 ], [ -99.262456722088061, 19.52702606517887, 0.0 ], [ -99.262515166254104, 19.527049478570806, 0.0 ], [ -99.262515334124046, 19.527049549720125, 0.0 ], [ -99.262515853072713, 19.527049818271955, 0.0 ], [ -99.262576313715797, 19.527085955651636, 0.0 ], [ -99.262641188366644, 19.52711791959571, 0.0 ], [ -99.262641538481418, 19.527118109769603, 0.0 ], [ -99.26264162434957, 19.527118162059946, 0.0 ], [ -99.262708160084244, 19.527159971284686, 0.0 ], [ -99.262708457797586, 19.527160175090366, 0.0 ], [ -99.262804582960655, 19.527231262121909, 0.0 ], [ -99.262856350886963, 19.527270295777495, 0.0 ], [ -99.262856416736142, 19.527270346289331, 0.0 ], [ -99.262856498813434, 19.527270412140801, 0.0 ], [ -99.262966688288017, 19.527360586659672, 0.0 ], [ -99.262967239658664, 19.527361119285828, 0.0 ], [ -99.262967691043215, 19.527361730694356, 0.0 ], [ -99.262968030128476, 19.527362404206816, 0.0 ], [ -99.262968247662712, 19.527363121450417, 0.0 ], [ -99.262968337713474, 19.527363862859925, 0.0 ], [ -99.262968297823747, 19.527364608210188, 0.0 ], [ -99.26296812908241, 19.527365337169272, 0.0 ], [ -99.262967836090624, 19.527366029851798, 0.0 ], [ -99.262967426843289, 19.527366667362379, 0.0 ], [ -99.262966912503018, 19.52736723231051, 0.0 ], [ -99.262966307099603, 19.527367709284913, 0.0 ], [ -99.262965627148574, 19.527368085274517, 0.0 ], [ -99.262964891198379, 19.527368350022726, 0.0 ], [ -99.262964119324593, 19.527368496307325, 0.0 ], [ -99.262963332583666, 19.527368520138236, 0.0 ], [ -99.262962552435425, 19.527368420864889, 0.0 ], [ -99.26296180016196, 19.527368201195731, 0.0 ], [ -99.262961096285267, 19.527367867122841, 0.0 ], [ -99.262960460005829, 19.527367427759465, 0.0 ], [ -99.262850345928641, 19.527277314579631, 0.0 ], [ -99.262798671525005, 19.527238351275653, 0.0 ], [ -99.262702746760908, 19.52716741215821, 0.0 ], [ -99.262636562142646, 19.527125823830243, 0.0 ], [ -99.262571736140046, 19.527093884214104, 0.0 ], [ -99.262571391750214, 19.52709369764656, 0.0 ], [ -99.262511097114015, 19.527057659432192, 0.0 ], [ -99.262452312449682, 19.527034110073117, 0.0 ], [ -99.262451644642127, 19.527033781495117, 0.0 ], [ -99.262451039728276, 19.52703335732356, 0.0 ], [ -99.262403724172287, 19.526994336968652, 0.0 ], [ -99.262403382441462, 19.526994025684985, 0.0 ], [ -99.262403065423271, 19.526993671891198, 0.0 ], [ -99.262374973144262, 19.526958831296312, 0.0 ], [ -99.262374908196023, 19.526958748249342, 0.0 ], [ -99.262374724776251, 19.526958491862182, 0.0 ], [ -99.262345153675255, 19.526913896964434, 0.0 ], [ -99.262344797992739, 19.526913250221885, 0.0 ], [ -99.262344556746555, 19.526912557629988, 0.0 ], [ -99.26233420700197, 19.526872144314904, 0.0 ], [ -99.26233417820913, 19.526872021452242, 0.0 ], [ -99.262309772190221, 19.526763600015361, 0.0 ], [ -99.262290569642801, 19.526684235215708, 0.0 ], [ -99.262272969704256, 19.52661925875362, 0.0 ], [ -99.262248100707978, 19.526572377861719, 0.0 ], [ -99.262217208601143, 19.526518302235708, 0.0 ], [ -99.262177500860204, 19.526464242098967, 0.0 ], [ -99.2621445319635, 19.526422033365495, 0.0 ], [ -99.262098065740346, 19.52638645030752, 0.0 ], [ -99.262062212340595, 19.526368876335081, 0.0 ], [ -99.262017317548498, 19.526362050620683, 0.0 ] ] ] ] } },
{ "type": "Feature", "properties": { "ETAPA": "PRIMERA", "tipo": "Camellon", "M2": 229.55, "ha": 0.02293709241, "Donantes": "HUMANITAS", "LAT": 19.526731736, "LONG_": -99.260800043000003, "Shape__Are": 259.779296875, "Shape__Len": 488.65033517500001, "Colonia": "Viejo Madín", "Identifica": 31, "m2_1": 229.371 }, "geometry": { "type": "MultiPolygon", "coordinates": [ [ [ [ -99.261844335515704, 19.526423710982815, 0.0 ], [ -99.261845128190927, 19.526423725129536, 0.0 ], [ -99.261845907423776, 19.526423863678744, 0.0 ], [ -99.26184665164655, 19.526424122796431, 0.0 ], [ -99.261847340262662, 19.526424495310547, 0.0 ], [ -99.26184795421176, 19.526424970911354, 0.0 ], [ -99.261848476503943, 19.526425536435919, 0.0 ], [ -99.261848892682664, 19.526426176232025, 0.0 ], [ -99.261849191229629, 19.526426872592442, 0.0 ], [ -99.261849363882277, 19.526427606244042, 0.0 ], [ -99.261849405861412, 19.526428356881997, 0.0 ], [ -99.261849316005652, 19.526429103730891, 0.0 ], [ -99.261849096802365, 19.52642982612042, 0.0 ], [ -99.261848754317825, 19.526430504057284, 0.0 ], [ -99.261848298030287, 19.526431118778429, 0.0 ], [ -99.261847740569962, 19.526431653270254, 0.0 ], [ -99.261794508132795, 19.52647485265247, 0.0 ], [ -99.261793623571606, 19.52647542055907, 0.0 ], [ -99.26174039276755, 19.526501895879846, 0.0 ], [ -99.261740214663959, 19.526501980182669, 0.0 ], [ -99.261740058455885, 19.526502047283341, 0.0 ], [ -99.261674999044033, 19.526528523442291, 0.0 ], [ -99.26167459894971, 19.526528665903591, 0.0 ], [ -99.261674430321534, 19.526528714948036, 0.0 ], [ -99.261576840823778, 19.526555189350876, 0.0 ], [ -99.261576619780683, 19.526555243893174, 0.0 ], [ -99.261232658582813, 19.526631861545003, 0.0 ], [ -99.260929545614388, 19.526705708468114, 0.0 ], [ -99.260413489172791, 19.52682798334682, 0.0 ], [ -99.260116292295905, 19.526900435908175, 0.0 ], [ -99.259756513422374, 19.526986839002625, 0.0 ], [ -99.259755693396187, 19.526986965034055, 0.0 ], [ -99.259754862744671, 19.526986954143954, 0.0 ], [ -99.259754046707002, 19.526986806663182, 0.0 ], [ -99.259753270076615, 19.526986527072648, 0.0 ], [ -99.259752556450451, 19.526986123867186, 0.0 ], [ -99.259751927511147, 19.526985609297562, 0.0 ], [ -99.259751402366831, 19.526984998998145, 0.0 ], [ -99.259750996973338, 19.526984311511921, 0.0 ], [ -99.259750723649248, 19.526983567726941, 0.0 ], [ -99.259750590697635, 19.526982790241828, 0.0 ], [ -99.259750602158334, 19.526982002679247, 0.0 ], [ -99.25975075768369, 19.526981228967941, 0.0 ], [ -99.259751052547614, 19.526980492615895, 0.0 ], [ -99.259751477792108, 19.526979815995841, 0.0 ], [ -99.25975202049581, 19.526979219665922, 0.0 ], [ -99.259752664170122, 19.526978721744403, 0.0 ], [ -99.259753389256986, 19.526978337359996, 0.0 ], [ -99.259754173727913, 19.52697807819148, 0.0 ], [ -99.260113935433708, 19.526891679645004, 0.0 ], [ -99.260411146587515, 19.526819223452268, 0.0 ], [ -99.260927196331281, 19.526696949493708, 0.0 ], [ -99.261230305474697, 19.52662310348374, 0.0 ], [ -99.261230401707621, 19.526623081655739, 0.0 ], [ -99.261574328586264, 19.526546471287645, 0.0 ], [ -99.261671514120664, 19.526520106819717, 0.0 ], [ -99.26173613441533, 19.52649380932845, 0.0 ], [ -99.261788718547365, 19.526467655761955, 0.0 ], [ -99.261841543568011, 19.526424786825409, 0.0 ], [ -99.261842163551051, 19.526424360694406, 0.0 ], [ -99.26184284750407, 19.526424034190729, 0.0 ], [ -99.261843577774229, 19.526423815740852, 0.0 ], [ -99.261844335515704, 19.526423710982815, 0.0 ] ] ] ] } },
{ "type": "Feature", "properties": { "ETAPA": "PRIMERA", "tipo": "Camellon", "M2": 39.11, "ha": 0.00390835748, "Donantes": "HUMANITAS", "LAT": 19.52702696, "LONG_": -99.259638143999993, "Shape__Are": 44.279296875, "Shape__Len": 44.922466334799999, "Colonia": "Viejo Madín", "Identifica": 32, "m2_1": 39.0836 }, "geometry": { "type": "MultiPolygon", "coordinates": [ [ [ [ -99.259726807653223, 19.526980397566138, 0.0 ], [ -99.259728381736934, 19.526980451804022, 0.0 ], [ -99.259729924906026, 19.526980751084576, 0.0 ], [ -99.25973139502149, 19.526981287234761, 0.0 ], [ -99.259732751935658, 19.526982045613707, 0.0 ], [ -99.25973395859495, 19.52698300551123, 0.0 ], [ -99.259734982046496, 19.526984140714362, 0.0 ], [ -99.259735794342717, 19.526985420223006, 0.0 ], [ -99.259736373301507, 19.526986809096218, 0.0 ], [ -99.259736703112537, 19.526988269406385, 0.0 ], [ -99.259736774768498, 19.526989761275328, 0.0 ], [ -99.259736586313622, 19.526991243962609, 0.0 ], [ -99.259736142893516, 19.526992676979464, 0.0 ], [ -99.259735456616596, 19.526994021192351, 0.0 ], [ -99.259734546225232, 19.526995239893537, 0.0 ], [ -99.259733436579467, 19.526996299802693, 0.0 ], [ -99.259732157982157, 19.526997171975662, 0.0 ], [ -99.25973074534906, 19.526997832594947, 0.0 ], [ -99.259647521885356, 19.52702893400253, 0.0 ], [ -99.259629906433801, 19.527051462565616, 0.0 ], [ -99.259624317331699, 19.527090959977009, 0.0 ], [ -99.259623953630793, 19.527092496975023, 0.0 ], [ -99.259623313963843, 19.527093950745581, 0.0 ], [ -99.259622417764064, 19.527095277118928, 0.0 ], [ -99.259621292261244, 19.527096435795855, 0.0 ], [ -99.259619971651574, 19.527097391572468, 0.0 ], [ -99.259618496059133, 19.527098115409284, 0.0 ], [ -99.25961691031614, 19.527098585314118, 0.0 ], [ -99.259615262602878, 19.527098787009876, 0.0 ], [ -99.259613602981588, 19.527098714368353, 0.0 ], [ -99.259611981875494, 19.527098369596647, 0.0 ], [ -99.259610448540244, 19.527097763170147, 0.0 ], [ -99.259609049561519, 19.527096913513549, 0.0 ], [ -99.25960782744491, 19.527095846442148, 0.0 ], [ -99.259606819323167, 19.52709459437661, 0.0 ], [ -99.259606055823411, 19.527093195358418, 0.0 ], [ -99.259605560145644, 19.527091691893823, 0.0 ], [ -99.259605347348199, 19.527090129662447, 0.0 ], [ -99.25960542389727, 19.527088556129627, 0.0 ], [ -99.259611340058868, 19.527046749271911, 0.0 ], [ -99.259611685684774, 19.527045266864707, 0.0 ], [ -99.259612288016896, 19.527043860174473, 0.0 ], [ -99.259613130075195, 19.527042568853496, 0.0 ], [ -99.259633832201828, 19.527016092071786, 0.0 ], [ -99.259634694965399, 19.527015136125069, 0.0 ], [ -99.259635689312361, 19.527014302961547, 0.0 ], [ -99.259636795998176, 19.527013608708046, 0.0 ], [ -99.259637993600677, 19.527013066802937, 0.0 ], [ -99.25972375474305, 19.52698101737807, 0.0 ], [ -99.259725254332238, 19.526980588515798, 0.0 ], [ -99.259726807653223, 19.526980397566138, 0.0 ] ] ] ] } },
{ "type": "Feature", "properties": { "ETAPA": "PRIMERA", "tipo": "Camellon", "M2": 639.21, "ha": 0.06387101123, "Donantes": null, "LAT": 19.527466238, "LONG_": -99.259497237000005, "Shape__Are": 723.375, "Shape__Len": 172.920518222, "Colonia": "Viejo Madín", "Identifica": 33, "m2_1": 638.71 }, "geometry": { "type": "MultiPolygon", "coordinates": [ [ [ [ -99.25949450958646, 19.52712279423913, 0.0 ], [ -99.259501003998139, 19.527122198893245, 0.0 ], [ -99.259507515757193, 19.527122588279216, 0.0 ], [ -99.259513879816993, 19.527123952527692, 0.0 ], [ -99.259519934877034, 19.527126257060814, 0.0 ], [ -99.259525527466408, 19.527129443468414, 0.0 ], [ -99.259530515838989, 19.527133430988886, 0.0 ], [ -99.25953477355884, 19.527138118555634, 0.0 ], [ -99.25953819271119, 19.527143387358748, 0.0 ], [ -99.259540686635631, 19.527149103856726, 0.0 ], [ -99.259542192121302, 19.527155123160757, 0.0 ], [ -99.259542671011374, 19.527161292707, 0.0 ], [ -99.259533767751094, 19.527771973466511, 0.0 ], [ -99.259533050003526, 19.527778696235252, 0.0 ], [ -99.259531114805995, 19.527785199481784, 0.0 ], [ -99.259528020672192, 19.52779128656789, 0.0 ], [ -99.259523861158925, 19.527796773439064, 0.0 ], [ -99.259518762037473, 19.527801494189458, 0.0 ], [ -99.259512877489357, 19.527805306078143, 0.0 ], [ -99.259506385443899, 19.527808093845234, 0.0 ], [ -99.2594994822026, 19.527809773197337, 0.0 ], [ -99.259492376495487, 19.527810293356197, 0.0 ], [ -99.259485283179686, 19.52780963859373, 0.0 ], [ -99.259478416733486, 19.527807828707751, 0.0 ], [ -99.25947198477806, 19.52780491842373, 0.0 ], [ -99.259466181795219, 19.52780099573982, 0.0 ], [ -99.259461183249158, 19.527796179265554, 0.0 ], [ -99.259457140280617, 19.527790614636462, 0.0 ], [ -99.259454175136767, 19.527784470109594, 0.0 ], [ -99.259452377473167, 19.527777931476336, 0.0 ], [ -99.259451801645852, 19.52777119644476, 0.0 ], [ -99.259460706166465, 19.527160515684272, 0.0 ], [ -99.259461412572833, 19.527153849860138, 0.0 ], [ -99.259463316029297, 19.527147398132165, 0.0 ], [ -99.259466359962559, 19.527141352255665, 0.0 ], [ -99.259470453901471, 19.527135891923969, 0.0 ], [ -99.259475476167566, 19.52713117942621, 0.0 ], [ -99.259481277492128, 19.527127354825481, 0.0 ], [ -99.259487685449983, 19.527124531794883, 0.0 ], [ -99.25949450958646, 19.52712279423913, 0.0 ] ] ] ] } },
{ "type": "Feature", "properties": { "ETAPA": "PRIMERA", "tipo": "Camellon", "M2": 352.52, "ha": 0.03522410228, "Donantes": null, "LAT": 19.528137877, "LONG_": -99.259515686, "Shape__Are": 398.9375, "Shape__Len": 101.800882934, "Colonia": "Viejo Madín", "Identifica": 34, "m2_1": 352.241 }, "geometry": { "type": "MultiPolygon", "coordinates": [ [ [ [ -99.259492989682798, 19.527945628218276, 0.0 ], [ -99.25949972166022, 19.52794502988009, 0.0 ], [ -99.259506465783829, 19.527945489070245, 0.0 ], [ -99.259513038506981, 19.527946993291778, 0.0 ], [ -99.259519260947457, 19.527949501605821, 0.0 ], [ -99.259524963754686, 19.527952945746048, 0.0 ], [ -99.25952999172145, 19.52795723197708, 0.0 ], [ -99.259534208007338, 19.527962243645103, 0.0 ], [ -99.259537497862496, 19.527967844352961, 0.0 ], [ -99.259539771749104, 19.527973881671794, 0.0 ], [ -99.259540967781334, 19.527980191290364, 0.0 ], [ -99.259572003668055, 19.528288170587818, 0.0 ], [ -99.259572088917238, 19.528294588070775, 0.0 ], [ -99.259571058912513, 19.528300931330005, 0.0 ], [ -99.259568941750501, 19.528307027335366, 0.0 ], [ -99.259565795181146, 19.528312709801519, 0.0 ], [ -99.259561705037555, 19.528317823723082, 0.0 ], [ -99.259556782888751, 19.52832222960344, 0.0 ], [ -99.259551163000509, 19.528325807260124, 0.0 ], [ -99.259544998670293, 19.52832845910234, 0.0 ], [ -99.259538458048382, 19.528330112793746, 0.0 ], [ -99.259531719548249, 19.528330723225093, 0.0 ], [ -99.259524966980521, 19.528330273745226, 0.0 ], [ -99.259518384542048, 19.528328776615083, 0.0 ], [ -99.259512151787149, 19.528326272673109, 0.0 ], [ -99.259506438730156, 19.528322830221004, 0.0 ], [ -99.259501401211594, 19.528318543161785, 0.0 ], [ -99.259497176644132, 19.528313528436708, 0.0 ], [ -99.259493880264529, 19.528307922836387, 0.0 ], [ -99.259491601990504, 19.528301879269545, 0.0 ], [ -99.259490403968542, 19.528295562591072, 0.0 ], [ -99.259459368234559, 19.527987583278126, 0.0 ], [ -99.259459283650102, 19.527981157709895, 0.0 ], [ -99.259460317096256, 19.527974806781632, 0.0 ], [ -99.25946244031384, 19.527968704165495, 0.0 ], [ -99.259465595241139, 19.527963016742845, 0.0 ], [ -99.25946969560303, 19.527957900041411, 0.0 ], [ -99.259474629270954, 19.527953493981897, 0.0 ], [ -99.25948026133139, 19.527949919052073, 0.0 ], [ -99.259486437768189, 19.527947273011403, 0.0 ], [ -99.259492989682798, 19.527945628218276, 0.0 ] ] ] ] } },
{ "type": "Feature", "properties": { "ETAPA": "PRIMERA", "tipo": "Camellon", "M2": 474.48, "ha": 0.04741101932, "Donantes": null, "LAT": 19.526558325, "LONG_": -99.265179809000003, "Shape__Are": 536.95703125, "Shape__Len": 1011.14979747, "Colonia": "Viejo Madín", "Identifica": 136, "m2_1": 474.11 }, "geometry": { "type": "MultiPolygon", "coordinates": [ [ [ [ -99.263892706695628, 19.527504965855204, 0.0 ], [ -99.26378035599933, 19.527492423667017, 0.0 ], [ -99.263619201741705, 19.527475697916689, 0.0 ], [ -99.263619050160884, 19.527475680063603, 0.0 ], [ -99.263474198009803, 19.527456175002975, 0.0 ], [ -99.263158179976926, 19.527420060364861, 0.0 ], [ -99.263157408918801, 19.527419910248391, 0.0 ], [ -99.263156674440012, 19.527419641842165, 0.0 ], [ -99.26315599657849, 19.527419262468523, 0.0 ], [ -99.263155393828697, 19.527418782477532, 0.0 ], [ -99.263154882633415, 19.527418214963902, 0.0 ], [ -99.263154476939832, 19.527417575410606, 0.0 ], [ -99.26315418781526, 19.52741688126541, 0.0 ], [ -99.263154023147806, 19.527416151465967, 0.0 ], [ -99.263153987429007, 19.52741540592206, 0.0 ], [ -99.263154081634426, 19.527414664973438, 0.0 ], [ -99.263154303193076, 19.527413948834432, 0.0 ], [ -99.263154646061196, 19.527413277042285, 0.0 ], [ -99.263155100884518, 19.527412667924715, 0.0 ], [ -99.26315565525465, 19.527412138099315, 0.0 ], [ -99.263156294047533, 19.52741170202048, 0.0 ], [ -99.263156999835843, 19.527411371585256, 0.0 ], [ -99.263157753365192, 19.527411155808529, 0.0 ], [ -99.263158534077533, 19.527411060576757, 0.0 ], [ -99.263159320673807, 19.527411088488304, 0.0 ], [ -99.263475386355111, 19.527447208477462, 0.0 ], [ -99.263475486456215, 19.527447220983444, 0.0 ], [ -99.263620322393635, 19.527466724259451, 0.0 ], [ -99.263781428021829, 19.527483443753805, 0.0 ], [ -99.26389354419139, 19.527495959172487, 0.0 ], [ -99.263992816296565, 19.527495961544329, 0.0 ], [ -99.264067834232222, 19.527487644500329, 0.0 ], [ -99.264155992904421, 19.527473798311608, 0.0 ], [ -99.264242489039418, 19.527443403079644, 0.0 ], [ -99.26432930458293, 19.527399026057623, 0.0 ], [ -99.264417467768325, 19.527346403389814, 0.0 ], [ -99.264521380475969, 19.527251991820876, 0.0 ], [ -99.264842716569447, 19.526923411749955, 0.0 ], [ -99.264975728849635, 19.526788305748035, 0.0 ], [ -99.265111590805063, 19.526637992372901, 0.0 ], [ -99.265214879729754, 19.526505879484262, 0.0 ], [ -99.265333542754561, 19.526325877217459, 0.0 ], [ -99.265393991343174, 19.52620499060966, 0.0 ], [ -99.265470720303526, 19.526025598352085, 0.0 ], [ -99.265530531796145, 19.525815919600014, 0.0 ], [ -99.265576342003897, 19.525622331146792, 0.0 ], [ -99.265623656834961, 19.525417487482528, 0.0 ], [ -99.265623700397882, 19.525417314810042, 0.0 ], [ -99.265665704713228, 19.525267597960617, 0.0 ], [ -99.265689318830425, 19.525170230172805, 0.0 ], [ -99.26570852260221, 19.525072781202844, 0.0 ], [ -99.26572773379776, 19.524964145203267, 0.0 ], [ -99.26572781611668, 19.524963775465292, 0.0 ], [ -99.265727915672414, 19.524963455406013, 0.0 ], [ -99.265763403841447, 19.524863119544488, 0.0 ], [ -99.265763488310014, 19.524862898915199, 0.0 ], [ -99.265763641226613, 19.524862569740296, 0.0 ], [ -99.265843486304405, 19.524707884656017, 0.0 ], [ -99.265843915179914, 19.524707210088849, 0.0 ], [ -99.265844461077094, 19.524706616375372, 0.0 ], [ -99.26584510741138, 19.524706121553024, 0.0 ], [ -99.265845834547292, 19.524705740654976, 0.0 ], [ -99.265846620392551, 19.524705485252788, 0.0 ], [ -99.26584744107457, 19.524705363106097, 0.0 ], [ -99.265848271658641, 19.524705377925724, 0.0 ], [ -99.265849086912155, 19.524705529261325, 0.0 ], [ -99.265849862066602, 19.524705812515389, 0.0 ], [ -99.265850573573644, 19.524706219082301, 0.0 ], [ -99.265851199815273, 19.52470673661049, 0.0 ], [ -99.265851721766097, 19.524707349376914, 0.0 ], [ -99.265852123570809, 19.524708038765322, 0.0 ], [ -99.265852393020495, 19.524708783831901, 0.0 ], [ -99.26585252192875, 19.524709561940689, 0.0 ], [ -99.265852506381606, 19.524710349452398, 0.0 ], [ -99.265852346848902, 19.524711122441637, 0.0 ], [ -99.265852048178829, 19.524711857424887, 0.0 ], [ -99.265772339927949, 19.52486627842859, 0.0 ], [ -99.265737071871342, 19.524965989505311, 0.0 ], [ -99.265717911681321, 19.525074338051279, 0.0 ], [ -99.265717896567182, 19.525074421214637, 0.0 ], [ -99.265698672947067, 19.525171969622804, 0.0 ], [ -99.265698632260552, 19.525172152231807, 0.0 ], [ -99.265674974603797, 19.525269702634041, 0.0 ], [ -99.265674941450627, 19.525269829201932, 0.0 ], [ -99.265632946619618, 19.525419512602177, 0.0 ], [ -99.265585647889054, 19.525624286659546, 0.0 ], [ -99.265539806447833, 19.525818003487572, 0.0 ], [ -99.265539774249532, 19.525818130957806, 0.0 ], [ -99.265539757195896, 19.52581819424255, 0.0 ], [ -99.265479847155376, 19.526028221070138, 0.0 ], [ -99.265479671637181, 19.52602871927154, 0.0 ], [ -99.265402772719128, 19.526208507606846, 0.0 ], [ -99.265402662541675, 19.526208745444077, 0.0 ], [ -99.265342037250861, 19.526329985664312, 0.0 ], [ -99.265341910865956, 19.526330220814099, 0.0 ], [ -99.26534177207175, 19.526330445137521, 0.0 ], [ -99.265222864699794, 19.52651081919258, 0.0 ], [ -99.265222666895255, 19.526511095113957, 0.0 ], [ -99.26511914779077, 19.526643502049851, 0.0 ], [ -99.26511893850396, 19.52664375087673, 0.0 ], [ -99.264982903388386, 19.526794255193646, 0.0 ], [ -99.264982768273626, 19.526794398177767, 0.0 ], [ -99.264849695094895, 19.526929566629896, 0.0 ], [ -99.264528264798628, 19.527258243547791, 0.0 ], [ -99.264528075416749, 19.527258425470308, 0.0 ], [ -99.264423714436319, 19.527353244367646, 0.0 ], [ -99.264423460294822, 19.527353459822102, 0.0 ], [ -99.264422966161206, 19.527353800339469, 0.0 ], [ -99.264334237346262, 19.52740675911307, 0.0 ], [ -99.264333960228541, 19.527406913148749, 0.0 ], [ -99.264246721833686, 19.527451506777449, 0.0 ], [ -99.264246496111284, 19.527451614648772, 0.0 ], [ -99.26424611604844, 19.527451766123729, 0.0 ], [ -99.264158876872926, 19.527482422711184, 0.0 ], [ -99.264158444089759, 19.527482552732511, 0.0 ], [ -99.264158000329203, 19.527482643593196, 0.0 ], [ -99.264069282292198, 19.52749657735604, 0.0 ], [ -99.264069056443176, 19.527496607508407, 0.0 ], [ -99.263993646826762, 19.52750496759927, 0.0 ], [ -99.263993399993964, 19.527504988744948, 0.0 ], [ -99.263993093093561, 19.527504998230217, 0.0 ], [ -99.26389326338878, 19.527504996672519, 0.0 ], [ -99.263892971708486, 19.52750498806115, 0.0 ], [ -99.263892706695628, 19.527504965855204, 0.0 ] ] ] ] } },
{ "type": "Feature", "properties": { "ETAPA": "PRIMERA", "tipo": "Camellon", "M2": 917.11, "ha": 0.09163969876, "Donantes": null, "LAT": 19.526451462000001, "LONG_": -99.259262596, "Shape__Are": 1037.8671875, "Shape__Len": 502.24772846899998, "Colonia": "Viejo Madín", "Identifica": 139, "m2_1": 916.397 }, "geometry": { "type": "MultiPolygon", "coordinates": [ [ [ [ -99.258449989416889, 19.525510381625633, 0.0 ], [ -99.258729846124609, 19.525634389987015, 0.0 ], [ -99.258803999773207, 19.525680474175363, 0.0 ], [ -99.258867260795583, 19.525732842571269, 0.0 ], [ -99.25890580393451, 19.525764682555891, 0.0 ], [ -99.258957334436118, 19.525831295155424, 0.0 ], [ -99.259063328069601, 19.525956979305587, 0.0 ], [ -99.259106060680566, 19.526011861384532, 0.0 ], [ -99.259121561726175, 19.526042025580402, 0.0 ], [ -99.259136643823524, 19.526077217142468, 0.0 ], [ -99.25917267328046, 19.526184886564398, 0.0 ], [ -99.259205770106334, 19.526277892835452, 0.0 ], [ -99.259270287969727, 19.526416983294848, 0.0 ], [ -99.259364132135957, 19.526632322138699, 0.0 ], [ -99.259450435251736, 19.526805766265849, 0.0 ], [ -99.259500708912327, 19.526906732533121, 0.0 ], [ -99.259533805738201, 19.526977534604253, 0.0 ], [ -99.259509925749313, 19.526985075653318, 0.0 ], [ -99.259476409976159, 19.527000157751313, 0.0 ], [ -99.259450435251736, 19.527020686162363, 0.0 ], [ -99.259416919478582, 19.527060905090448, 0.0 ], [ -99.259382146863572, 19.527116625063655, 0.0 ], [ -99.259369578449082, 19.527154749255839, 0.0 ], [ -99.259361618452175, 19.527208374493274, 0.0 ], [ -99.259356591086387, 19.527184494504773, 0.0 ], [ -99.259357428980977, 19.527149302942743, 0.0 ], [ -99.259359523716583, 19.52711746295795, 0.0 ], [ -99.259372930025677, 19.52705629667166, 0.0 ], [ -99.259377119497714, 19.526985913547598, 0.0 ], [ -99.259370416342747, 19.526881176755818, 0.0 ], [ -99.259345279512914, 19.526748789451187, 0.0 ], [ -99.259279085860285, 19.526553560071314, 0.0 ], [ -99.259212054313991, 19.526345762276552, 0.0 ], [ -99.259160942759692, 19.526186562353075, 0.0 ], [ -99.259121142778895, 19.526060040308678, 0.0 ], [ -99.259100614367526, 19.526024429799506, 0.0 ], [ -99.259045313341133, 19.525954046675395, 0.0 ], [ -99.258993782839468, 19.525889947758873, 0.0 ], [ -99.258902452357049, 19.525783954125668, 0.0 ], [ -99.258853016591885, 19.525732004676833, 0.0 ], [ -99.258798134512816, 19.525690947854525, 0.0 ], [ -99.258751212430596, 19.525663297341598, 0.0 ], [ -99.258682924042361, 19.525636065775736, 0.0 ], [ -99.258623433543875, 19.525619307888952, 0.0 ], [ -99.258560591468822, 19.525605901579674, 0.0 ], [ -99.258457111519192, 19.525595427900491, 0.0 ], [ -99.258459206254784, 19.525569034228909, 0.0 ], [ -99.258455016783586, 19.525535937402701, 0.0 ], [ -99.258449989416889, 19.525510381625633, 0.0 ] ] ] ] } },
{ "type": "Feature", "properties": { "ETAPA": "CUARTA", "tipo": "Area Verde", "M2": 753.1, "ha": 0.07525164321, "Donantes": null, "LAT": 19.525355269, "LONG_": -99.268955293999994, "Shape__Are": 852.244140625, "Shape__Len": 117.39409192799999, "Colonia": "Nuevo Madín", "Identifica": 279, "m2_1": 752.516 }, "geometry": { "type": "MultiPolygon", "coordinates": [ [ [ [ -99.268890153707247, 19.525528498373237, 0.0 ], [ -99.268758795662961, 19.525394793183139, 0.0 ], [ -99.269015673306711, 19.525181606571856, 0.0 ], [ -99.269114143319698, 19.525253192483923, 0.0 ], [ -99.269119283853456, 19.525310569577695, 0.0 ], [ -99.269081586154925, 19.525389531432566, 0.0 ], [ -99.268890153707247, 19.525528498373237, 0.0 ] ] ] ] } },
{ "type": "Feature", "properties": { "ETAPA": "CUARTA", "tipo": "Area Verde", "M2": 3694.57, "ha": 0.36916859595000001, "Donantes": null, "LAT": 19.528880235, "LONG_": -99.268781916999998, "Shape__Are": 4181.125, "Shape__Len": 320.29106155199997, "Colonia": "Nuevo Madín", "Identifica": 280, "m2_1": 3691.69 }, "geometry": { "type": "MultiPolygon", "coordinates": [ [ [ [ -99.268306761224579, 19.529051076911482, 0.0 ], [ -99.268333948535428, 19.528968786609326, 0.0 ], [ -99.268701454867099, 19.528549805002378, 0.0 ], [ -99.268774447562635, 19.528463616924562, 0.0 ], [ -99.268918340441459, 19.528549482506442, 0.0 ], [ -99.268926315444688, 19.528798141643165, 0.0 ], [ -99.268931479203488, 19.528869866382426, 0.0 ], [ -99.26902486062599, 19.528912765569299, 0.0 ], [ -99.26926192725027, 19.528917195923587, 0.0 ], [ -99.269281157265453, 19.528949361346033, 0.0 ], [ -99.269359843213778, 19.529060215382376, 0.0 ], [ -99.269212203178071, 19.529088537753754, 0.0 ], [ -99.268854188150186, 19.529094488725232, 0.0 ], [ -99.26842330471402, 19.529076895451897, 0.0 ], [ -99.268306761224579, 19.529051076911482, 0.0 ] ] ] ] } },
{ "type": "Feature", "properties": { "ETAPA": "CUARTA", "tipo": "Area Verde", "M2": 2672.26, "ha": 0.26701758047000002, "Donantes": null, "LAT": 19.528663690999998, "LONG_": -99.269435764999997, "Shape__Are": 3024.1640625, "Shape__Len": 300.894504316, "Colonia": "Nuevo Madín", "Identifica": 449, "m2_1": 2670.18 }, "geometry": { "type": "MultiPolygon", "coordinates": [ [ [ [ -99.269267238336383, 19.527901747429386, 0.0 ], [ -99.269420326140491, 19.528502359681568, 0.0 ], [ -99.269678867032965, 19.52849236074459, 0.0 ], [ -99.269729638266796, 19.528581867130221, 0.0 ], [ -99.269526934452415, 19.528880219194615, 0.0 ], [ -99.269481603410526, 19.528847921781516, 0.0 ], [ -99.269365037020336, 19.528790845416772, 0.0 ], [ -99.269227723717023, 19.528531486952463, 0.0 ], [ -99.269151199913026, 19.528243197541606, 0.0 ], [ -99.269140487288567, 19.527897129448782, 0.0 ], [ -99.269267238336383, 19.527901747429386, 0.0 ] ] ] ] } },
{ "type": "Feature", "properties": { "ETAPA": "CUARTA", "tipo": "Area Verde", "M2": 3112.16, "ha": 0.31097277417000002, "Donantes": null, "LAT": 19.525406074, "LONG_": -99.270532867, "Shape__Are": 3521.85546875, "Shape__Len": 270.48231199499998, "Colonia": "Nuevo Madín", "Identifica": 450, "m2_1": 3109.73 }, "geometry": { "type": "MultiPolygon", "coordinates": [ [ [ [ -99.270685930798734, 19.525761244256813, 0.0 ], [ -99.27013313049514, 19.525453623289327, 0.0 ], [ -99.270253827772024, 19.525241833418399, 0.0 ], [ -99.270499678635204, 19.525223532765541, 0.0 ], [ -99.270590286220866, 19.525115799135726, 0.0 ], [ -99.270711185750756, 19.525025953117762, 0.0 ], [ -99.270817175160261, 19.525068833616562, 0.0 ], [ -99.270719169459539, 19.525277003282451, 0.0 ], [ -99.270723185220845, 19.525416874732457, 0.0 ], [ -99.270848124674814, 19.525481246442361, 0.0 ], [ -99.270685930798734, 19.525761244256813, 0.0 ] ] ] ] } },
{ "type": "Feature", "properties": { "ETAPA": "CUARTA", "tipo": "Area Verde", "M2": 2078.0, "ha": 0.2076380791, "Donantes": null, "LAT": 19.524162729, "LONG_": -99.270821255000001, "Shape__Are": 2351.5234375, "Shape__Len": 217.63671472199999, "Colonia": "Nuevo Madín", "Identifica": 451, "m2_1": 2076.38 }, "geometry": { "type": "MultiPolygon", "coordinates": [ [ [ [ -99.271253904925686, 19.524114548413657, 0.0 ], [ -99.270747469954614, 19.52438788920022, 0.0 ], [ -99.270433118964064, 19.524158817098876, 0.0 ], [ -99.270417916343334, 19.524115800609835, 0.0 ], [ -99.270663646041712, 19.524025767888308, 0.0 ], [ -99.270939780936715, 19.52402176772782, 0.0 ], [ -99.271265163405175, 19.52406073249383, 0.0 ], [ -99.271253904925686, 19.524114548413657, 0.0 ] ] ] ] } },
{ "type": "Feature", "properties": { "ETAPA": "PRIMERA", "tipo": "Camellon", "M2": 1652.49, "ha": 0.16511989789000001, "Donantes": null, "LAT": 19.548188208, "LONG_": -99.281407095000006, "Shape__Are": 1870.5488281200001, "Shape__Len": 295.17918050700001, "Colonia": "Lago Esmeralda", "Identifica": 35, "m2_1": 1651.2 }, "geometry": { "type": "MultiPolygon", "coordinates": [ [ [ [ -99.281960681359081, 19.548486943113964, 0.0 ], [ -99.281435684042904, 19.548270175424733, 0.0 ], [ -99.280986395660022, 19.548077199033468, 0.0 ], [ -99.280910667423797, 19.548041450918262, 0.0 ], [ -99.280890390486817, 19.547984097007319, 0.0 ], [ -99.280912982747012, 19.547921894308871, 0.0 ], [ -99.280978522785418, 19.547900272828617, 0.0 ], [ -99.281082015908794, 19.547947933013965, 0.0 ], [ -99.281185533942519, 19.548009939460989, 0.0 ], [ -99.281329469500321, 19.548107748802877, 0.0 ], [ -99.281523807916187, 19.548181568877066, 0.0 ], [ -99.281738386421083, 19.548291223069903, 0.0 ], [ -99.2820235580283, 19.548384029376567, 0.0 ], [ -99.281960681359081, 19.548486943113964, 0.0 ] ] ] ] } },
{ "type": "Feature", "properties": { "ETAPA": "PRIMERA", "tipo": "Camellon", "M2": 1821.51, "ha": 0.18200875488000001, "Donantes": null, "LAT": 19.533083685000001, "LONG_": -99.262286442000004, "Shape__Are": 2061.5136718799999, "Shape__Len": 3881.75534552, "Colonia": "Lago Esmeralda", "Identifica": 93, "m2_1": 1820.09 }, "geometry": { "type": "MultiPolygon", "coordinates": [ [ [ [ -99.263634812864126, 19.532892029208398, 0.0 ], [ -99.263554576959052, 19.532870029763508, 0.0 ], [ -99.263471312276153, 19.532874157295787, 0.0 ], [ -99.263400162674699, 19.532884211729485, 0.0 ], [ -99.263350307029839, 19.53289941245697, 0.0 ], [ -99.263268996343541, 19.53292588304954, 0.0 ], [ -99.263202423392542, 19.532946796026856, 0.0 ], [ -99.263067879068018, 19.53298859502501, 0.0 ], [ -99.26289558696385, 19.533044216831147, 0.0 ], [ -99.262895507889652, 19.533044241346346, 0.0 ], [ -99.262741702432237, 19.533090232406266, 0.0 ], [ -99.262741168852727, 19.533090359701028, 0.0 ], [ -99.262741009712585, 19.533090386139897, 0.0 ], [ -99.262587895002156, 19.533113236608663, 0.0 ], [ -99.262587460422353, 19.533113282425468, 0.0 ], [ -99.262587236436445, 19.533113290884163, 0.0 ], [ -99.262502952985869, 19.533114682118619, 0.0 ], [ -99.262502578370416, 19.533114674529376, 0.0 ], [ -99.262502428702973, 19.533114663902225, 0.0 ], [ -99.262331969513312, 19.533099610696336, 0.0 ], [ -99.262331525230806, 19.533099550792645, 0.0 ], [ -99.262331201990037, 19.533099482579875, 0.0 ], [ -99.262196643578932, 19.533066032756654, 0.0 ], [ -99.262196387055127, 19.533065960832179, 0.0 ], [ -99.262196012240267, 19.533065829434378, 0.0 ], [ -99.262048243042059, 19.533007182483392, 0.0 ], [ -99.262048060860124, 19.533007105932288, 0.0 ], [ -99.26204768881837, 19.533006921211463, 0.0 ], [ -99.261924758494985, 19.532939189310632, 0.0 ], [ -99.26192435615576, 19.532938941719145, 0.0 ], [ -99.261923982693773, 19.532938656342999, 0.0 ], [ -99.261788033177737, 19.532823778661722, 0.0 ], [ -99.261787807897306, 19.532823574749962, 0.0 ], [ -99.261719792583506, 19.532758074847461, 0.0 ], [ -99.261719223417217, 19.532757412349557, 0.0 ], [ -99.261631986320339, 19.532633382636764, 0.0 ], [ -99.261631778003718, 19.532633058506889, 0.0 ], [ -99.261631603032583, 19.532632724387938, 0.0 ], [ -99.261582843699756, 19.532529669152449, 0.0 ], [ -99.261445050221838, 19.532264250465751, 0.0 ], [ -99.261288327292405, 19.531964634673393, 0.0 ], [ -99.261288276613044, 19.531964534434852, 0.0 ], [ -99.261115970523065, 19.531613784760921, 0.0 ], [ -99.261077541970522, 19.531537165099309, 0.0 ], [ -99.261077417623909, 19.53153689507003, 0.0 ], [ -99.261077290300292, 19.531536552748332, 0.0 ], [ -99.261044763890283, 19.531436214850316, 0.0 ], [ -99.26104470542883, 19.531436017022422, 0.0 ], [ -99.261044658416353, 19.531435826407776, 0.0 ], [ -99.261022482943062, 19.531336882437671, 0.0 ], [ -99.261022468542151, 19.531336818295053, 0.0 ], [ -99.260963424060805, 19.531053224833652, 0.0 ], [ -99.26096340195501, 19.531053110998329, 0.0 ], [ -99.26093827262882, 19.53091376555108, 0.0 ], [ -99.260923547689003, 19.530834644504552, 0.0 ], [ -99.260904485650713, 19.530777976940215, 0.0 ], [ -99.260762581039103, 19.530453842392927, 0.0 ], [ -99.26065178631562, 19.530212126301869, 0.0 ], [ -99.26055133489136, 19.530031116333422, 0.0 ], [ -99.260551278487071, 19.530031012488237, 0.0 ], [ -99.260369628303792, 19.529682011483725, 0.0 ], [ -99.260231828586186, 19.529445036898778, 0.0 ], [ -99.260172856710255, 19.52934776249645, 0.0 ], [ -99.259933969811698, 19.529056676240518, 0.0 ], [ -99.259933874303769, 19.529056556184536, 0.0 ], [ -99.259756444269186, 19.528823816034755, 0.0 ], [ -99.25975629333152, 19.528823604783629, 0.0 ], [ -99.259663146105225, 19.528685638290611, 0.0 ], [ -99.259662986523111, 19.528685385481317, 0.0 ], [ -99.259662885190437, 19.52868519946264, 0.0 ], [ -99.259594933166525, 19.52855446436897, 0.0 ], [ -99.259594779185448, 19.528554137447401, 0.0 ], [ -99.259594663357575, 19.528553827641481, 0.0 ], [ -99.259554747006277, 19.528433979017059, 0.0 ], [ -99.259554677058048, 19.528433748671635, 0.0 ], [ -99.259554656916961, 19.52843367098157, 0.0 ], [ -99.259525089729962, 19.528316609891579, 0.0 ], [ -99.25952496744047, 19.528315830896805, 0.0 ], [ -99.25952498968006, 19.528315043603165, 0.0 ], [ -99.259525155772295, 19.528314271931333, 0.0 ], [ -99.259525460671256, 19.52831353932741, 0.0 ], [ -99.259525895112688, 19.528312868050421, 0.0 ], [ -99.259526445896768, 19.528312278496266, 0.0 ], [ -99.259527096288721, 19.528311788577643, 0.0 ], [ -99.259527826528284, 19.528311413180003, 0.0 ], [ -99.259528614426287, 19.52831116370918, 0.0 ], [ -99.259529436045199, 19.528311047744996, 0.0 ], [ -99.259530266419944, 19.528311068810865, 0.0 ], [ -99.259531080322404, 19.528311226266741, 0.0 ], [ -99.259531853022636, 19.528311515328721, 0.0 ], [ -99.259532561043329, 19.528311927213824, 0.0 ], [ -99.259533182871522, 19.528312449407604, 0.0 ], [ -99.259533699614806, 19.528313066043939, 0.0 ], [ -99.259534095573287, 19.528313758387423, 0.0 ], [ -99.259534358715001, 19.528314505402147, 0.0 ], [ -99.259563886580963, 19.528431411108965, 0.0 ], [ -99.259603642992587, 19.528550779187867, 0.0 ], [ -99.2596713158417, 19.528680977875982, 0.0 ], [ -99.259764242368973, 19.528818617539354, 0.0 ], [ -99.259941552057114, 19.529051199705489, 0.0 ], [ -99.260180585081031, 19.529342464675643, 0.0 ], [ -99.260180674859569, 19.529342577510036, 0.0 ], [ -99.260180955746549, 19.529342987389647, 0.0 ], [ -99.260240096779782, 19.529440538984431, 0.0 ], [ -99.260240137877688, 19.529440608510953, 0.0 ], [ -99.260378031274357, 19.529677745622358, 0.0 ], [ -99.260378131647627, 19.529677927123242, 0.0 ], [ -99.260559807660059, 19.530026977785926, 0.0 ], [ -99.260660308799842, 19.530208077145254, 0.0 ], [ -99.260660462745946, 19.530208379665773, 0.0 ], [ -99.260771335915678, 19.530450267343003, 0.0 ], [ -99.26077136652664, 19.530450335980632, 0.0 ], [ -99.260913366819594, 19.530774688176809, 0.0 ], [ -99.260913393609115, 19.530774750493936, 0.0 ], [ -99.260913505607533, 19.530775047652558, 0.0 ], [ -99.26093272567654, 19.530832184916402, 0.0 ], [ -99.260932799461472, 19.530832427907541, 0.0 ], [ -99.260932878175439, 19.530832773010708, 0.0 ], [ -99.260947663692235, 19.530912219304248, 0.0 ], [ -99.260972787253991, 19.5310515313212, 0.0 ], [ -99.26103180582075, 19.531335003719946, 0.0 ], [ -99.261031820220751, 19.531335067862432, 0.0 ], [ -99.261053935219508, 19.531433743517194, 0.0 ], [ -99.26108630070172, 19.531533584606141, 0.0 ], [ -99.261124601121239, 19.531609948701469, 0.0 ], [ -99.261296890965241, 19.531960664049762, 0.0 ], [ -99.261453595744229, 19.53226024732751, 0.0 ], [ -99.261591434172971, 19.532525753602474, 0.0 ], [ -99.26159150685028, 19.532525899898001, 0.0 ], [ -99.261640136112433, 19.532628680592111, 0.0 ], [ -99.261726904123393, 19.532752043139492, 0.0 ], [ -99.261794485062225, 19.532817124347662, 0.0 ], [ -99.261929964971358, 19.5329316059766, 0.0 ], [ -99.262052210293433, 19.532998960213291, 0.0 ], [ -99.262199380498558, 19.533057369450948, 0.0 ], [ -99.262333243751058, 19.533090646769303, 0.0 ], [ -99.262503055623768, 19.533105643076787, 0.0 ], [ -99.262586739529723, 19.533104261750527, 0.0 ], [ -99.262739170960003, 19.533081512587646, 0.0 ], [ -99.262892569596502, 19.533035644122375, 0.0 ], [ -99.263064836923306, 19.532980030488652, 0.0 ], [ -99.26306488836893, 19.532980014147014, 0.0 ], [ -99.263199440307602, 19.532938212428764, 0.0 ], [ -99.263265924655016, 19.532917327596632, 0.0 ], [ -99.263265974196173, 19.532917312161384, 0.0 ], [ -99.263347251534412, 19.532890852463353, 0.0 ], [ -99.26334733060861, 19.532890827947913, 0.0 ], [ -99.263397615926621, 19.53287549646112, 0.0 ], [ -99.263398174275395, 19.53287536099489, 0.0 ], [ -99.263398371532872, 19.532875329077545, 0.0 ], [ -99.263470140560401, 19.532865186985713, 0.0 ], [ -99.263470537021078, 19.532865146644664, 0.0 ], [ -99.263470595159163, 19.532865142945049, 0.0 ], [ -99.263554879664326, 19.532860964222149, 0.0 ], [ -99.263555673252213, 19.532860988332597, 0.0 ], [ -99.263556451749338, 19.53286113634557, 0.0 ], [ -99.263637777627949, 19.532883435134732, 0.0 ], [ -99.263637919719898, 19.532883476498029, 0.0 ], [ -99.263638397549059, 19.532883650216853, 0.0 ], [ -99.263740424389283, 19.53292685226705, 0.0 ], [ -99.263741084549508, 19.532927193809346, 0.0 ], [ -99.263788400630119, 19.53295646004154, 0.0 ], [ -99.263788884843621, 19.532956801853246, 0.0 ], [ -99.263789318797237, 19.532957199742398, 0.0 ], [ -99.263832199823455, 19.533001795716292, 0.0 ], [ -99.26383252929493, 19.533002178407791, 0.0 ], [ -99.2638326181347, 19.533002297567634, 0.0 ], [ -99.263866625716645, 19.533049679966499, 0.0 ], [ -99.263866858877932, 19.533050039301976, 0.0 ], [ -99.263867027158483, 19.533050358969263, 0.0 ], [ -99.263893643018633, 19.533106101515749, 0.0 ], [ -99.263893730072553, 19.533106294782264, 0.0 ], [ -99.263893767398486, 19.533106387809809, 0.0 ], [ -99.263922396587063, 19.533179254494534, 0.0 ], [ -99.26392259769743, 19.533179915993006, 0.0 ], [ -99.263922690446705, 19.53318059878351, 0.0 ], [ -99.263925646882214, 19.533234948010804, 0.0 ], [ -99.263925651887632, 19.533235095308022, 0.0 ], [ -99.263927129212931, 19.53330895414506, 0.0 ], [ -99.263927077063954, 19.533309710625115, 0.0 ], [ -99.263912287487628, 19.533403079879008, 0.0 ], [ -99.263912255371068, 19.533403259763944, 0.0 ], [ -99.263877967031519, 19.533572749732947, 0.0 ], [ -99.263877931076451, 19.533572913356721, 0.0 ], [ -99.263789122827959, 19.53393841048954, 0.0 ], [ -99.263733189279776, 19.53419372647058, 0.0 ], [ -99.263733165617296, 19.534193829527872, 0.0 ], [ -99.263719940020493, 19.534247839074364, 0.0 ], [ -99.263709638294458, 19.534380212133605, 0.0 ], [ -99.263717000988933, 19.534480163280438, 0.0 ], [ -99.263717004897487, 19.534480222015709, 0.0 ], [ -99.263728790598194, 19.534614915195387, 0.0 ], [ -99.263795026837172, 19.534840025349521, 0.0 ], [ -99.26394694484884, 19.53533227936002, 0.0 ], [ -99.264047463469794, 19.53562414053215, 0.0 ], [ -99.264047551635841, 19.535624430493705, 0.0 ], [ -99.264095407556368, 19.535805817941334, 0.0 ], [ -99.264095512306213, 19.535806341035329, 0.0 ], [ -99.264095543331337, 19.535806662710133, 0.0 ], [ -99.26410145618982, 19.535907000017019, 0.0 ], [ -99.264101463260445, 19.535907244911655, 0.0 ], [ -99.264101453263123, 19.535907544957311, 0.0 ], [ -99.264095536117821, 19.535993947200623, 0.0 ], [ -99.264095507027719, 19.535994230103803, 0.0 ], [ -99.26408367394356, 19.536079251991588, 0.0 ], [ -99.264083567085393, 19.536079777202154, 0.0 ], [ -99.264083490288414, 19.536080031256361, 0.0 ], [ -99.264002156217984, 19.536322335737164, 0.0 ], [ -99.264002113521045, 19.536322456896386, 0.0 ], [ -99.263889719325718, 19.536627214968373, 0.0 ], [ -99.263727078702118, 19.537056801391145, 0.0 ], [ -99.263682843678509, 19.537184633090636, 0.0 ], [ -99.263654835473687, 19.537339686998227, 0.0 ], [ -99.263643039023748, 19.537463332372216, 0.0 ], [ -99.263643037060021, 19.537559021499867, 0.0 ], [ -99.263659220047302, 19.537690134959789, 0.0 ], [ -99.263700466635527, 19.537823417794733, 0.0 ], [ -99.263743185557132, 19.537935873422104, 0.0 ], [ -99.263787315334994, 19.538014896108944, 0.0 ], [ -99.263863943393019, 19.538134518310038, 0.0 ], [ -99.263928764196152, 19.53820671847658, 0.0 ], [ -99.264079534640572, 19.538376673639007, 0.0 ], [ -99.264389847838714, 19.538700660955058, 0.0 ], [ -99.264389900358708, 19.538700717811821, 0.0 ], [ -99.264673154615195, 19.539006520034633, 0.0 ], [ -99.264673389555213, 19.539006794417627, 0.0 ], [ -99.264716271178798, 19.53906114385083, 0.0 ], [ -99.264716321807796, 19.539061209747295, 0.0 ], [ -99.264785423165051, 19.539153184580684, 0.0 ], [ -99.264785705055459, 19.539153607102904, 0.0 ], [ -99.264831548940165, 19.539231656421673, 0.0 ], [ -99.264831720094392, 19.539231979698187, 0.0 ], [ -99.264909561646988, 19.539394628789331, 0.0 ], [ -99.264909650617966, 19.53939482566711, 0.0 ], [ -99.264909723367111, 19.539395011724256, 0.0 ], [ -99.264951126882082, 19.539507890993811, 0.0 ], [ -99.264951244740999, 19.53950826585972, 0.0 ], [ -99.264982301589015, 19.53962673978263, 0.0 ], [ -99.264982380344307, 19.539627102053942, 0.0 ], [ -99.265008995188481, 19.539781787726962, 0.0 ], [ -99.265009019270508, 19.539781941321984, 0.0 ], [ -99.265009032809914, 19.539782060591527, 0.0 ], [ -99.265045995369377, 19.540129134966861, 0.0 ], [ -99.265046008959089, 19.540129284962358, 0.0 ], [ -99.265051921868803, 19.540212238461773, 0.0 ], [ -99.26505193284531, 19.540212539380246, 0.0 ], [ -99.265051932566877, 19.540301730809791, 0.0 ], [ -99.265051925351599, 19.540301982051179, 0.0 ], [ -99.265044528760967, 19.540427852267594, 0.0 ], [ -99.265044508180551, 19.540428091780186, 0.0 ], [ -99.265029719268142, 19.540556299884972, 0.0 ], [ -99.265029710800604, 19.540556368579139, 0.0 ], [ -99.265029603018093, 19.540556910961939, 0.0 ], [ -99.265007418595729, 19.540640535553749, 0.0 ], [ -99.26498819063049, 19.540711616862986, 0.0 ], [ -99.264988049302133, 19.540712048138836, 0.0 ], [ -99.264943685326273, 19.540826838879706, 0.0 ], [ -99.264943644505053, 19.540826941962344, 0.0 ], [ -99.264943586573565, 19.540827073988581, 0.0 ], [ -99.264903658699609, 19.540914868082371, 0.0 ], [ -99.264903545639442, 19.54091509778981, 0.0 ], [ -99.264776403914269, 19.541156374362291, 0.0 ], [ -99.264559569748712, 19.541586005507352, 0.0 ], [ -99.264528535890435, 19.54165140075143, 0.0 ], [ -99.264528130339755, 19.541652088169009, 0.0 ], [ -99.264527605041792, 19.541652698381718, 0.0 ], [ -99.264526975956997, 19.541653212849923, 0.0 ], [ -99.264526262199638, 19.541653615942344, 0.0 ], [ -99.264525485453376, 19.541653895412463, 0.0 ], [ -99.264524669320522, 19.541654042768869, 0.0 ], [ -99.264523838595352, 19.541654053534639, 0.0 ], [ -99.264523018517934, 19.541653927382637, 0.0 ], [ -99.264522234004787, 19.541653668145671, 0.0 ], [ -99.264521508891917, 19.54165328370004, 0.0 ], [ -99.264520865208553, 19.54165278572631, 0.0 ], [ -99.264520322513846, 19.541652189354167, 0.0 ], [ -99.264519897293582, 19.541651512702916, 0.0 ], [ -99.264519602469264, 19.541650776331132, 0.0 ], [ -99.264519446996914, 19.541650002611661, 0.0 ], [ -99.264519435601798, 19.541649215052267, 0.0 ], [ -99.264519568628785, 19.541648437581063, 0.0 ], [ -99.264519842036421, 19.541647693819371, 0.0 ], [ -99.264550896795825, 19.541582254264441, 0.0 ], [ -99.264550944300566, 19.541582157498116, 0.0 ], [ -99.264767807941638, 19.541152469386443, 0.0 ], [ -99.264767844052088, 19.54115240065169, 0.0 ], [ -99.264894956326856, 19.540911179254298, 0.0 ], [ -99.264934781624021, 19.540823611239787, 0.0 ], [ -99.264979016507496, 19.540709152350946, 0.0 ], [ -99.264998180046462, 19.540638309715899, 0.0 ], [ -99.265020278262881, 19.540555012393675, 0.0 ], [ -99.265035018300637, 19.540427224585375, 0.0 ], [ -99.265042400051101, 19.540301602006885, 0.0 ], [ -99.265042400794002, 19.540212692533483, 0.0 ], [ -99.265036503504163, 19.540129961322872, 0.0 ], [ -99.264999565161489, 19.539783111029539, 0.0 ], [ -99.264973003260423, 19.53962873615286, 0.0 ], [ -99.264942052887065, 19.539510666933321, 0.0 ], [ -99.264900791082269, 19.539398172433383, 0.0 ], [ -99.26482312266198, 19.53923588637522, 0.0 ], [ -99.264777504365824, 19.539158220799717, 0.0 ], [ -99.264708607442657, 19.539066517679821, 0.0 ], [ -99.264665868142757, 19.539012347874337, 0.0 ], [ -99.264382790547174, 19.538706736967857, 0.0 ], [ -99.264382737075877, 19.53870668101623, 0.0 ], [ -99.264072421970639, 19.538382691883371, 0.0 ], [ -99.264072302606962, 19.538382561923925, 0.0 ], [ -99.263921489188931, 19.538212557114448, 0.0 ], [ -99.263856435379864, 19.5381400979213, 0.0 ], [ -99.263856212846534, 19.538139830748747, 0.0 ], [ -99.263855990233182, 19.53813951477596, 0.0 ], [ -99.26377910033338, 19.538019483574093, 0.0 ], [ -99.263779000934747, 19.538019321051777, 0.0 ], [ -99.26377896269527, 19.538019252425784, 0.0 ], [ -99.263734602523755, 19.537939817078506, 0.0 ], [ -99.26373438542258, 19.53793937277111, 0.0 ], [ -99.26373432990934, 19.537939233681133, 0.0 ], [ -99.263691450165965, 19.537826354447283, 0.0 ], [ -99.263691361096193, 19.537826095213063, 0.0 ], [ -99.263649960234005, 19.537692311946781, 0.0 ], [ -99.263649919015705, 19.537692170124707, 0.0 ], [ -99.263649802734179, 19.537691589210127, 0.0 ], [ -99.263633537649, 19.5375598089325, 0.0 ], [ -99.263633505346448, 19.537559287540198, 0.0 ], [ -99.26363350655113, 19.537463127581731, 0.0 ], [ -99.263633525907991, 19.537462720884832, 0.0 ], [ -99.2636453589203, 19.537338693189529, 0.0 ], [ -99.263645375830137, 19.537338540438316, 0.0 ], [ -99.263645407908996, 19.537338337057047, 0.0 ], [ -99.263673506817625, 19.537182781460452, 0.0 ], [ -99.263673586313161, 19.537182427994708, 0.0 ], [ -99.263673676394404, 19.537182135965576, 0.0 ], [ -99.263718041405056, 19.537053929039679, 0.0 ], [ -99.2637180841092, 19.537053811495369, 0.0 ], [ -99.263880735193666, 19.536624197050013, 0.0 ], [ -99.263993093337007, 19.536319534829147, 0.0 ], [ -99.264074279438688, 19.536077672481767, 0.0 ], [ -99.264086034324492, 19.53599321191161, 0.0 ], [ -99.264091922614057, 19.535907233549832, 0.0 ], [ -99.26408605092621, 19.535807591133906, 0.0 ], [ -99.264038351350322, 19.535626795384061, 0.0 ], [ -99.263937857644123, 19.535335006467282, 0.0 ], [ -99.263937813580014, 19.53533487278284, 0.0 ], [ -99.263785876430632, 19.534842558244023, 0.0 ], [ -99.263785860136977, 19.534842503141491, 0.0 ], [ -99.263719486845588, 19.534616926870445, 0.0 ], [ -99.263719327250882, 19.534616086654591, 0.0 ], [ -99.263707500739756, 19.534480910953466, 0.0 ], [ -99.263707496832055, 19.534480852218181, 0.0 ], [ -99.263700105873937, 19.534380515228758, 0.0 ], [ -99.263700093935313, 19.534380207081686, 0.0 ], [ -99.263700106729104, 19.53437986726863, 0.0 ], [ -99.263710460754169, 19.534246824485717, 0.0 ], [ -99.263710484215494, 19.534246597620637, 0.0 ], [ -99.263710571159805, 19.53424613569873, 0.0 ], [ -99.263723869672859, 19.534191828726371, 0.0 ], [ -99.263779804183102, 19.533936510035542, 0.0 ], [ -99.263779825951104, 19.533936414210618, 0.0 ], [ -99.263868624750216, 19.533570955051683, 0.0 ], [ -99.26390287716255, 19.533401640456212, 0.0 ], [ -99.263917592212792, 19.533308745758617, 0.0 ], [ -99.26391612422907, 19.533235354125193, 0.0 ], [ -99.263913208098231, 19.533181756724247, 0.0 ], [ -99.26388489285462, 19.533109687554251, 0.0 ], [ -99.263858514196386, 19.533054443507218, 0.0 ], [ -99.263824926968567, 19.533007646096365, 0.0 ], [ -99.263782682794925, 19.532963712513375, 0.0 ], [ -99.26373619491163, 19.53293495837773, 0.0 ], [ -99.263634812864126, 19.532892029208398, 0.0 ] ] ] ] } },
{ "type": "Feature", "properties": { "ETAPA": "PRIMERA", "tipo": "Camellon", "M2": 3903.74, "ha": 0.39006924451000002, "Donantes": null, "LAT": 19.54265533, "LONG_": -99.264720816999997, "Shape__Are": 4418.5839843800004, "Shape__Len": 388.31226148100001, "Colonia": "Lago Esmeralda", "Identifica": 95, "m2_1": 3900.69 }, "geometry": { "type": "MultiPolygon", "coordinates": [ [ [ [ -99.26489811038644, 19.543272474292799, 0.0 ], [ -99.264860258868481, 19.543260574468295, 0.0 ], [ -99.264802183491454, 19.543220011511913, 0.0 ], [ -99.264726347960419, 19.543114915833591, 0.0 ], [ -99.264637855113975, 19.542981145893652, 0.0 ], [ -99.264554352131441, 19.542813893703194, 0.0 ], [ -99.264518867070635, 19.542706347776271, 0.0 ], [ -99.264475644332478, 19.542493606344483, 0.0 ], [ -99.264457662372763, 19.542292783273407, 0.0 ], [ -99.264490029317443, 19.542034500954575, 0.0 ], [ -99.264520053217794, 19.541886211013399, 0.0 ], [ -99.264545398995764, 19.54196268796213, 0.0 ], [ -99.264565794062136, 19.542096557698279, 0.0 ], [ -99.26458361250242, 19.542196956303997, 0.0 ], [ -99.264588765825494, 19.542263898555511, 0.0 ], [ -99.264629236624145, 19.542335571209389, 0.0 ], [ -99.264652009745788, 19.542380968071939, 0.0 ], [ -99.26469998850277, 19.542416763748289, 0.0 ], [ -99.264768144254688, 19.542452529844013, 0.0 ], [ -99.264864004381508, 19.542464344660161, 0.0 ], [ -99.264952251338329, 19.542447477820811, 0.0 ], [ -99.264954812473817, 19.542471384706037, 0.0 ], [ -99.264977593508704, 19.542521563642481, 0.0 ], [ -99.265012985176114, 19.542571724078417, 0.0 ], [ -99.265088684012397, 19.542593132602462, 0.0 ], [ -99.265058488779943, 19.542636216056405, 0.0 ], [ -99.265005633425872, 19.542703243384921, 0.0 ], [ -99.264952859958584, 19.542820482922057, 0.0 ], [ -99.264902624149414, 19.542947282978179, 0.0 ], [ -99.264859942955241, 19.543066898752567, 0.0 ], [ -99.264867688761456, 19.543176876338606, 0.0 ], [ -99.26489811038644, 19.543272474292799, 0.0 ] ] ] ] } },
{ "type": "Feature", "properties": { "ETAPA": "PRIMERA", "tipo": "Camellon", "M2": 1084.31, "ha": 0.10834613804, "Donantes": null, "LAT": 19.54846742, "LONG_": -99.281530374, "Shape__Are": 1227.4003906200001, "Shape__Len": 232.918745113, "Colonia": "Lago Esmeralda", "Identifica": 159, "m2_1": 1083.46 }, "geometry": { "type": "MultiPolygon", "coordinates": [ [ [ [ -99.281890292883119, 19.548700573631876, 0.0 ], [ -99.281709307707445, 19.548627676824729, 0.0 ], [ -99.281450398357478, 19.548507857934997, 0.0 ], [ -99.281318848947791, 19.548419879029943, 0.0 ], [ -99.281165514283913, 19.548309276977861, 0.0 ], [ -99.281086752216851, 19.548246434902822, 0.0 ], [ -99.281023910141741, 19.548194485454133, 0.0 ], [ -99.281132836405348, 19.548236380170863, 0.0 ], [ -99.281272764759251, 19.548296708562884, 0.0 ], [ -99.281469669927844, 19.548377984313166, 0.0 ], [ -99.281657358258499, 19.548445853754195, 0.0 ], [ -99.281778015042022, 19.54849696530864, 0.0 ], [ -99.281821585547647, 19.548545563179971, 0.0 ], [ -99.281845046589211, 19.548587457896755, 0.0 ], [ -99.281890292883119, 19.548700573631876, 0.0 ] ] ] ] } },
{ "type": "Feature", "properties": { "ETAPA": "PRIMERA", "tipo": "Camellon", "M2": 4574.16, "ha": 0.4570595378, "Donantes": null, "LAT": 19.545396802, "LONG_": -99.275776691000004, "Shape__Are": 5177.5839843800004, "Shape__Len": 694.50331314699997, "Colonia": "Lago Esmeralda", "Identifica": 177, "m2_1": 4570.6 }, "geometry": { "type": "MultiPolygon", "coordinates": [ [ [ [ -99.276329808526896, 19.545840138871121, 0.0 ], [ -99.27612265327096, 19.54568398344054, 0.0 ], [ -99.275977590865622, 19.545587951737364, 0.0 ], [ -99.275824896900872, 19.545504507385523, 0.0 ], [ -99.275689092460041, 19.545451992988443, 0.0 ], [ -99.275538997409484, 19.545396598173646, 0.0 ], [ -99.275241949204712, 19.545333204542153, 0.0 ], [ -99.275310320079782, 19.545335035099487, 0.0 ], [ -99.275385828097626, 19.545333468953718, 0.0 ], [ -99.275503178744074, 19.54533522476591, 0.0 ], [ -99.275767932076874, 19.545309185483934, 0.0 ], [ -99.275912787790702, 19.545283812662756, 0.0 ], [ -99.276011203230141, 19.545251739092127, 0.0 ], [ -99.276096868427018, 19.545222587067222, 0.0 ], [ -99.276252881867023, 19.545158018410646, 0.0 ], [ -99.276334962361076, 19.54512113279015, 0.0 ], [ -99.276391063526816, 19.545108471147746, 0.0 ], [ -99.276679219824231, 19.545043699902862, 0.0 ], [ -99.276809786938728, 19.545016897192991, 0.0 ], [ -99.27690872543748, 19.544992561299519, 0.0 ], [ -99.277070546660966, 19.544893399539244, 0.0 ], [ -99.277206873168481, 19.544803466778088, 0.0 ], [ -99.27724865911604, 19.544773656007941, 0.0 ], [ -99.277293254062243, 19.544745533815316, 0.0 ], [ -99.277326364860443, 19.54471476897232, 0.0 ], [ -99.277379425652938, 19.544714445667339, 0.0 ], [ -99.277330825296787, 19.544936531836182, 0.0 ], [ -99.277202166500416, 19.545483293674582, 0.0 ], [ -99.27714065111482, 19.545313130840423, 0.0 ], [ -99.277083334718071, 19.545211644851687, 0.0 ], [ -99.276992400965725, 19.545143100991496, 0.0 ], [ -99.276892328968344, 19.54510117378257, 0.0 ], [ -99.276779017253418, 19.54507426104708, 0.0 ], [ -99.276676968823139, 19.545070064199887, 0.0 ], [ -99.276609629997282, 19.545075004172819, 0.0 ], [ -99.276502538003655, 19.54510515660688, 0.0 ], [ -99.276409733364233, 19.545136254488202, 0.0 ], [ -99.276343490651982, 19.545185691734318, 0.0 ], [ -99.276265088559626, 19.545285450824188, 0.0 ], [ -99.276220825741248, 19.545359038676231, 0.0 ], [ -99.276197020500305, 19.545461616358974, 0.0 ], [ -99.276200249598816, 19.545560283223509, 0.0 ], [ -99.276217223841954, 19.545641032714748, 0.0 ], [ -99.276232614811548, 19.545690828765746, 0.0 ], [ -99.276272013512241, 19.545757033400481, 0.0 ], [ -99.276329808526896, 19.545840138871121, 0.0 ] ] ] ] } },
{ "type": "Feature", "properties": { "ETAPA": "PRIMERA", "tipo": "Camellon", "M2": 3234.9, "ha": 0.32323822143999997, "Donantes": null, "LAT": 19.546412234999998, "LONG_": -99.278494847000005, "Shape__Are": 3661.6933593799999, "Shape__Len": 637.12021563899998, "Colonia": "Lago Esmeralda", "Identifica": 178, "m2_1": 3232.38 }, "geometry": { "type": "MultiPolygon", "coordinates": [ [ [ [ -99.27792840415043, 19.546352327538276, 0.0 ], [ -99.27783296691905, 19.546336029051691, 0.0 ], [ -99.277484649669091, 19.546278280368313, 0.0 ], [ -99.27729455723113, 19.546255355377625, 0.0 ], [ -99.277377182456377, 19.545939865753581, 0.0 ], [ -99.277418501018516, 19.545934965452755, 0.0 ], [ -99.277485907135329, 19.545969203575925, 0.0 ], [ -99.277526798175785, 19.546012672430532, 0.0 ], [ -99.277598858246691, 19.546083179752809, 0.0 ], [ -99.277699503289355, 19.546161382067933, 0.0 ], [ -99.277779173597168, 19.546206725985378, 0.0 ], [ -99.277888430259353, 19.546248638559387, 0.0 ], [ -99.27795258113045, 19.546274697587531, 0.0 ], [ -99.278291836818084, 19.546330404770938, 0.0 ], [ -99.278293570407556, 19.546330727434462, 0.0 ], [ -99.278551630057322, 19.546384229443053, 0.0 ], [ -99.278557240813313, 19.546385800469753, 0.0 ], [ -99.278789906786841, 19.546471060477863, 0.0 ], [ -99.278793742658692, 19.546472684843835, 0.0 ], [ -99.278995030835105, 19.546569959886728, 0.0 ], [ -99.278996852229525, 19.546570896024352, 0.0 ], [ -99.278998810289153, 19.546572034381192, 0.0 ], [ -99.279163969669312, 19.546674172746478, 0.0 ], [ -99.279165830639883, 19.546675393488645, 0.0 ], [ -99.279333571046962, 19.546792123465391, 0.0 ], [ -99.279335625109582, 19.546793652071067, 0.0 ], [ -99.279516284776193, 19.546937144131125, 0.0 ], [ -99.279517653720688, 19.546938280682607, 0.0 ], [ -99.279682816386881, 19.547081761305353, 0.0 ], [ -99.279687643452618, 19.547086755480773, 0.0 ], [ -99.279691482394867, 19.547092468412309, 0.0 ], [ -99.27969421656924, 19.547098726516097, 0.0 ], [ -99.279695762898669, 19.547105339643561, 0.0 ], [ -99.279696074399382, 19.547112106858933, 0.0 ], [ -99.27969514160678, 19.547118822544686, 0.0 ], [ -99.27969299286265, 19.547125282648576, 0.0 ], [ -99.279689693454785, 19.547131290884249, 0.0 ], [ -99.279685343634313, 19.547136664695341, 0.0 ], [ -99.27968007556764, 19.547141240801771, 0.0 ], [ -99.279674049321059, 19.547144880161284, 0.0 ], [ -99.279667447999117, 19.547147472193998, 0.0 ], [ -99.279660472178449, 19.547148938142616, 0.0 ], [ -99.279653333815816, 19.547149233465113, 0.0 ], [ -99.279646249806547, 19.547148349188461, 0.0 ], [ -99.279639435392525, 19.547146312180736, 0.0 ], [ -99.279633097627311, 19.547143184335251, 0.0 ], [ -99.279627429079113, 19.54713906068957, 0.0 ], [ -99.279462928006836, 19.546996154654515, 0.0 ], [ -99.279284006596399, 19.546854043428784, 0.0 ], [ -99.279118219834587, 19.546738672273744, 0.0 ], [ -99.278955854550944, 19.546638261957796, 0.0 ], [ -99.278758382543657, 19.54654283087045, 0.0 ], [ -99.278531034275886, 19.546459514629536, 0.0 ], [ -99.278276935784262, 19.546406833382306, 0.0 ], [ -99.277937148823938, 19.546351039331043, 0.0 ], [ -99.27792840415043, 19.546352327538276, 0.0 ] ] ] ] } },
{ "type": "Feature", "properties": { "ETAPA": "PRIMERA", "tipo": "Camellon", "M2": 155.76, "ha": 0.01556356817, "Donantes": null, "LAT": 19.547826949000001, "LONG_": -99.280830697, "Shape__Are": 176.3046875, "Shape__Len": 51.9162443962, "Colonia": "Lago Esmeralda", "Identifica": 179, "m2_1": 155.636 }, "geometry": { "type": "MultiPolygon", "coordinates": [ [ [ [ -99.280802684485536, 19.547759517311331, 0.0 ], [ -99.280847626771646, 19.547784599061767, 0.0 ], [ -99.280883396107896, 19.547815982970537, 0.0 ], [ -99.280901272829979, 19.547827079926787, 0.0 ], [ -99.280910223746773, 19.54783988366005, 0.0 ], [ -99.280913059216061, 19.547856808226307, 0.0 ], [ -99.280907986583259, 19.547873866012253, 0.0 ], [ -99.280902005173445, 19.547881735195826, 0.0 ], [ -99.280890665682122, 19.547889129026277, 0.0 ], [ -99.280876260931507, 19.547894230118757, 0.0 ], [ -99.280861721304277, 19.547895099175797, 0.0 ], [ -99.280843981754032, 19.547889564380299, 0.0 ], [ -99.280772968975938, 19.547835864817412, 0.0 ], [ -99.28075534130366, 19.547821260744914, 0.0 ], [ -99.28075034476359, 19.547808571778763, 0.0 ], [ -99.280748280487103, 19.547795031806235, 0.0 ], [ -99.280751324201177, 19.547784869689742, 0.0 ], [ -99.280757047371495, 19.547775187093634, 0.0 ], [ -99.280773352030153, 19.547762344096896, 0.0 ], [ -99.280788522719362, 19.547757604585854, 0.0 ], [ -99.280802684485536, 19.547759517311331, 0.0 ] ] ] ] } },
{ "type": "Feature", "properties": { "ETAPA": "PRIMERA", "tipo": "Camellon", "M2": 1255.04, "ha": 0.12540643282, "Donantes": null, "LAT": 19.547536971, "LONG_": -99.280392827, "Shape__Are": 1420.6503906200001, "Shape__Len": 186.62277525299999, "Colonia": "Lago Esmeralda", "Identifica": 180, "m2_1": 1254.06 }, "geometry": { "type": "MultiPolygon", "coordinates": [ [ [ [ -99.280664481953437, 19.547649935598283, 0.0 ], [ -99.280681090218451, 19.547665145870706, 0.0 ], [ -99.280691592656893, 19.54769003933048, 0.0 ], [ -99.280693930013939, 19.547713978107883, 0.0 ], [ -99.280690397411547, 19.547736474951684, 0.0 ], [ -99.280682261178654, 19.547752207358542, 0.0 ], [ -99.280666725597385, 19.547767225734688, 0.0 ], [ -99.280647603467173, 19.547773543351372, 0.0 ], [ -99.280620824372278, 19.547777696279006, 0.0 ], [ -99.280593015652784, 19.547776530266635, 0.0 ], [ -99.280562903449805, 19.547771014662487, 0.0 ], [ -99.280447704104134, 19.547686548674193, 0.0 ], [ -99.280098987093098, 19.54739929713698, 0.0 ], [ -99.280065009165497, 19.547371054244369, 0.0 ], [ -99.280138867227905, 19.54729983800933, 0.0 ], [ -99.280180700430421, 19.547297354701875, 0.0 ], [ -99.280188094746492, 19.547295166649537, 0.0 ], [ -99.280205682863212, 19.547286916720935, 0.0 ], [ -99.280664481953437, 19.547649935598283, 0.0 ] ] ] ] } },
{ "type": "Feature", "properties": { "ETAPA": "PRIMERA", "tipo": "Camellon", "M2": 162.32, "ha": 0.01621968014, "Donantes": "HUMANITAS", "LAT": 19.532502674, "LONG_": -99.261682777999994, "Shape__Are": 183.708984375, "Shape__Len": 75.638036859300001, "Colonia": "Lago Esmeralda", "Identifica": 267, "m2_1": 162.197 }, "geometry": { "type": "MultiPolygon", "coordinates": [ [ [ [ -99.261599756696654, 19.532356910515684, 0.0 ], [ -99.261612066464622, 19.532363606378556, 0.0 ], [ -99.261664353123081, 19.532431374188427, 0.0 ], [ -99.261737566587726, 19.532533740130269, 0.0 ], [ -99.261768955037951, 19.53258457729499, 0.0 ], [ -99.26176804123034, 19.532595709191487, 0.0 ], [ -99.261759489711707, 19.532608442230906, 0.0 ], [ -99.261746268956855, 19.532614645028389, 0.0 ], [ -99.261738444328017, 19.532615893089531, 0.0 ], [ -99.261724467079333, 19.532615206626065, 0.0 ], [ -99.261715515253471, 19.532610802694027, 0.0 ], [ -99.261701329176162, 19.532596159145783, 0.0 ], [ -99.261637401240904, 19.532473992063622, 0.0 ], [ -99.261599255968534, 19.532393129773165, 0.0 ], [ -99.261587201116427, 19.532371151086299, 0.0 ], [ -99.261587746221295, 19.532362493184621, 0.0 ], [ -99.261599756696654, 19.532356910515684, 0.0 ] ] ] ] } },
{ "type": "Feature", "properties": { "ETAPA": "PRIMERA", "tipo": "Camellon", "M2": 449.22, "ha": 0.04488728435, "Donantes": null, "LAT": 19.549158172, "LONG_": -99.283926500999996, "Shape__Are": 508.515625, "Shape__Len": 212.332658525, "Colonia": "Lago Esmeralda", "Identifica": 254, "m2_1": 448.873 }, "geometry": { "type": "MultiPolygon", "coordinates": [ [ [ [ -99.283895623818495, 19.549329841244013, 0.0 ], [ -99.283910946733542, 19.549396436990193, 0.0 ], [ -99.283875586160377, 19.549408223847955, 0.0 ], [ -99.283680513664549, 19.549309214242914, 0.0 ], [ -99.28384847638759, 19.549321590443565, 0.0 ], [ -99.283895623818495, 19.549329841244013, 0.0 ] ] ], [ [ [ -99.283912802780492, 19.54926764389737, 0.0 ], [ -99.283912802780492, 19.54926764389737, 0.0 ], [ -99.283741833979207, 19.549262437006544, 0.0 ], [ -99.283741833979207, 19.549262437006544, 0.0 ], [ -99.283762994574531, 19.549250234462676, 0.0 ], [ -99.283788008540043, 19.549239241346189, 0.0 ], [ -99.283816192867647, 19.54922101811793, 0.0 ], [ -99.283835236715149, 19.549206922013674, 0.0 ], [ -99.283851476348332, 19.54919411267268, 0.0 ], [ -99.283887356724449, 19.549156938378641, 0.0 ], [ -99.283918745455907, 19.549120987525747, 0.0 ], [ -99.283939865570474, 19.549085661004149, 0.0 ], [ -99.283973056605333, 19.549008110639662, 0.0 ], [ -99.284061855641625, 19.548810914367628, 0.0 ], [ -99.284061855641625, 19.548810914367628, 0.0 ], [ -99.284075382883643, 19.548794146522862, 0.0 ], [ -99.284085237172391, 19.548791015950712, 0.0 ], [ -99.284095095958961, 19.548791000444428, 0.0 ], [ -99.284103734699471, 19.548797607404701, 0.0 ], [ -99.284108675680599, 19.548804220180859, 0.0 ], [ -99.284110743623074, 19.548812005063802, 0.0 ], [ -99.284107040020032, 19.548826101468471, 0.0 ], [ -99.283991174297768, 19.549061849027449, 0.0 ], [ -99.283952175709388, 19.549150750934828, 0.0 ], [ -99.283927063998235, 19.549206127020334, 0.0 ], [ -99.283912802780492, 19.54926764389737, 0.0 ] ] ] ] } },
{ "type": "Feature", "properties": { "ETAPA": "PRIMERA", "tipo": "Camellon", "M2": 9649.93, "ha": 0.9642425324, "Donantes": null, "LAT": 19.548819677000001, "LONG_": -99.28309262000001, "Shape__Are": 10923.4296875, "Shape__Len": 517.982996297, "Colonia": "Lago Esmeralda", "Identifica": 269, "m2_1": 9642.43 }, "geometry": { "type": "MultiPolygon", "coordinates": [ [ [ [ -99.282542725411176, 19.548095433836437, 0.0 ], [ -99.282579436783706, 19.548103526931413, 0.0 ], [ -99.282626495890455, 19.548130193961264, 0.0 ], [ -99.282659487552337, 19.548177680879206, 0.0 ], [ -99.282703523581105, 19.548268233777588, 0.0 ], [ -99.282755366154802, 19.548342431827351, 0.0 ], [ -99.282830728516245, 19.548424022400045, 0.0 ], [ -99.2829029229257, 19.548486303901079, 0.0 ], [ -99.28298607732421, 19.548542626335877, 0.0 ], [ -99.283102072813421, 19.548607491503152, 0.0 ], [ -99.28314494355665, 19.548629849763348, 0.0 ], [ -99.283237646890342, 19.548657639771626, 0.0 ], [ -99.283426718082168, 19.548708322134857, 0.0 ], [ -99.283538019591091, 19.548730431931254, 0.0 ], [ -99.283630550724894, 19.548736525839246, 0.0 ], [ -99.283751901630353, 19.548733483147991, 0.0 ], [ -99.283874226156854, 19.548714275164436, 0.0 ], [ -99.283931388188918, 19.548711333222396, 0.0 ], [ -99.283971534137891, 19.548727432887386, 0.0 ], [ -99.283986622702216, 19.548753080733132, 0.0 ], [ -99.283986682583048, 19.548787308492763, 0.0 ], [ -99.283879461726997, 19.549047420754952, 0.0 ], [ -99.283860904415207, 19.549079700464905, 0.0 ], [ -99.283828874231816, 19.549116260509944, 0.0 ], [ -99.283785941425847, 19.549158314135838, 0.0 ], [ -99.283750029117286, 19.549177234509127, 0.0 ], [ -99.283711592318241, 19.549194954200992, 0.0 ], [ -99.2836674811319, 19.549208054919816, 0.0 ], [ -99.283607324370067, 19.549219559575167, 0.0 ], [ -99.283535116793075, 19.549221574336975, 0.0 ], [ -99.283500114097905, 19.549221520835633, 0.0 ], [ -99.283479603538794, 19.549217298381411, 0.0 ], [ -99.2834598749469, 19.54921159623499, 0.0 ], [ -99.283416364033741, 19.549193422311252, 0.0 ], [ -99.282975734468721, 19.548980764519904, 0.0 ], [ -99.282687368805483, 19.548841591715444, 0.0 ], [ -99.282220565020907, 19.548616298540562, 0.0 ], [ -99.28219803501932, 19.548551465736733, 0.0 ], [ -99.282200915584099, 19.548477300423581, 0.0 ], [ -99.282240886779306, 19.548393569267883, 0.0 ], [ -99.28238994698323, 19.548176616781667, 0.0 ], [ -99.28243060295253, 19.548126043288278, 0.0 ], [ -99.282466615177995, 19.548108159570305, 0.0 ], [ -99.282489026703445, 19.54810214650756, 0.0 ], [ -99.282523798010573, 19.548096460229608, 0.0 ], [ -99.282542725411176, 19.548095433836437, 0.0 ] ] ] ] } },
{ "type": "Feature", "properties": { "ETAPA": "PRIMERA", "tipo": "Camellon", "M2": 364.11, "ha": 0.03638260111, "Donantes": null, "LAT": 19.548164015000001, "LONG_": -99.282292124999998, "Shape__Are": 412.150390625, "Shape__Len": 177.406350909, "Colonia": "Lago Esmeralda", "Identifica": 270, "m2_1": 363.826 }, "geometry": { "type": "MultiPolygon", "coordinates": [ [ [ [ -99.282103228857153, 19.548402901713267, 0.0 ], [ -99.282110122266303, 19.548401022935245, 0.0 ], [ -99.282124412659556, 19.548403569131601, 0.0 ], [ -99.28213058296808, 19.548410798039505, 0.0 ], [ -99.282133555317245, 19.548420366957235, 0.0 ], [ -99.282135850436447, 19.548428203735916, 0.0 ], [ -99.282124485707001, 19.548445599282562, 0.0 ], [ -99.282067995264427, 19.548538154090451, 0.0 ], [ -99.282020910831463, 19.548515577969532, 0.0 ], [ -99.282094001049046, 19.548409739094822, 0.0 ], [ -99.282103228857153, 19.548402901713267, 0.0 ] ] ], [ [ [ -99.282168187089994, 19.548364039005012, 0.0 ], [ -99.282159319963512, 19.548364052856691, 0.0 ], [ -99.282147485764582, 19.548357533301367, 0.0 ], [ -99.282141554054874, 19.548345867493172, 0.0 ], [ -99.282140703119424, 19.548337932693208, 0.0 ], [ -99.28215308350039, 19.548318763312665, 0.0 ], [ -99.282300007572573, 19.548106514406616, 0.0 ], [ -99.282391896297767, 19.547973741932914, 0.0 ], [ -99.282410633615754, 19.547983986703599, 0.0 ], [ -99.282436818691551, 19.548027844039868, 0.0 ], [ -99.282430209798576, 19.548051671524398, 0.0 ], [ -99.282404614827897, 19.548063853619485, 0.0 ], [ -99.282360596257874, 19.548104551692198, 0.0 ], [ -99.282235538961089, 19.548285243781365, 0.0 ], [ -99.282180986638267, 19.548359115478686, 0.0 ], [ -99.282179471916123, 19.54836143400664, 0.0 ], [ -99.282168187089994, 19.548364039005012, 0.0 ] ] ], [ [ [ -99.282067839893614, 19.548306987874131, 0.0 ], [ -99.282076707219488, 19.548307090777353, 0.0 ], [ -99.282083979015226, 19.54831034844193, 0.0 ], [ -99.282085587733519, 19.548314782457709, 0.0 ], [ -99.282080677377778, 19.548323896683616, 0.0 ], [ -99.282071829729489, 19.548335118571522, 0.0 ], [ -99.282050147840891, 19.548331299654876, 0.0 ], [ -99.282025508622027, 19.548326551347134, 0.0 ], [ -99.282012569488074, 19.548322018270657, 0.0 ], [ -99.282015137072577, 19.54831127319391, 0.0 ], [ -99.282067839893614, 19.548306987874131, 0.0 ] ] ] ] } },
{ "type": "Feature", "properties": { "ETAPA": "PRIMERA", "tipo": "Camellon", "M2": 71.6, "ha": 0.00715461268, "Donantes": null, "LAT": 19.550738685, "LONG_": -99.314403779000003, "Shape__Are": 81.046875, "Shape__Len": 55.694982769500001, "Colonia": "Rancho Blanco", "Identifica": 193, "m2_1": 71.5461 }, "geometry": { "type": "MultiPolygon", "coordinates": [ [ [ [ -99.314462752925493, 19.550669934034971, 0.0 ], [ -99.314474827634882, 19.550672715021523, 0.0 ], [ -99.31448247416013, 19.550678305728255, 0.0 ], [ -99.314483971032772, 19.55068811015876, 0.0 ], [ -99.314475378619221, 19.550702835675352, 0.0 ], [ -99.314420038958971, 19.550744495180723, 0.0 ], [ -99.314372325444836, 19.550781237876603, 0.0 ], [ -99.314332982449571, 19.550815864484132, 0.0 ], [ -99.31431379723962, 19.550829907926101, 0.0 ], [ -99.314305906660977, 19.550825485141498, 0.0 ], [ -99.314331711095392, 19.550795318619627, 0.0 ], [ -99.314356518513009, 19.550759082806696, 0.0 ], [ -99.314378144669234, 19.550733593568307, 0.0 ], [ -99.314418238331825, 19.550705036667029, 0.0 ], [ -99.31444626857953, 19.550679536271588, 0.0 ], [ -99.314462752925493, 19.550669934034971, 0.0 ] ] ] ] } },
{ "type": "Feature", "properties": { "ETAPA": "PRIMERA", "tipo": "Camellon", "M2": 2724.27, "ha": 0.27221676209000001, "Donantes": null, "LAT": 19.550048175000001, "LONG_": -99.315425857999998, "Shape__Are": 3083.8046875, "Shape__Len": 815.42020643499995, "Colonia": "Rancho Blanco", "Identifica": 194, "m2_1": 2722.17 }, "geometry": { "type": "MultiPolygon", "coordinates": [ [ [ [ -99.314620156237112, 19.550547772448759, 0.0 ], [ -99.314757901485393, 19.550449929078074, 0.0 ], [ -99.314900072017153, 19.550347874871893, 0.0 ], [ -99.315120999388697, 19.550213460040421, 0.0 ], [ -99.315442796794031, 19.550018625572143, 0.0 ], [ -99.315541699357439, 19.549959610589895, 0.0 ], [ -99.315644522838909, 19.549890314663106, 0.0 ], [ -99.315705493426833, 19.549831365878536, 0.0 ], [ -99.31574776527043, 19.549783190803673, 0.0 ], [ -99.315815546151796, 19.549679864909255, 0.0 ], [ -99.315922600232057, 19.549506420034884, 0.0 ], [ -99.316004495030839, 19.549314806047029, 0.0 ], [ -99.316030752797346, 19.549138233433744, 0.0 ], [ -99.31601964969947, 19.549001888339088, 0.0 ], [ -99.315985884368956, 19.548864648885235, 0.0 ], [ -99.315919568154754, 19.548707852282575, 0.0 ], [ -99.315848276831503, 19.548525846252648, 0.0 ], [ -99.315812657579443, 19.548448386231819, 0.0 ], [ -99.315735393331821, 19.548234634467505, 0.0 ], [ -99.315678953552464, 19.548089962543354, 0.0 ], [ -99.315637360438203, 19.547980289794495, 0.0 ], [ -99.315648641558838, 19.547955051980985, 0.0 ], [ -99.315674233039488, 19.547942398208114, 0.0 ], [ -99.315742703847661, 19.547940877527719, 0.0 ], [ -99.315790971065397, 19.547936123131059, 0.0 ], [ -99.315812150799388, 19.547934685096244, 0.0 ], [ -99.315828412556328, 19.547937458674522, 0.0 ], [ -99.315823038306931, 19.547960351161954, 0.0 ], [ -99.315804926009761, 19.548019225062564, 0.0 ], [ -99.31579178528041, 19.548101440361592, 0.0 ], [ -99.315788068746187, 19.548216796313763, 0.0 ], [ -99.315797606519737, 19.54830831199833, 0.0 ], [ -99.315836262301133, 19.548427329876876, 0.0 ], [ -99.315883727087993, 19.5485164442231, 0.0 ], [ -99.315967213898162, 19.548636784666723, 0.0 ], [ -99.316044769415541, 19.548746861407334, 0.0 ], [ -99.316137628941988, 19.548873723391221, 0.0 ], [ -99.316186538226063, 19.548945556055539, 0.0 ], [ -99.316217700547924, 19.549010881751457, 0.0 ], [ -99.316232112037653, 19.549075302765903, 0.0 ], [ -99.316225815346982, 19.54913041999971, 0.0 ], [ -99.316201318128378, 19.549199112148052, 0.0 ], [ -99.316159583759458, 19.549270169474624, 0.0 ], [ -99.31601071012841, 19.549470773764018, 0.0 ], [ -99.315890850759644, 19.549645642091516, 0.0 ], [ -99.315771458318068, 19.549807433473816, 0.0 ], [ -99.315699676437447, 19.549879944228934, 0.0 ], [ -99.315596389420776, 19.549964185052829, 0.0 ], [ -99.314980841293348, 19.550336992990093, 0.0 ], [ -99.314717628643095, 19.550513044496416, 0.0 ], [ -99.314658594434874, 19.550554710511996, 0.0 ], [ -99.314634608242642, 19.550569813105938, 0.0 ], [ -99.314629803806412, 19.550569120972902, 0.0 ], [ -99.314623887800181, 19.550566796269955, 0.0 ], [ -99.31462104684212, 19.550562481452719, 0.0 ], [ -99.314619313155674, 19.550557580954301, 0.0 ], [ -99.314618690474049, 19.550554021150589, 0.0 ], [ -99.314620156237112, 19.550547772448759, 0.0 ] ] ] ] } },
{ "type": "Feature", "properties": { "ETAPA": "PRIMERA", "tipo": "Camellon", "M2": 2337.01, "ha": 0.23352022367, "Donantes": null, "LAT": 19.547614138, "LONG_": -99.319545063999996, "Shape__Are": 2645.38671875, "Shape__Len": 605.17186757299999, "Colonia": "Rancho Blanco", "Identifica": 195, "m2_1": 2335.2 }, "geometry": { "type": "MultiPolygon", "coordinates": [ [ [ [ -99.318204934777299, 19.547630904075177, 0.0 ], [ -99.31856007026181, 19.547610197036004, 0.0 ], [ -99.318891076725592, 19.547594201916752, 0.0 ], [ -99.319430925749117, 19.547564760945601, 0.0 ], [ -99.319742158465431, 19.54751377410566, 0.0 ], [ -99.320074056812615, 19.547450608069084, 0.0 ], [ -99.320456197775457, 19.547385484292057, 0.0 ], [ -99.320729079776513, 19.54737192392766, 0.0 ], [ -99.320884743755713, 19.547370713464197, 0.0 ], [ -99.320728140682206, 19.547395275680479, 0.0 ], [ -99.320252417959011, 19.547468037998478, 0.0 ], [ -99.319916681814973, 19.547583515352539, 0.0 ], [ -99.319717796339063, 19.547650181733395, 0.0 ], [ -99.319468623581429, 19.547696388766745, 0.0 ], [ -99.319246948927486, 19.547697714692777, 0.0 ], [ -99.31861435131411, 19.54765773547895, 0.0 ], [ -99.318219252632048, 19.547647223914392, 0.0 ], [ -99.318204934777299, 19.547630904075177, 0.0 ] ] ] ] } },
{ "type": "Feature", "properties": { "ETAPA": "PRIMERA", "tipo": "Camellon", "M2": 2419.4, "ha": 0.2417521333, "Donantes": null, "LAT": 19.551188861, "LONG_": -99.288280604999997, "Shape__Are": 2738.7753906200001, "Shape__Len": 193.09729848699999, "Colonia": "Bosque Esmeralda", "Identifica": 36, "m2_1": 2417.52 }, "geometry": { "type": "MultiPolygon", "coordinates": [ [ [ [ -99.288159885082351, 19.550918642558671, 0.0 ], [ -99.288215221836523, 19.550858567209961, 0.0 ], [ -99.288309158828397, 19.550920106006355, 0.0 ], [ -99.28840312648245, 19.550998861191701, 0.0 ], [ -99.288484986650261, 19.551076918124409, 0.0 ], [ -99.288510778584666, 19.551113459814708, 0.0 ], [ -99.288518411152779, 19.551150748053704, 0.0 ], [ -99.288529066274322, 19.551185162199438, 0.0 ], [ -99.288533661952869, 19.551216717664829, 0.0 ], [ -99.288536734557681, 19.551242536131614, 0.0 ], [ -99.28853074747137, 19.55127984612805, 0.0 ], [ -99.288517189011017, 19.551314298955489, 0.0 ], [ -99.288503619390923, 19.551343013272028, 0.0 ], [ -99.288490043068506, 19.551367423250358, 0.0 ], [ -99.288471918564994, 19.551387537048427, 0.0 ], [ -99.288441687254405, 19.551407670180986, 0.0 ], [ -99.288412968810974, 19.551427801796173, 0.0 ], [ -99.288373654830394, 19.551446514337808, 0.0 ], [ -99.288337344605011, 19.551452310839544, 0.0 ], [ -99.288294978425782, 19.551456682821151, 0.0 ], [ -99.288251080579442, 19.551451014361788, 0.0 ], [ -99.288208694016561, 19.55144390839618, 0.0 ], [ -99.288160215847384, 19.551415293112168, 0.0 ], [ -99.2881253650107, 19.551390959519203, 0.0 ], [ -99.288092005093461, 19.55135371230492, 0.0 ], [ -99.288054069972915, 19.551296387533075, 0.0 ], [ -99.288038852460815, 19.551249069398843, 0.0 ], [ -99.288038768441396, 19.551201726224111, 0.0 ], [ -99.288050755561414, 19.551134278948489, 0.0 ], [ -99.288073340721297, 19.55106968493541, 0.0 ], [ -99.288112545140663, 19.550989283003592, 0.0 ], [ -99.288159885082351, 19.550918642558671, 0.0 ] ] ] ] } },
{ "type": "Feature", "properties": { "ETAPA": "PRIMERA", "tipo": "Camellon", "M2": 5557.25, "ha": 0.55529345808999997, "Donantes": null, "LAT": 19.550465612, "LONG_": -99.288864466000007, "Shape__Are": 6290.7578125, "Shape__Len": 533.17162412899995, "Colonia": "Bosque Esmeralda", "Identifica": 37, "m2_1": 5552.93 }, "geometry": { "type": "MultiPolygon", "coordinates": [ [ [ [ -99.289032564466794, 19.550008129659101, 0.0 ], [ -99.289278776146389, 19.549748066618516, 0.0 ], [ -99.289182385338037, 19.550007889841741, 0.0 ], [ -99.289155546493603, 19.550120248012689, 0.0 ], [ -99.289149706113832, 19.55023981033775, 0.0 ], [ -99.289153911001875, 19.550334490226035, 0.0 ], [ -99.289172232960453, 19.550425320319519, 0.0 ], [ -99.289193467401816, 19.550499656741177, 0.0 ], [ -99.289211722188028, 19.550552230383495, 0.0 ], [ -99.289242616039346, 19.55062104324681, 0.0 ], [ -99.289270617089102, 19.550670828705968, 0.0 ], [ -99.289293885080014, 19.550706178725314, 0.0 ], [ -99.289319679742547, 19.550743915897765, 0.0 ], [ -99.289357593008859, 19.550788807262798, 0.0 ], [ -99.289382871474317, 19.550819850604736, 0.0 ], [ -99.289428349419481, 19.550863294749423, 0.0 ], [ -99.289723263611663, 19.551152889558477, 0.0 ], [ -99.289910190531216, 19.551337832875049, 0.0 ], [ -99.289919673369226, 19.551359417107854, 0.0 ], [ -99.288513385059929, 19.550534902662147, 0.0 ], [ -99.288571268617943, 19.55048172834822, 0.0 ], [ -99.2887757887719, 19.55028542484148, 0.0 ], [ -99.289032564466794, 19.550008129659101, 0.0 ] ] ] ] } },
{ "type": "Feature", "properties": { "ETAPA": "PRIMERA", "tipo": "Camellon", "M2": 1484.26, "ha": 0.14831091397000001, "Donantes": null, "LAT": 19.550775992999998, "LONG_": -99.287752128999998, "Shape__Are": 1680.1816406200001, "Shape__Len": 262.26246230499999, "Colonia": "Bosque Esmeralda", "Identifica": 39, "m2_1": 1483.11 }, "geometry": { "type": "MultiPolygon", "coordinates": [ [ [ [ -99.287406611498341, 19.550449311504025, 0.0 ], [ -99.28734192309696, 19.5503824652289, 0.0 ], [ -99.288030689655727, 19.550775414354657, 0.0 ], [ -99.28767023640259, 19.551189163789406, 0.0 ], [ -99.287680253875621, 19.551148978135085, 0.0 ], [ -99.287690282468915, 19.551114530990713, 0.0 ], [ -99.287702297702666, 19.551062865096057, 0.0 ], [ -99.287708286666458, 19.551026511241449, 0.0 ], [ -99.287708208680129, 19.550982516282673, 0.0 ], [ -99.287708134083118, 19.550940433558576, 0.0 ], [ -99.287706037983, 19.550896440910538, 0.0 ], [ -99.287695874736713, 19.55085437516059, 0.0 ], [ -99.287683689992647, 19.550810398582005, 0.0 ], [ -99.28766342698674, 19.550762609484735, 0.0 ], [ -99.287639115167877, 19.55070717606408, 0.0 ], [ -99.287600685285838, 19.550655590506153, 0.0 ], [ -99.287535987508747, 19.550583004886388, 0.0 ], [ -99.287406611498341, 19.550449311504025, 0.0 ] ] ] ] } },
{ "type": "Feature", "properties": { "ETAPA": "PRIMERA", "tipo": "Camellon", "M2": 484.24, "ha": 0.04838645618, "Donantes": null, "LAT": 19.554640404000001, "LONG_": -99.295264533999998, "Shape__Are": 548.16796875, "Shape__Len": 134.015244526, "Colonia": "Bosque Esmeralda", "Identifica": 40, "m2_1": 483.865 }, "geometry": { "type": "MultiPolygon", "coordinates": [ [ [ [ -99.295050115218444, 19.554494836479517, 0.0 ], [ -99.295057007916157, 19.554494235367951, 0.0 ], [ -99.295063909033814, 19.55449474229178, 0.0 ], [ -99.295070621769284, 19.554496342794877, 0.0 ], [ -99.295076954693528, 19.554498991235096, 0.0 ], [ -99.295491417546117, 19.554713612040992, 0.0 ], [ -99.295497070848981, 19.554717143335797, 0.0 ], [ -99.295502033906175, 19.554721508554156, 0.0 ], [ -99.295506171334395, 19.554726588623083, 0.0 ], [ -99.295509370275539, 19.554732244969721, 0.0 ], [ -99.295511543470028, 19.554738323301731, 0.0 ], [ -99.295512631636157, 19.554744657816393, 0.0 ], [ -99.295512605093606, 19.55475107572228, 0.0 ], [ -99.295511464563802, 19.554757401953829, 0.0 ], [ -99.295509241158882, 19.554763463945466, 0.0 ], [ -99.295505995528714, 19.554769096340159, 0.0 ], [ -99.295501816204919, 19.554774145498641, 0.0 ], [ -99.295496817191747, 19.554778473691481, 0.0 ], [ -99.295491134849868, 19.55478196285538, 0.0 ], [ -99.295484924180982, 19.55478451781363, 0.0 ], [ -99.295478354598245, 19.554786068872865, 0.0 ], [ -99.295471605304925, 19.554786573723753, 0.0 ], [ -99.295464860406142, 19.554786018594907, 0.0 ], [ -99.295458303888523, 19.554784418629101, 0.0 ], [ -99.295452114597708, 19.55478181746993, 0.0 ], [ -99.295037651620319, 19.554567196577111, 0.0 ], [ -99.295032030283053, 19.554563688942665, 0.0 ], [ -99.295027090120286, 19.554559356684052, 0.0 ], [ -99.295022964282197, 19.554554316567359, 0.0 ], [ -99.295019763972007, 19.554548704437281, 0.0 ], [ -99.295017575446906, 19.554542671556071, 0.0 ], [ -99.295016457692071, 19.554536380525963, 0.0 ], [ -99.295016440834274, 19.554530000907249, 0.0 ], [ -99.295017525329001, 19.554523704647877, 0.0 ], [ -99.29501968194505, 19.554517661448866, 0.0 ], [ -99.295022852555135, 19.554512034190815, 0.0 ], [ -99.295026951704287, 19.554506974543472, 0.0 ], [ -99.295031868907898, 19.554502618877539, 0.0 ], [ -99.295037471635624, 19.554499084590219, 0.0 ], [ -99.295043608877165, 19.554496466940094, 0.0 ], [ -99.295050115218444, 19.554494836479517, 0.0 ] ] ] ] } },
{ "type": "Feature", "properties": { "ETAPA": "PRIMERA", "tipo": "Camellon", "M2": 2400.88, "ha": 0.23990167567000001, "Donantes": null, "LAT": 19.550047916, "LONG_": -99.286963010999997, "Shape__Are": 2717.7792968799999, "Shape__Len": 1280.9201678500001, "Colonia": "Bosque Esmeralda", "Identifica": 41, "m2_1": 2399.02 }, "geometry": { "type": "MultiPolygon", "coordinates": [ [ [ [ -99.28606952654188, 19.549748774361845, 0.0 ], [ -99.285879106774871, 19.549746504816696, 0.0 ], [ -99.285693978461296, 19.549762517700447, 0.0 ], [ -99.285305842683854, 19.549799326441509, 0.0 ], [ -99.285077473123252, 19.549822334801139, 0.0 ], [ -99.284769777488307, 19.549852253885774, 0.0 ], [ -99.284767847250421, 19.549852348203441, 0.0 ], [ -99.284377374857016, 19.549852348901954, 0.0 ], [ -99.284374065018866, 19.549852074495639, 0.0 ], [ -99.284370855687825, 19.549851259547026, 0.0 ], [ -99.284367844325701, 19.549849928804491, 0.0 ], [ -99.284365122381814, 19.549848122680068, 0.0 ], [ -99.284362772516616, 19.549845896022436, 0.0 ], [ -99.2843608660895, 19.549843316450691, 0.0 ], [ -99.284359460996839, 19.549840462301404, 0.0 ], [ -99.284358599907705, 19.549837420249883, 0.0 ], [ -99.28435830897125, 19.5498342826771, 0.0 ], [ -99.284358597022333, 19.549831144865198, 0.0 ], [ -99.28435945531497, 19.549828102103284, 0.0 ], [ -99.284360857783625, 19.549825246794352, 0.0 ], [ -99.284362761837428, 19.549822665648431, 0.0 ], [ -99.28436510965453, 19.549820437050034, 0.0 ], [ -99.284367829936485, 19.549818628677126, 0.0 ], [ -99.284370840073322, 19.549817295446729, 0.0 ], [ -99.284374048652467, 19.549816477846324, 0.0 ], [ -99.284377358236426, 19.549816200704996, 0.0 ], [ -99.284766856285572, 19.549816199736163, 0.0 ], [ -99.285073511998419, 19.549786382609785, 0.0 ], [ -99.285301929165286, 19.549763369661886, 0.0 ], [ -99.285690309809084, 19.549726537046375, 0.0 ], [ -99.285876628552998, 19.549710421067648, 0.0 ], [ -99.285878464448004, 19.549710346768986, 0.0 ], [ -99.286071499085963, 19.549712646514479, 0.0 ], [ -99.286074467112471, 19.549712902984428, 0.0 ], [ -99.286316236642705, 19.549752022662073, 0.0 ], [ -99.286317664215773, 19.549752309584868, 0.0 ], [ -99.286471340540288, 19.549789124156867, 0.0 ], [ -99.286473011539712, 19.549789602277858, 0.0 ], [ -99.286624475947988, 19.549840246920024, 0.0 ], [ -99.286627694847851, 19.549841671473843, 0.0 ], [ -99.286859553864815, 19.549972760884657, 0.0 ], [ -99.287108214669857, 19.550103701283646, 0.0 ], [ -99.287264470279496, 19.550184224205996, 0.0 ], [ -99.287264870081927, 19.550184435940739, 0.0 ], [ -99.287265261318879, 19.550184655822726, 0.0 ], [ -99.28817297495624, 19.550707224230656, 0.0 ], [ -99.289143993408928, 19.551282953734855, 0.0 ], [ -99.289560592342042, 19.55151545666218, 0.0 ], [ -99.289563294367525, 19.551517282279086, 0.0 ], [ -99.289565621603302, 19.551519524328963, 0.0 ], [ -99.289567503566616, 19.551522114909211, 0.0 ], [ -99.28956888326033, 19.551524975561321, 0.0 ], [ -99.28956971889923, 19.551528019647403, 0.0 ], [ -99.289569985175149, 19.551531154974448, 0.0 ], [ -99.289569674023014, 19.551534286585522, 0.0 ], [ -99.289568794867009, 19.55153731963663, 0.0 ], [ -99.289567374332279, 19.551540162268576, 0.0 ], [ -99.289565455441931, 19.551542728389435, 0.0 ], [ -99.289563096312364, 19.551544940281524, 0.0 ], [ -99.289560368390227, 19.551546730955295, 0.0 ], [ -99.289557354295439, 19.551548046178393, 0.0 ], [ -99.289554145312039, 19.551548846117765, 0.0 ], [ -99.289550838626965, 19.551549106546641, 0.0 ], [ -99.289547534387935, 19.551548819577373, 0.0 ], [ -99.289544332666495, 19.551547993901423, 0.0 ], [ -99.289541330430353, 19.551546654525055, 0.0 ], [ -99.28912442608619, 19.551313981243304, 0.0 ], [ -99.289123989029804, 19.55131372980923, 0.0 ], [ -99.288152938012288, 19.550737979467424, 0.0 ], [ -99.287245865529471, 19.550215781365051, 0.0 ], [ -99.287089909501674, 19.550135412484483, 0.0 ], [ -99.286840646577431, 19.550004154009368, 0.0 ], [ -99.286840262983361, 19.550003943151552, 0.0 ], [ -99.286609925943395, 19.549873712532953, 0.0 ], [ -99.286461149451668, 19.549823966417609, 0.0 ], [ -99.286309049542837, 19.549787529798422, 0.0 ], [ -99.28606952654188, 19.549748774361845, 0.0 ] ] ] ] } },
{ "type": "Feature", "properties": { "ETAPA": "PRIMERA", "tipo": "Camellon", "M2": 1217.92, "ha": 0.12169715953, "Donantes": null, "LAT": 19.552475447, "LONG_": -99.291198633999997, "Shape__Are": 1378.7109375, "Shape__Len": 653.478294398, "Colonia": "Bosque Esmeralda", "Identifica": 42, "m2_1": 1216.97 }, "geometry": { "type": "MultiPolygon", "coordinates": [ [ [ [ -99.28996415923298, 19.551758230259718, 0.0 ], [ -99.289966836844897, 19.551757961224773, 0.0 ], [ -99.289969527729525, 19.551758052588578, 0.0 ], [ -99.289972178178232, 19.551758502527438, 0.0 ], [ -99.289974735288354, 19.551759302060944, 0.0 ], [ -99.289977148021279, 19.551760435230435, 0.0 ], [ -99.291019977335992, 19.552351842208122, 0.0 ], [ -99.292438786452678, 19.553160674149296, 0.0 ], [ -99.292441466750631, 19.553162520371053, 0.0 ], [ -99.292443769425532, 19.553164778580079, 0.0 ], [ -99.292445624942459, 19.553167380584668, 0.0 ], [ -99.292446977269847, 19.55317024781084, 0.0 ], [ -99.29244778557036, 19.553173293675613, 0.0 ], [ -99.292448025434908, 19.553176426201784, 0.0 ], [ -99.292447689621312, 19.553179550794912, 0.0 ], [ -99.292446788269743, 19.553182573100482, 0.0 ], [ -99.292445348599131, 19.553185401852364, 0.0 ], [ -99.29244341408257, 19.553187951629742, 0.0 ], [ -99.292441043138339, 19.553190145435522, 0.0 ], [ -99.29243830736317, 19.553191917022549, 0.0 ], [ -99.292435289370587, 19.553193212893422, 0.0 ], [ -99.292432080295555, 19.553193993916143, 0.0 ], [ -99.292428777043796, 19.553194236505735, 0.0 ], [ -99.292425479366116, 19.553193933336665, 0.0 ], [ -99.292422286843461, 19.55319309356388, 0.0 ], [ -99.292419295881132, 19.553191742546289, 0.0 ], [ -99.291000363486845, 19.552382841973714, 0.0 ], [ -99.289957713439918, 19.551791534909825, 0.0 ], [ -99.289955038789728, 19.551789702487405, 0.0 ], [ -99.289952737513474, 19.551787460304642, 0.0 ], [ -99.289950878552375, 19.551784875532526, 0.0 ], [ -99.289949517597535, 19.551782025604705, 0.0 ], [ -99.289948695418062, 19.551778995899173, 0.0 ], [ -99.289948436646711, 19.551775877178837, 0.0 ], [ -99.289948749034011, 19.55177276287376, 0.0 ], [ -99.289949623223237, 19.551769746281384, 0.0 ], [ -99.289951033023982, 19.551766917772419, 0.0 ], [ -99.289952936201928, 19.551764362082313, 0.0 ], [ -99.289955275743736, 19.551762155774185, 0.0 ], [ -99.289957981560079, 19.551760364943746, 0.0 ], [ -99.289960972591587, 19.551759043240487, 0.0 ], [ -99.28996415923298, 19.551758230259718, 0.0 ] ] ] ] } },
{ "type": "Feature", "properties": { "ETAPA": "PRIMERA", "tipo": "Camellon", "M2": 1356.01, "ha": 0.13549568786, "Donantes": null, "LAT": 19.554367118999998, "LONG_": -99.294501362999995, "Shape__Are": 1535.0703125, "Shape__Len": 1089.0770048700001, "Colonia": "Bosque Esmeralda", "Identifica": 43, "m2_1": 1354.96 }, "geometry": { "type": "MultiPolygon", "coordinates": [ [ [ [ -99.29544755173643, 19.55493233754785, 0.0 ], [ -99.295552520764005, 19.555007561176385, 0.0 ], [ -99.295613538145119, 19.555047611620054, 0.0 ], [ -99.29580368279413, 19.555168477908239, 0.0 ], [ -99.295869983225813, 19.55521542328372, 0.0 ], [ -99.295943510287813, 19.555284157869824, 0.0 ], [ -99.295989001655613, 19.555322780222852, 0.0 ], [ -99.296027015752443, 19.555359779741412, 0.0 ], [ -99.296058991762919, 19.555396153286797, 0.0 ], [ -99.296082523129954, 19.555425909511552, 0.0 ], [ -99.296106914440799, 19.555454301755528, 0.0 ], [ -99.296148686973766, 19.555502922325783, 0.0 ], [ -99.296174048987893, 19.555538125805043, 0.0 ], [ -99.296209214639205, 19.555589482331641, 0.0 ], [ -99.296248612351775, 19.555649461501091, 0.0 ], [ -99.296278792514073, 19.555699372787078, 0.0 ], [ -99.296319836054337, 19.555768523859133, 0.0 ], [ -99.29633773178206, 19.55580809978121, 0.0 ], [ -99.296356105646225, 19.555847129889532, 0.0 ], [ -99.296378562710856, 19.555905092979458, 0.0 ], [ -99.296383461336404, 19.555931087265108, 0.0 ], [ -99.296386237040764, 19.555942437436663, 0.0 ], [ -99.296388844894977, 19.555960260078287, 0.0 ], [ -99.296394516501067, 19.555983187318208, 0.0 ], [ -99.296397483389399, 19.5560008390494, 0.0 ], [ -99.296398936421525, 19.556009409483515, 0.0 ], [ -99.296400269258228, 19.556017753020289, 0.0 ], [ -99.296400484423586, 19.556020790056746, 0.0 ], [ -99.296398807903159, 19.556021019903191, 0.0 ], [ -99.296398471401474, 19.556017131461388, 0.0 ], [ -99.296396530844646, 19.556003963162873, 0.0 ], [ -99.296392852632479, 19.55599034352775, 0.0 ], [ -99.296388262167753, 19.555969117722299, 0.0 ], [ -99.296384875321479, 19.555951069264697, 0.0 ], [ -99.296382758205283, 19.555939604464914, 0.0 ], [ -99.296375096528962, 19.555909186370773, 0.0 ], [ -99.296363645512713, 19.555882998454127, 0.0 ], [ -99.296330075922427, 19.555813653452464, 0.0 ], [ -99.296312378978342, 19.555777983229799, 0.0 ], [ -99.296282366058122, 19.555714718515759, 0.0 ], [ -99.296257092685252, 19.555675608881081, 0.0 ], [ -99.296224026021235, 19.555619252840874, 0.0 ], [ -99.296190010917698, 19.555568257781562, 0.0 ], [ -99.296157159656261, 19.555524891183786, 0.0 ], [ -99.296128152336195, 19.555487513572146, 0.0 ], [ -99.296096941230388, 19.555450230407349, 0.0 ], [ -99.29606342239579, 19.555408590804863, 0.0 ], [ -99.296036246720817, 19.555377205471146, 0.0 ], [ -99.296006681409551, 19.555349094212222, 0.0 ], [ -99.295955619620955, 19.555303577318739, 0.0 ], [ -99.295883535377286, 19.555237838022176, 0.0 ], [ -99.295841024717532, 19.555204751865933, 0.0 ], [ -99.295779232348082, 19.555160160879058, 0.0 ], [ -99.295587646721458, 19.555037298491104, 0.0 ], [ -99.295499574154562, 19.554979306423267, 0.0 ], [ -99.295343450485007, 19.554890132157187, 0.0 ], [ -99.294309782104136, 19.554272216875422, 0.0 ], [ -99.292612563168319, 19.553305439075505, 0.0 ], [ -99.292609894358989, 19.553303603378243, 0.0 ], [ -99.292607599102311, 19.553301359234112, 0.0 ], [ -99.292605746049517, 19.553298773763885, 0.0 ], [ -99.292604390622884, 19.553295924297419, 0.0 ], [ -99.292603573362584, 19.553292896060672, 0.0 ], [ -99.292603318712636, 19.553289779626471, 0.0 ], [ -99.292603634288994, 19.553286668205221, 0.0 ], [ -99.292604510653973, 19.553283654857971, 0.0 ], [ -99.292605921594671, 19.553280829711724, 0.0 ], [ -99.292607824911826, 19.553278277265267, 0.0 ], [ -99.29261016367748, 19.553276073860392, 0.0 ], [ -99.29261286794069, 19.553274285399823, 0.0 ], [ -99.29261585681887, 19.553272965375218, 0.0 ], [ -99.292619040917145, 19.553272153267674, 0.0 ], [ -99.29262172230834, 19.553271884071556, 0.0 ], [ -99.292624416939773, 19.553271976277941, 0.0 ], [ -99.292627070878467, 19.553272428041389, 0.0 ], [ -99.292629631006008, 19.55327323031992, 0.0 ], [ -99.29263204608263, 19.55327436705597, 0.0 ], [ -99.29432978012504, 19.554241438446521, 0.0 ], [ -99.29544755173643, 19.55493233754785, 0.0 ] ] ] ] } },
{ "type": "Feature", "properties": { "ETAPA": "PRIMERA", "tipo": "Camellon", "M2": 2870.09, "ha": 0.286785896, "Donantes": null, "LAT": 19.552749799000001, "LONG_": -99.29218573, "Shape__Are": 3249.0078125, "Shape__Len": 1530.8659688, "Colonia": "Bosque Esmeralda", "Identifica": 44, "m2_1": 2867.86 }, "geometry": { "type": "MultiPolygon", "coordinates": [ [ [ [ -99.28927490271866, 19.551056805166091, 0.0 ], [ -99.289277715249483, 19.551056532241919, 0.0 ], [ -99.28928053943325, 19.551056656582581, 0.0 ], [ -99.289283313173016, 19.551057175454112, 0.0 ], [ -99.289285975482187, 19.55105807744782, 0.0 ], [ -99.2892884678229, 19.551059342731424, 0.0 ], [ -99.289754967168463, 19.551340259906727, 0.0 ], [ -99.290278479255889, 19.551634110227635, 0.0 ], [ -99.291542466494803, 19.552363989344048, 0.0 ], [ -99.29341036797382, 19.553427712663986, 0.0 ], [ -99.294660809186837, 19.554150384458186, 0.0 ], [ -99.295113488581478, 19.554392114570597, 0.0 ], [ -99.295116219153627, 19.554393902856457, 0.0 ], [ -99.295118581237688, 19.554396112909139, 0.0 ], [ -99.295120503263206, 19.554398677766098, 0.0 ], [ -99.295121926995037, 19.554401519714183, 0.0 ], [ -99.29512280929427, 19.554404552644687, 0.0 ], [ -99.295123123428837, 19.554407684662191, 0.0 ], [ -99.29512285988109, 19.55441082086935, 0.0 ], [ -99.295122026634346, 19.554413866241426, 0.0 ], [ -99.295120648937598, 19.554416728506126, 0.0 ], [ -99.295118768532831, 19.554419320939189, 0.0 ], [ -99.295116442393962, 19.554421564991831, 0.0 ], [ -99.295113741002694, 19.554423392671236, 0.0 ], [ -99.295110746208181, 19.55442474860024, 0.0 ], [ -99.295107548750124, 19.554425591694905, 0.0 ], [ -99.295104245509194, 19.554425896410581, 0.0 ], [ -99.295100936570236, 19.554425653514439, 0.0 ], [ -99.29509772219329, 19.554424870365995, 0.0 ], [ -99.295094699770218, 19.55442357069402, 0.0 ], [ -99.294641741677808, 19.554181691879428, 0.0 ], [ -99.294641248315884, 19.554181416150982, 0.0 ], [ -99.293390620856954, 19.553458636083537, 0.0 ], [ -99.291522757316386, 19.552394934193135, 0.0 ], [ -99.29025884530698, 19.551665097296279, 0.0 ], [ -99.289735277809655, 19.551371217186766, 0.0 ], [ -99.28973476917632, 19.55137092158752, 0.0 ], [ -99.289268022608127, 19.551089855646183, 0.0 ], [ -99.289265427606153, 19.551087979309347, 0.0 ], [ -99.289263208196942, 19.551085710902516, 0.0 ], [ -99.289261429415006, 19.551083116895693, 0.0 ], [ -99.289260143383274, 19.5510802733003, 0.0 ], [ -99.289259387785123, 19.551077263441346, 0.0 ], [ -99.289259184763154, 19.55107417551525, 0.0 ], [ -99.289259540265192, 19.551071100006631, 0.0 ], [ -99.289260443874213, 19.551068127035894, 0.0 ], [ -99.28926186911157, 19.55106534371912, 0.0 ], [ -99.28926377421557, 19.551062831614459, 0.0 ], [ -99.289266103360248, 19.551060664333537, 0.0 ], [ -99.289268788296141, 19.551058905383044, 0.0 ], [ -99.289271750347936, 19.551057606305235, 0.0 ], [ -99.28927490271866, 19.551056805166091, 0.0 ] ] ] ] } },
{ "type": "Feature", "properties": { "ETAPA": "PRIMERA", "tipo": "Camellon", "M2": 8299.0, "ha": 0.82925498568, "Donantes": null, "LAT": 19.549604261, "LONG_": -99.28616092, "Shape__Are": 9394.3984375, "Shape__Len": 4412.5863316599998, "Colonia": "Bosque Esmeralda", "Identifica": 90, "m2_1": 8292.55 }, "geometry": { "type": "MultiPolygon", "coordinates": [ [ [ [ -99.286070479891563, 19.549611423172902, 0.0 ], [ -99.285929820525524, 19.549604694599097, 0.0 ], [ -99.285807729659865, 19.549618240085348, 0.0 ], [ -99.285185027347723, 19.549682246088054, 0.0 ], [ -99.284783790614782, 19.54972338597128, 0.0 ], [ -99.284782669697861, 19.549723469072138, 0.0 ], [ -99.284535473475472, 19.54973490646509, 0.0 ], [ -99.284534560265257, 19.549734927785302, 0.0 ], [ -99.284381865036607, 19.549734938728903, 0.0 ], [ -99.284381042322622, 19.549734921950108, 0.0 ], [ -99.284158080692805, 19.549725802935932, 0.0 ], [ -99.284155622682079, 19.549725550150594, 0.0 ], [ -99.284154798774281, 19.549725396009439, 0.0 ], [ -99.283890833108515, 19.549670250375897, 0.0 ], [ -99.283888308534443, 19.549669546742457, 0.0 ], [ -99.283754755196227, 19.549621504149925, 0.0 ], [ -99.283553478623347, 19.54954610778984, 0.0 ], [ -99.283552966360887, 19.549545907971346, 0.0 ], [ -99.283339507999429, 19.549459062468916, 0.0 ], [ -99.283084957953491, 19.549349428208753, 0.0 ], [ -99.282581535515916, 19.549141021294631, 0.0 ], [ -99.281816417194818, 19.548821254737557, 0.0 ], [ -99.281815861011921, 19.548821012508462, 0.0 ], [ -99.281675293851649, 19.548757074983385, 0.0 ], [ -99.281674715687885, 19.548756800254651, 0.0 ], [ -99.281531724958313, 19.548686010882861, 0.0 ], [ -99.281531044657925, 19.548685657690591, 0.0 ], [ -99.281530436817363, 19.548685310711225, 0.0 ], [ -99.281399774742823, 19.548607795615219, 0.0 ], [ -99.281254497717356, 19.548525664458143, 0.0 ], [ -99.281252554661378, 19.548524405006408, 0.0 ], [ -99.280282796789464, 19.547809042215192, 0.0 ], [ -99.279583061082377, 19.547296836930599, 0.0 ], [ -99.279582488367737, 19.547296400423338, 0.0 ], [ -99.279309116183057, 19.547079840777592, 0.0 ], [ -99.27901920386698, 19.546879511513875, 0.0 ], [ -99.278763579285908, 19.546721875975216, 0.0 ], [ -99.278565330216097, 19.546636352304574, 0.0 ], [ -99.278402442608765, 19.546597983533246, 0.0 ], [ -99.27826254488032, 19.546568440041472, 0.0 ], [ -99.2774753684822, 19.546436079498971, 0.0 ], [ -99.277472160635142, 19.546435261446199, 0.0 ], [ -99.277469151264569, 19.546433927951835, 0.0 ], [ -99.277466431730943, 19.546432119499602, 0.0 ], [ -99.277464084599288, 19.546429890992975, 0.0 ], [ -99.277462181126722, 19.546427310087637, 0.0 ], [ -99.277460779099997, 19.546424455138279, 0.0 ], [ -99.277459921084045, 19.54642141281883, 0.0 ], [ -99.277459633129041, 19.546418275492055, 0.0 ], [ -99.277459923974789, 19.546415138405003, 0.0 ], [ -99.27746078479349, 19.546412096797205, 0.0 ], [ -99.277462189449594, 19.546409243009819, 0.0 ], [ -99.277464095299109, 19.546406663681562, 0.0 ], [ -99.277466444483409, 19.546404437119243, 0.0 ], [ -99.277469165680742, 19.546402630919413, 0.0 ], [ -99.277472176278422, 19.546401299917093, 0.0 ], [ -99.277475384877349, 19.546400484520483, 0.0 ], [ -99.277478694066048, 19.546400209484638, 0.0 ], [ -99.277482003380513, 19.546400483159186, 0.0 ], [ -99.278269601075877, 19.546532914418908, 0.0 ], [ -99.27827041638416, 19.546533069504218, 0.0 ], [ -99.278410976843873, 19.546562752947096, 0.0 ], [ -99.278411428864388, 19.546562853465449, 0.0 ], [ -99.278576224695485, 19.546601671139562, 0.0 ], [ -99.278578118821088, 19.546602217671911, 0.0 ], [ -99.278579523915568, 19.546602761343596, 0.0 ], [ -99.278780674939895, 19.546689536672357, 0.0 ], [ -99.278782284445981, 19.546690319509175, 0.0 ], [ -99.27878317473305, 19.546690836862524, 0.0 ], [ -99.279040423468118, 19.54684947478675, 0.0 ], [ -99.279041257561062, 19.546850019336894, 0.0 ], [ -99.279332081306052, 19.547050977943684, 0.0 ], [ -99.279333075880302, 19.547051714733499, 0.0 ], [ -99.279606650418657, 19.547268434890217, 0.0 ], [ -99.280306138864432, 19.547780458824288, 0.0 ], [ -99.281275036663274, 19.548495187527404, 0.0 ], [ -99.281419616147843, 19.548576927546922, 0.0 ], [ -99.281550027231233, 19.548654291197678, 0.0 ], [ -99.281692074336277, 19.548724613003628, 0.0 ], [ -99.281832090044105, 19.548788300146413, 0.0 ], [ -99.282596856223805, 19.549107919886552, 0.0 ], [ -99.283100494175244, 19.549316416792404, 0.0 ], [ -99.283354907758195, 19.549425992504645, 0.0 ], [ -99.283567758408438, 19.549512589520994, 0.0 ], [ -99.283768517927186, 19.549587792381555, 0.0 ], [ -99.283900399082924, 19.54963523391741, 0.0 ], [ -99.284161382682399, 19.549689756154084, 0.0 ], [ -99.284382274534508, 19.549698790764175, 0.0 ], [ -99.284534074594688, 19.54969877942338, 0.0 ], [ -99.284780245111662, 19.549687389739077, 0.0 ], [ -99.285180921327367, 19.549646307683112, 0.0 ], [ -99.285803484350254, 19.549582316375503, 0.0 ], [ -99.285926974336618, 19.549568615951177, 0.0 ], [ -99.28592915904656, 19.549568493203459, 0.0 ], [ -99.285930151455915, 19.549568516032451, 0.0 ], [ -99.286073137951689, 19.549575355691314, 0.0 ], [ -99.286074616717002, 19.549575481675351, 0.0 ], [ -99.286261227936194, 19.549598303700773, 0.0 ], [ -99.286262067991231, 19.549598424369577, 0.0 ], [ -99.286262659215637, 19.549598530973409, 0.0 ], [ -99.286479673298558, 19.549641183393202, 0.0 ], [ -99.286482293211719, 19.549641886839073, 0.0 ], [ -99.286482976201697, 19.549642135178509, 0.0 ], [ -99.286708369515338, 19.549728900160691, 0.0 ], [ -99.286710701247173, 19.549729978194833, 0.0 ], [ -99.286711158326128, 19.549730235928962, 0.0 ], [ -99.28685653478162, 19.549814698564649, 0.0 ], [ -99.287494092512958, 19.550177837456769, 0.0 ], [ -99.287890561405163, 19.550407120314176, 0.0 ], [ -99.288324382049325, 19.550658287333246, 0.0 ], [ -99.289384425057605, 19.551268814255749, 0.0 ], [ -99.290661442233016, 19.552005305634165, 0.0 ], [ -99.292406197038389, 19.553003672974246, 0.0 ], [ -99.294320831840295, 19.554105546714727, 0.0 ], [ -99.294856086300044, 19.554403345160839, 0.0 ], [ -99.294858791551349, 19.554405167697436, 0.0 ], [ -99.294861122425303, 19.554407407326551, 0.0 ], [ -99.29486300829447, 19.554409996186653, 0.0 ], [ -99.294864392018027, 19.554412855834926, 0.0 ], [ -99.294865231667941, 19.554415899623198, 0.0 ], [ -99.294865501803002, 19.554419035323864, 0.0 ], [ -99.294865194236934, 19.554422167924638, 0.0 ], [ -99.294864318290593, 19.554425202506806, 0.0 ], [ -99.294862900504754, 19.554428047121629, 0.0 ], [ -99.294860983837694, 19.554430615576724, 0.0 ], [ -99.29485862636642, 19.554432830047364, 0.0 ], [ -99.294855899522332, 19.554434623434304, 0.0 ], [ -99.294852885928762, 19.5544359413975, 0.0 ], [ -99.294849676899503, 19.55443674400253, 0.0 ], [ -99.294846369667368, 19.55443700692993, 0.0 ], [ -99.29484306444472, 19.554436722213193, 0.0 ], [ -99.294839861378534, 19.554435898479209, 0.0 ], [ -99.29483685752362, 19.554434560687341, 0.0 ], [ -99.29430129476296, 19.554136590080901, 0.0 ], [ -99.292386449779585, 19.553034596287286, 0.0 ], [ -99.290641700485267, 19.552036233271792, 0.0 ], [ -99.289364616350369, 19.551299702102181, 0.0 ], [ -99.288304545538367, 19.550689158844726, 0.0 ], [ -99.287870695257922, 19.55043797465618, 0.0 ], [ -99.287474357049859, 19.550208766555997, 0.0 ], [ -99.286836723854705, 19.549845585242004, 0.0 ], [ -99.286692571701408, 19.549761833671194, 0.0 ], [ -99.286470235703248, 19.549676245867577, 0.0 ], [ -99.286255621823628, 19.549634064982286, 0.0 ], [ -99.286070479891563, 19.549611423172902, 0.0 ] ] ] ] } },
{ "type": "Feature", "properties": { "ETAPA": "PRIMERA", "tipo": "Camellon", "M2": 247.01, "ha": 0.02468192041, "Donantes": null, "LAT": 19.549565537, "LONG_": -99.284106338000001, "Shape__Are": 279.61328125, "Shape__Len": 137.71010102299999, "Colonia": "Bosque Esmeralda", "Identifica": 94, "m2_1": 246.819 }, "geometry": { "type": "MultiPolygon", "coordinates": [ [ [ [ -99.283828759392122, 19.549476915162288, 0.0 ], [ -99.283831557795111, 19.549476642557771, 0.0 ], [ -99.283834368042449, 19.549476763461993, 0.0 ], [ -99.283837128895883, 19.549477275240449, 0.0 ], [ -99.284109971748308, 19.54954798055288, 0.0 ], [ -99.284380430723544, 19.549547980565716, 0.0 ], [ -99.284383740607495, 19.549548254980706, 0.0 ], [ -99.284386949979933, 19.549549069954953, 0.0 ], [ -99.284389961374373, 19.54955040073828, 0.0 ], [ -99.284392683338879, 19.549552206916179, 0.0 ], [ -99.284395033208611, 19.549554433636999, 0.0 ], [ -99.284396939620464, 19.549557013276992, 0.0 ], [ -99.2843983446799, 19.549559867495411, 0.0 ], [ -99.284399205715076, 19.549562909612202, 0.0 ], [ -99.284399496578828, 19.549566047241406, 0.0 ], [ -99.284399208436099, 19.549569185096104, 0.0 ], [ -99.284398350038302, 19.549572227882784, 0.0 ], [ -99.284396947453786, 19.549575083195066, 0.0 ], [ -99.284395043278664, 19.549577664319713, 0.0 ], [ -99.284392695340358, 19.549579892870547, 0.0 ], [ -99.28438997494257, 19.549581701168577, 0.0 ], [ -99.284386964701497, 19.549583034297576, 0.0 ], [ -99.284383756036092, 19.549583851771843, 0.0 ], [ -99.284380446390173, 19.549584128765332, 0.0 ], [ -99.284107414443241, 19.549584129185387, 0.0 ], [ -99.284104134674351, 19.549583859617957, 0.0 ], [ -99.284102386657011, 19.549583489137024, 0.0 ], [ -99.283827073622646, 19.549512143353699, 0.0 ], [ -99.283824057878505, 19.549511095959573, 0.0 ], [ -99.283821270389993, 19.549509583526316, 0.0 ], [ -99.283818790261861, 19.549507648975649, 0.0 ], [ -99.283816687878939, 19.549505347207813, 0.0 ], [ -99.283815022902729, 19.549502743544743, 0.0 ], [ -99.283813842585616, 19.549499911875667, 0.0 ], [ -99.283813180422158, 19.54949693256043, 0.0 ], [ -99.283813055205115, 19.549493890148856, 0.0 ], [ -99.283813470486393, 19.549490870981518, 0.0 ], [ -99.283814414482805, 19.549487960739032, 0.0 ], [ -99.28381586040301, 19.549485242011311, 0.0 ], [ -99.283817767213691, 19.549482791952681, 0.0 ], [ -99.283820080801362, 19.549480680093446, 0.0 ], [ -99.283822735508963, 19.549478966365907, 0.0 ], [ -99.283825655999351, 19.549477699403841, 0.0 ], [ -99.283828759392122, 19.549476915162288, 0.0 ] ] ] ] } },
{ "type": "Feature", "properties": { "ETAPA": "PRIMERA", "tipo": "Camellon", "M2": 211.14, "ha": 0.02109765736, "Donantes": null, "LAT": 19.549566054, "LONG_": -99.284828961000002, "Shape__Are": 239.00390625, "Shape__Len": 118.672472763, "Colonia": "Bosque Esmeralda", "Identifica": 96, "m2_1": 210.977 }, "geometry": { "type": "MultiPolygon", "coordinates": [ [ [ [ -99.285062101340756, 19.549524297993685, 0.0 ], [ -99.285065424109277, 19.549524238100869, 0.0 ], [ -99.285068707369888, 19.549524726093143, 0.0 ], [ -99.285071851365601, 19.549525747143836, 0.0 ], [ -99.28507476057132, 19.549527270229696, 0.0 ], [ -99.285077346595571, 19.549529249074336, 0.0 ], [ -99.28507953086536, 19.549531623553516, 0.0 ], [ -99.285081247015867, 19.54953432152238, 0.0 ], [ -99.28508244290434, 19.549537261007323, 0.0 ], [ -99.285083082194902, 19.549540352696877, 0.0 ], [ -99.285083145464171, 19.549543502654711, 0.0 ], [ -99.285082630788821, 19.549546615174158, 0.0 ], [ -99.285081553808467, 19.549549595686265, 0.0 ], [ -99.285079947243432, 19.549552353632929, 0.0 ], [ -99.285077859908171, 19.549554805217898, 0.0 ], [ -99.285075355221892, 19.549556875953723, 0.0 ], [ -99.285072509286351, 19.549558502924224, 0.0 ], [ -99.285069408571488, 19.549559636696717, 0.0 ], [ -99.285066147286329, 19.549560242822864, 0.0 ], [ -99.284595821392571, 19.549607809121333, 0.0 ], [ -99.284592498622231, 19.549607869005595, 0.0 ], [ -99.284589215361635, 19.549607381004591, 0.0 ], [ -99.284586071366817, 19.549606359945546, 0.0 ], [ -99.284583162164722, 19.549604836851671, 0.0 ], [ -99.284580576145004, 19.549602858, 0.0 ], [ -99.284578391881482, 19.549600483514848, 0.0 ], [ -99.284576675738165, 19.549597785541039, 0.0 ], [ -99.28457547985866, 19.549594846052528, 0.0 ], [ -99.284574840577918, 19.549591754361177, 0.0 ], [ -99.28457477731861, 19.549588604403063, 0.0 ], [ -99.28457529200297, 19.549585491884958, 0.0 ], [ -99.284576368993115, 19.549582511375686, 0.0 ], [ -99.28457797556716, 19.549579753433637, 0.0 ], [ -99.284580062910507, 19.549577301854285, 0.0 ], [ -99.284582567603053, 19.549575231125189, 0.0 ], [ -99.284585413544022, 19.549573604162127, 0.0 ], [ -99.284588514263362, 19.549572470398132, 0.0 ], [ -99.284591775550339, 19.549571864280573, 0.0 ], [ -99.285062101340756, 19.549524297993685, 0.0 ] ] ] ] } },
{ "type": "Feature", "properties": { "ETAPA": "PRIMERA", "tipo": "Camellon", "M2": 1673.34, "ha": 0.16720406461000001, "Donantes": null, "LAT": 19.549811395, "LONG_": -99.287073851000002, "Shape__Are": 1894.2128906200001, "Shape__Len": 894.88393289199996, "Colonia": "Bosque Esmeralda", "Identifica": 97, "m2_1": 1672.04 }, "geometry": { "type": "MultiPolygon", "coordinates": [ [ [ [ -99.286072814106319, 19.549484638630872, 0.0 ], [ -99.285932203980565, 19.549480366250929, 0.0 ], [ -99.285789056857027, 19.549491073080311, 0.0 ], [ -99.285672346282723, 19.549504013515548, 0.0 ], [ -99.285293713360545, 19.549542941746974, 0.0 ], [ -99.285290390730339, 19.549543007094119, 0.0 ], [ -99.285287106607328, 19.549542524489052, 0.0 ], [ -99.285283960778145, 19.54954150859534, 0.0 ], [ -99.285281048826278, 19.549539990279985, 0.0 ], [ -99.285278459228564, 19.549538015676013, 0.0 ], [ -99.285276270668419, 19.549535644780121, 0.0 ], [ -99.285274549642779, 19.549532949630219, 0.0 ], [ -99.285273348444335, 19.549530012116215, 0.0 ], [ -99.285272703569817, 19.549526921492269, 0.0 ], [ -99.28527263461423, 19.549523771664646, 0.0 ], [ -99.285273143671546, 19.549520658338224, 0.0 ], [ -99.28527421527545, 19.549517676108927, 0.0 ], [ -99.285275816866516, 19.549514915589725, 0.0 ], [ -99.285277899779359, 19.549512460656661, 0.0 ], [ -99.285280400728638, 19.549510385900859, 0.0 ], [ -99.285283243723185, 19.549508754362272, 0.0 ], [ -99.28528634238269, 19.549507615613692, 0.0 ], [ -99.285289602554812, 19.549507004255386, 0.0 ], [ -99.285668128646677, 19.549468087046915, 0.0 ], [ -99.285785005033802, 19.549455128277998, 0.0 ], [ -99.285785719878092, 19.549455061176388, 0.0 ], [ -99.285930258581786, 19.549444250932126, 0.0 ], [ -99.285931726539431, 19.549444195289677, 0.0 ], [ -99.285932369068448, 19.549444204213309, 0.0 ], [ -99.28607461412895, 19.549448525515146, 0.0 ], [ -99.286075771535394, 19.54944859417084, 0.0 ], [ -99.286296114314766, 19.549468050651999, 0.0 ], [ -99.286297625606281, 19.549468242553083, 0.0 ], [ -99.286299216264837, 19.549468572595426, 0.0 ], [ -99.286480463073062, 19.549513971135585, 0.0 ], [ -99.286481788809468, 19.549514352203978, 0.0 ], [ -99.286667772709976, 19.549574936137592, 0.0 ], [ -99.286670320794727, 19.549575991236008, 0.0 ], [ -99.286821743483415, 19.549651659385816, 0.0 ], [ -99.286822394226604, 19.549652000856785, 0.0 ], [ -99.287167276706995, 19.549841946720186, 0.0 ], [ -99.287167680351502, 19.549842175619592, 0.0 ], [ -99.287420109456221, 19.549989220858443, 0.0 ], [ -99.287797581528721, 19.550212536268653, 0.0 ], [ -99.288382318474035, 19.550543060073384, 0.0 ], [ -99.288867445100252, 19.550830490865913, 0.0 ], [ -99.288869968437339, 19.550832276642492, 0.0 ], [ -99.288872147299301, 19.550834431790413, 0.0 ], [ -99.28887392225171, 19.550836897521851, 0.0 ], [ -99.28887524487719, 19.550839606576915, 0.0 ], [ -99.288876079098614, 19.550842485058553, 0.0 ], [ -99.28887640215973, 19.550845454448023, 0.0 ], [ -99.288876205247234, 19.550848433746875, 0.0 ], [ -99.288875493733926, 19.550851341686208, 0.0 ], [ -99.288874287026985, 19.550854098943958, 0.0 ], [ -99.288872618043442, 19.550856630307852, 0.0 ], [ -99.288870532309843, 19.550858866727861, 0.0 ], [ -99.288868086719276, 19.550860747199252, 0.0 ], [ -99.288865347983247, 19.550862220426939, 0.0 ], [ -99.288862390807481, 19.55086324622453, 0.0 ], [ -99.288859295858899, 19.550863796610383, 0.0 ], [ -99.288856147559358, 19.550863856571031, 0.0 ], [ -99.288853031789628, 19.550863424471007, 0.0 ], [ -99.288850033538409, 19.550862512097126, 0.0 ], [ -99.288847234593717, 19.550861144336896, 0.0 ], [ -99.288362455267858, 19.550573916270899, 0.0 ], [ -99.287777745925951, 19.55024340953025, 0.0 ], [ -99.287399999927487, 19.550019931848755, 0.0 ], [ -99.287147924827238, 19.549873093871998, 0.0 ], [ -99.286803627234562, 19.549683469666828, 0.0 ], [ -99.286653842758568, 19.54960862037078, 0.0 ], [ -99.286470048824015, 19.54954875139595, 0.0 ], [ -99.286291005991927, 19.549503905131211, 0.0 ], [ -99.286072814106319, 19.549484638630872, 0.0 ] ] ] ] } },
{ "type": "Feature", "properties": { "ETAPA": "PRIMERA", "tipo": "Camellon", "M2": 924.8, "ha": 0.09240775416, "Donantes": null, "LAT": 19.548867798, "LONG_": -99.28153571, "Shape__Are": 1046.83984375, "Shape__Len": 261.23896825499997, "Colonia": "Bosque Esmeralda", "Identifica": 160, "m2_1": 924.078 }, "geometry": { "type": "MultiPolygon", "coordinates": [ [ [ [ -99.281612111964606, 19.548843015668623, 0.0 ], [ -99.281751202423834, 19.548914236686944, 0.0 ], [ -99.281770473993305, 19.54892345352458, 0.0 ], [ -99.281730255065185, 19.548944400882931, 0.0 ], [ -99.281665737201806, 19.548953617720677, 0.0 ], [ -99.281595354077993, 19.548952360879248, 0.0 ], [ -99.2815337688439, 19.548935602992511, 0.0 ], [ -99.281475116240898, 19.548906276690825, 0.0 ], [ -99.281324295260845, 19.548785619906642, 0.0 ], [ -99.281149175344623, 19.548657422073553, 0.0 ], [ -99.280985785950136, 19.548497384255899, 0.0 ], [ -99.280944729127384, 19.548446272701497, 0.0 ], [ -99.280832451286258, 19.548353266430354, 0.0 ], [ -99.280830775497975, 19.548328129600328, 0.0 ], [ -99.281120686937271, 19.548548495810152, 0.0 ], [ -99.281253912137075, 19.548638988398263, 0.0 ], [ -99.281612111964606, 19.548843015668623, 0.0 ] ] ] ] } },
{ "type": "Feature", "properties": { "ETAPA": "PRIMERA", "tipo": "Camellon", "M2": 1060.34, "ha": 0.10595125277, "Donantes": null, "LAT": 19.549744284, "LONG_": -99.289067986000006, "Shape__Are": 1200.2890625, "Shape__Len": 310.00464619899998, "Colonia": "Bosque Esmeralda", "Identifica": 171, "m2_1": 1059.51 }, "geometry": { "type": "MultiPolygon", "coordinates": [ [ [ [ -99.288463998242207, 19.550499721272487, 0.0 ], [ -99.28844308456496, 19.550487871119895, 0.0 ], [ -99.288574606036192, 19.550361369139576, 0.0 ], [ -99.288839782973199, 19.550064788448683, 0.0 ], [ -99.288885849611333, 19.549984559034531, 0.0 ], [ -99.288910256480946, 19.549887587473957, 0.0 ], [ -99.288919933947071, 19.549800891950049, 0.0 ], [ -99.288924703826936, 19.549718864493027, 0.0 ], [ -99.288915086621643, 19.549563228612413, 0.0 ], [ -99.288928838607859, 19.549556216287911, 0.0 ], [ -99.28899282453564, 19.549600852008115, 0.0 ], [ -99.289061204904101, 19.549628703889379, 0.0 ], [ -99.289137922352566, 19.549645357876315, 0.0 ], [ -99.289196915282346, 19.54964666149387, 0.0 ], [ -99.289244583443235, 19.549637730749925, 0.0 ], [ -99.289265220130332, 19.549632105439759, 0.0 ], [ -99.289276551545797, 19.549646067943744, 0.0 ], [ -99.289145036181395, 19.549775366553334, 0.0 ], [ -99.288929152494447, 19.550008722898003, 0.0 ], [ -99.288463998242207, 19.550499721272487, 0.0 ] ] ] ] } },
{ "type": "Feature", "properties": { "ETAPA": "PRIMERA", "tipo": "Camellon", "M2": 1153.61, "ha": 0.11527104741, "Donantes": null, "LAT": 19.548988556000001, "LONG_": -99.282664925000006, "Shape__Are": 1305.86328125, "Shape__Len": 403.37890442399998, "Colonia": "Bosque Esmeralda", "Identifica": 181, "m2_1": 1152.71 }, "geometry": { "type": "MultiPolygon", "coordinates": [ [ [ [ -99.283007560132674, 19.54912697943065, 0.0 ], [ -99.283008331937268, 19.549127323436934, 0.0 ], [ -99.283339606692877, 19.549283501217431, 0.0 ], [ -99.283595561915035, 19.5493893012003, 0.0 ], [ -99.283598480925889, 19.549390807333431, 0.0 ], [ -99.283601079707054, 19.549392771102465, 0.0 ], [ -99.283603279297637, 19.54939513283971, 0.0 ], [ -99.283605012863759, 19.549397820785842, 0.0 ], [ -99.283606227733671, 19.549400753269822, 0.0 ], [ -99.283606886992885, 19.54940384119076, 0.0 ], [ -99.283606970611643, 19.549406990724577, 0.0 ], [ -99.28360647604957, 19.549410106175607, 0.0 ], [ -99.283605418331888, 19.549413092883196, 0.0 ], [ -99.283603829597467, 19.549415860098918, 0.0 ], [ -99.283601758119303, 19.549418323743364, 0.0 ], [ -99.283599266835878, 19.549420408960437, 0.0 ], [ -99.283596431443797, 19.549422052392728, 0.0 ], [ -99.283593338094207, 19.549423204105949, 0.0 ], [ -99.283590080776037, 19.5494238291062, 0.0 ], [ -99.283586758459393, 19.54942390840338, 0.0 ], [ -99.283583472089731, 19.54942343958805, 0.0 ], [ -99.283580321521939, 19.549422436904905, 0.0 ], [ -99.283323932200588, 19.549316457744716, 0.0 ], [ -99.28332306308954, 19.549316073225569, 0.0 ], [ -99.282991741532626, 19.549159872896773, 0.0 ], [ -99.28279591751523, 19.549077695569284, 0.0 ], [ -99.282790470745852, 19.549081202978762, 0.0 ], [ -99.282784320767092, 19.549083886184711, 0.0 ], [ -99.282777788795073, 19.549085573176665, 0.0 ], [ -99.282771053007863, 19.54908621793729, 0.0 ], [ -99.28276429714245, 19.549085802878725, 0.0 ], [ -99.28275770548457, 19.549084339323105, 0.0 ], [ -99.282751457839197, 19.549081867192964, 0.0 ], [ -99.282035906341136, 19.548730372571548, 0.0 ], [ -99.28203015753833, 19.54872694827808, 0.0 ], [ -99.28202508382131, 19.548722671385981, 0.0 ], [ -99.282020824383906, 19.548717659227385, 0.0 ], [ -99.282017496079916, 19.548712049306399, 0.0 ], [ -99.282015190217791, 19.548705995525491, 0.0 ], [ -99.282013970055957, 19.548699663964026, 0.0 ], [ -99.282013869068251, 19.548693228322421, 0.0 ], [ -99.282014890025096, 19.548686865156039, 0.0 ], [ -99.282017004918018, 19.548680749032091, 0.0 ], [ -99.282020155726542, 19.548675047740279, 0.0 ], [ -99.282024256011198, 19.548669917690027, 0.0 ], [ -99.282029193284046, 19.548665499618927, 0.0 ], [ -99.282034832097068, 19.548661914732545, 0.0 ], [ -99.282041017755134, 19.548659261378337, 0.0 ], [ -99.282047580559123, 19.548657612348755, 0.0 ], [ -99.282054247995305, 19.548657013827277, 0.0 ], [ -99.282060929240387, 19.548657452662169, 0.0 ], [ -99.282067445902413, 19.548658917136386, 0.0 ], [ -99.282073623984047, 19.54866136814795, 0.0 ], [ -99.28278917525482, 19.549012862625361, 0.0 ], [ -99.282794908543693, 19.54901627577447, 0.0 ], [ -99.282799971028211, 19.549020536971472, 0.0 ], [ -99.282804224615774, 19.549025529980138, 0.0 ], [ -99.282807553278147, 19.549031118602532, 0.0 ], [ -99.282809866217235, 19.549037150393605, 0.0 ], [ -99.282811100339842, 19.549043460819355, 0.0 ], [ -99.282811120869042, 19.549044543736244, 0.0 ], [ -99.283007560132674, 19.54912697943065, 0.0 ] ] ] ] } },
{ "type": "Feature", "properties": { "ETAPA": "PRIMERA", "tipo": "Camellon", "M2": 486.5, "ha": 0.0486120353, "Donantes": null, "LAT": 19.554938643, "LONG_": -99.295781274000007, "Shape__Are": 550.744140625, "Shape__Len": 108.36634938100001, "Colonia": "Bosque Esmeralda", "Identifica": 182, "m2_1": 486.12 }, "geometry": { "type": "MultiPolygon", "coordinates": [ [ [ [ -99.295674029042559, 19.55482974326824, 0.0 ], [ -99.295763307803469, 19.554822825483786, 0.0 ], [ -99.295860925585615, 19.554912026218481, 0.0 ], [ -99.295929894656936, 19.555020829449649, 0.0 ], [ -99.295934503721298, 19.555025530511578, 0.0 ], [ -99.295938233672786, 19.555030886608485, 0.0 ], [ -99.295940982764606, 19.555036751638436, 0.0 ], [ -99.295942676008977, 19.555042965616778, 0.0 ], [ -99.295943267218078, 19.555049359040325, 0.0 ], [ -99.29594274026546, 19.555055757511226, 0.0 ], [ -99.295941109523199, 19.555061986493762, 0.0 ], [ -99.295938419474936, 19.555067876075547, 0.0 ], [ -99.295934743500538, 19.555073265602154, 0.0 ], [ -99.295930181869863, 19.555078008059478, 0.0 ], [ -99.295924859014946, 19.555081974084299, 0.0 ], [ -99.295918920130461, 19.555085055492157, 0.0 ], [ -99.295912527216714, 19.555087168229559, 0.0 ], [ -99.295905854656539, 19.555088254665662, 0.0 ], [ -99.295899084463898, 19.555088285164857, 0.0 ], [ -99.295892401312599, 19.555087258895291, 0.0 ], [ -99.29588598750496, 19.555085203851274, 0.0 ], [ -99.295880017995046, 19.55508217608979, 0.0 ], [ -99.295874655616956, 19.555078258201149, 0.0 ], [ -99.295575345067107, 19.554855419165087, 0.0 ], [ -99.29559216982517, 19.554848257283354, 0.0 ], [ -99.295637300943397, 19.554834640244362, 0.0 ], [ -99.295674029042559, 19.55482974326824, 0.0 ] ] ] ] } },
{ "type": "Feature", "properties": { "ETAPA": "PRIMERA", "tipo": "Camellon", "M2": 1235.55, "ha": 0.12345934909, "Donantes": null, "LAT": 19.551535686000001, "LONG_": -99.288281814000001, "Shape__Are": 1398.66015625, "Shape__Len": 394.04234652100001, "Colonia": "Bosque Esmeralda", "Identifica": 249, "m2_1": 1234.59 }, "geometry": { "type": "MultiPolygon", "coordinates": [ [ [ [ -99.287964038571175, 19.551137293011276, 0.0 ], [ -99.287973256464554, 19.551126654003934, 0.0 ], [ -99.28798361197363, 19.551132475024708, 0.0 ], [ -99.287976522337402, 19.551162607998659, 0.0 ], [ -99.287970718951129, 19.551223561094695, 0.0 ], [ -99.287980697846052, 19.551294763082993, 0.0 ], [ -99.288006922254567, 19.551359634628799, 0.0 ], [ -99.288050372058962, 19.551415138645321, 0.0 ], [ -99.28811400966498, 19.551465006415164, 0.0 ], [ -99.288188951206138, 19.551499912041052, 0.0 ], [ -99.288259916923323, 19.551515209872242, 0.0 ], [ -99.288339228282368, 19.551514149260353, 0.0 ], [ -99.288437703973514, 19.551485971857304, 0.0 ], [ -99.288506587958253, 19.55143869456856, 0.0 ], [ -99.288533633471829, 19.551411098209176, 0.0 ], [ -99.288587165415379, 19.551318546163962, 0.0 ], [ -99.288607656441528, 19.551206432796, 0.0 ], [ -99.28859025923569, 19.551119131108642, 0.0 ], [ -99.288555661653803, 19.551055207031268, 0.0 ], [ -99.288580811322348, 19.551069643928617, 0.0 ], [ -99.288759821529453, 19.551174433394092, 0.0 ], [ -99.288893944748963, 19.55124660430354, 0.0 ], [ -99.28889284402797, 19.551250925838239, 0.0 ], [ -99.288830772243003, 19.55125055811439, 0.0 ], [ -99.288738693435178, 19.551274522480213, 0.0 ], [ -99.288662905337844, 19.551317607868487, 0.0 ], [ -99.288613252171459, 19.551375128542677, 0.0 ], [ -99.28855328701124, 19.551451345783054, 0.0 ], [ -99.288490322864035, 19.551503283659205, 0.0 ], [ -99.288396306544669, 19.551545931050573, 0.0 ], [ -99.288313075719316, 19.551559140012074, 0.0 ], [ -99.288227837878836, 19.551551804024189, 0.0 ], [ -99.288172639131005, 19.551538115532406, 0.0 ], [ -99.288106566526352, 19.551504129757152, 0.0 ], [ -99.288071056736754, 19.551481303273114, 0.0 ], [ -99.288010381530171, 19.551435166784906, 0.0 ], [ -99.287941849179347, 19.551403052881227, 0.0 ], [ -99.287881239476974, 19.551393809450843, 0.0 ], [ -99.287823101198143, 19.551389232087612, 0.0 ], [ -99.287756617240547, 19.55140101309496, 0.0 ], [ -99.287696565572617, 19.551428661920532, 0.0 ], [ -99.287669011557753, 19.551447385916223, 0.0 ], [ -99.287832266487086, 19.551279471864838, 0.0 ], [ -99.287964038571175, 19.551137293011276, 0.0 ] ] ] ] } },
{ "type": "Feature", "properties": { "ETAPA": "PRIMERA", "tipo": "Camellon", "M2": 443.82, "ha": 0.04434765777, "Donantes": null, "LAT": 19.551520408999998, "LONG_": -99.287479176000005, "Shape__Are": 502.41015625, "Shape__Len": 451.26874690099999, "Colonia": "Bosque Esmeralda", "Identifica": 250, "m2_1": 443.477 }, "geometry": { "type": "MultiPolygon", "coordinates": [ [ [ [ -99.288122476409654, 19.550823097803683, 0.0 ], [ -99.288142941088196, 19.550834740221312, 0.0 ], [ -99.288030831342553, 19.550952603712314, 0.0 ], [ -99.287828735661577, 19.551163544089675, 0.0 ], [ -99.28767728733493, 19.551322099280206, 0.0 ], [ -99.287484057203812, 19.551532558148899, 0.0 ], [ -99.287356198943826, 19.551659786343233, 0.0 ], [ -99.287238686503656, 19.551787464995634, 0.0 ], [ -99.287110350918383, 19.551923566825483, 0.0 ], [ -99.286812882044245, 19.552247438797746, 0.0 ], [ -99.286805000793663, 19.552247918316699, 0.0 ], [ -99.286798096137588, 19.552243492757029, 0.0 ], [ -99.286797832905151, 19.552233919621646, 0.0 ], [ -99.286811598063295, 19.552217786171276, 0.0 ], [ -99.287150874634108, 19.5518567210237, 0.0 ], [ -99.287589458526782, 19.551381548492174, 0.0 ], [ -99.287882535780099, 19.551083133888188, 0.0 ], [ -99.288122476409654, 19.550823097803683, 0.0 ] ] ] ] } },
{ "type": "Feature", "properties": { "ETAPA": "PRIMERA", "tipo": "Camellon", "M2": 2573.75, "ha": 0.25717453382, "Donantes": null, "LAT": 19.550275865, "LONG_": -99.28825306, "Shape__Are": 2913.4511718799999, "Shape__Len": 496.86544339, "Colonia": "Bosque Esmeralda", "Identifica": 38, "m2_1": 2571.75 }, "geometry": { "type": "MultiPolygon", "coordinates": [ [ [ [ -99.28774877019876, 19.550077074810012, 0.0 ], [ -99.28770151680888, 19.550019245171818, 0.0 ], [ -99.287659517584217, 19.549968546406564, 0.0 ], [ -99.287665956576134, 19.549959340163152, 0.0 ], [ -99.28787529168028, 19.550069124433168, 0.0 ], [ -99.28808289249065, 19.550153609383194, 0.0 ], [ -99.288252996208058, 19.550161260351945, 0.0 ], [ -99.288296236139018, 19.550150006815151, 0.0 ], [ -99.288365023765024, 19.550130324089334, 0.0 ], [ -99.288412194730896, 19.550118132205188, 0.0 ], [ -99.288467204601673, 19.550091015093109, 0.0 ], [ -99.288541848161728, 19.550047089816882, 0.0 ], [ -99.288604672023467, 19.54999106683201, 0.0 ], [ -99.288716560133182, 19.549881838922783, 0.0 ], [ -99.288845044304281, 19.54970640931651, 0.0 ], [ -99.288844260158612, 19.549818255789674, 0.0 ], [ -99.288839465357654, 19.54988630263189, 0.0 ], [ -99.288798327869785, 19.549973980501271, 0.0 ], [ -99.288640998661975, 19.55017821595392, 0.0 ], [ -99.288346502052576, 19.550448397198203, 0.0 ], [ -99.28774877019876, 19.550077074810012, 0.0 ] ] ], [ [ [ -99.287588301801236, 19.54993535075716, 0.0 ], [ -99.287645092490379, 19.55001959870734, 0.0 ], [ -99.287151026006583, 19.549715894726504, 0.0 ], [ -99.287537842109387, 19.549895164289541, 0.0 ], [ -99.287588301801236, 19.54993535075716, 0.0 ] ] ] ] } },
{ "type": "Feature", "properties": { "ETAPA": "PRIMERA", "tipo": "Camellon", "M2": 234.96, "ha": 0.02347788416, "Donantes": null, "LAT": 19.549530816000001, "LONG_": -99.286746223999998, "Shape__Are": 265.966796875, "Shape__Len": 202.652476476, "Colonia": "Bosque Esmeralda", "Identifica": 253, "m2_1": 234.779 }, "geometry": { "type": "MultiPolygon", "coordinates": [ [ [ [ -99.286214688078132, 19.549350026237857, 0.0 ], [ -99.2862320736931, 19.549355624995382, 0.0 ], [ -99.2862624248515, 19.549365349152922, 0.0 ], [ -99.286290418638345, 19.549370358567426, 0.0 ], [ -99.286319591111877, 19.549368295867328, 0.0 ], [ -99.286344343513122, 19.549363581124339, 0.0 ], [ -99.286362613142146, 19.549352088937972, 0.0 ], [ -99.286377936057178, 19.549342364780419, 0.0 ], [ -99.286395321672089, 19.549353856966562, 0.0 ], [ -99.286438049031602, 19.549390396225633, 0.0 ], [ -99.286456613332291, 19.549398941697493, 0.0 ], [ -99.286469284204998, 19.549402183083355, 0.0 ], [ -99.286468989533347, 19.549409549869548, 0.0 ], [ -99.28639296430056, 19.549396289654482, 0.0 ], [ -99.286348763584556, 19.549389217539925, 0.0 ], [ -99.286265371565435, 19.549389806882775, 0.0 ], [ -99.286189641005294, 19.549388922868374, 0.0 ], [ -99.28618522093295, 19.549385828818192, 0.0 ], [ -99.286184484255088, 19.549383913453877, 0.0 ], [ -99.28618536826923, 19.549380230060823, 0.0 ], [ -99.286202901219497, 19.549361076417064, 0.0 ], [ -99.286214688078132, 19.549350026237857, 0.0 ] ] ], [ [ [ -99.286479439114004, 19.549456601368256, 0.0 ], [ -99.286710555300559, 19.549503572795793, 0.0 ], [ -99.286791819713798, 19.549524272565126, 0.0 ], [ -99.286855128733194, 19.549556993146251, 0.0 ], [ -99.286906456717659, 19.549591626262817, 0.0 ], [ -99.286971798895863, 19.549644541182616, 0.0 ], [ -99.287013132665578, 19.549675087507421, 0.0 ], [ -99.287011810550311, 19.549680454598477, 0.0 ], [ -99.287006823740739, 19.549684249574739, 0.0 ], [ -99.286914180920249, 19.54962980009951, 0.0 ], [ -99.286798227341023, 19.549570969364851, 0.0 ], [ -99.286636982716445, 19.549502742806009, 0.0 ], [ -99.286577690291068, 19.549482323693788, 0.0 ], [ -99.286479439114004, 19.549456601368256, 0.0 ] ] ] ] } },
{ "type": "Feature", "properties": { "ETAPA": "PRIMERA", "tipo": "Camellon", "M2": 1049.66, "ha": 0.1048846363, "Donantes": null, "LAT": 19.552128134, "LONG_": -99.29003598, "Shape__Are": 1188.23828125, "Shape__Len": 247.73413378699999, "Colonia": "Bosque Esmeralda", "Identifica": 268, "m2_1": 1048.85 }, "geometry": { "type": "MultiPolygon", "coordinates": [ [ [ [ -99.290066753342217, 19.551959520337711, 0.0 ], [ -99.290112192432588, 19.551951614035566, 0.0 ], [ -99.290160411262576, 19.551958064935825, 0.0 ], [ -99.29021379788027, 19.551992747396547, 0.0 ], [ -99.289960102322567, 19.552389632871439, 0.0 ], [ -99.289934407627285, 19.55241662351067, 0.0 ], [ -99.289929314688038, 19.552125565479141, 0.0 ], [ -99.289933374915023, 19.552085082013519, 0.0 ], [ -99.289959437475844, 19.552024978128035, 0.0 ], [ -99.290010319400139, 19.551980502822339, 0.0 ], [ -99.290066753342217, 19.551959520337711, 0.0 ] ] ], [ [ [ -99.290012506085475, 19.551907848656835, 0.0 ], [ -99.289963797639501, 19.551935747427262, 0.0 ], [ -99.289931263116841, 19.55196274362611, 0.0 ], [ -99.289901967587582, 19.551991706503998, 0.0 ], [ -99.289883530592519, 19.552019337961042, 0.0 ], [ -99.289871956586097, 19.552038543099844, 0.0 ], [ -99.28986129600105, 19.552071183961605, 0.0 ], [ -99.289852239497165, 19.55215702607342, 0.0 ], [ -99.289840802955467, 19.551923323717268, 0.0 ], [ -99.289845131908052, 19.551786688315836, 0.0 ], [ -99.290011027611243, 19.551883357913791, 0.0 ], [ -99.290042714598641, 19.551899204647093, 0.0 ], [ -99.290012506085475, 19.551907848656835, 0.0 ] ] ] ] } },
{ "type": "Feature", "properties": { "ETAPA": "PRIMERA", "tipo": "Camellon", "M2": 9953.96, "ha": 0.99462194851999997, "Donantes": null, "LAT": 19.549967013, "LONG_": -99.284763901999995, "Shape__Are": 11267.8144531, "Shape__Len": 1820.36038968, "Colonia": "Bosque Esmeralda", "Identifica": 274, "m2_1": 9946.22 }, "geometry": { "type": "MultiPolygon", "coordinates": [ [ [ [ -99.286577922202824, 19.552160483277959, 0.0 ], [ -99.287027830779877, 19.551680624108972, 0.0 ], [ -99.287199882008863, 19.551472067417521, 0.0 ], [ -99.287515357888722, 19.551025110948746, 0.0 ], [ -99.287516119778644, 19.550899019021948, 0.0 ], [ -99.287458727079908, 19.550759009582958, 0.0 ], [ -99.287285022137809, 19.550589297000389, 0.0 ], [ -99.286999774755913, 19.550301142841228, 0.0 ], [ -99.286852763227358, 19.550182757702647, 0.0 ], [ -99.286576631889716, 19.550034689184969, 0.0 ], [ -99.286379455791931, 19.549963083512949, 0.0 ], [ -99.286125181743444, 19.549917720238621, 0.0 ], [ -99.285949803130435, 19.549915195967465, 0.0 ], [ -99.285660175507545, 19.54993526839062, 0.0 ], [ -99.285238588898906, 19.549991975012833, 0.0 ], [ -99.284458372333191, 19.550049245836124, 0.0 ], [ -99.28419431323637, 19.550042189479601, 0.0 ], [ -99.283817808695233, 19.549962457030819, 0.0 ], [ -99.28350430312085, 19.549849934718594, 0.0 ], [ -99.283438955639923, 19.549666038162862, 0.0 ], [ -99.283304936362654, 19.549651304336543, 0.0 ], [ -99.283182648784774, 19.549584247697823, 0.0 ], [ -99.283006106164478, 19.549478981759204, 0.0 ], [ -99.282633391582266, 19.549311444335629, 0.0 ], [ -99.282439155894124, 19.549229555662507, 0.0 ], [ -99.282211386480881, 19.549127171047715, 0.0 ], [ -99.282044789886058, 19.549075126943915, 0.0 ], [ -99.281890016279277, 19.549023064233548, 0.0 ], [ -99.281927382411396, 19.548980975650643, 0.0 ], [ -99.282005273167442, 19.549013544260909, 0.0 ], [ -99.282734860117756, 19.549304747488772, 0.0 ], [ -99.283839167248743, 19.549781226373771, 0.0 ], [ -99.284205884341205, 19.549898334409676, 0.0 ], [ -99.284566520180604, 19.549918314694974, 0.0 ], [ -99.284925115107811, 19.549898135239651, 0.0 ], [ -99.28523493619528, 19.549875697091732, 0.0 ], [ -99.285406838487205, 19.549862349456941, 0.0 ], [ -99.285625038223202, 19.549843791419541, 0.0 ], [ -99.285868355892049, 19.549821924346187, 0.0 ], [ -99.286124522831869, 19.549823386728104, 0.0 ], [ -99.286298957286817, 19.549849262464331, 0.0 ], [ -99.286513849492394, 19.549910566064451, 0.0 ], [ -99.286671619054374, 19.549984102151765, 0.0 ], [ -99.287085820375026, 19.550208539556944, 0.0 ], [ -99.287278285739774, 19.550401572639835, 0.0 ], [ -99.287502332483257, 19.550624443409003, 0.0 ], [ -99.287573421039696, 19.550709324716497, 0.0 ], [ -99.287627823307034, 19.550829724770182, 0.0 ], [ -99.28763782312997, 19.550912835315348, 0.0 ], [ -99.287637934030599, 19.550975413492697, 0.0 ], [ -99.28763015960412, 19.551036136217203, 0.0 ], [ -99.287596824880978, 19.551128655824282, 0.0 ], [ -99.287484827033978, 19.551310031156664, 0.0 ], [ -99.287335395868922, 19.551495201999515, 0.0 ], [ -99.287152591252649, 19.551751410182682, 0.0 ], [ -99.286876234430679, 19.552034852961057, 0.0 ], [ -99.286714965597383, 19.552212570052692, 0.0 ], [ -99.286639098985574, 19.55221175647711, 0.0 ], [ -99.286577922202824, 19.552160483277959, 0.0 ] ] ] ] } },
{ "type": "Feature", "properties": { "ETAPA": "PRIMERA", "tipo": "Camellon", "M2": 2668.78, "ha": 0.2666700337, "Donantes": null, "LAT": 19.546896918000002, "LONG_": -99.27850169, "Shape__Are": 3020.91015625, "Shape__Len": 330.67551376900002, "Colonia": "Bosque Esmeralda", "Identifica": 275, "m2_1": 2666.7 }, "geometry": { "type": "MultiPolygon", "coordinates": [ [ [ [ -99.277983362647433, 19.546625453985335, 0.0 ], [ -99.27816272420182, 19.546654599079762, 0.0 ], [ -99.27834259284441, 19.546692149270616, 0.0 ], [ -99.278508193406964, 19.546739995349423, 0.0 ], [ -99.278784250960598, 19.546852584273577, 0.0 ], [ -99.278923312446508, 19.546936430165101, 0.0 ], [ -99.279113711935807, 19.547081841039411, 0.0 ], [ -99.279151194794991, 19.547107468289159, 0.0 ], [ -99.279118684649916, 19.54710891953582, 0.0 ], [ -99.279023069285273, 19.547081047068385, 0.0 ], [ -99.278881646438393, 19.547056514298735, 0.0 ], [ -99.278724980654403, 19.547048350047834, 0.0 ], [ -99.27861553772928, 19.547000417564362, 0.0 ], [ -99.278551012486218, 19.547004720104916, 0.0 ], [ -99.278311272709203, 19.547100358275145, 0.0 ], [ -99.278227635499462, 19.54716306553772, 0.0 ], [ -99.27823535405345, 19.547067785009506, 0.0 ], [ -99.27822429403875, 19.546937975171947, 0.0 ], [ -99.278172846130047, 19.54681196355638, 0.0 ], [ -99.278095819214684, 19.546707473449651, 0.0 ], [ -99.278034144979117, 19.54665059400125, 0.0 ], [ -99.278009052099321, 19.546668378741703, 0.0 ], [ -99.277983362647433, 19.546625453985335, 0.0 ] ] ] ] } },
{ "type": "Feature", "properties": { "ETAPA": "PRIMERA", "tipo": "Camellon", "M2": 402.97, "ha": 0.04026550174, "Donantes": null, "LAT": 19.5571247, "LONG_": -99.296707667999996, "Shape__Are": 456.193359375, "Shape__Len": 433.04185462300001, "Colonia": "Plazas del Condado", "Identifica": 45, "m2_1": 402.655 }, "geometry": { "type": "MultiPolygon", "coordinates": [ [ [ [ -99.2964677053195, 19.556269373517324, 0.0 ], [ -99.296469317338151, 19.556269431800061, 0.0 ], [ -99.296470895913487, 19.556269746887825, 0.0 ], [ -99.296472395851183, 19.556270309759217, 0.0 ], [ -99.296473774207286, 19.556271104299054, 0.0 ], [ -99.296474991517059, 19.556272107759192, 0.0 ], [ -99.296476012929375, 19.556273291409905, 0.0 ], [ -99.296476809200485, 19.556274621362455, 0.0 ], [ -99.296477357532169, 19.556276059539478, 0.0 ], [ -99.296794707605784, 19.557397362125098, 0.0 ], [ -99.296794759432274, 19.557397551817811, 0.0 ], [ -99.296956545449021, 19.558023310489361, 0.0 ], [ -99.296956798783839, 19.558024867326779, 0.0 ], [ -99.29695676309467, 19.558026442213716, 0.0 ], [ -99.296956439467607, 19.558027987302502, 0.0 ], [ -99.296955837733805, 19.558029455650821, 0.0 ], [ -99.29695497617395, 19.558030802647945, 0.0 ], [ -99.296953880965944, 19.558031987370043, 0.0 ], [ -99.296952585381476, 19.558032973823149, 0.0 ], [ -99.296951128783959, 19.558033732037263, 0.0 ], [ -99.29694955542783, 19.558034238976678, 0.0 ], [ -99.296947913111651, 19.558034479239783, 0.0 ], [ -99.296946251734099, 19.558034445526811, 0.0 ], [ -99.296944621769796, 19.558034138862283, 0.0 ], [ -99.296943072739154, 19.558033568563001, 0.0 ], [ -99.296941651704088, 19.558032751955743, 0.0 ], [ -99.296940401839407, 19.558031713850042, 0.0 ], [ -99.296939361116003, 19.558030485785554, 0.0 ], [ -99.29693856115459, 19.558029105072517, 0.0 ], [ -99.296938026258147, 19.55802761365949, 0.0 ], [ -99.296776259513834, 19.557401930850386, 0.0 ], [ -99.296458942178447, 19.556280742044631, 0.0 ], [ -99.296458664024954, 19.556279300110109, 0.0 ], [ -99.29645863544421, 19.556277834515935, 0.0 ], [ -99.296458857187929, 19.55627638382126, 0.0 ], [ -99.29645932342163, 19.55627498619312, 0.0 ], [ -99.296460021880648, 19.556273678402196, 0.0 ], [ -99.296460934187166, 19.556272494856188, 0.0 ], [ -99.296462036339179, 19.556271466693413, 0.0 ], [ -99.296463299339948, 19.556270620964391, 0.0 ], [ -99.296464689960757, 19.55626997991974, 0.0 ], [ -99.296466171614128, 19.556269560425179, 0.0 ], [ -99.2964677053195, 19.556269373517324, 0.0 ] ] ] ] } },
{ "type": "Feature", "properties": { "ETAPA": "PRIMERA", "tipo": "Camellon", "M2": 480.21, "ha": 0.04798390756, "Donantes": null, "LAT": 19.559254579000001, "LONG_": -99.297283244, "Shape__Are": 543.662109375, "Shape__Len": 515.42516952799997, "Colonia": "Plazas del Condado", "Identifica": 46, "m2_1": 479.839 }, "geometry": { "type": "MultiPolygon", "coordinates": [ [ [ [ -99.29698921145814, 19.558205104590314, 0.0 ], [ -99.296990825441426, 19.55820516307049, 0.0 ], [ -99.296992405847547, 19.558205478986014, 0.0 ], [ -99.296993907312356, 19.558206043269294, 0.0 ], [ -99.296995286741065, 19.558206839723276, 0.0 ], [ -99.296996504537674, 19.558207845487413, 0.0 ], [ -99.296997525748779, 19.558209031692861, 0.0 ], [ -99.296998321061395, 19.558210364291742, 0.0 ], [ -99.296998867647631, 19.558211805034233, 0.0 ], [ -99.297375237835851, 19.559550925599932, 0.0 ], [ -99.297546297439723, 19.560135464800627, 0.0 ], [ -99.297546421286881, 19.560135936329946, 0.0 ], [ -99.297583077892767, 19.560293673424599, 0.0 ], [ -99.297583292419418, 19.560295235488105, 0.0 ], [ -99.297583217550226, 19.560296809133412, 0.0 ], [ -99.297582855557906, 19.560298346549978, 0.0 ], [ -99.29758221744234, 19.56029980102798, 0.0 ], [ -99.297581322590077, 19.560301128377947, 0.0 ], [ -99.297580198187688, 19.560302288271949, 0.0 ], [ -99.297578878398127, 19.560303245470603, 0.0 ], [ -99.297577403317746, 19.560303970892051, 0.0 ], [ -99.29757581776343, 19.560304442496559, 0.0 ], [ -99.29757416990644, 19.560304645956059, 0.0 ], [ -99.297572509812596, 19.5603045750889, 0.0 ], [ -99.29757088791871, 19.560304232048299, 0.0 ], [ -99.297569353501004, 19.560303627256307, 0.0 ], [ -99.297567953178387, 19.560302779087927, 0.0 ], [ -99.297566729494179, 19.560301713312022, 0.0 ], [ -99.297565719627954, 19.560300462308778, 0.0 ], [ -99.297564954259698, 19.560299064086287, 0.0 ], [ -99.297564456644253, 19.560297561125331, 0.0 ], [ -99.297527854826654, 19.560140058899471, 0.0 ], [ -99.297356862440083, 19.559555750014521, 0.0 ], [ -99.297356837491193, 19.559555661492684, 0.0 ], [ -99.2969804444121, 19.558216458688204, 0.0 ], [ -99.296980168850297, 19.55821501768488, 0.0 ], [ -99.296980142447893, 19.558213553410958, 0.0 ], [ -99.296980365896644, 19.558212104322127, 0.0 ], [ -99.296980833327837, 19.558210708475091, 0.0 ], [ -99.29698153246683, 19.558209402528419, 0.0 ], [ -99.296982444952164, 19.558208220779612, 0.0 ], [ -99.2969835468203, 19.558207194264096, 0.0 ], [ -99.296984809131132, 19.558206349941109, 0.0 ], [ -99.296986198735041, 19.558205709984723, 0.0 ], [ -99.296987679137047, 19.558205291201684, 0.0 ], [ -99.29698921145814, 19.558205104590314, 0.0 ] ] ] ] } },
{ "type": "Feature", "properties": { "ETAPA": "PRIMERA", "tipo": "Camellon", "M2": 34.07, "ha": 0.00340395741, "Donantes": null, "LAT": 19.560832882, "LONG_": -99.297725280999998, "Shape__Are": 38.576171875, "Shape__Len": 39.6717932034, "Colonia": "Plazas del Condado", "Identifica": 47, "m2_1": 34.0396 }, "geometry": { "type": "MultiPolygon", "coordinates": [ [ [ [ -99.297707730584776, 19.560755926519818, 0.0 ], [ -99.297709375463796, 19.56075598871627, 0.0 ], [ -99.297710984541453, 19.560756318181316, 0.0 ], [ -99.297712509854705, 19.560756905093875, 0.0 ], [ -99.29771390593551, 19.560757731959498, 0.0 ], [ -99.297715131171046, 19.560758774130775, 0.0 ], [ -99.29771614903774, 19.560760000542405, 0.0 ], [ -99.297716929196696, 19.560761374637522, 0.0 ], [ -99.297717448390614, 19.56076285545679, 0.0 ], [ -99.297751660810846, 19.5608987160611, 0.0 ], [ -99.29775190421833, 19.560900274311834, 0.0 ], [ -99.29775185848689, 19.560901848955744, 0.0 ], [ -99.297751525004443, 19.56090339215152, 0.0 ], [ -99.297750913904778, 19.560904857013515, 0.0 ], [ -99.29775004375351, 19.560906199036037, 0.0 ], [ -99.297748940987077, 19.560907377445421, 0.0 ], [ -99.297747639111691, 19.560908356438837, 0.0 ], [ -99.297746177679414, 19.56090910627244, 0.0 ], [ -99.297744601092987, 19.560909604164692, 0.0 ], [ -99.297742957252382, 19.56090983498818, 0.0 ], [ -99.297741296101222, 19.560909791730346, 0.0 ], [ -99.29773966810869, 19.560909475705181, 0.0 ], [ -99.297738122737769, 19.560908896514327, 0.0 ], [ -99.297736706938096, 19.560908071754913, 0.0 ], [ -99.297735463727221, 19.560907026485076, 0.0 ], [ -99.297734430874883, 19.560905792462293, 0.0 ], [ -99.297733639762711, 19.560904407178846, 0.0 ], [ -99.297733114426137, 19.560902912722973, 0.0 ], [ -99.297698902020258, 19.560767052114908, 0.0 ], [ -99.297698667979503, 19.560765626139521, 0.0 ], [ -99.297698676367105, 19.560764183031438, 0.0 ], [ -99.297698926969218, 19.560762759587057, 0.0 ], [ -99.297699413394326, 19.560761392101909, 0.0 ], [ -99.297700123241285, 19.560760115444349, 0.0 ], [ -99.29770103840896, 19.560758962166773, 0.0 ], [ -99.297702135562773, 19.560757961675776, 0.0 ], [ -99.297703386727306, 19.560757139482003, 0.0 ], [ -99.297704759999817, 19.560756516549954, 0.0 ], [ -99.297706220364063, 19.560756108763211, 0.0 ], [ -99.297707730584776, 19.560755926519818, 0.0 ] ] ] ] } },
{ "type": "Feature", "properties": { "ETAPA": "PRIMERA", "tipo": "Camellon", "M2": 1178.71, "ha": 0.11777907067, "Donantes": null, "LAT": 19.56261396, "LONG_": -99.297817695000006, "Shape__Are": 1334.4707031200001, "Shape__Len": 634.66473936600005, "Colonia": "Plazas del Condado", "Identifica": 48, "m2_1": 1177.79 }, "geometry": { "type": "MultiPolygon", "coordinates": [ [ [ [ -99.297881845007652, 19.561458126079589, 0.0 ], [ -99.297884926908253, 19.561457847544244, 0.0 ], [ -99.297888015735651, 19.56145804547468, 0.0 ], [ -99.297891030050621, 19.561458714652296, 0.0 ], [ -99.297893890380792, 19.561459837434153, 0.0 ], [ -99.29789652131268, 19.561461384217633, 0.0 ], [ -99.297898853480206, 19.56146331422115, 0.0 ], [ -99.297900825394535, 19.561465576559634, 0.0 ], [ -99.297902385066621, 19.561468111585338, 0.0 ], [ -99.297903491373319, 19.561470852461756, 0.0 ], [ -99.297991469838109, 19.561756388735585, 0.0 ], [ -99.297991752010589, 19.561757415780711, 0.0 ], [ -99.298050402606762, 19.561999839543759, 0.0 ], [ -99.298050589158095, 19.562000710405929, 0.0 ], [ -99.29805073574785, 19.562001624711861, 0.0 ], [ -99.298065399357895, 19.562112155068739, 0.0 ], [ -99.298065548355169, 19.562114378837087, 0.0 ], [ -99.298065440404656, 19.562116333726003, 0.0 ], [ -99.298053221803116, 19.562224561549044, 0.0 ], [ -99.298053045701849, 19.562225745691379, 0.0 ], [ -99.298052828284398, 19.562226755487007, 0.0 ], [ -99.298028391669718, 19.562325772148938, 0.0 ], [ -99.298027754750734, 19.562327806533325, 0.0 ], [ -99.298027251649287, 19.562328992119181, 0.0 ], [ -99.297951259926364, 19.562491157017075, 0.0 ], [ -99.297950363980803, 19.562492829443567, 0.0 ], [ -99.297948426808802, 19.562495453380997, 0.0 ], [ -99.297767552016296, 19.562698131702092, 0.0 ], [ -99.297766103669758, 19.562699584535277, 0.0 ], [ -99.297612953539669, 19.56283702289641, 0.0 ], [ -99.297506286691672, 19.562958093462758, 0.0 ], [ -99.29738437058694, 19.563102005793716, 0.0 ], [ -99.297297889898516, 19.563235554754456, 0.0 ], [ -99.297235380167734, 19.563385074213482, 0.0 ], [ -99.297147647019386, 19.563699484229932, 0.0 ], [ -99.297110942252985, 19.563821691006815, 0.0 ], [ -99.297109756983502, 19.563824634358767, 0.0 ], [ -99.297108050526703, 19.563827337897351, 0.0 ], [ -99.297105874731642, 19.563829719477738, 0.0 ], [ -99.297103295709775, 19.563831706737201, 0.0 ], [ -99.297100391822056, 19.563833239294468, 0.0 ], [ -99.297097251301054, 19.563834270584039, 0.0 ], [ -99.297093969568479, 19.563834769270688, 0.0 ], [ -99.29709064633731, 19.563834720202379, 0.0 ], [ -99.29708738258276, 19.56383412486981, 0.0 ], [ -99.297084277470617, 19.563833001362063, 0.0 ], [ -99.297081425347429, 19.56383138381565, 0.0 ], [ -99.297078912872777, 19.563829321379018, 0.0 ], [ -99.29707681638638, 19.563826876717261, 0.0 ], [ -99.297075199589486, 19.563824124109917, 0.0 ], [ -99.297074111605738, 19.563821147192868, 0.0 ], [ -99.297073585493024, 19.56381803641754, 0.0 ], [ -99.297073637236892, 19.563814886302413, 0.0 ], [ -99.297074265266176, 19.563811792561324, 0.0 ], [ -99.297110874361039, 19.563689909474864, 0.0 ], [ -99.297198803628675, 19.563374793359845, 0.0 ], [ -99.297199308014768, 19.563373263463252, 0.0 ], [ -99.297199511104949, 19.563372756151292, 0.0 ], [ -99.297263048848933, 19.563220776937907, 0.0 ], [ -99.29726424482547, 19.563218426243129, 0.0 ], [ -99.297264524298527, 19.563217981160829, 0.0 ], [ -99.297352501359242, 19.563082120788334, 0.0 ], [ -99.297353884134125, 19.563080258688831, 0.0 ], [ -99.297476761071565, 19.562935215165268, 0.0 ], [ -99.297584406894515, 19.56281303235048, 0.0 ], [ -99.29758592945268, 19.562811496255744, 0.0 ], [ -99.297739123363996, 19.562674018082088, 0.0 ], [ -99.297917515010028, 19.562474121871276, 0.0 ], [ -99.297991671116392, 19.56231587486069, 0.0 ], [ -99.298015428298356, 19.562219610198539, 0.0 ], [ -99.298027285752042, 19.5621145775659, 0.0 ], [ -99.298013019493766, 19.562007038711954, 0.0 ], [ -99.297954707101624, 19.561766014214772, 0.0 ], [ -99.297866885981279, 19.561480987351917, 0.0 ], [ -99.297866250022594, 19.561478017348964, 0.0 ], [ -99.297866146520477, 19.561474988371078, 0.0 ], [ -99.297866578385552, 19.561471985581342, 0.0 ], [ -99.297867533475241, 19.561469093406636, 0.0 ], [ -99.297868984936258, 19.561466393163606, 0.0 ], [ -99.297870891958979, 19.561463960772613, 0.0 ], [ -99.297873200924826, 19.561461864623155, 0.0 ], [ -99.297875846916085, 19.561460163650526, 0.0 ], [ -99.297878755536146, 19.561458905679601, 0.0 ], [ -99.297881845007652, 19.561458126079589, 0.0 ] ] ] ] } },
{ "type": "Feature", "properties": { "ETAPA": "PRIMERA", "tipo": "Camellon", "M2": 376.14, "ha": 0.03758453271, "Donantes": null, "LAT": 19.564562848000001, "LONG_": -99.29678598, "Shape__Are": 425.869140625, "Shape__Len": 207.033847743, "Colonia": "Plazas del Condado", "Identifica": 49, "m2_1": 375.845 }, "geometry": { "type": "MultiPolygon", "coordinates": [ [ [ [ -99.29699515580441, 19.564137682505287, 0.0 ], [ -99.296998256702494, 19.564137403801997, 0.0 ], [ -99.297001364095479, 19.564137607396159, 0.0 ], [ -99.297004395053463, 19.564138287854121, 0.0 ], [ -99.297007268687679, 19.564139427016162, 0.0 ], [ -99.297009908308112, 19.564140994480905, 0.0 ], [ -99.297012243470633, 19.564142948416713, 0.0 ], [ -99.297014211855455, 19.56414523667792, 0.0 ], [ -99.29701576093008, 19.564147798196302, 0.0 ], [ -99.297016849354051, 19.564150564611552, 0.0 ], [ -99.29701744808122, 19.564153462094733, 0.0 ], [ -99.297017541131368, 19.564156413319282, 0.0 ], [ -99.297017126022553, 19.564159339524505, 0.0 ], [ -99.297016213831895, 19.564162162616949, 0.0 ], [ -99.296969727119119, 19.564272818054121, 0.0 ], [ -99.296923242398719, 19.564378867299485, 0.0 ], [ -99.296922095683101, 19.564381053436783, 0.0 ], [ -99.296738740175869, 19.564673607197005, 0.0 ], [ -99.296737987129873, 19.564674713664061, 0.0 ], [ -99.296588913820372, 19.564877352072045, 0.0 ], [ -99.296586905458682, 19.564879651345173, 0.0 ], [ -99.296584525231339, 19.564881605905892, 0.0 ], [ -99.296581838067567, 19.564883162435617, 0.0 ], [ -99.29657891727085, 19.564884278474455, 0.0 ], [ -99.296575842516461, 19.564884923577868, 0.0 ], [ -99.296572697679935, 19.564885080148233, 0.0 ], [ -99.296569568549515, 19.564884743914359, 0.0 ], [ -99.296566540485003, 19.564883924048466, 0.0 ], [ -99.296563696087333, 19.564882642915634, 0.0 ], [ -99.296561112949419, 19.564880935463641, 0.0 ], [ -99.296558861535075, 19.564878848269657, 0.0 ], [ -99.296557003262123, 19.564876438270293, 0.0 ], [ -99.296555588819743, 19.564873771207367, 0.0 ], [ -99.29655465679518, 19.564870919835368, 0.0 ], [ -99.296554232610703, 19.564867961936667, 0.0 ], [ -99.296554327838422, 19.564864978199253, 0.0 ], [ -99.29655493988038, 19.564862050016121, 0.0 ], [ -99.296556052040543, 19.56485925726458, 0.0 ], [ -99.296557633981834, 19.56485667612802, 0.0 ], [ -99.296706305036494, 19.56465458514683, 0.0 ], [ -99.29688854743678, 19.564363807219117, 0.0 ], [ -99.296934413171215, 19.564259173296296, 0.0 ], [ -99.296980785044283, 19.564148790071428, 0.0 ], [ -99.296982226248318, 19.564146056838332, 0.0 ], [ -99.296984132662885, 19.564143592847973, 0.0 ], [ -99.296986449780945, 19.564141468548616, 0.0 ], [ -99.296989111354378, 19.564139744676378, 0.0 ], [ -99.296992041285094, 19.564138470518838, 0.0 ], [ -99.29699515580441, 19.564137682505287, 0.0 ] ] ] ] } },
{ "type": "Feature", "properties": { "ETAPA": "PRIMERA", "tipo": "Camellon", "M2": 290.19, "ha": 0.02899627689, "Donantes": null, "LAT": 19.561178995, "LONG_": -99.297302419000005, "Shape__Are": 328.53125, "Shape__Len": 125.73049801099999, "Colonia": "Plazas del Condado", "Identifica": 156, "m2_1": 289.963 }, "geometry": { "type": "MultiPolygon", "coordinates": [ [ [ [ -99.297399926477354, 19.561075225575731, 0.0 ], [ -99.297375627541186, 19.561105389771736, 0.0 ], [ -99.297354261236123, 19.561143513963955, 0.0 ], [ -99.297338760190527, 19.561190017099516, 0.0 ], [ -99.297332894930136, 19.561220181295525, 0.0 ], [ -99.297338341243247, 19.56128428021206, 0.0 ], [ -99.297355659441422, 19.561338356789051, 0.0 ], [ -99.297390631427646, 19.561387714922255, 0.0 ], [ -99.297419629118664, 19.561419097014848, 0.0 ], [ -99.29745839428611, 19.561446647822912, 0.0 ], [ -99.297431559431956, 19.561445056957986, 0.0 ], [ -99.297383587537169, 19.561399071735799, 0.0 ], [ -99.297318650726481, 19.561298524415761, 0.0 ], [ -99.297258927494241, 19.561213855858902, 0.0 ], [ -99.297184508190497, 19.561128076689119, 0.0 ], [ -99.297195604919338, 19.561117521240799, 0.0 ], [ -99.297230462347883, 19.561098058196336, 0.0 ], [ -99.297293513896605, 19.561078158205845, 0.0 ], [ -99.297356565445341, 19.561072083471949, 0.0 ], [ -99.297399926477354, 19.561075225575731, 0.0 ] ] ] ] } },
{ "type": "Feature", "properties": { "ETAPA": "PRIMERA", "tipo": "Camellon", "M2": 1029.9, "ha": 0.10290962094, "Donantes": null, "LAT": 19.561231372000002, "LONG_": -99.297574514000004, "Shape__Are": 1165.984375, "Shape__Len": 124.533249856, "Colonia": "Plazas del Condado", "Identifica": 157, "m2_1": 1029.1 }, "geometry": { "type": "MultiPolygon", "coordinates": [ [ [ [ -99.297702436966404, 19.561063636900279, 0.0 ], [ -99.29772173057242, 19.561133368482519, 0.0 ], [ -99.297732977318987, 19.561204566737658, 0.0 ], [ -99.297727686981304, 19.561245997480626, 0.0 ], [ -99.297715683682597, 19.561284714161232, 0.0 ], [ -99.297694694218976, 19.561335254568348, 0.0 ], [ -99.297668691014351, 19.561369089092732, 0.0 ], [ -99.297637300095488, 19.56139130526326, 0.0 ], [ -99.297576382799249, 19.561407393134306, 0.0 ], [ -99.297532295238611, 19.561403832292058, 0.0 ], [ -99.297487414400919, 19.561385738704828, 0.0 ], [ -99.297451333759739, 19.561358910181632, 0.0 ], [ -99.297425575570585, 19.561317348927606, 0.0 ], [ -99.297412486005697, 19.561286303978804, 0.0 ], [ -99.297406071759639, 19.561237443830954, 0.0 ], [ -99.297413658718526, 19.56119419255765, 0.0 ], [ -99.297435418206362, 19.561145467668165, 0.0 ], [ -99.297493200957163, 19.561092323204111, 0.0 ], [ -99.297575569582222, 19.561068569631608, 0.0 ], [ -99.297702436966404, 19.561063636900279, 0.0 ] ] ] ] } },
{ "type": "Feature", "properties": { "ETAPA": "PRIMERA", "tipo": "Camellon", "M2": 252.61, "ha": 0.0252412003, "Donantes": null, "LAT": 19.561472775, "LONG_": -99.297719513999994, "Shape__Are": 285.990234375, "Shape__Len": 106.54962910899999, "Colonia": "Plazas del Condado", "Identifica": 158, "m2_1": 252.412 }, "geometry": { "type": "MultiPolygon", "coordinates": [ [ [ [ -99.297771323140253, 19.561340628605993, 0.0 ], [ -99.297794784181818, 19.561438243295935, 0.0 ], [ -99.29782620521938, 19.561545912717843, 0.0 ], [ -99.297831651532491, 19.561571887442181, 0.0 ], [ -99.297770904193882, 19.561536695880122, 0.0 ], [ -99.297702309568237, 19.56151637249728, 0.0 ], [ -99.297634056627558, 19.561503767754083, 0.0 ], [ -99.297563501823163, 19.561490076726091, 0.0 ], [ -99.297505605666259, 19.561481451723644, 0.0 ], [ -99.297495234243542, 19.561469478231356, 0.0 ], [ -99.297500013318597, 19.561462748361631, 0.0 ], [ -99.297561169289139, 19.561472276370392, 0.0 ], [ -99.297607514798429, 19.561470921174987, 0.0 ], [ -99.29767580318665, 19.561452068552398, 0.0 ], [ -99.297726076846345, 19.561420228567751, 0.0 ], [ -99.297771323140253, 19.561340628605993, 0.0 ] ] ] ] } },
{ "type": "Feature", "properties": { "ETAPA": "PRIMERA", "tipo": "Camellon", "M2": 9064.43, "ha": 0.90573938621000005, "Donantes": null, "LAT": 19.559850727000001, "LONG_": -99.29758646000001, "Shape__Are": 10262.3339844, "Shape__Len": 3082.2680977199998, "Colonia": "Plazas del Condado", "Identifica": 183, "m2_1": 9057.39 }, "geometry": { "type": "MultiPolygon", "coordinates": [ [ [ [ -99.298070064993709, 19.56246395703355, 0.0 ], [ -99.29813390446192, 19.562304458489308, 0.0 ], [ -99.298160045459184, 19.562199134763159, 0.0 ], [ -99.298167084355001, 19.56203486870178, 0.0 ], [ -99.298092818843713, 19.56179881657107, 0.0 ], [ -99.298092647127191, 19.561798236676999, 0.0 ], [ -99.297953999283976, 19.561297104389961, 0.0 ], [ -99.297757548904613, 19.560537856576236, 0.0 ], [ -99.297473463975976, 19.559514802695602, 0.0 ], [ -99.29732930781887, 19.55898554111058, 0.0 ], [ -99.297094083907822, 19.55812806661055, 0.0 ], [ -99.29679776238352, 19.557053049469626, 0.0 ], [ -99.296611836421661, 19.556398295116075, 0.0 ], [ -99.296611663618151, 19.556397635695944, 0.0 ], [ -99.296556009365148, 19.556167497627136, 0.0 ], [ -99.296449353712006, 19.55582158839167, 0.0 ], [ -99.296389820259662, 19.555689249168772, 0.0 ], [ -99.296291540886244, 19.555544732829709, 0.0 ], [ -99.296171075295689, 19.555383590323977, 0.0 ], [ -99.29600676110266, 19.555201484091388, 0.0 ], [ -99.296004967387162, 19.555199117537271, 0.0 ], [ -99.296003598184853, 19.555196508483604, 0.0 ], [ -99.296002689087075, 19.555193724753661, 0.0 ], [ -99.296002263726763, 19.555190838711418, 0.0 ], [ -99.296002333162008, 19.555187925380487, 0.0 ], [ -99.296002895586412, 19.555185060494033, 0.0 ], [ -99.296003936380814, 19.555182318525741, 0.0 ], [ -99.296005428488797, 19.55517977075375, 0.0 ], [ -99.296007333121963, 19.555177483408613, 0.0 ], [ -99.296009600769835, 19.555175515950285, 0.0 ], [ -99.296012172483003, 19.555173919523867, 0.0 ], [ -99.296014981409741, 19.555172735628648, 0.0 ], [ -99.29601795453064, 19.555171995040581, 0.0 ], [ -99.296021240259805, 19.555171715027395, 0.0 ], [ -99.296024527722764, 19.55517197612431, 0.0 ], [ -99.296027718494628, 19.555172770514165, 0.0 ], [ -99.296030717048566, 19.555174074413753, 0.0 ], [ -99.296033433609708, 19.55517584878573, 0.0 ], [ -99.296035786848108, 19.555178040507364, 0.0 ], [ -99.296200666557539, 19.555360773860684, 0.0 ], [ -99.296201686018748, 19.555362018396515, 0.0 ], [ -99.296322890342452, 19.555524149226091, 0.0 ], [ -99.296323358668403, 19.555524806354175, 0.0 ], [ -99.296422748796019, 19.555670954749882, 0.0 ], [ -99.296423220114221, 19.555671684169322, 0.0 ], [ -99.296424262839082, 19.55567365885873, 0.0 ], [ -99.296484873173782, 19.555808392925762, 0.0 ], [ -99.296485239901159, 19.555809271627709, 0.0 ], [ -99.296485634751122, 19.555810411454182, 0.0 ], [ -99.296592769018559, 19.556157872445514, 0.0 ], [ -99.296593053089211, 19.556158904912667, 0.0 ], [ -99.296648749652817, 19.556389215507718, 0.0 ], [ -99.296834607637379, 19.557043735874771, 0.0 ], [ -99.297130984084731, 19.55811894806331, 0.0 ], [ -99.297366222570957, 19.558976474001131, 0.0 ], [ -99.297510364444776, 19.559505684068441, 0.0 ], [ -99.297794513898509, 19.560528975457061, 0.0 ], [ -99.297990961554262, 19.56128820967848, 0.0 ], [ -99.298129455939957, 19.561788783700969, 0.0 ], [ -99.298204536613127, 19.562027425387601, 0.0 ], [ -99.298205183657018, 19.562030344329148, 0.0 ], [ -99.298205315862987, 19.562033324380533, 0.0 ], [ -99.29819807406561, 19.562202325280598, 0.0 ], [ -99.298197805769377, 19.562204698849222, 0.0 ], [ -99.298197582673623, 19.562205730343358, 0.0 ], [ -99.298170941083058, 19.562313071967658, 0.0 ], [ -99.298170769701528, 19.562313712072811, 0.0 ], [ -99.298119901419966, 19.562489570929422, 0.0 ], [ -99.298119441564324, 19.562490943510738, 0.0 ], [ -99.298118613621298, 19.562492785721993, 0.0 ], [ -99.298100504964935, 19.562562408227539, 0.0 ], [ -99.298044720178652, 19.562712239438838, 0.0 ], [ -99.298013767260429, 19.562787007279958, 0.0 ], [ -99.297998617459754, 19.562826652949951, 0.0 ], [ -99.297984100320932, 19.562859571844868, 0.0 ], [ -99.297966877888555, 19.562894574066032, 0.0 ], [ -99.297947852970381, 19.562931535836277, 0.0 ], [ -99.297933703734827, 19.562954059810952, 0.0 ], [ -99.297888421484018, 19.563023592982177, 0.0 ], [ -99.297821502235252, 19.563112727598803, 0.0 ], [ -99.297733956421581, 19.563209722515865, 0.0 ], [ -99.297653604288826, 19.563290074635081, 0.0 ], [ -99.297593919879986, 19.563385066964521, 0.0 ], [ -99.297527095433097, 19.563526050571667, 0.0 ], [ -99.297465463396748, 19.563684634777761, 0.0 ], [ -99.297372991801481, 19.563909793341725, 0.0 ], [ -99.297228555670969, 19.564219170181531, 0.0 ], [ -99.297198236595932, 19.564288189393405, 0.0 ], [ -99.297098801734833, 19.564445001417003, 0.0 ], [ -99.297090374130718, 19.564456131727145, 0.0 ], [ -99.296993763638497, 19.564583724750243, 0.0 ], [ -99.296993297982411, 19.564584541560567, 0.0 ], [ -99.296992838816607, 19.564585258049043, 0.0 ], [ -99.296895913661658, 19.564729150610809, 0.0 ], [ -99.296895024471397, 19.564730359420984, 0.0 ], [ -99.296730244116546, 19.564935922858307, 0.0 ], [ -99.296729693312741, 19.564936578044907, 0.0 ], [ -99.296586718850776, 19.565098748529174, 0.0 ], [ -99.296585247657404, 19.565100237538509, 0.0 ], [ -99.296408228660397, 19.565260228057518, 0.0 ], [ -99.296182135662534, 19.565458041202621, 0.0 ], [ -99.296102920879576, 19.565534967877834, 0.0 ], [ -99.29601727932365, 19.565629141391483, 0.0 ], [ -99.295936368663376, 19.565763726140396, 0.0 ], [ -99.295859492389113, 19.565935837746984, 0.0 ], [ -99.295816521293361, 19.566050609811651, 0.0 ], [ -99.295794160570338, 19.566155065753694, 0.0 ], [ -99.295791796170363, 19.566283117147023, 0.0 ], [ -99.295796585628167, 19.566415697922885, 0.0 ], [ -99.295866527855225, 19.566711058078479, 0.0 ], [ -99.295919617235683, 19.56693373567904, 0.0 ], [ -99.295949665091399, 19.567012105250733, 0.0 ], [ -99.296020460389158, 19.567096574858422, 0.0 ], [ -99.296022209092854, 19.567099057461839, 0.0 ], [ -99.296023502854595, 19.56710177903507, 0.0 ], [ -99.296024306385021, 19.567104665339652, 0.0 ], [ -99.296024597764372, 19.567107637643506, 0.0 ], [ -99.296024369045227, 19.567110614869208, 0.0 ], [ -99.296023626465484, 19.567113515804309, 0.0 ], [ -99.296022390281237, 19.56711626131781, 0.0 ], [ -99.296020694214391, 19.567118776518431, 0.0 ], [ -99.296018584528127, 19.567120992797051, 0.0 ], [ -99.296016118770325, 19.567122849698386, 0.0 ], [ -99.296013364201499, 19.56712429657038, 0.0 ], [ -99.296010395960309, 19.567125293945619, 0.0 ], [ -99.296007295013681, 19.567125814617878, 0.0 ], [ -99.296004145948785, 19.567125844384421, 0.0 ], [ -99.296001034664343, 19.567125382433279, 0.0 ], [ -99.295998046029538, 19.567124441365401, 0.0 ], [ -99.295995261568365, 19.567123046850941, 0.0 ], [ -99.295992757234259, 19.567121236929406, 0.0 ], [ -99.295990601339582, 19.567119060971212, 0.0 ], [ -99.295917875051117, 19.567032287363826, 0.0 ], [ -99.29591630752239, 19.567030108394547, 0.0 ], [ -99.295914890317746, 19.567027236942227, 0.0 ], [ -99.295883362450738, 19.566945006460141, 0.0 ], [ -99.295882684413144, 19.566942816995237, 0.0 ], [ -99.295829324149267, 19.566719001161417, 0.0 ], [ -99.295758986141564, 19.566421967981285, 0.0 ], [ -99.295758818813312, 19.5664211784188, 0.0 ], [ -99.29575853481991, 19.566418627729945, 0.0 ], [ -99.295753667085592, 19.566283884519176, 0.0 ], [ -99.295753657117885, 19.566283123617374, 0.0 ], [ -99.29575606216487, 19.566152774040297, 0.0 ], [ -99.295756343089607, 19.566149982944317, 0.0 ], [ -99.295756439447402, 19.5661494965941, 0.0 ], [ -99.295779414657602, 19.566042171295244, 0.0 ], [ -99.295780131894986, 19.566039720180406, 0.0 ], [ -99.295823762401767, 19.565923187532977, 0.0 ], [ -99.295824153462704, 19.565922238907284, 0.0 ], [ -99.295901684922228, 19.565748659530723, 0.0 ], [ -99.29590267773311, 19.565746758318721, 0.0 ], [ -99.295985081635024, 19.565609689566543, 0.0 ], [ -99.295987094021115, 19.565606971541865, 0.0 ], [ -99.296074426335835, 19.565510937254743, 0.0 ], [ -99.296075223760425, 19.565510112673032, 0.0 ], [ -99.296155194188231, 19.56543245367385, 0.0 ], [ -99.296155906115629, 19.565431797320919, 0.0 ], [ -99.296382148551004, 19.565233853829422, 0.0 ], [ -99.296558151020676, 19.565074781360853, 0.0 ], [ -99.296700150307473, 19.564913717730999, 0.0 ], [ -99.296851076518863, 19.564709302120985, 0.0 ], [ -99.296940608060311, 19.564568770560303, 0.0 ], [ -99.297023934602962, 19.564421401150899, 0.0 ], [ -99.297040401277243, 19.564396183143089, 0.0 ], [ -99.297114769536989, 19.564217890081121, 0.0 ], [ -99.297182978228435, 19.563987146443765, 0.0 ], [ -99.297222496940478, 19.563869686837215, 0.0 ], [ -99.297269155649175, 19.563706235934113, 0.0 ], [ -99.29732348107737, 19.56350266258676, 0.0 ], [ -99.297368908717786, 19.563371497181382, 0.0 ], [ -99.297414907468436, 19.563270413174866, 0.0 ], [ -99.297439847061469, 19.563222680547703, 0.0 ], [ -99.297451936339783, 19.563202361153376, 0.0 ], [ -99.297469166989885, 19.563171761262996, 0.0 ], [ -99.297517567122341, 19.563113962511505, 0.0 ], [ -99.297591718461391, 19.563028973806556, 0.0 ], [ -99.297662281365888, 19.562956953303271, 0.0 ], [ -99.297721513306811, 19.56289669091592, 0.0 ], [ -99.297841014486735, 19.562779099235343, 0.0 ], [ -99.297917758629524, 19.562701198706463, 0.0 ], [ -99.298038783888515, 19.562545268919767, 0.0 ], [ -99.298070064993709, 19.56246395703355, 0.0 ] ] ] ] } },
{ "type": "Feature", "properties": { "ETAPA": "PRIMERA", "tipo": "Camellon", "M2": 178.27, "ha": 0.01781361215, "Donantes": "ARVS", "LAT": 19.567297792000002, "LONG_": -99.296303881, "Shape__Are": 201.841796875, "Shape__Len": 98.628714558, "Colonia": "Plazas del Condado", "Identifica": 252, "m2_1": 178.136 }, "geometry": { "type": "MultiPolygon", "coordinates": [ [ [ [ -99.296107287273955, 19.567224574990931, 0.0 ], [ -99.296127324932087, 19.567199527918273, 0.0 ], [ -99.296152372004997, 19.567220449590746, 0.0 ], [ -99.296175061705398, 19.56724166593472, 0.0 ], [ -99.296198635420865, 19.567259051549865, 0.0 ], [ -99.296229575922666, 19.567276437164992, 0.0 ], [ -99.296253149638119, 19.567281446579521, 0.0 ], [ -99.296288215540457, 19.567280857236678, 0.0 ], [ -99.296333300270618, 19.567271133079053, 0.0 ], [ -99.296370723544555, 19.567257578192638, 0.0 ], [ -99.296405494774405, 19.567246675349288, 0.0 ], [ -99.29643393056925, 19.567242697284755, 0.0 ], [ -99.296454852241467, 19.567242549948979, 0.0 ], [ -99.296474889899585, 19.567246970020708, 0.0 ], [ -99.296488739457189, 19.567252126770882, 0.0 ], [ -99.296498905622087, 19.567256841514101, 0.0 ], [ -99.296500268477743, 19.567259051549861, 0.0 ], [ -99.296499826470708, 19.567261850928542, 0.0 ], [ -99.296498426781454, 19.567265386985895, 0.0 ], [ -99.296495406398435, 19.567267597021697, 0.0 ], [ -99.296492680687948, 19.567269807057567, 0.0 ], [ -99.296485387569817, 19.567272532768403, 0.0 ], [ -99.29646255053305, 19.567280120558117, 0.0 ], [ -99.296417539470156, 19.567293086101639, 0.0 ], [ -99.296358310509859, 19.567310398048868, 0.0 ], [ -99.296337830844678, 19.567314081441904, 0.0 ], [ -99.296315288478723, 19.567317175492061, 0.0 ], [ -99.296295250820606, 19.567318796185013, 0.0 ], [ -99.296277423198603, 19.567318943520686, 0.0 ], [ -99.296250018754179, 19.567316291477706, 0.0 ], [ -99.296228360403205, 19.567310545384579, 0.0 ], [ -99.296181949651071, 19.567287855683425, 0.0 ], [ -99.296107287273955, 19.567224574990931, 0.0 ] ] ] ] } },
{ "type": "Feature", "properties": { "ETAPA": "PRIMERA", "tipo": "Camellon", "M2": 458.62, "ha": 0.0458262765, "Donantes": null, "LAT": 19.560988823, "LONG_": -99.297184278000003, "Shape__Are": 519.22265625, "Shape__Len": 184.526295903, "Colonia": "Plazas del Condado", "Identifica": 155, "m2_1": 458.263 }, "geometry": { "type": "MultiPolygon", "coordinates": [ [ [ [ -99.297645878053359, 19.560908462396579, 0.0 ], [ -99.297648144438156, 19.560924712740437, 0.0 ], [ -99.297546760166441, 19.560928413365396, 0.0 ], [ -99.29740512427334, 19.560935713744605, 0.0 ], [ -99.297348079663649, 19.560929094069138, 0.0 ], [ -99.297301456799445, 19.560913976822963, 0.0 ], [ -99.297281312213102, 19.560905529606384, 0.0 ], [ -99.297285224251283, 19.560904463115619, 0.0 ], [ -99.297315624274432, 19.560915366889315, 0.0 ], [ -99.297341544702917, 19.560922744540107, 0.0 ], [ -99.297375839929884, 19.560923394750009, 0.0 ], [ -99.297414223209117, 19.560917324576298, 0.0 ], [ -99.297471959555693, 19.560894615075608, 0.0 ], [ -99.297519239811479, 19.560861675650902, 0.0 ], [ -99.297557932960103, 19.560821330026673, 0.0 ], [ -99.297609057142893, 19.560750222487464, 0.0 ], [ -99.297645878053359, 19.560908462396579, 0.0 ] ] ], [ [ [ -99.297284297058724, 19.561011126659221, 0.0 ], [ -99.297202183414143, 19.561036263489189, 0.0 ], [ -99.297145206599481, 19.561048831904163, 0.0 ], [ -99.29710582556595, 19.561043804538205, 0.0 ], [ -99.297074823475668, 19.561000234032825, 0.0 ], [ -99.297075661370258, 19.560967556153749, 0.0 ], [ -99.297131800290401, 19.560927337225767, 0.0 ], [ -99.297172857112258, 19.560925661437118, 0.0 ], [ -99.297293513896605, 19.56097593509709, 0.0 ], [ -99.297371438069987, 19.561002747715879, 0.0 ], [ -99.297284297058724, 19.561011126659221, 0.0 ] ] ] ] } },
{ "type": "Feature", "properties": { "ETAPA": "PRIMERA", "tipo": "Camellon", "M2": 1228.98, "ha": 0.12280297999000001, "Donantes": null, "LAT": 19.561580523, "LONG_": -99.298280290999998, "Shape__Are": 1391.390625, "Shape__Len": 256.699316393, "Colonia": "Prado Largo", "Identifica": 98, "m2_1": 1228.03 }, "geometry": { "type": "MultiPolygon", "coordinates": [ [ [ [ -99.298257894409247, 19.561746926145492, 0.0 ], [ -99.298158973074621, 19.561449403364787, 0.0 ], [ -99.298189241991395, 19.56144935336949, 0.0 ], [ -99.298302750427425, 19.561449165842085, 0.0 ], [ -99.298355707837288, 19.561441905165466, 0.0 ], [ -99.298435044964492, 19.561377215575742, 0.0 ], [ -99.298484053742371, 19.561280296873623, 0.0 ], [ -99.298487672362953, 19.561190626373815, 0.0 ], [ -99.298426969672434, 19.561101062212913, 0.0 ], [ -99.298358706437071, 19.561015097106065, 0.0 ], [ -99.298642357908847, 19.560950069640707, 0.0 ], [ -99.298612227734225, 19.561025437676893, 0.0 ], [ -99.298601055175894, 19.561122293835965, 0.0 ], [ -99.298589895808476, 19.561226323132942, 0.0 ], [ -99.298529569278472, 19.561341193482697, 0.0 ], [ -99.29847674389849, 19.561420185603883, 0.0 ], [ -99.298389945096872, 19.56154227283437, 0.0 ], [ -99.298257894409247, 19.561746926145492, 0.0 ] ] ] ] } },
{ "type": "Feature", "properties": { "ETAPA": "PRIMERA", "tipo": "Camellon", "M2": 1083.28, "ha": 0.10824386687, "Donantes": null, "LAT": 19.561203892000002, "LONG_": -99.298260060999993, "Shape__Are": 1226.421875, "Shape__Len": 132.551305816, "Colonia": "Prado Largo", "Identifica": 99, "m2_1": 1082.44 }, "geometry": { "type": "MultiPolygon", "coordinates": [ [ [ [ -99.298052401033985, 19.561063513637034, 0.0 ], [ -99.29824976961379, 19.561043203366722, 0.0 ], [ -99.298322255534643, 19.561064884660126, 0.0 ], [ -99.298350070497477, 19.561078373519582, 0.0 ], [ -99.298381347632073, 19.56109857864627, 0.0 ], [ -99.298418226405687, 19.561142483161795, 0.0 ], [ -99.298440158721277, 19.561187865783054, 0.0 ], [ -99.298438325054946, 19.561232924340459, 0.0 ], [ -99.298431113659205, 19.561271814820564, 0.0 ], [ -99.298407815192093, 19.561317272210882, 0.0 ], [ -99.298368786550597, 19.561354943550437, 0.0 ], [ -99.298316510905394, 19.561380282838265, 0.0 ], [ -99.298278956012112, 19.561385613483129, 0.0 ], [ -99.298236875211444, 19.561384259021462, 0.0 ], [ -99.298201679555461, 19.561364485114332, 0.0 ], [ -99.298169805215451, 19.561332199522546, 0.0 ], [ -99.298125570751566, 19.561248701842867, 0.0 ], [ -99.298052401033985, 19.561063513637034, 0.0 ] ] ] ] } },
{ "type": "Feature", "properties": { "ETAPA": "PRIMERA", "tipo": "Camellon", "M2": 947.69, "ha": 0.09469509817000001, "Donantes": null, "LAT": 19.560419799000002, "LONG_": -99.299190491999994, "Shape__Are": 1072.9082031200001, "Shape__Len": 235.06103256200001, "Colonia": "Prado Largo", "Identifica": 154, "m2_1": 946.951 }, "geometry": { "type": "MultiPolygon", "coordinates": [ [ [ [ -99.299286864516702, 19.560207585992924, 0.0 ], [ -99.299334624494421, 19.560210937570339, 0.0 ], [ -99.299369816055858, 19.560240263871997, 0.0 ], [ -99.299380708682023, 19.560285510165997, 0.0 ], [ -99.299340489754798, 19.560378516437012, 0.0 ], [ -99.299255862426477, 19.560477387968472, 0.0 ], [ -99.299143584586261, 19.56055698793018, 0.0 ], [ -99.298970140459218, 19.560675131031285, 0.0 ], [ -99.298817643690001, 19.560769813090996, 0.0 ], [ -99.298703690060535, 19.560828465694399, 0.0 ], [ -99.29861990062679, 19.560856954101727, 0.0 ], [ -99.29877574897354, 19.56076729940807, 0.0 ], [ -99.298923218376075, 19.56063658789191, 0.0 ], [ -99.29899611518276, 19.560563691084941, 0.0 ], [ -99.299266755052628, 19.560218478619284, 0.0 ], [ -99.299286864516702, 19.560207585992924, 0.0 ] ] ] ] } },
{ "type": "Feature", "properties": { "ETAPA": "PRIMERA", "tipo": "Camellon", "M2": 120.08, "ha": 0.01199893246, "Donantes": null, "LAT": 19.559869844000001, "LONG_": -99.299539448000004, "Shape__Are": 135.94921875, "Shape__Len": 173.96111622399999, "Colonia": "Prado Largo", "Identifica": 186, "m2_1": 119.989 }, "geometry": { "type": "MultiPolygon", "coordinates": [ [ [ [ -99.299396644435859, 19.560139719678112, 0.0 ], [ -99.299365103431896, 19.560133700959117, 0.0 ], [ -99.2993478510937, 19.560128592546654, 0.0 ], [ -99.299307458709904, 19.560131461527888, 0.0 ], [ -99.299360104511237, 19.560094481098275, 0.0 ], [ -99.299373355295032, 19.560066906020229, 0.0 ], [ -99.29944217585053, 19.559985066572608, 0.0 ], [ -99.299573895440673, 19.559816260405135, 0.0 ], [ -99.299763124697407, 19.559576841391422, 0.0 ], [ -99.299771386531816, 19.55958219819415, 0.0 ], [ -99.299614233834902, 19.559784203842689, 0.0 ], [ -99.299501680342118, 19.559927293146227, 0.0 ], [ -99.299427710261568, 19.560021750205497, 0.0 ], [ -99.299398975401431, 19.560068031038405, 0.0 ], [ -99.299389916912276, 19.560098167675928, 0.0 ], [ -99.299396644435859, 19.560139719678112, 0.0 ] ] ] ] } },
{ "type": "Feature", "properties": { "ETAPA": "PRIMERA", "tipo": "Camellon", "M2": 18.24, "ha": 0.00182258462, "Donantes": null, "LAT": 19.559294041000001, "LONG_": -99.299977741999996, "Shape__Are": 20.646484375, "Shape__Len": 33.715496957600003, "Colonia": "Prado Largo", "Identifica": 187, "m2_1": 18.2258 }, "geometry": { "type": "MultiPolygon", "coordinates": [ [ [ [ -99.30002040976396, 19.559242274230812, 0.0 ], [ -99.299968820496375, 19.559317547244394, 0.0 ], [ -99.299944252722298, 19.559352613197486, 0.0 ], [ -99.299934390211291, 19.559347492562431, 0.0 ], [ -99.300009561092367, 19.559236688236883, 0.0 ], [ -99.30002040976396, 19.559242274230812, 0.0 ] ] ] ] } },
{ "type": "Feature", "properties": { "ETAPA": "PRIMERA", "tipo": "Camellon", "M2": 10278.63, "ha": 1.02706767709, "Donantes": null, "LAT": 19.55480778, "LONG_": -99.307017527, "Shape__Are": 11636.0351562, "Shape__Len": 3768.8895728799998, "Colonia": "Prado Largo", "Identifica": 188, "m2_1": 10270.7 }, "geometry": { "type": "MultiPolygon", "coordinates": [ [ [ [ -99.300175490228995, 19.55913701851409, 0.0 ], [ -99.300144258524, 19.55916512504702, 0.0 ], [ -99.300140381788708, 19.559186500640763, 0.0 ], [ -99.300124789439238, 19.559208476615183, 0.0 ], [ -99.300135491238095, 19.559134672538999, 0.0 ], [ -99.300157067613313, 19.559080464458891, 0.0 ], [ -99.300299564371841, 19.558879416719286, 0.0 ], [ -99.300476508127701, 19.558657763461323, 0.0 ], [ -99.300548244492475, 19.558554903657871, 0.0 ], [ -99.30070759852633, 19.558412202762433, 0.0 ], [ -99.300764672951942, 19.558372879541192, 0.0 ], [ -99.300901048018787, 19.55832501812521, 0.0 ], [ -99.30096900912379, 19.558311828798335, 0.0 ], [ -99.301134490143923, 19.558285400770032, 0.0 ], [ -99.301299072541568, 19.558305674271836, 0.0 ], [ -99.30165887711685, 19.558397539831823, 0.0 ], [ -99.301953647338678, 19.558486711435393, 0.0 ], [ -99.302104448060859, 19.558513545272277, 0.0 ], [ -99.302224683767136, 19.558529222106216, 0.0 ], [ -99.302348825868435, 19.55852621224756, 0.0 ], [ -99.302471977444114, 19.558520401952414, 0.0 ], [ -99.302673889967593, 19.558480835427552, 0.0 ], [ -99.302824532149685, 19.558422674607904, 0.0 ], [ -99.303028252811174, 19.55829624232971, 0.0 ], [ -99.303536046296387, 19.557964752114341, 0.0 ], [ -99.304000540910295, 19.557663221503191, 0.0 ], [ -99.304302624025823, 19.557448825828935, 0.0 ], [ -99.304551497274389, 19.557232651404764, 0.0 ], [ -99.304898582612523, 19.556848190187736, 0.0 ], [ -99.305194486033088, 19.556492768933349, 0.0 ], [ -99.305469687582089, 19.556132245198889, 0.0 ], [ -99.305798979695567, 19.55571932524818, 0.0 ], [ -99.306127296315935, 19.55531247737521, 0.0 ], [ -99.306236462806197, 19.555206749862752, 0.0 ], [ -99.306392872974556, 19.555074790028048, 0.0 ], [ -99.306627096594454, 19.554930555897268, 0.0 ], [ -99.306916546316785, 19.554813313713538, 0.0 ], [ -99.307223755275928, 19.554709116906114, 0.0 ], [ -99.307565443039067, 19.554602058846676, 0.0 ], [ -99.308188751162376, 19.554406723396681, 0.0 ], [ -99.308668284815695, 19.554251793773041, 0.0 ], [ -99.309328000637052, 19.554033042091568, 0.0 ], [ -99.309879403063178, 19.553849966045497, 0.0 ], [ -99.310173821187661, 19.553756994242718, 0.0 ], [ -99.310548950343417, 19.553621853027245, 0.0 ], [ -99.310727152874307, 19.553553364234887, 0.0 ], [ -99.310908285996305, 19.553471794173984, 0.0 ], [ -99.311230078853441, 19.553268561119665, 0.0 ], [ -99.31148491430227, 19.553086925078766, 0.0 ], [ -99.311991604358923, 19.55271151503214, 0.0 ], [ -99.312532756296235, 19.552325769903057, 0.0 ], [ -99.31304535486808, 19.551951280704731, 0.0 ], [ -99.313478275463169, 19.551644176633982, 0.0 ], [ -99.313853042902394, 19.55132596456103, 0.0 ], [ -99.313878610669391, 19.551300702033309, 0.0 ], [ -99.313911685231389, 19.551336136681062, 0.0 ], [ -99.313830047518721, 19.55140772982617, 0.0 ], [ -99.313751851797264, 19.551476047942899, 0.0 ], [ -99.313629892579641, 19.551586005185293, 0.0 ], [ -99.31343165810479, 19.551738591895752, 0.0 ], [ -99.313170928957618, 19.551927245905233, 0.0 ], [ -99.312741981347813, 19.552251621430138, 0.0 ], [ -99.312329733790122, 19.552551215971853, 0.0 ], [ -99.311987328695324, 19.552793714724384, 0.0 ], [ -99.311639028937336, 19.553045563040502, 0.0 ], [ -99.311306472603007, 19.553287109514123, 0.0 ], [ -99.3111401591446, 19.553389669516637, 0.0 ], [ -99.310927572027722, 19.55351005511141, 0.0 ], [ -99.310764179912169, 19.553594863674892, 0.0 ], [ -99.310559910702594, 19.553685813416884, 0.0 ], [ -99.310211359512422, 19.553808299954614, 0.0 ], [ -99.30983472231172, 19.553928032004229, 0.0 ], [ -99.309293156234929, 19.55410268503736, 0.0 ], [ -99.308228742439468, 19.554452888316835, 0.0 ], [ -99.307589676917445, 19.554651986761016, 0.0 ], [ -99.307055984568706, 19.554824751708793, 0.0 ], [ -99.30679602163417, 19.55490411687337, 0.0 ], [ -99.306624741067182, 19.554987534117526, 0.0 ], [ -99.306333954845712, 19.555179965395805, 0.0 ], [ -99.306203150256181, 19.55530581073771, 0.0 ], [ -99.305981943904754, 19.555561168694521, 0.0 ], [ -99.305699864211675, 19.555930577886389, 0.0 ], [ -99.305445262137965, 19.556242031937789, 0.0 ], [ -99.305277179563518, 19.55645526900101, 0.0 ], [ -99.305128779407511, 19.556656330602149, 0.0 ], [ -99.304991146804326, 19.556820013752308, 0.0 ], [ -99.304760113446918, 19.557091264875407, 0.0 ], [ -99.304683434679035, 19.557183860631593, 0.0 ], [ -99.304524095025471, 19.557331701995693, 0.0 ], [ -99.304275156781131, 19.557513318361522, 0.0 ], [ -99.304022269812265, 19.557691205022135, 0.0 ], [ -99.303404272086908, 19.558101338112408, 0.0 ], [ -99.303087886697838, 19.558308751279736, 0.0 ], [ -99.302909759339769, 19.558422064639021, 0.0 ], [ -99.302805410406606, 19.558471741863251, 0.0 ], [ -99.302681358971398, 19.558523320066165, 0.0 ], [ -99.302388847871455, 19.558589190459823, 0.0 ], [ -99.302245974647818, 19.558586627683219, 0.0 ], [ -99.30202522648392, 19.558564581007406, 0.0 ], [ -99.301572749701663, 19.558443916890205, 0.0 ], [ -99.301263205532351, 19.558357571324262, 0.0 ], [ -99.30117303107572, 19.55834698072449, 0.0 ], [ -99.301102093287156, 19.558348967048744, 0.0 ], [ -99.301003100574164, 19.558365010173844, 0.0 ], [ -99.300867185243504, 19.558395124831311, 0.0 ], [ -99.30075742261694, 19.558448078913159, 0.0 ], [ -99.300582334127384, 19.558607151111744, 0.0 ], [ -99.300190141692028, 19.559116368609054, 0.0 ], [ -99.300175490228995, 19.55913701851409, 0.0 ] ] ] ] } },
{ "type": "Feature", "properties": { "ETAPA": "PRIMERA", "tipo": "Camellon", "M2": 72.83, "ha": 0.00727725327, "Donantes": null, "LAT": 19.560884471000001, "LONG_": -99.298056145000004, "Shape__Are": 82.455078125, "Shape__Len": 61.593419520200001, "Colonia": "Prado Largo", "Identifica": 192, "m2_1": 72.7725 }, "geometry": { "type": "MultiPolygon", "coordinates": [ [ [ [ -99.298233486034945, 19.560876238729005, 0.0 ], [ -99.298021715413881, 19.560915349596744, 0.0 ], [ -99.297996929931358, 19.560832264192349, 0.0 ], [ -99.298015673997483, 19.560844842299421, 0.0 ], [ -99.29805067740952, 19.560858327564905, 0.0 ], [ -99.298084689508983, 19.560868545447818, 0.0 ], [ -99.298108343833889, 19.560872242403388, 0.0 ], [ -99.29816402333762, 19.560877287471026, 0.0 ], [ -99.298233486034945, 19.560876238729005, 0.0 ] ] ] ] } },
{ "type": "Feature", "properties": { "ETAPA": "PRIMERA", "tipo": "Camellon", "M2": 1633.72, "ha": 0.16324577992, "Donantes": "ARVS", "LAT": 19.571542746, "LONG_": -99.302582056000006, "Shape__Are": 1849.84375, "Shape__Len": 214.02515492200001, "Colonia": "Hacienda de Vallescondido", "Identifica": 172, "m2_1": 1632.46 }, "geometry": { "type": "MultiPolygon", "coordinates": [ [ [ [ -99.302924418115893, 19.571728203537567, 0.0 ], [ -99.302800603063403, 19.5717479770823, 0.0 ], [ -99.302736101581687, 19.57175053102533, 0.0 ], [ -99.302673124498767, 19.571740364662691, 0.0 ], [ -99.30259359553277, 19.571709682016071, 0.0 ], [ -99.302516085151282, 19.571654538784362, 0.0 ], [ -99.302407491509584, 19.571534880694781, 0.0 ], [ -99.302332006241514, 19.571458700824373, 0.0 ], [ -99.30223693131056, 19.571393314886397, 0.0 ], [ -99.302128446524932, 19.571331864496575, 0.0 ], [ -99.302172819280841, 19.571327877050294, 0.0 ], [ -99.302361723527127, 19.57134419149283, 0.0 ], [ -99.302467029992499, 19.571361624169338, 0.0 ], [ -99.302605425585071, 19.57141226304368, 0.0 ], [ -99.302711839105484, 19.571469803471633, 0.0 ], [ -99.302834863078203, 19.571579165150219, 0.0 ], [ -99.30290731997718, 19.571691546493373, 0.0 ], [ -99.302924418115893, 19.571728203537567, 0.0 ] ] ] ] } },
{ "type": "Feature", "properties": { "ETAPA": "PRIMERA", "tipo": "Camellon", "M2": 5068.44, "ha": 0.50645135201000002, "Donantes": "ARVS", "LAT": 19.570831351, "LONG_": -99.300023128999996, "Shape__Are": 5738.8574218800004, "Shape__Len": 2437.3323398399998, "Colonia": "Hacienda de Vallescondido", "Identifica": 259, "m2_1": 5064.51 }, "geometry": { "type": "MultiPolygon", "coordinates": [ [ [ [ -99.302559341896924, 19.574646903538031, 0.0 ], [ -99.302559270033527, 19.574646805741704, 0.0 ], [ -99.302405028345206, 19.57439915989972, 0.0 ], [ -99.302340564279248, 19.574244328226087, 0.0 ], [ -99.302305218484221, 19.574120435682662, 0.0 ], [ -99.302284334425366, 19.573959791547225, 0.0 ], [ -99.302298564945886, 19.573799089480733, 0.0 ], [ -99.302361126475361, 19.573583215843417, 0.0 ], [ -99.302523993836388, 19.573262734083787, 0.0 ], [ -99.302674342900872, 19.572970898184433, 0.0 ], [ -99.302929368572464, 19.572475876500452, 0.0 ], [ -99.303018665813468, 19.572312752916854, 0.0 ], [ -99.303086004798317, 19.572062439934744, 0.0 ], [ -99.303071150820941, 19.571889161915109, 0.0 ], [ -99.303037007258325, 19.571760675753112, 0.0 ], [ -99.3029810988468, 19.571648294857503, 0.0 ], [ -99.302863366525145, 19.571498143557207, 0.0 ], [ -99.302729971768329, 19.571389335719523, 0.0 ], [ -99.30252395540019, 19.571295568766249, 0.0 ], [ -99.302279296719092, 19.571258104608205, 0.0 ], [ -99.301495899503749, 19.571174028528432, 0.0 ], [ -99.300520817590169, 19.571069375502329, 0.0 ], [ -99.300290632184044, 19.571000896576027, 0.0 ], [ -99.300078555062314, 19.570902546081427, 0.0 ], [ -99.299822707176219, 19.570706714280757, 0.0 ], [ -99.299614010794841, 19.570471781044784, 0.0 ], [ -99.299063127357783, 19.569839162251611, 0.0 ], [ -99.298182207557502, 19.568826049150196, 0.0 ], [ -99.297975999920055, 19.568625540882508, 0.0 ], [ -99.297831734599683, 19.568528224298735, 0.0 ], [ -99.297669347386361, 19.568452743838478, 0.0 ], [ -99.297551849754043, 19.568426540439429, 0.0 ], [ -99.297289060573135, 19.568402871764672, 0.0 ], [ -99.297057812443882, 19.56841243417124, 0.0 ], [ -99.296925427062888, 19.568410356625005, 0.0 ], [ -99.296958475165908, 19.568274299473721, 0.0 ], [ -99.297261060539412, 19.568320283291214, 0.0 ], [ -99.297532348389254, 19.568356562727288, 0.0 ], [ -99.297676523733401, 19.568404528489399, 0.0 ], [ -99.297877688343874, 19.568497160483709, 0.0 ], [ -99.297991645507224, 19.568573868431081, 0.0 ], [ -99.298070493566428, 19.56865292970091, 0.0 ], [ -99.298806972405984, 19.569474616301026, 0.0 ], [ -99.299634548095938, 19.57044649749546, 0.0 ], [ -99.300082102565057, 19.570856632095566, 0.0 ], [ -99.300292985809563, 19.570964166191033, 0.0 ], [ -99.30051469325835, 19.571031511532112, 0.0 ], [ -99.301469741549894, 19.571134142792534, 0.0 ], [ -99.302344625728793, 19.571228154910447, 0.0 ], [ -99.302540844871956, 19.57126225709457, 0.0 ], [ -99.302733529242388, 19.57134915928166, 0.0 ], [ -99.302882664739542, 19.571457941600904, 0.0 ], [ -99.30298945239295, 19.571582861826744, 0.0 ], [ -99.303066032867221, 19.57174226377678, 0.0 ], [ -99.303103785339559, 19.571858119151464, 0.0 ], [ -99.303118592137466, 19.572006147808946, 0.0 ], [ -99.303110320166454, 19.572115193372259, 0.0 ], [ -99.303088711843557, 19.572215079721534, 0.0 ], [ -99.303052579915772, 19.572318434469679, 0.0 ], [ -99.302778688342272, 19.572837656350067, 0.0 ], [ -99.302695269959429, 19.573002806954669, 0.0 ], [ -99.302458995963619, 19.573470577050252, 0.0 ], [ -99.302370933117373, 19.573647471604527, 0.0 ], [ -99.302324037662146, 19.573823148534888, 0.0 ], [ -99.302319558159084, 19.574018265311892, 0.0 ], [ -99.302345272812275, 19.57417201513784, 0.0 ], [ -99.302391499168152, 19.574286707824445, 0.0 ], [ -99.302470492321476, 19.574440367420408, 0.0 ], [ -99.302581519986163, 19.574636049430737, 0.0 ], [ -99.302559341896924, 19.574646903538031, 0.0 ] ] ] ] } },
{ "type": "Feature", "properties": { "ETAPA": "PRIMERA", "tipo": "Area Verde", "M2": 6612.57, "ha": 0.66074440012000002, "Donantes": "ARVS", "LAT": 19.576600847000002, "LONG_": -99.30435767, "Shape__Are": 7487.78515625, "Shape__Len": 357.146169644, "Colonia": "Condado de Sayavedra 6a sección", "Identifica": 173, "m2_1": 6607.44 }, "geometry": { "type": "MultiPolygon", "coordinates": [ [ [ [ -99.30456380083227, 19.57688932761809, 0.0 ], [ -99.304543668795347, 19.57688642674653, 0.0 ], [ -99.30450392032931, 19.576880379554542, 0.0 ], [ -99.304460555737293, 19.576872381884947, 0.0 ], [ -99.304432679060199, 19.576867537498909, 0.0 ], [ -99.304354986076362, 19.57685421715648, 0.0 ], [ -99.304014805932468, 19.576804898154577, 0.0 ], [ -99.303895298954743, 19.576784800070097, 0.0 ], [ -99.303831794611114, 19.576769743599471, 0.0 ], [ -99.303771202656776, 19.576740428702283, 0.0 ], [ -99.303732868375235, 19.576716593592575, 0.0 ], [ -99.303674166784432, 19.576648212393184, 0.0 ], [ -99.303661674942347, 19.576591492831632, 0.0 ], [ -99.303681153389363, 19.576521023451864, 0.0 ], [ -99.303752272986131, 19.576469054564029, 0.0 ], [ -99.303943064161587, 19.576387535492319, 0.0 ], [ -99.304148319589345, 19.576313818124262, 0.0 ], [ -99.304244316462189, 19.57631854769043, 0.0 ], [ -99.304407443773215, 19.576345664525846, 0.0 ], [ -99.304576767570566, 19.576374727323838, 0.0 ], [ -99.304850363774449, 19.576418288085208, 0.0 ], [ -99.304875198211576, 19.576418952250119, 0.0 ], [ -99.30492522744153, 19.576436504428688, 0.0 ], [ -99.30497690371368, 19.576473591944083, 0.0 ], [ -99.305007954039866, 19.576519518889985, 0.0 ], [ -99.305026626222855, 19.576569379902537, 0.0 ], [ -99.305021579733705, 19.576630042161234, 0.0 ], [ -99.305000019194011, 19.576690732339216, 0.0 ], [ -99.304977376806946, 19.576725010623871, 0.0 ], [ -99.304941279926936, 19.576739745930393, 0.0 ], [ -99.30488972411797, 19.576766735929954, 0.0 ], [ -99.304786611068138, 19.576819982173205, 0.0 ], [ -99.30468504706333, 19.576873714884698, 0.0 ], [ -99.304626760262394, 19.576888976746627, 0.0 ], [ -99.304584962701455, 19.576891003891404, 0.0 ], [ -99.30456380083227, 19.57688932761809, 0.0 ] ] ] ] } },
{ "type": "Feature", "properties": { "ETAPA": "PRIMERA", "tipo": "Area Verde", "M2": 3904.97, "ha": 0.39019489439, "Donantes": "ARVS", "LAT": 19.577359818000001, "LONG_": -99.3056256, "Shape__Are": 4421.9277343800004, "Shape__Len": 1061.0585677199999, "Colonia": "Condado de Sayavedra 6a sección", "Identifica": 184, "m2_1": 3901.95 }, "geometry": { "type": "MultiPolygon", "coordinates": [ [ [ [ -99.30508017073295, 19.576496045363164, 0.0 ], [ -99.305118479850861, 19.576515327883662, 0.0 ], [ -99.305178785727705, 19.576563110465372, 0.0 ], [ -99.305208960084215, 19.576598368255027, 0.0 ], [ -99.305283139862951, 19.576696914008625, 0.0 ], [ -99.305457183528304, 19.576983443221483, 0.0 ], [ -99.305701428811886, 19.57742318069247, 0.0 ], [ -99.305847859958732, 19.577679284273735, 0.0 ], [ -99.30586476122717, 19.577711662352261, 0.0 ], [ -99.305886863248887, 19.577795785647208, 0.0 ], [ -99.305877305268538, 19.577868837923493, 0.0 ], [ -99.305836610331255, 19.577937589846272, 0.0 ], [ -99.305755619331066, 19.57801608371356, 0.0 ], [ -99.305554331534637, 19.578166850046838, 0.0 ], [ -99.305173679876987, 19.578458671306137, 0.0 ], [ -99.305097778635968, 19.578530384713989, 0.0 ], [ -99.305044825767112, 19.578593836681961, 0.0 ], [ -99.305003624537463, 19.578665007686496, 0.0 ], [ -99.304967593725848, 19.578771962450361, 0.0 ], [ -99.304953513483639, 19.5788827495603, 0.0 ], [ -99.304948781590809, 19.57895827708596, 0.0 ], [ -99.304981528963921, 19.579079641885507, 0.0 ], [ -99.305028990903978, 19.57916548974929, 0.0 ], [ -99.305083405358758, 19.579280279878336, 0.0 ], [ -99.305103257996265, 19.579356834399999, 0.0 ], [ -99.305128533709293, 19.579696768077934, 0.0 ], [ -99.305135053016869, 19.580018987446426, 0.0 ], [ -99.30514536105629, 19.580259942297694, 0.0 ], [ -99.30510100976106, 19.580256281316078, 0.0 ], [ -99.3050606291919, 19.58026802462663, 0.0 ], [ -99.305025947355205, 19.58029703731216, 0.0 ], [ -99.305019290879358, 19.580294480065195, 0.0 ], [ -99.305010592346932, 19.580254099225904, 0.0 ], [ -99.305014485061477, 19.580097180454636, 0.0 ], [ -99.305026593683138, 19.579986013843921, 0.0 ], [ -99.305044297488507, 19.579706250559639, 0.0 ], [ -99.305053535037104, 19.579378634021754, 0.0 ], [ -99.305047765564055, 19.579323771207541, 0.0 ], [ -99.305027479580133, 19.579278739952972, 0.0 ], [ -99.304955606012953, 19.579181024845465, 0.0 ], [ -99.304911154846593, 19.579124125911502, 0.0 ], [ -99.304891377891266, 19.579087733290994, 0.0 ], [ -99.304878513825983, 19.579059267995159, 0.0 ], [ -99.304859183912683, 19.578998590582671, 0.0 ], [ -99.304847220945675, 19.578925291700706, 0.0 ], [ -99.30484807634933, 19.578856174161285, 0.0 ], [ -99.304853399521349, 19.578804795095405, 0.0 ], [ -99.304867540504986, 19.578726315089671, 0.0 ], [ -99.304910262118881, 19.578649654778463, 0.0 ], [ -99.304953014449694, 19.578589339427548, 0.0 ], [ -99.305002443806259, 19.578542555796172, 0.0 ], [ -99.305109459818581, 19.578463685216711, 0.0 ], [ -99.305333318855546, 19.578291683716472, 0.0 ], [ -99.305469110851945, 19.578187779682782, 0.0 ], [ -99.305600479755114, 19.578089954049158, 0.0 ], [ -99.305676239541057, 19.578027714606236, 0.0 ], [ -99.305724425296901, 19.577974861877301, 0.0 ], [ -99.30575881919296, 19.577924134015095, 0.0 ], [ -99.305781817813283, 19.577840034915141, 0.0 ], [ -99.305784145650918, 19.577768112868029, 0.0 ], [ -99.305769703856498, 19.577686879231699, 0.0 ], [ -99.305710870093876, 19.577580035789449, 0.0 ], [ -99.305310476340878, 19.57688955282023, 0.0 ], [ -99.305273172092754, 19.576833809361833, 0.0 ], [ -99.305233918605666, 19.576789510710885, 0.0 ], [ -99.30518654037057, 19.576747794299362, 0.0 ], [ -99.305070698830122, 19.576718102179079, 0.0 ], [ -99.305091739141929, 19.576640544475644, 0.0 ], [ -99.305099467668143, 19.576558339274683, 0.0 ], [ -99.30508017073295, 19.576496045363164, 0.0 ] ] ] ] } },
{ "type": "Feature", "properties": { "ETAPA": "PRIMERA", "tipo": "Camellon", "M2": 1211.75, "ha": 0.12108127397, "Donantes": "ARVS", "LAT": 19.576281802, "LONG_": -99.303519178000002, "Shape__Are": 1372.1171875, "Shape__Len": 456.83827383400001, "Colonia": "Condado de Sayavedra 6a sección", "Identifica": 174, "m2_1": 1210.81 }, "geometry": { "type": "MultiPolygon", "coordinates": [ [ [ [ -99.302693824422818, 19.574795525631227, 0.0 ], [ -99.302724418429051, 19.574808901559642, 0.0 ], [ -99.302750926910051, 19.574830411363259, 0.0 ], [ -99.302772615502747, 19.574866063207587, 0.0 ], [ -99.302779003129928, 19.574892907005012, 0.0 ], [ -99.302776828419965, 19.574926125451505, 0.0 ], [ -99.302769407558728, 19.574944865396709, 0.0 ], [ -99.302752280238181, 19.574956201302584, 0.0 ], [ -99.302738863678414, 19.574958343908889, 0.0 ], [ -99.302716105537129, 19.574948841674409, 0.0 ], [ -99.302681008305996, 19.574919572599111, 0.0 ], [ -99.302667170791196, 19.574895921436081, 0.0 ], [ -99.302655550240374, 19.574861666085784, 0.0 ], [ -99.302656975431063, 19.5748263288042, 0.0 ], [ -99.302662531021511, 19.574806885294517, 0.0 ], [ -99.302677420262214, 19.57479484645383, 0.0 ], [ -99.302693824422818, 19.574795525631227, 0.0 ] ] ], [ [ [ -99.30375394536712, 19.576397636869061, 0.0 ], [ -99.303700313295494, 19.576418271167341, 0.0 ], [ -99.303654956550119, 19.57644867438168, 0.0 ], [ -99.303622009134756, 19.576491774418866, 0.0 ], [ -99.303611731847369, 19.576515270579538, 0.0 ], [ -99.303509203198388, 19.576329568750079, 0.0 ], [ -99.303389081054391, 19.576118461004828, 0.0 ], [ -99.303098082633838, 19.575599480194221, 0.0 ], [ -99.302977425402105, 19.575377611896094, 0.0 ], [ -99.302813304388124, 19.575094184430203, 0.0 ], [ -99.302854552553782, 19.575074549470727, 0.0 ], [ -99.303056492318731, 19.575436176271349, 0.0 ], [ -99.303337143439009, 19.575941478555777, 0.0 ], [ -99.303337143439009, 19.575941478555777, 0.0 ], [ -99.30342826882169, 19.576100785951109, 0.0 ], [ -99.303519311944754, 19.576216070561607, 0.0 ], [ -99.3035854861443, 19.576279058669655, 0.0 ], [ -99.30375394536712, 19.576397636869061, 0.0 ] ] ] ] } },
{ "type": "Feature", "properties": { "ETAPA": "PRIMERA", "tipo": "Area Verde", "M2": 235.33, "ha": 0.0235146797, "Donantes": null, "LAT": 19.577079661, "LONG_": -99.303513715999998, "Shape__Are": 266.4765625, "Shape__Len": 175.628305036, "Colonia": "Condado de Sayavedra 6a sección", "Identifica": 271, "m2_1": 235.147 }, "geometry": { "type": "MultiPolygon", "coordinates": [ [ [ [ -99.303702459739966, 19.576804649403698, 0.0 ], [ -99.303754737957888, 19.576832114435199, 0.0 ], [ -99.303669616600146, 19.576894368839557, 0.0 ], [ -99.303295953501234, 19.57738394723739, 0.0 ], [ -99.303287088519042, 19.57738594689431, 0.0 ], [ -99.303278459839646, 19.577382575644926, 0.0 ], [ -99.303274253056102, 19.577372542200607, 0.0 ], [ -99.303275349190315, 19.577365885596922, 0.0 ], [ -99.303598149343657, 19.576946793210428, 0.0 ], [ -99.303702459739966, 19.576804649403698, 0.0 ] ] ] ] } },
{ "type": "Feature", "properties": { "ETAPA": "CUARTA", "tipo": "Area Verde", "M2": 2062.3, "ha": 0.20606856344, "Donantes": null, "LAT": 19.585572174, "LONG_": -99.239697664999994, "Shape__Are": 2335.5175781200001, "Shape__Len": 233.04002599500001, "Colonia": "Club de Golf  la Hacienda", "Identifica": 298, "m2_1": 10471.0 }, "geometry": { "type": "MultiPolygon", "coordinates": [ [ [ [ -99.240033888496029, 19.586221662542581, 0.0 ], [ -99.239755937122283, 19.58588079954183, 0.0 ], [ -99.239470954466725, 19.58560285882632, 0.0 ], [ -99.239505233285911, 19.585581772830064, 0.0 ], [ -99.239381893576933, 19.585428908590288, 0.0 ], [ -99.239489683430421, 19.585302518216999, 0.0 ], [ -99.239526057639182, 19.585334031724813, 0.0 ], [ -99.239518055046887, 19.585380907134954, 0.0 ], [ -99.239596833183938, 19.585425754399584, 0.0 ], [ -99.239694763059674, 19.585456229644922, 0.0 ], [ -99.239782355579464, 19.58532125747281, 0.0 ], [ -99.239806602783418, 19.585339396952197, 0.0 ], [ -99.239831795329479, 19.585316410105712, 0.0 ], [ -99.239907597699229, 19.585395692312542, 0.0 ], [ -99.239996262096582, 19.585501154635363, 0.0 ], [ -99.240225783132956, 19.585369991717467, 0.0 ], [ -99.240697994445469, 19.586410429763898, 0.0 ], [ -99.241010293560521, 19.587140682094926, 0.0 ], [ -99.240976429801066, 19.587172586247487, 0.0 ], [ -99.24037064477065, 19.586559316430257, 0.0 ], [ -99.240033888496029, 19.586221662542581, 0.0 ] ] ] ] } },
{ "type": "Feature", "properties": { "ETAPA": "SEGUNDA", "tipo": "Camellon", "M2": 419.05, "ha": 0.04187212385, "Donantes": null, "LAT": 19.574512623, "LONG_": -99.232899486999997, "Shape__Are": 474.501953125, "Shape__Len": 125.344533521, "Colonia": "Club de Golf  la Hacienda", "Identifica": 50, "m2_1": 418.721 }, "geometry": { "type": "MultiPolygon", "coordinates": [ [ [ [ -99.232770433396382, 19.574462700567061, 0.0 ], [ -99.232689328700005, 19.574380375448431, 0.0 ], [ -99.233126194780269, 19.574523758689441, 0.0 ], [ -99.233097909885359, 19.57452801787645, 0.0 ], [ -99.233073162342208, 19.57453139943317, 0.0 ], [ -99.233052163019622, 19.574536076578063, 0.0 ], [ -99.233032686391752, 19.574542455691308, 0.0 ], [ -99.233010661617968, 19.574552086464546, 0.0 ], [ -99.232987755438828, 19.574565231530094, 0.0 ], [ -99.232963209350046, 19.574583352707865, 0.0 ], [ -99.232944096029598, 19.574602377804084, 0.0 ], [ -99.232926211504761, 19.574624763549572, 0.0 ], [ -99.232911953681679, 19.574647371893874, 0.0 ], [ -99.232899844350356, 19.574668209964187, 0.0 ], [ -99.232843137071583, 19.574550720800143, 0.0 ], [ -99.232770433396382, 19.574462700567061, 0.0 ] ] ] ] } },
{ "type": "Feature", "properties": { "ETAPA": "SEGUNDA", "tipo": "Camellon", "M2": 465.43, "ha": 0.04650663882, "Donantes": null, "LAT": 19.573087458, "LONG_": -99.230242512999993, "Shape__Are": 526.99609375, "Shape__Len": 422.86539022300002, "Colonia": "Club de Golf  la Hacienda", "Identifica": 51, "m2_1": 465.066 }, "geometry": { "type": "MultiPolygon", "coordinates": [ [ [ [ -99.229797460517702, 19.573056733196999, 0.0 ], [ -99.229797351348083, 19.573021981311093, 0.0 ], [ -99.229800943004847, 19.572992014204448, 0.0 ], [ -99.229794472135353, 19.572955822983989, 0.0 ], [ -99.229865697412635, 19.572964915875222, 0.0 ], [ -99.229925128103133, 19.57298704873627, 0.0 ], [ -99.229984261392815, 19.573009218104708, 0.0 ], [ -99.23080582322666, 19.573212572786456, 0.0 ], [ -99.231586529234917, 19.573404911735182, 0.0 ], [ -99.23001230587343, 19.57304984913916, 0.0 ], [ -99.229982155423798, 19.573046283590582, 0.0 ], [ -99.229951932815197, 19.573043601049861, 0.0 ], [ -99.229921784269052, 19.573042720399975, 0.0 ], [ -99.229885016597308, 19.573043875191644, 0.0 ], [ -99.229842040539268, 19.573049961727698, 0.0 ], [ -99.229797460517702, 19.573056733196999, 0.0 ] ] ] ] } },
{ "type": "Feature", "properties": { "ETAPA": "SEGUNDA", "tipo": "Camellon", "M2": 297.73, "ha": 0.02974911433, "Donantes": null, "LAT": 19.566606268000001, "LONG_": -99.223229824000001, "Shape__Are": 337.08984375, "Shape__Len": 66.964052115399994, "Colonia": "Club de Golf  la Hacienda", "Identifica": 100, "m2_1": 297.491 }, "geometry": { "type": "MultiPolygon", "coordinates": [ [ [ [ -99.223222806670549, 19.566530302089923, 0.0 ], [ -99.223251729448407, 19.566526057751666, 0.0 ], [ -99.223279928834486, 19.566527519859587, 0.0 ], [ -99.22330461714543, 19.566538163454144, 0.0 ], [ -99.223326326315885, 19.566556329726442, 0.0 ], [ -99.223334337123262, 19.566580423794747, 0.0 ], [ -99.223330961779922, 19.56661512761826, 0.0 ], [ -99.223304333929093, 19.566653916727812, 0.0 ], [ -99.223266255079906, 19.566674469179624, 0.0 ], [ -99.223234221960837, 19.566681566304265, 0.0 ], [ -99.223207577974449, 19.566683201981984, 0.0 ], [ -99.223186028496613, 19.566681779084568, 0.0 ], [ -99.223164281493581, 19.566678151383272, 0.0 ], [ -99.223129779209501, 19.566656923031683, 0.0 ], [ -99.223121040608603, 19.566622039664725, 0.0 ], [ -99.22313067406624, 19.566591864492704, 0.0 ], [ -99.223148137002781, 19.566571583593735, 0.0 ], [ -99.223171369698889, 19.56655293623934, 0.0 ], [ -99.223197439244984, 19.566539175333819, 0.0 ], [ -99.223222806670549, 19.566530302089923, 0.0 ] ] ] ] } },
{ "type": "Feature", "properties": { "ETAPA": "SEGUNDA", "tipo": "Camellon", "M2": 1475.54, "ha": 0.14743829967, "Donantes": null, "LAT": 19.572375446, "LONG_": -99.227021937999993, "Shape__Are": 1670.7480468799999, "Shape__Len": 173.33819139799999, "Colonia": "Club de Golf  la Hacienda", "Identifica": 101, "m2_1": 1474.38 }, "geometry": { "type": "MultiPolygon", "coordinates": [ [ [ [ -99.22688760033067, 19.572177321207381, 0.0 ], [ -99.226942558708146, 19.572148312098683, 0.0 ], [ -99.226971194722225, 19.572181035140741, 0.0 ], [ -99.226996732324636, 19.572212192638773, 0.0 ], [ -99.227025095862601, 19.572241299230598, 0.0 ], [ -99.227055614631325, 19.572268373380886, 0.0 ], [ -99.227079721736771, 19.572287337147639, 0.0 ], [ -99.227105462843539, 19.57230447969328, 0.0 ], [ -99.227131647917517, 19.572320704414437, 0.0 ], [ -99.227159098546153, 19.572335144977334, 0.0 ], [ -99.22719697126432, 19.572351797339021, 0.0 ], [ -99.227235846228339, 19.572366206786594, 0.0 ], [ -99.227275314349001, 19.57237866256899, 0.0 ], [ -99.227301338520334, 19.572393101141145, 0.0 ], [ -99.227320580396011, 19.572412314703296, 0.0 ], [ -99.22733263469928, 19.572435571765602, 0.0 ], [ -99.227336081397581, 19.572470642530092, 0.0 ], [ -99.227326051649939, 19.572503795437527, 0.0 ], [ -99.22730267500782, 19.572530536039793, 0.0 ], [ -99.227276334395896, 19.572545197666464, 0.0 ], [ -99.227246326096605, 19.572550431321702, 0.0 ], [ -99.226798268897937, 19.572442064076903, 0.0 ], [ -99.226769298305513, 19.572417819521227, 0.0 ], [ -99.226752466443571, 19.572384747800722, 0.0 ], [ -99.226751150101762, 19.57234306508899, 0.0 ], [ -99.226765174817345, 19.572293572018626, 0.0 ], [ -99.226785100400789, 19.572260264821693, 0.0 ], [ -99.226812147620223, 19.572232175935266, 0.0 ], [ -99.226860460149922, 19.572196307864072, 0.0 ], [ -99.22688760033067, 19.572177321207381, 0.0 ] ] ] ] } },
{ "type": "Feature", "properties": { "ETAPA": "SEGUNDA", "tipo": "Camellon", "M2": 6306.6, "ha": 0.63016386573000005, "Donantes": null, "LAT": 19.564095336000001, "LONG_": -99.223149808000002, "Shape__Are": 7140.2050781199996, "Shape__Len": 518.24075074999996, "Colonia": "Club de Golf  la Hacienda", "Identifica": 102, "m2_1": 6301.64 }, "geometry": { "type": "MultiPolygon", "coordinates": [ [ [ [ -99.222974471580272, 19.565025808916499, 0.0 ], [ -99.222944401128302, 19.565025844253448, 0.0 ], [ -99.22291065992566, 19.565034371738722, 0.0 ], [ -99.222887269794427, 19.565047935449371, 0.0 ], [ -99.222863628650515, 19.565054017221311, 0.0 ], [ -99.223057950570663, 19.56368394688457, 0.0 ], [ -99.223139203965118, 19.563156246968823, 0.0 ], [ -99.223159716240048, 19.563170543221137, 0.0 ], [ -99.223179386946313, 19.563185698930337, 0.0 ], [ -99.223207211479803, 19.563203387588192, 0.0 ], [ -99.223236222829669, 19.563218902260925, 0.0 ], [ -99.223264746670196, 19.563231396136235, 0.0 ], [ -99.223298144600534, 19.563242500551972, 0.0 ], [ -99.223328669918047, 19.563250055288005, 0.0 ], [ -99.22335993825638, 19.563255437038233, 0.0 ], [ -99.223391760363825, 19.56325829494623, 0.0 ], [ -99.22341557954212, 19.563258814469652, 0.0 ], [ -99.223439394101305, 19.563257710484994, 0.0 ], [ -99.223462836295312, 19.563255514375829, 0.0 ], [ -99.223486649233024, 19.563251851087198, 0.0 ], [ -99.223479262071109, 19.563291642343522, 0.0 ], [ -99.223464806681648, 19.563332853037199, 0.0 ], [ -99.223451171715354, 19.563374450404499, 0.0 ], [ -99.223438279902012, 19.56341640020036, 0.0 ], [ -99.223426131661924, 19.56345831563771, 0.0 ], [ -99.223414356714059, 19.563500616495176, 0.0 ], [ -99.223403400221244, 19.563542566604148, 0.0 ], [ -99.223393190275146, 19.563585255020953, 0.0 ], [ -99.22338327533312, 19.563627554477801, 0.0 ], [ -99.223374628385528, 19.563670559064093, 0.0 ], [ -99.223365888695923, 19.563700221426647, 0.0 ], [ -99.223358338826685, 19.563730588112151, 0.0 ], [ -99.223351907253914, 19.56376095160601, 0.0 ], [ -99.223345846540795, 19.563791315544449, 0.0 ], [ -99.223340901803866, 19.563822067599741, 0.0 ], [ -99.223336406052027, 19.56385278295101, 0.0 ], [ -99.223129429017433, 19.565070937449338, 0.0 ], [ -99.223110585553627, 19.565066130125203, 0.0 ], [ -99.223078552904369, 19.565046658523922, 0.0 ], [ -99.223042138845429, 19.565033303351079, 0.0 ], [ -99.223005602498802, 19.56502773240565, 0.0 ], [ -99.222974471580272, 19.565025808916499, 0.0 ] ] ] ] } },
{ "type": "Feature", "properties": { "ETAPA": "SEGUNDA", "tipo": "Camellon", "M2": 1373.13, "ha": 0.1372049449, "Donantes": null, "LAT": 19.565293077, "LONG_": -99.222959560999996, "Shape__Are": 1554.6484375, "Shape__Len": 152.24293828399999, "Colonia": "Club de Golf  la Hacienda", "Identifica": 103, "m2_1": 1372.05 }, "geometry": { "type": "MultiPolygon", "coordinates": [ [ [ [ -99.222900626518239, 19.565072136506526, 0.0 ], [ -99.222942521365837, 19.565065593434614, 0.0 ], [ -99.222979515088795, 19.565066821061514, 0.0 ], [ -99.223005049325252, 19.565070217278116, 0.0 ], [ -99.223035723374082, 19.565076147009595, 0.0 ], [ -99.223062790239752, 19.565084446647784, 0.0 ], [ -99.223080928533307, 19.565094344679331, 0.0 ], [ -99.223096169074594, 19.565108430003921, 0.0 ], [ -99.223108362809882, 19.565126118559849, 0.0 ], [ -99.223115835691701, 19.565147819085411, 0.0 ], [ -99.223117964795946, 19.565179386266269, 0.0 ], [ -99.223078739194278, 19.565469269068959, 0.0 ], [ -99.223065482898505, 19.565489822503448, 0.0 ], [ -99.223041851291072, 19.565503227253863, 0.0 ], [ -99.222941658597804, 19.565509482917186, 0.0 ], [ -99.222906976642506, 19.565510970780039, 0.0 ], [ -99.222841897107514, 19.565509468447335, 0.0 ], [ -99.222814509038429, 19.565493179797748, 0.0 ], [ -99.222801150102953, 19.56546807909741, 0.0 ], [ -99.222800250886678, 19.565436893943644, 0.0 ], [ -99.222848345378097, 19.565102482941807, 0.0 ], [ -99.222873359903261, 19.565079773970798, 0.0 ], [ -99.222900626518239, 19.565072136506526, 0.0 ] ] ] ] } },
{ "type": "Feature", "properties": { "ETAPA": "SEGUNDA", "tipo": "Camellon", "M2": 5114.24, "ha": 0.51102194843000004, "Donantes": null, "LAT": 19.572749629, "LONG_": -99.228534538999995, "Shape__Are": 5790.859375, "Shape__Len": 569.59532950200003, "Colonia": "Club de Golf  la Hacienda", "Identifica": 231, "m2_1": 5110.22 }, "geometry": { "type": "MultiPolygon", "coordinates": [ [ [ [ -99.227414317508206, 19.572401608290296, 0.0 ], [ -99.227596175733169, 19.57244014026903, 0.0 ], [ -99.228085087857337, 19.572553471716784, 0.0 ], [ -99.228610957971185, 19.572670491037304, 0.0 ], [ -99.229322638681708, 19.572832572072173, 0.0 ], [ -99.229631652722787, 19.572898960530019, 0.0 ], [ -99.229701320561205, 19.572942182814884, 0.0 ], [ -99.229732757051536, 19.572970750321808, 0.0 ], [ -99.229727392336926, 19.573009518415809, 0.0 ], [ -99.229715115328744, 19.573038021239729, 0.0 ], [ -99.229700863565725, 19.573063724557741, 0.0 ], [ -99.229676176895154, 19.573077066324849, 0.0 ], [ -99.229633388140343, 19.573080622557708, 0.0 ], [ -99.22938795652361, 19.573031899407351, 0.0 ], [ -99.228466823710576, 19.572830388694722, 0.0 ], [ -99.227716219685135, 19.572667419395941, 0.0 ], [ -99.227393203642322, 19.572595624011388, 0.0 ], [ -99.227368758047234, 19.572587766503688, 0.0 ], [ -99.227368751496698, 19.572583096479367, 0.0 ], [ -99.227397522333447, 19.572546166966326, 0.0 ], [ -99.227406856654824, 19.57252700806897, 0.0 ], [ -99.227410513860775, 19.572499917270775, 0.0 ], [ -99.227410470623894, 19.572469095110101, 0.0 ], [ -99.227412675298027, 19.572460219269502, 0.0 ], [ -99.227412898388394, 19.572443640372548, 0.0 ], [ -99.227414317508206, 19.572401608290296, 0.0 ] ] ] ] } },
{ "type": "Feature", "properties": { "ETAPA": "SEGUNDA", "tipo": "Camellon", "M2": 666.18, "ha": 0.06656533421, "Donantes": null, "LAT": 19.56305274, "LONG_": -99.223339807000002, "Shape__Are": 754.2265625, "Shape__Len": 109.659680604, "Colonia": "Club de Golf  la Hacienda", "Identifica": 244, "m2_1": 665.653 }, "geometry": { "type": "MultiPolygon", "coordinates": [ [ [ [ -99.223513470174964, 19.563164906515382, 0.0 ], [ -99.223497986508193, 19.563176642468427, 0.0 ], [ -99.223412518074696, 19.563183286322928, 0.0 ], [ -99.223354610278378, 19.563169114366374, 0.0 ], [ -99.223278684851081, 19.5631292794668, 0.0 ], [ -99.2232214637027, 19.563077045804121, 0.0 ], [ -99.22319035334931, 19.563024429587863, 0.0 ], [ -99.223180015523553, 19.562993155382237, 0.0 ], [ -99.223175733790896, 19.562961985897228, 0.0 ], [ -99.223189969337454, 19.562924374486304, 0.0 ], [ -99.223216053247654, 19.562904494569974, 0.0 ], [ -99.223245608620914, 19.562901188993756, 0.0 ], [ -99.223280110887998, 19.562912587915473, 0.0 ], [ -99.223313646797763, 19.562937764639678, 0.0 ], [ -99.223386872134512, 19.562984607925344, 0.0 ], [ -99.223468485042872, 19.563040313870346, 0.0 ], [ -99.223504023843603, 19.563088838271177, 0.0 ], [ -99.223520360628712, 19.563146026013467, 0.0 ], [ -99.223513470174964, 19.563164906515382, 0.0 ] ] ] ] } },
{ "type": "Feature", "properties": { "ETAPA": "SEGUNDA", "tipo": "Camellon", "M2": 2723.07, "ha": 0.27209330616, "Donantes": null, "LAT": 19.566027334000001, "LONG_": -99.222975235999996, "Shape__Are": 3083.0878906200001, "Shape__Len": 276.35088269099998, "Colonia": "Club de Golf  la Hacienda", "Identifica": 245, "m2_1": 2720.93 }, "geometry": { "type": "MultiPolygon", "coordinates": [ [ [ [ -99.222810854778132, 19.566016780597622, 0.0 ], [ -99.222806623577469, 19.565972308961296, 0.0 ], [ -99.222801573407054, 19.565927131636375, 0.0 ], [ -99.222797715983759, 19.56588269387872, 0.0 ], [ -99.222793796052983, 19.56579483667506, 0.0 ], [ -99.222792320940201, 19.565698552996352, 0.0 ], [ -99.222790856080849, 19.565610772286533, 0.0 ], [ -99.222800182761105, 19.565586878198335, 0.0 ], [ -99.222830342835266, 19.565571968051763, 0.0 ], [ -99.222891799664197, 19.565569162973176, 0.0 ], [ -99.22291881747735, 19.565568424715213, 0.0 ], [ -99.223013614500971, 19.565567104776942, 0.0 ], [ -99.223038325731508, 19.565575700581313, 0.0 ], [ -99.223049795255733, 19.565599173912684, 0.0 ], [ -99.223053187070548, 19.565690442656855, 0.0 ], [ -99.223055492135913, 19.566006368659952, 0.0 ], [ -99.223103701396155, 19.566149453600506, 0.0 ], [ -99.223117891623687, 19.566184136611934, 0.0 ], [ -99.223132753507144, 19.566218466345894, 0.0 ], [ -99.223169852579105, 19.566294669875802, 0.0 ], [ -99.223210000575349, 19.566369458939462, 0.0 ], [ -99.223249948620094, 19.566450989444803, 0.0 ], [ -99.223231519197881, 19.56646323683853, 0.0 ], [ -99.223192693859446, 19.566464434068926, 0.0 ], [ -99.223148769609878, 19.566474956624617, 0.0 ], [ -99.22311643340646, 19.566492490114435, 0.0 ], [ -99.223085811404147, 19.566517199023984, 0.0 ], [ -99.223060405632154, 19.566520146838364, 0.0 ], [ -99.223034090201864, 19.566505210803896, 0.0 ], [ -99.222982910033352, 19.56641959626684, 0.0 ], [ -99.222931359056417, 19.566333983979391, 0.0 ], [ -99.22288434281279, 19.566246565891117, 0.0 ], [ -99.222862541497648, 19.566198513776435, 0.0 ], [ -99.222841931922602, 19.566150458379845, 0.0 ], [ -99.222810854778132, 19.566016780597622, 0.0 ] ] ] ] } },
{ "type": "Feature", "properties": { "ETAPA": "CUARTA", "tipo": "Area Verde", "M2": 1571.92, "ha": 0.15706909036, "Donantes": null, "LAT": 19.587506734000002, "LONG_": -99.234950595000001, "Shape__Are": 1780.21484375, "Shape__Len": 167.24213792800001, "Colonia": "Izcalli El Campanario", "Identifica": 355, "m2_1": 1570.69 }, "geometry": { "type": "MultiPolygon", "coordinates": [ [ [ [ -99.235223586204143, 19.587548970758238, 0.0 ], [ -99.235026065767755, 19.587736689644696, 0.0 ], [ -99.234691061129908, 19.587544857921788, 0.0 ], [ -99.234832682684115, 19.587280304981284, 0.0 ], [ -99.234913869992255, 19.587309039443038, 0.0 ], [ -99.234969636603793, 19.587294546682667, 0.0 ], [ -99.235223586204143, 19.587548970758238, 0.0 ] ] ] ] } },
{ "type": "Feature", "properties": { "ETAPA": "CUARTA", "tipo": "Area Verde", "M2": 935.88, "ha": 0.09351438727, "Donantes": null, "LAT": 19.587040405, "LONG_": -99.234924926999994, "Shape__Are": 1059.87890625, "Shape__Len": 149.02508939099999, "Colonia": "Izcalli El Campanario", "Identifica": 356, "m2_1": 935.144 }, "geometry": { "type": "MultiPolygon", "coordinates": [ [ [ [ -99.235127646867568, 19.587051288038619, 0.0 ], [ -99.234950406312834, 19.58723417370264, 0.0 ], [ -99.234762632041168, 19.587147897635063, 0.0 ], [ -99.2348435753633, 19.587008397899766, 0.0 ], [ -99.234767473735104, 19.586989270185821, 0.0 ], [ -99.234883876209707, 19.586820884054912, 0.0 ], [ -99.235005684743015, 19.586883212474032, 0.0 ], [ -99.234975366824031, 19.586960159204455, 0.0 ], [ -99.235127646867568, 19.587051288038619, 0.0 ] ] ] ] } },
{ "type": "Feature", "properties": { "ETAPA": "CUARTA", "tipo": "Area Verde", "M2": 995.05, "ha": 0.0994271106, "Donantes": null, "LAT": 19.587714215999998, "LONG_": -99.235889827999998, "Shape__Are": 1126.9042968799999, "Shape__Len": 132.31432843, "Colonia": "Izcalli El Campanario", "Identifica": 357, "m2_1": 994.271 }, "geometry": { "type": "MultiPolygon", "coordinates": [ [ [ [ -99.235994732411271, 19.58752785913931, 0.0 ], [ -99.236061118545848, 19.587840207792251, 0.0 ], [ -99.235974922187694, 19.587854740714064, 0.0 ], [ -99.235838009706427, 19.58786933993208, 0.0 ], [ -99.235675543317384, 19.5877493848255, 0.0 ], [ -99.235827425595815, 19.587566531626688, 0.0 ], [ -99.235994732411271, 19.58752785913931, 0.0 ] ] ] ] } },
{ "type": "Feature", "properties": { "ETAPA": "CUARTA", "tipo": "Area Verde", "M2": 950.09, "ha": 0.09493448118, "Donantes": null, "LAT": 19.587904586000001, "LONG_": -99.235752231000006, "Shape__Are": 1075.98828125, "Shape__Len": 157.41336209400001, "Colonia": "Izcalli El Campanario", "Identifica": 404, "m2_1": 949.345 }, "geometry": { "type": "MultiPolygon", "coordinates": [ [ [ [ -99.236061118545848, 19.587840207792251, 0.0 ], [ -99.236072400858518, 19.587924584626261, 0.0 ], [ -99.235565472801284, 19.588036431688014, 0.0 ], [ -99.235527494658669, 19.587943230103047, 0.0 ], [ -99.235553843598794, 19.58784635790553, 0.0 ], [ -99.235675543317384, 19.5877493848255, 0.0 ], [ -99.235838009706427, 19.58786933993208, 0.0 ], [ -99.236061118545848, 19.587840207792251, 0.0 ] ] ] ] } },
{ "type": "Feature", "properties": { "ETAPA": "CUARTA", "tipo": "Area Verde", "M2": 1413.82, "ha": 0.14127107388, "Donantes": null, "LAT": 19.587775417, "LONG_": -99.233958875, "Shape__Are": 1601.16796875, "Shape__Len": 166.072783262, "Colonia": "Izcalli El Campanario", "Identifica": 405, "m2_1": 1412.71 }, "geometry": { "type": "MultiPolygon", "coordinates": [ [ [ [ -99.234180266117363, 19.587628767621091, 0.0 ], [ -99.233976517841668, 19.588045075940972, 0.0 ], [ -99.233734108133234, 19.587894753758533, 0.0 ], [ -99.23394548231434, 19.587517888242463, 0.0 ], [ -99.234180266117363, 19.587628767621091, 0.0 ] ] ] ] } },
{ "type": "Feature", "properties": { "ETAPA": "CUARTA", "tipo": "Area Verde", "M2": 774.47, "ha": 0.07738585416, "Donantes": null, "LAT": 19.587462905, "LONG_": -99.234126923000005, "Shape__Are": 877.087890625, "Shape__Len": 118.498593743, "Colonia": "Izcalli El Campanario", "Identifica": 429, "m2_1": 773.859 }, "geometry": { "type": "MultiPolygon", "coordinates": [ [ [ [ -99.234180266117363, 19.587628767621091, 0.0 ], [ -99.23394548231434, 19.587517888242463, 0.0 ], [ -99.234070952545991, 19.587295325016775, 0.0 ], [ -99.23431079040914, 19.587412175311176, 0.0 ], [ -99.234180266117363, 19.587628767621091, 0.0 ] ] ] ] } },
{ "type": "Feature", "properties": { "ETAPA": "TERCERA", "tipo": "Camellon", "M2": 201.82, "ha": 0.02016659902, "Donantes": null, "LAT": 19.587142126, "LONG_": -99.232636166999995, "Shape__Are": 228.568359375, "Shape__Len": 77.974766530899998, "Colonia": "Izcalli El Campanario", "Identifica": 104, "m2_1": 201.666 }, "geometry": { "type": "MultiPolygon", "coordinates": [ [ [ [ -99.232557795054845, 19.587249125762348, 0.0 ], [ -99.232660675580263, 19.587006618823313, 0.0 ], [ -99.232685309435325, 19.587004485528304, 0.0 ], [ -99.232705772128611, 19.587014266173036, 0.0 ], [ -99.232715413385449, 19.587037136847563, 0.0 ], [ -99.23261645437546, 19.587265395185831, 0.0 ], [ -99.232599966755117, 19.587278726021008, 0.0 ], [ -99.232574835425666, 19.587277590929862, 0.0 ], [ -99.232556590028679, 19.587267807411084, 0.0 ], [ -99.232557795054845, 19.587249125762348, 0.0 ] ] ] ] } },
{ "type": "Feature", "properties": { "ETAPA": "CUARTA", "tipo": "Area Verde", "M2": 18394.1, "ha": 1.83796647238, "Donantes": null, "LAT": 19.581763623000001, "LONG_": -99.235864645999996, "Shape__Are": 20830.0039062, "Shape__Len": 694.45887750999998, "Colonia": "Lomas de la Hacienda", "Identifica": 313, "m2_1": 18379.7 }, "geometry": { "type": "MultiPolygon", "coordinates": [ [ [ [ -99.236365203332468, 19.582825070531179, 0.0 ], [ -99.235404093254246, 19.582253405047105, 0.0 ], [ -99.235543296017298, 19.582034604387385, 0.0 ], [ -99.234868128959306, 19.581633300754536, 0.0 ], [ -99.234857129530582, 19.581616496170948, 0.0 ], [ -99.23614744574634, 19.580857886730435, 0.0 ], [ -99.236622856569056, 19.581768714795516, 0.0 ], [ -99.236303357903992, 19.581906067774675, 0.0 ], [ -99.23622930284823, 19.581964269059817, 0.0 ], [ -99.236182382379397, 19.582056302081099, 0.0 ], [ -99.236206571548593, 19.582119534367258, 0.0 ], [ -99.236236089752282, 19.582144939367165, 0.0 ], [ -99.236313244417985, 19.58237718643645, 0.0 ], [ -99.236383789040843, 19.582805654045238, 0.0 ], [ -99.236365203332468, 19.582825070531179, 0.0 ] ] ] ] } },
{ "type": "Feature", "properties": { "ETAPA": "TERCERA", "tipo": "Camellon", "M2": 1954.83, "ha": 0.19532975033, "Donantes": null, "LAT": 19.579423285000001, "LONG_": -99.233313214999995, "Shape__Are": 2213.640625, "Shape__Len": 335.35799334500001, "Colonia": "Lomas de la Hacienda", "Identifica": 52, "m2_1": 1953.3 }, "geometry": { "type": "MultiPolygon", "coordinates": [ [ [ [ -99.23325639180598, 19.57959546836716, 0.0 ], [ -99.233257783684394, 19.579585410382936, 0.0 ], [ -99.233259495078329, 19.579576301616385, 0.0 ], [ -99.233260461013373, 19.579562757287807, 0.0 ], [ -99.23325885793021, 19.579547721114608, 0.0 ], [ -99.233260792266236, 19.579505823280041, 0.0 ], [ -99.233288437375649, 19.578802907611419, 0.0 ], [ -99.233330260112766, 19.578762691280559, 0.0 ], [ -99.233392837274678, 19.57876447833981, 0.0 ], [ -99.233410603843581, 19.578784536472011, 0.0 ], [ -99.233401740348114, 19.579472443011849, 0.0 ], [ -99.233386620218766, 19.579579406203514, 0.0 ], [ -99.233343565263439, 19.579790547140721, 0.0 ], [ -99.233269075189511, 19.580070378118098, 0.0 ], [ -99.233234129968579, 19.580096575457997, 0.0 ], [ -99.233198408699394, 19.580097088644848, 0.0 ], [ -99.233157217824655, 19.580063050693255, 0.0 ], [ -99.23325639180598, 19.57959546836716, 0.0 ] ] ] ] } },
{ "type": "Feature", "properties": { "ETAPA": "TERCERA", "tipo": "Camellon", "M2": 658.66, "ha": 0.06581428564, "Donantes": null, "LAT": 19.580401414000001, "LONG_": -99.233128085000004, "Shape__Are": 745.8671875, "Shape__Len": 138.867722418, "Colonia": "Lomas de la Hacienda", "Identifica": 53, "m2_1": 658.143 }, "geometry": { "type": "MultiPolygon", "coordinates": [ [ [ [ -99.233131258533234, 19.580175462499405, 0.0 ], [ -99.233185210862302, 19.580170425133279, 0.0 ], [ -99.233212825175642, 19.580185800522806, 0.0 ], [ -99.233230609355985, 19.580218000716005, 0.0 ], [ -99.233161544167629, 19.580501560646443, 0.0 ], [ -99.233145869927768, 19.58056602727904, 0.0 ], [ -99.233147409898905, 19.580608989536401, 0.0 ], [ -99.233147459621534, 19.580643547671471, 0.0 ], [ -99.233148004078743, 19.580679506175017, 0.0 ], [ -99.233121613914037, 19.580679606556519, 0.0 ], [ -99.233088822739973, 19.58068463286827, 0.0 ], [ -99.233080079341178, 19.580664801206844, 0.0 ], [ -99.233073380199826, 19.580637467881157, 0.0 ], [ -99.233067354335986, 19.580608012839232, 0.0 ], [ -99.233063937370986, 19.580587649844102, 0.0 ], [ -99.233060215487257, 19.58056211563823, 0.0 ], [ -99.233057779959637, 19.580538988446175, 0.0 ], [ -99.233055230621659, 19.580503421715925, 0.0 ], [ -99.233054185721102, 19.580461660310235, 0.0 ], [ -99.233054562758426, 19.580438415617113, 0.0 ], [ -99.233055525665264, 19.580419123576654, 0.0 ], [ -99.233057203549308, 19.580395988659607, 0.0 ], [ -99.233060005169207, 19.580368983452608, 0.0 ], [ -99.23306403776489, 19.58034024515544, 0.0 ], [ -99.233068569241794, 19.58031447646712, 0.0 ], [ -99.233076014939698, 19.580280054498097, 0.0 ], [ -99.233084039069112, 19.580249387882272, 0.0 ], [ -99.233091535537113, 19.580224414463441, 0.0 ], [ -99.233107092532478, 19.580191874445461, 0.0 ], [ -99.233131258533234, 19.580175462499405, 0.0 ] ] ] ] } },
{ "type": "Feature", "properties": { "ETAPA": "TERCERA", "tipo": "Camellon", "M2": 633.64, "ha": 0.06331419787000001, "Donantes": null, "LAT": 19.581277469, "LONG_": -99.233443851000004, "Shape__Are": 717.55078125, "Shape__Len": 296.41430818700002, "Colonia": "Lomas de la Hacienda", "Identifica": 54, "m2_1": 633.142 }, "geometry": { "type": "MultiPolygon", "coordinates": [ [ [ [ -99.233140011337355, 19.580807773080441, 0.0 ], [ -99.233165854301475, 19.580787200265188, 0.0 ], [ -99.233212275215365, 19.580830731959438, 0.0 ], [ -99.233803536528455, 19.581853636321156, 0.0 ], [ -99.23377794076552, 19.581870013934985, 0.0 ], [ -99.233150667498236, 19.580839702277899, 0.0 ], [ -99.233140011337355, 19.580807773080441, 0.0 ] ] ] ] } },
{ "type": "Feature", "properties": { "ETAPA": "TERCERA", "tipo": "Camellon", "M2": 116.15, "ha": 0.01160552976, "Donantes": null, "LAT": 19.582299622000001, "LONG_": -99.23404701, "Shape__Are": 131.52734375, "Shape__Len": 60.576041579699996, "Colonia": "Lomas de la Hacienda", "Identifica": 55, "m2_1": 116.055 }, "geometry": { "type": "MultiPolygon", "coordinates": [ [ [ [ -99.233977349785803, 19.582240664210349, 0.0 ], [ -99.23399127728301, 19.58220411181507, 0.0 ], [ -99.23402774956449, 19.582211536536754, 0.0 ], [ -99.234124099092512, 19.582397278522958, 0.0 ], [ -99.234094583466174, 19.582409361564764, 0.0 ], [ -99.233977349785803, 19.582240664210349, 0.0 ] ] ] ] } },
{ "type": "Feature", "properties": { "ETAPA": "TERCERA", "tipo": "Camellon", "M2": 766.68, "ha": 0.07660737873, "Donantes": null, "LAT": 19.58305898, "LONG_": -99.234417984999993, "Shape__Are": 868.224609375, "Shape__Len": 482.89097119600001, "Colonia": "Lomas de la Hacienda", "Identifica": 239, "m2_1": 766.074 }, "geometry": { "type": "MultiPolygon", "coordinates": [ [ [ [ -99.234262806491287, 19.582714250035714, 0.0 ], [ -99.234303411512627, 19.58271087139768, 0.0 ], [ -99.23435679731918, 19.582829420685574, 0.0 ], [ -99.23440871921855, 19.582957778911471, 0.0 ], [ -99.234468627535207, 19.583157111122063, 0.0 ], [ -99.234485798726752, 19.583241195270425, 0.0 ], [ -99.234516012103327, 19.583351413421639, 0.0 ], [ -99.234540470220111, 19.583462906948569, 0.0 ], [ -99.234559114511271, 19.583575405722002, 0.0 ], [ -99.234571898804376, 19.583688637788725, 0.0 ], [ -99.234573784915241, 19.583833595034992, 0.0 ], [ -99.234570407735745, 19.583978527494981, 0.0 ], [ -99.234561771770984, 19.584123263458444, 0.0 ], [ -99.234547886290656, 19.584267630305487, 0.0 ], [ -99.234527504876922, 19.584369342591661, 0.0 ], [ -99.234502525313289, 19.584470128230073, 0.0 ], [ -99.234472993086982, 19.584569800092794, 0.0 ], [ -99.234454036127275, 19.584650604054016, 0.0 ], [ -99.234443241341992, 19.584681907251341, 0.0 ], [ -99.234423501857137, 19.584670808944793, 0.0 ], [ -99.234445341294986, 19.584562860343208, 0.0 ], [ -99.234474602382861, 19.584464255209035, 0.0 ], [ -99.23449935658968, 19.584364545276188, 0.0 ], [ -99.234519558424807, 19.584263915864998, 0.0 ], [ -99.23453329706922, 19.584120850545968, 0.0 ], [ -99.234541847231426, 19.58397742145247, 0.0 ], [ -99.234545198679541, 19.583833797591058, 0.0 ], [ -99.234543348813901, 19.58369014886199, 0.0 ], [ -99.234530709827766, 19.583578480917396, 0.0 ], [ -99.234512304268378, 19.583467535299441, 0.0 ], [ -99.234488177349746, 19.583357580347521, 0.0 ], [ -99.234458386675399, 19.583248880770249, 0.0 ], [ -99.234405485046423, 19.583092421494346, 0.0 ], [ -99.234347958399837, 19.582937435825777, 0.0 ], [ -99.234285851741348, 19.582784048413043, 0.0 ], [ -99.234262806491287, 19.582714250035714, 0.0 ] ] ] ] } },
{ "type": "Feature", "properties": { "ETAPA": "TERCERA", "tipo": "Camellon", "M2": 3466.03, "ha": 0.34633127781, "Donantes": null, "LAT": 19.576508846, "LONG_": -99.233289244000005, "Shape__Are": 3924.81640625, "Shape__Len": 803.55156330299997, "Colonia": "Lomas de la Hacienda", "Identifica": 240, "m2_1": 3463.31 }, "geometry": { "type": "MultiPolygon", "coordinates": [ [ [ [ -99.233294441620671, 19.578695464603676, 0.0 ], [ -99.233294197617596, 19.578525967507094, 0.0 ], [ -99.233304539097702, 19.578179905052828, 0.0 ], [ -99.23331903927722, 19.577642366043111, 0.0 ], [ -99.233325771030067, 19.577184694539032, 0.0 ], [ -99.233331355423189, 19.576956789914757, 0.0 ], [ -99.233313754377022, 19.576709301149425, 0.0 ], [ -99.233283486222945, 19.576561300373431, 0.0 ], [ -99.233234274846197, 19.576431303692068, 0.0 ], [ -99.23321228108766, 19.576383814578243, 0.0 ], [ -99.233190536887363, 19.576338543402596, 0.0 ], [ -99.233168806806859, 19.576303079266989, 0.0 ], [ -99.233153009347774, 19.576281617549316, 0.0 ], [ -99.233052759940236, 19.576121565075031, 0.0 ], [ -99.232996490581172, 19.576026759144238, 0.0 ], [ -99.23299570942595, 19.576022050387177, 0.0 ], [ -99.232981881490815, 19.575999652103828, 0.0 ], [ -99.232930534907581, 19.575926398942844, 0.0 ], [ -99.232867314506109, 19.575819069877298, 0.0 ], [ -99.232834693437908, 19.575747660527909, 0.0 ], [ -99.232829172406539, 19.575677150206754, 0.0 ], [ -99.232828793719008, 19.575637506266432, 0.0 ], [ -99.232832799085912, 19.575629394473999, 0.0 ], [ -99.232831613770571, 19.575490229120579, 0.0 ], [ -99.232929162144359, 19.57548543317683, 0.0 ], [ -99.232928874802951, 19.575628336453725, 0.0 ], [ -99.232929646574362, 19.575651101851481, 0.0 ], [ -99.232929683486134, 19.575676786966419, 0.0 ], [ -99.232930227530161, 19.575712511989941, 0.0 ], [ -99.232937215978353, 19.575775548365566, 0.0 ], [ -99.23297110644603, 19.575873108221444, 0.0 ], [ -99.232985951327052, 19.575917454330895, 0.0 ], [ -99.233001285899562, 19.575959698293204, 0.0 ], [ -99.233005749605752, 19.575980123906895, 0.0 ], [ -99.233225997536508, 19.576328690503239, 0.0 ], [ -99.233241796353823, 19.576351086218438, 0.0 ], [ -99.233260570898025, 19.576387021169118, 0.0 ], [ -99.233279822023647, 19.576411747431607, 0.0 ], [ -99.233305259028214, 19.576455262559428, 0.0 ], [ -99.233321559314817, 19.576483728656331, 0.0 ], [ -99.23334946474516, 19.576530626356007, 0.0 ], [ -99.233366761552631, 19.576566796707311, 0.0 ], [ -99.233384064421074, 19.576607170074933, 0.0 ], [ -99.233388273939923, 19.576622108721907, 0.0 ], [ -99.233398167398761, 19.576649415591987, 0.0 ], [ -99.23341251640079, 19.57669142728794, 0.0 ], [ -99.233423910518681, 19.576734376811675, 0.0 ], [ -99.233430847416187, 19.576761454003382, 0.0 ], [ -99.233437287574986, 19.576785729820401, 0.0 ], [ -99.233442263741338, 19.576819814592, 0.0 ], [ -99.233442825730094, 19.576867915161412, 0.0 ], [ -99.23344242181247, 19.576929560064077, 0.0 ], [ -99.233440498743164, 19.576962719756672, 0.0 ], [ -99.233440555917326, 19.577002414926937, 0.0 ], [ -99.233442136954025, 19.577073864320376, 0.0 ], [ -99.233441870930491, 19.577231244630131, 0.0 ], [ -99.23339102682084, 19.578651223417211, 0.0 ], [ -99.233378480829174, 19.578681736547654, 0.0 ], [ -99.233294441620671, 19.578695464603676, 0.0 ] ] ] ] } },
{ "type": "Feature", "properties": { "ETAPA": "TERCERA", "tipo": "Camellon", "M2": 1128.11, "ha": 0.11272228912, "Donantes": null, "LAT": 19.585910155000001, "LONG_": -99.233565733000006, "Shape__Are": 1277.5683593799999, "Shape__Len": 623.79831920399999, "Colonia": "Lomas de la Hacienda", "Identifica": 241, "m2_1": 1127.22 }, "geometry": { "type": "MultiPolygon", "coordinates": [ [ [ [ -99.232782985276501, 19.586912126497396, 0.0 ], [ -99.232746272330061, 19.586909371871343, 0.0 ], [ -99.23273393913945, 19.586899113736713, 0.0 ], [ -99.232753083416739, 19.586848652770779, 0.0 ], [ -99.232952751150961, 19.586581736586233, 0.0 ], [ -99.233131290425206, 19.586356410707737, 0.0 ], [ -99.233339393292326, 19.586131046400777, 0.0 ], [ -99.233611946768704, 19.585838350027064, 0.0 ], [ -99.233968594726022, 19.585433463577228, 0.0 ], [ -99.234149082682379, 19.585194591087994, 0.0 ], [ -99.234324084542905, 19.584910426307978, 0.0 ], [ -99.234362871122556, 19.584814173404531, 0.0 ], [ -99.234397373085983, 19.584821600604336, 0.0 ], [ -99.234384612759925, 19.584856642371889, 0.0 ], [ -99.234300574615006, 19.585008060363066, 0.0 ], [ -99.234105394883741, 19.585309063400349, 0.0 ], [ -99.2339795117378, 19.585486687689713, 0.0 ], [ -99.233743378011283, 19.585748982260633, 0.0 ], [ -99.233480156590758, 19.586020651642155, 0.0 ], [ -99.233264689261262, 19.586264238731111, 0.0 ], [ -99.233122025230102, 19.586423671030392, 0.0 ], [ -99.23303546901856, 19.586538665492348, 0.0 ], [ -99.232826237743481, 19.586836649774394, 0.0 ], [ -99.232782985276501, 19.586912126497396, 0.0 ] ] ] ] } },
{ "type": "Feature", "properties": { "ETAPA": "CUARTA", "tipo": "Area Verde", "M2": 7763.65, "ha": 0.77575493972999998, "Donantes": null, "LAT": 19.5776408, "LONG_": -99.228660914000002, "Shape__Are": 8791.3300781199996, "Shape__Len": 384.37974530499997, "Colonia": "San Mateo Tecoloapan", "Identifica": 317, "m2_1": 7757.55 }, "geometry": { "type": "MultiPolygon", "coordinates": [ [ [ [ -99.229388466332793, 19.577507266314655, 0.0 ], [ -99.229109804087017, 19.577751986747533, 0.0 ], [ -99.228666356017442, 19.578137510019005, 0.0 ], [ -99.228613305459461, 19.578084973941159, 0.0 ], [ -99.228393653471102, 19.577958525995328, 0.0 ], [ -99.228191690875505, 19.577853574941674, 0.0 ], [ -99.228113376759609, 19.577774769008339, 0.0 ], [ -99.228175743502831, 19.57727734965427, 0.0 ], [ -99.229164778939676, 19.577381302641122, 0.0 ], [ -99.229291495536131, 19.577436614218612, 0.0 ], [ -99.229388466332793, 19.577507266314655, 0.0 ] ] ] ] } },
{ "type": "Feature", "properties": { "ETAPA": "CUARTA", "tipo": "Area Verde", "M2": 1005.74, "ha": 0.1004949139, "Donantes": null, "LAT": 19.575221212, "LONG_": -99.231746994999995, "Shape__Are": 1138.8339843799999, "Shape__Len": 135.88047934900001, "Colonia": "San Mateo Tecoloapan", "Identifica": 369, "m2_1": 1004.95 }, "geometry": { "type": "MultiPolygon", "coordinates": [ [ [ [ -99.23192023634887, 19.575093097883279, 0.0 ], [ -99.23189541621467, 19.575377068176259, 0.0 ], [ -99.231567396156962, 19.575323690636097, 0.0 ], [ -99.231582829572829, 19.575090542459698, 0.0 ], [ -99.23192023634887, 19.575093097883279, 0.0 ] ] ] ] } },
{ "type": "Feature", "properties": { "ETAPA": "TERCERA", "tipo": "Camellon", "M2": 49.37, "ha": 0.00493275567, "Donantes": null, "LAT": 19.582477303000001, "LONG_": -99.227955285999997, "Shape__Are": 55.90625, "Shape__Len": 41.420967994500003, "Colonia": "San Mateo Tecoloapan", "Identifica": 56, "m2_1": 49.3276 }, "geometry": { "type": "MultiPolygon", "coordinates": [ [ [ [ -99.2279227547603, 19.582440593439511, 0.0 ], [ -99.227970048445016, 19.582410852367914, 0.0 ], [ -99.227975109077207, 19.582569339633157, 0.0 ], [ -99.227957112803708, 19.58253909638422, 0.0 ], [ -99.22794660422889, 19.582508751489172, 0.0 ], [ -99.227934345585837, 19.582479113695275, 0.0 ], [ -99.2279227547603, 19.582440593439511, 0.0 ] ] ] ] } },
{ "type": "Feature", "properties": { "ETAPA": "TERCERA", "tipo": "Camellon", "M2": 140.06, "ha": 0.01399491339, "Donantes": null, "LAT": 19.57528531, "LONG_": -99.232896462, "Shape__Are": 158.591796875, "Shape__Len": 54.649744208999998, "Colonia": "San Mateo Tecoloapan", "Identifica": 248, "m2_1": 139.949 }, "geometry": { "type": "MultiPolygon", "coordinates": [ [ [ [ -99.232981426526464, 19.575254666226144, 0.0 ], [ -99.232933721703461, 19.575315438209469, 0.0 ], [ -99.23290617133047, 19.5753439609582, 0.0 ], [ -99.232845108482834, 19.575366455918008, 0.0 ], [ -99.232845050788526, 19.575326293736776, 0.0 ], [ -99.232853811410706, 19.575251094950943, 0.0 ], [ -99.232862120919606, 19.575204850931343, 0.0 ], [ -99.232912418757479, 19.57523420719405, 0.0 ], [ -99.232981426526464, 19.575254666226144, 0.0 ] ] ] ] } },
{ "type": "Feature", "properties": { "ETAPA": "CUARTA", "tipo": "Area Verde", "M2": 1118.26, "ha": 0.1117378747, "Donantes": null, "LAT": 19.58360564, "LONG_": -99.222998744999998, "Shape__Are": 1266.375, "Shape__Len": 172.48084447700001, "Colonia": "Peñitas", "Identifica": 310, "m2_1": 1117.38 }, "geometry": { "type": "MultiPolygon", "coordinates": [ [ [ [ -99.22334458405571, 19.583575625726869, 0.0 ], [ -99.223170592035402, 19.583633226524817, 0.0 ], [ -99.222764606877945, 19.583765236682169, 0.0 ], [ -99.222721716464321, 19.583762898594379, 0.0 ], [ -99.222681197648015, 19.583650568850516, 0.0 ], [ -99.223167799191145, 19.583437163137784, 0.0 ], [ -99.22334458405571, 19.583575625726869, 0.0 ] ] ] ] } },
{ "type": "Feature", "properties": { "ETAPA": "CUARTA", "tipo": "Area Verde", "M2": 422.95, "ha": 0.04226178927, "Donantes": null, "LAT": 19.581763365, "LONG_": -99.223759071000003, "Shape__Are": 478.9609375, "Shape__Len": 120.511429502, "Colonia": "Peñitas", "Identifica": 377, "m2_1": 422.618 }, "geometry": { "type": "MultiPolygon", "coordinates": [ [ [ [ -99.223794533522252, 19.581868073907319, 0.0 ], [ -99.223668251172256, 19.58176302393403, 0.0 ], [ -99.223625348078073, 19.581751121833989, 0.0 ], [ -99.223496708094146, 19.58176562763537, 0.0 ], [ -99.223410859076751, 19.581710739622732, 0.0 ], [ -99.223741295095095, 19.581679246259121, 0.0 ], [ -99.223875092791204, 19.581746029903481, 0.0 ], [ -99.223794533522252, 19.581868073907319, 0.0 ] ] ] ] } },
{ "type": "Feature", "properties": { "ETAPA": "CUARTA", "tipo": "Area Verde", "M2": 774.01, "ha": 0.07733987727, "Donantes": null, "LAT": 19.581855912000002, "LONG_": -99.223588301999996, "Shape__Are": 876.5078125, "Shape__Len": 129.16551327100001, "Colonia": "Peñitas", "Identifica": 442, "m2_1": 773.399 }, "geometry": { "type": "MultiPolygon", "coordinates": [ [ [ [ -99.223794533522252, 19.581868073907319, 0.0 ], [ -99.223664898602095, 19.582029456583097, 0.0 ], [ -99.223417412430493, 19.581843260672688, 0.0 ], [ -99.223359247630697, 19.581740517152046, 0.0 ], [ -99.223410859076751, 19.581710739622732, 0.0 ], [ -99.223496708094146, 19.58176562763537, 0.0 ], [ -99.223625348078073, 19.581751121833989, 0.0 ], [ -99.223693275623717, 19.581783840938165, 0.0 ], [ -99.223794533522252, 19.581868073907319, 0.0 ] ] ] ] } },
{ "type": "Feature", "properties": { "ETAPA": "TERCERA", "tipo": "Area Verde", "M2": 1432.11, "ha": 0.14309854434, "Donantes": null, "LAT": 19.581137428000002, "LONG_": -99.225276179000005, "Shape__Are": 1621.7558593799999, "Shape__Len": 174.20734821, "Colonia": "Peñitas", "Identifica": 57, "m2_1": 1430.99 }, "geometry": { "type": "MultiPolygon", "coordinates": [ [ [ [ -99.225558237868171, 19.581142585399537, 0.0 ], [ -99.225547345242006, 19.581232240093232, 0.0 ], [ -99.225511315785084, 19.581232240093232, 0.0 ], [ -99.225504612630971, 19.581296757956906, 0.0 ], [ -99.225404903205245, 19.581291730591033, 0.0 ], [ -99.225302480771248, 19.581272689084301, 0.0 ], [ -99.225302480771248, 19.581272689084301, 0.0 ], [ -99.225046153216255, 19.581251901026981, 0.0 ], [ -99.225100541565965, 19.580899880201081, 0.0 ], [ -99.225337224873769, 19.581027621451248, 0.0 ], [ -99.225558237868171, 19.581142585399537, 0.0 ] ] ] ] } },
{ "type": "Feature", "properties": { "ETAPA": "TERCERA", "tipo": "Camellon", "M2": 742.51, "ha": 0.07419226885000001, "Donantes": null, "LAT": 19.58134125, "LONG_": -99.226285562000001, "Shape__Are": 840.830078125, "Shape__Len": 877.65697320699996, "Colonia": "Peñitas", "Identifica": 235, "m2_1": 741.923 }, "geometry": { "type": "MultiPolygon", "coordinates": [ [ [ [ -99.227633597346127, 19.582175654281933, 0.0 ], [ -99.227610409358292, 19.582136972760139, 0.0 ], [ -99.227527994796986, 19.582044610196409, 0.0 ], [ -99.227435733094836, 19.581957397040874, 0.0 ], [ -99.227315878403644, 19.581869751610771, 0.0 ], [ -99.227187661321437, 19.58179192369084, 0.0 ], [ -99.22714229490839, 19.581766295674207, 0.0 ], [ -99.227039734190413, 19.581713186483455, 0.0 ], [ -99.226470255657475, 19.581438370754189, 0.0 ], [ -99.226281914371071, 19.581351277603734, 0.0 ], [ -99.225975713502251, 19.581192880514774, 0.0 ], [ -99.225464413230412, 19.580942272816216, 0.0 ], [ -99.224970375887011, 19.58070331719011, 0.0 ], [ -99.224719596570651, 19.580580724752753, 0.0 ], [ -99.224697016089195, 19.580555945448598, 0.0 ], [ -99.225188287293463, 19.580796445852474, 0.0 ], [ -99.225710915981239, 19.581044705155843, 0.0 ], [ -99.226331187725265, 19.581352149787946, 0.0 ], [ -99.226888350306211, 19.581628849467638, 0.0 ], [ -99.227182207333115, 19.581767646415528, 0.0 ], [ -99.227405115492516, 19.581908400354564, 0.0 ], [ -99.227571861535566, 19.582054828915112, 0.0 ], [ -99.227694283806798, 19.582216257364518, 0.0 ], [ -99.227808856890164, 19.582401979782151, 0.0 ], [ -99.227865238867466, 19.582552283440091, 0.0 ], [ -99.227874766810828, 19.582585047051367, 0.0 ], [ -99.22786625618707, 19.582590695291039, 0.0 ], [ -99.227842270940798, 19.582582256064725, 0.0 ], [ -99.227798156019333, 19.582464106213273, 0.0 ], [ -99.227787466632478, 19.582437715248119, 0.0 ], [ -99.227764524300625, 19.58238570976561, 0.0 ], [ -99.227738456562761, 19.582335121621327, 0.0 ], [ -99.227694924370269, 19.582261079964347, 0.0 ], [ -99.227679248083177, 19.582237235603426, 0.0 ], [ -99.227645586786565, 19.582190645985744, 0.0 ], [ -99.227633597346127, 19.582175654281933, 0.0 ] ] ] ] } },
{ "type": "Feature", "properties": { "ETAPA": "CUARTA", "tipo": "Area Verde", "M2": 4108.58, "ha": 0.41053509526999998, "Donantes": null, "LAT": 19.599379307, "LONG_": -99.230546261000001, "Shape__Are": 4653.6738281199996, "Shape__Len": 348.05200251999997, "Colonia": "Villas de la Hacienda", "Identifica": 351, "m2_1": 4105.35 }, "geometry": { "type": "MultiPolygon", "coordinates": [ [ [ [ -99.230808787291622, 19.599472596316204, 0.0 ], [ -99.230309941247612, 19.599972964712773, 0.0 ], [ -99.230304361093644, 19.599597576390455, 0.0 ], [ -99.230306071059232, 19.599026112307378, 0.0 ], [ -99.230280361372863, 19.598689006530812, 0.0 ], [ -99.230525535346487, 19.598999530147417, 0.0 ], [ -99.230747931571244, 19.599259870442239, 0.0 ], [ -99.230811040967922, 19.59928370017337, 0.0 ], [ -99.230808787291622, 19.599472596316204, 0.0 ] ] ] ] } },
{ "type": "Feature", "properties": { "ETAPA": "CUARTA", "tipo": "Area Verde", "M2": 1704.29, "ha": 0.17029522378, "Donantes": null, "LAT": 19.597138076, "LONG_": -99.230351823999996, "Shape__Are": 1930.3496093799999, "Shape__Len": 190.15191335200001, "Colonia": "Villas de la Hacienda", "Identifica": 352, "m2_1": 1702.95 }, "geometry": { "type": "MultiPolygon", "coordinates": [ [ [ [ -99.230619204393307, 19.597052288213785, 0.0 ], [ -99.23049345706913, 19.597267626696446, 0.0 ], [ -99.230153830630542, 19.597402648193196, 0.0 ], [ -99.230087902614272, 19.597407539059827, 0.0 ], [ -99.230204214830636, 19.597167055690868, 0.0 ], [ -99.230224242698057, 19.596984375614991, 0.0 ], [ -99.230304619711433, 19.59685498984598, 0.0 ], [ -99.230619204393307, 19.597052288213785, 0.0 ] ] ] ] } },
{ "type": "Feature", "properties": { "ETAPA": "CUARTA", "tipo": "Area Verde", "M2": 956.41, "ha": 0.09556545159, "Donantes": null, "LAT": 19.602747534, "LONG_": -99.226704796000007, "Shape__Are": 1083.3417968799999, "Shape__Len": 151.19223630600001, "Colonia": "Villas de la Hacienda", "Identifica": 353, "m2_1": 955.655 }, "geometry": { "type": "MultiPolygon", "coordinates": [ [ [ [ -99.226654278538462, 19.602892917425446, 0.0 ], [ -99.226603167347051, 19.602614193381914, 0.0 ], [ -99.226973368215752, 19.602570467235335, 0.0 ], [ -99.227009061515986, 19.602705009740337, 0.0 ], [ -99.226821441759967, 19.602738892854987, 0.0 ], [ -99.226836873584929, 19.602892687674021, 0.0 ], [ -99.226654278538462, 19.602892917425446, 0.0 ] ] ] ] } },
{ "type": "Feature", "properties": { "ETAPA": "CUARTA", "tipo": "Area Verde", "M2": 1421.57, "ha": 0.14204549997, "Donantes": null, "LAT": 19.605546763, "LONG_": -99.230287720999996, "Shape__Are": 1610.2988281200001, "Shape__Len": 179.85145899599999, "Colonia": "Villas de la Hacienda", "Identifica": 371, "m2_1": 1420.45 }, "geometry": { "type": "MultiPolygon", "coordinates": [ [ [ [ -99.230266410385553, 19.605842548274531, 0.0 ], [ -99.230066960227802, 19.60575552964437, 0.0 ], [ -99.230307199518421, 19.605250710695053, 0.0 ], [ -99.230509177392548, 19.605341312413376, 0.0 ], [ -99.230266410385553, 19.605842548274531, 0.0 ] ] ] ] } },
{ "type": "Feature", "properties": { "ETAPA": "CUARTA", "tipo": "Area Verde", "M2": 2842.6, "ha": 0.28403704372, "Donantes": null, "LAT": 19.60822923, "LONG_": -99.230782433000002, "Shape__Are": 3219.9746093799999, "Shape__Len": 669.30292486200005, "Colonia": "Villas de la Hacienda", "Identifica": 386, "m2_1": 2840.37 }, "geometry": { "type": "MultiPolygon", "coordinates": [ [ [ [ -99.23199042903255, 19.608785573558883, 0.0 ], [ -99.229518727587987, 19.60772646055468, 0.0 ], [ -99.229457772148365, 19.607664051202342, 0.0 ], [ -99.229559073598992, 19.607562981631101, 0.0 ], [ -99.229772312038477, 19.60770691056598, 0.0 ], [ -99.230158089028563, 19.607908299212166, 0.0 ], [ -99.230599668537721, 19.608114422296101, 0.0 ], [ -99.231071668952225, 19.608310891886802, 0.0 ], [ -99.231609671796789, 19.608550535605939, 0.0 ], [ -99.231929382669051, 19.60866067820076, 0.0 ], [ -99.232106836039137, 19.608607576073691, 0.0 ], [ -99.232101812046551, 19.608641229380662, 0.0 ], [ -99.23199042903255, 19.608785573558883, 0.0 ] ] ] ] } },
{ "type": "Feature", "properties": { "ETAPA": "CUARTA", "tipo": "Area Verde", "M2": 2372.79, "ha": 0.2370926679, "Donantes": null, "LAT": 19.598805334000001, "LONG_": -99.230574954000005, "Shape__Are": 2687.5761718799999, "Shape__Len": 245.42716266400001, "Colonia": "Villas de la Hacienda", "Identifica": 389, "m2_1": 2370.93 }, "geometry": { "type": "MultiPolygon", "coordinates": [ [ [ [ -99.230811040967922, 19.59928370017337, 0.0 ], [ -99.230747931571244, 19.599259870442239, 0.0 ], [ -99.230525535346487, 19.598999530147417, 0.0 ], [ -99.230281057417173, 19.598696660940927, 0.0 ], [ -99.23034194558555, 19.598609768180417, 0.0 ], [ -99.230431938740637, 19.598543000285556, 0.0 ], [ -99.230486129932629, 19.598502794603966, 0.0 ], [ -99.230676205087008, 19.598457555303124, 0.0 ], [ -99.230772426438079, 19.59913443794099, 0.0 ], [ -99.230811040967922, 19.59928370017337, 0.0 ] ] ] ] } },
{ "type": "Feature", "properties": { "ETAPA": "CUARTA", "tipo": "Area Verde", "M2": 2244.54, "ha": 0.22427744191000001, "Donantes": null, "LAT": 19.602333457, "LONG_": -99.226717342000001, "Shape__Are": 2542.421875, "Shape__Len": 211.613630699, "Colonia": "Villas de la Hacienda", "Identifica": 390, "m2_1": 2242.77 }, "geometry": { "type": "MultiPolygon", "coordinates": [ [ [ [ -99.226973368215752, 19.602570467235335, 0.0 ], [ -99.226603167347051, 19.602614193381914, 0.0 ], [ -99.226479676265626, 19.602022320491827, 0.0 ], [ -99.226509912781054, 19.601993589845115, 0.0 ], [ -99.22656291200839, 19.602004282964341, 0.0 ], [ -99.226900031564298, 19.602211880493158, 0.0 ], [ -99.226973368215752, 19.602570467235335, 0.0 ] ] ] ] } },
{ "type": "Feature", "properties": { "ETAPA": "CUARTA", "tipo": "Area Verde", "M2": 12454.65, "ha": 1.2444864708900001, "Donantes": null, "LAT": 19.596184249, "LONG_": -99.23142789000001, "Shape__Are": 14106.4785156, "Shape__Len": 729.21386501999996, "Colonia": "Villas de la Hacienda", "Identifica": 394, "m2_1": 12444.9 }, "geometry": { "type": "MultiPolygon", "coordinates": [ [ [ [ -99.230646530692397, 19.597070326422557, 0.0 ], [ -99.230304619711433, 19.59685498984598, 0.0 ], [ -99.230337256527079, 19.596751843518749, 0.0 ], [ -99.23041668807619, 19.596773692966714, 0.0 ], [ -99.230689567239466, 19.596366458447655, 0.0 ], [ -99.230866648558816, 19.596260173093285, 0.0 ], [ -99.23088580338414, 19.596240167956779, 0.0 ], [ -99.231185000100382, 19.596075751114594, 0.0 ], [ -99.231260467799132, 19.596027354920516, 0.0 ], [ -99.231334849805734, 19.595963638722683, 0.0 ], [ -99.231713015051568, 19.595611675365664, 0.0 ], [ -99.231924600848743, 19.595419172869203, 0.0 ], [ -99.232004016335978, 19.595348940588956, 0.0 ], [ -99.232129721552525, 19.595252376239209, 0.0 ], [ -99.232185734202787, 19.595792191279763, 0.0 ], [ -99.232276442757268, 19.596373326797405, 0.0 ], [ -99.232190833046602, 19.596416644980231, 0.0 ], [ -99.23204073287117, 19.596372458950544, 0.0 ], [ -99.232055982531264, 19.596287841117586, 0.0 ], [ -99.23207755969608, 19.596273186891956, 0.0 ], [ -99.232075760785591, 19.596200998633591, 0.0 ], [ -99.231982361297085, 19.596214251030627, 0.0 ], [ -99.231849703316087, 19.596098739929459, 0.0 ], [ -99.231515986280215, 19.596406532996742, 0.0 ], [ -99.231020225611488, 19.596591131535796, 0.0 ], [ -99.230959094072418, 19.59663690927432, 0.0 ], [ -99.230884129737376, 19.596736659587819, 0.0 ], [ -99.230646530692397, 19.597070326422557, 0.0 ] ] ] ] } },
{ "type": "Feature", "properties": { "ETAPA": "CUARTA", "tipo": "Area Verde", "M2": 854.51, "ha": 0.0853839517, "Donantes": null, "LAT": 19.597724332, "LONG_": -99.231340304, "Shape__Are": 967.853515625, "Shape__Len": 177.05706064399999, "Colonia": "Villas de la Hacienda", "Identifica": 397, "m2_1": 853.84 }, "geometry": { "type": "MultiPolygon", "coordinates": [ [ [ [ -99.231525792005058, 19.597770460227856, 0.0 ], [ -99.230980486351356, 19.597829787031003, 0.0 ], [ -99.23092047529893, 19.597835176193495, 0.0 ], [ -99.230919190416088, 19.597814482806807, 0.0 ], [ -99.231020480210205, 19.597776339163811, 0.0 ], [ -99.231477207962328, 19.597604344002356, 0.0 ], [ -99.231525987443433, 19.597585974468551, 0.0 ], [ -99.231553931299302, 19.597575451273983, 0.0 ], [ -99.231575876318828, 19.597585504967046, 0.0 ], [ -99.231586097271048, 19.597677508966715, 0.0 ], [ -99.231590482167121, 19.597716979616109, 0.0 ], [ -99.231594112500858, 19.597749658056202, 0.0 ], [ -99.231587459353264, 19.597760756391835, 0.0 ], [ -99.231558169257042, 19.597766937675303, 0.0 ], [ -99.231550697584339, 19.597767750572611, 0.0 ], [ -99.231549054518979, 19.597767929333425, 0.0 ], [ -99.231525792005058, 19.597770460227856, 0.0 ] ] ] ] } },
{ "type": "Feature", "properties": { "ETAPA": "CUARTA", "tipo": "Area Verde", "M2": 1569.24, "ha": 0.1568003302, "Donantes": null, "LAT": 19.606188319000001, "LONG_": -99.233466377, "Shape__Are": 1777.5761718799999, "Shape__Len": 171.81655972199999, "Colonia": "Villas de la Hacienda", "Identifica": 458, "m2_1": 1568.0 }, "geometry": { "type": "MultiPolygon", "coordinates": [ [ [ [ -99.233656941561293, 19.606378025953397, 0.0 ], [ -99.233337455883216, 19.606421700203377, 0.0 ], [ -99.233286096404626, 19.605979551080448, 0.0 ], [ -99.233590406326968, 19.605964736751584, 0.0 ], [ -99.233656941561293, 19.606378025953397, 0.0 ] ] ] ] } },
{ "type": "Feature", "properties": { "ETAPA": "TERCERA", "tipo": "Camellon", "M2": 474.7, "ha": 0.04743278595, "Donantes": null, "LAT": 19.606476203, "LONG_": -99.226730747000005, "Shape__Are": 537.724609375, "Shape__Len": 138.80109984699999, "Colonia": "Villas de la Hacienda", "Identifica": 58, "m2_1": 474.328 }, "geometry": { "type": "MultiPolygon", "coordinates": [ [ [ [ -99.226662514685501, 19.606358021796339, 0.0 ], [ -99.226689324189209, 19.606352825664473, 0.0 ], [ -99.226759079749954, 19.606418205304546, 0.0 ], [ -99.22685099327046, 19.606504345354164, 0.0 ], [ -99.227010137948298, 19.606653494498051, 0.0 ], [ -99.226934213001627, 19.606619930817764, 0.0 ], [ -99.226487013719264, 19.606419788284374, 0.0 ], [ -99.226547355302316, 19.606404961278418, 0.0 ], [ -99.226605753793478, 19.606384291544511, 0.0 ], [ -99.226662514685501, 19.606358021796339, 0.0 ] ] ] ] } },
{ "type": "Feature", "properties": { "ETAPA": "TERCERA", "tipo": "Camellon", "M2": 206.19, "ha": 0.02060253235, "Donantes": null, "LAT": 19.606142587000001, "LONG_": -99.22678148, "Shape__Are": 233.564453125, "Shape__Len": 85.074644468800003, "Colonia": "Villas de la Hacienda", "Identifica": 59, "m2_1": 206.025 }, "geometry": { "type": "MultiPolygon", "coordinates": [ [ [ [ -99.226717969908648, 19.60603694493123, 0.0 ], [ -99.226707028970168, 19.605981766835988, 0.0 ], [ -99.22690549777414, 19.606242014856623, 0.0 ], [ -99.226846984534902, 19.606222943583933, 0.0 ], [ -99.226786509508031, 19.606210530534895, 0.0 ], [ -99.226724913067443, 19.606204948160816, 0.0 ], [ -99.226726936223486, 19.606148836495919, 0.0 ], [ -99.22672461756305, 19.606092734812425, 0.0 ], [ -99.226717969908648, 19.60603694493123, 0.0 ] ] ] ] } },
{ "type": "Feature", "properties": { "ETAPA": "TERCERA", "tipo": "Camellon", "M2": 4246.75, "ha": 0.42434108553, "Donantes": null, "LAT": 19.607397252999998, "LONG_": -99.22831609000001, "Shape__Are": 4810.6464843800004, "Shape__Len": 513.07126825399996, "Colonia": "Villas de la Hacienda", "Identifica": 61, "m2_1": 4243.41 }, "geometry": { "type": "MultiPolygon", "coordinates": [ [ [ [ -99.227383452374212, 19.60697014490092, 0.0 ], [ -99.227285890546369, 19.606852154014824, 0.0 ], [ -99.227487186222817, 19.606933157334133, 0.0 ], [ -99.227572174389095, 19.606969904824567, 0.0 ], [ -99.22782304081872, 19.607078387302423, 0.0 ], [ -99.228063549271567, 19.607186175842479, 0.0 ], [ -99.228162778951116, 19.607229541817933, 0.0 ], [ -99.228451370660196, 19.607355556269514, 0.0 ], [ -99.228747945610039, 19.607488973192474, 0.0 ], [ -99.228958262638386, 19.60758409098209, 0.0 ], [ -99.229117066437013, 19.607652024686441, 0.0 ], [ -99.22921477706717, 19.607698752877742, 0.0 ], [ -99.22921551832826, 19.607724874369048, 0.0 ], [ -99.22921257685681, 19.607758642256737, 0.0 ], [ -99.229212670484657, 19.607791299698849, 0.0 ], [ -99.229215336813766, 19.60781922117609, 0.0 ], [ -99.229219419940605, 19.607841323866097, 0.0 ], [ -99.229226993663673, 19.607870937006457, 0.0 ], [ -99.229231030444637, 19.607895775112986, 0.0 ], [ -99.229158200398032, 19.607871621866384, 0.0 ], [ -99.229117355047705, 19.60785381483819, 0.0 ], [ -99.228744434451315, 19.607691403480114, 0.0 ], [ -99.228423944246543, 19.607549349464897, 0.0 ], [ -99.227887310018573, 19.60731509246688, 0.0 ], [ -99.22772480312176, 19.607243056826594, 0.0 ], [ -99.227683556175094, 19.607222908482605, 0.0 ], [ -99.227642300548894, 19.607202684228795, 0.0 ], [ -99.227620291284595, 19.607189769653349, 0.0 ], [ -99.22759292775838, 19.607173032849087, 0.0 ], [ -99.227566402068419, 19.607154650694749, 0.0 ], [ -99.22754063166937, 19.607134243288087, 0.0 ], [ -99.227383452374212, 19.60697014490092, 0.0 ] ] ] ] } },
{ "type": "Feature", "properties": { "ETAPA": "TERCERA", "tipo": "Camellon", "M2": 2195.6, "ha": 0.21938789403, "Donantes": null, "LAT": 19.608045351000001, "LONG_": -99.229821658000006, "Shape__Are": 2487.1699218799999, "Shape__Len": 304.43876193300002, "Colonia": "Villas de la Hacienda", "Identifica": 62, "m2_1": 2193.88 }, "geometry": { "type": "MultiPolygon", "coordinates": [ [ [ [ -99.22927744710411, 19.607757918087419, 0.0 ], [ -99.22929219633437, 19.607735656027572, 0.0 ], [ -99.229416635754646, 19.607781294112996, 0.0 ], [ -99.229769168400267, 19.607935505473364, 0.0 ], [ -99.23039858653722, 19.608217045294122, 0.0 ], [ -99.230419472422398, 19.608258500120446, 0.0 ], [ -99.230417734159829, 19.608292630225119, 0.0 ], [ -99.230396886562687, 19.608324439885504, 0.0 ], [ -99.230359591870894, 19.608345854721815, 0.0 ], [ -99.230261452259214, 19.608314312400363, 0.0 ], [ -99.229739218116848, 19.608089350266173, 0.0 ], [ -99.229702663061019, 19.608074807949905, 0.0 ], [ -99.229661496176746, 19.608059988871943, 0.0 ], [ -99.229635710404779, 19.608051545685214, 0.0 ], [ -99.229605388990507, 19.60804163456201, 0.0 ], [ -99.229578556498041, 19.608032773608898, 0.0 ], [ -99.229551577250476, 19.608023984231302, 0.0 ], [ -99.229524741348897, 19.60801540432599, 0.0 ], [ -99.229497760098994, 19.60800654355031, 0.0 ], [ -99.229470705923845, 19.60799803621121, 0.0 ], [ -99.229443714585898, 19.607989454684393, 0.0 ], [ -99.229406710846732, 19.607977344291243, 0.0 ], [ -99.229363715331161, 19.607960663962452, 0.0 ], [ -99.229336490507521, 19.607942315195544, 0.0 ], [ -99.229315821765852, 19.60791798505608, 0.0 ], [ -99.229304186069413, 19.607891927587371, 0.0 ], [ -99.229293390673277, 19.607860760416266, 0.0 ], [ -99.229283982231934, 19.607822285493903, 0.0 ], [ -99.229278776188565, 19.607781501533868, 0.0 ], [ -99.22927744710411, 19.607757918087419, 0.0 ] ] ] ] } },
{ "type": "Feature", "properties": { "ETAPA": "TERCERA", "tipo": "Camellon", "M2": 765.22, "ha": 0.0764621586, "Donantes": null, "LAT": 19.606244834999998, "LONG_": -99.226434396000002, "Shape__Are": 866.822265625, "Shape__Len": 140.880235462, "Colonia": "Villas de la Hacienda", "Identifica": 105, "m2_1": 764.622 }, "geometry": { "type": "MultiPolygon", "coordinates": [ [ [ [ -99.226435708235755, 19.606041803928736, 0.0 ], [ -99.226442259455027, 19.606001243675468, 0.0 ], [ -99.226467712126279, 19.606041424817612, 0.0 ], [ -99.226509907648037, 19.606114153317435, 0.0 ], [ -99.226558449212192, 19.606183234614587, 0.0 ], [ -99.226608953962653, 19.606272600961201, 0.0 ], [ -99.226553431461042, 19.606321640345289, 0.0 ], [ -99.226507142014668, 19.606351128538023, 0.0 ], [ -99.226441995516566, 19.606384616260588, 0.0 ], [ -99.226410217044773, 19.6063862122218, 0.0 ], [ -99.226178724826127, 19.606288669567768, 0.0 ], [ -99.226225269220649, 19.606280191332846, 0.0 ], [ -99.226266252686969, 19.606266681924367, 0.0 ], [ -99.226305109572365, 19.606246694722408, 0.0 ], [ -99.226340219642296, 19.606221231259404, 0.0 ], [ -99.226363955981526, 19.606198572714213, 0.0 ], [ -99.22638477271974, 19.606173467894902, 0.0 ], [ -99.226399865172908, 19.606150623197866, 0.0 ], [ -99.226417098286248, 19.606116041224332, 0.0 ], [ -99.2264291228894, 19.606079534580925, 0.0 ], [ -99.226435708235755, 19.606041803928736, 0.0 ] ] ] ] } },
{ "type": "Feature", "properties": { "ETAPA": "TERCERA", "tipo": "Camellon", "M2": 8221.15, "ha": 0.82146972858, "Donantes": null, "LAT": 19.609106365, "LONG_": -99.232390885000001, "Shape__Are": 9312.9667968800004, "Shape__Len": 915.45170609700006, "Colonia": "Villas de la Hacienda", "Identifica": 106, "m2_1": 8214.7 }, "geometry": { "type": "MultiPolygon", "coordinates": [ [ [ [ -99.233693435939472, 19.609387138889243, 0.0 ], [ -99.233661396805331, 19.609386333677552, 0.0 ], [ -99.233618478890747, 19.609384765835156, 0.0 ], [ -99.233576156116314, 19.609382915255892, 0.0 ], [ -99.233533088092329, 19.609380747077577, 0.0 ], [ -99.23348998272624, 19.609378474107793, 0.0 ], [ -99.233447323424912, 19.609375705320851, 0.0 ], [ -99.233404254030077, 19.609372584611027, 0.0 ], [ -99.233361631618976, 19.609369604289498, 0.0 ], [ -99.233329813896205, 19.609366928067828, 0.0 ], [ -99.233297621839114, 19.609363898525682, 0.0 ], [ -99.233254738090139, 19.609359894622411, 0.0 ], [ -99.233212411761968, 19.609355572335907, 0.0 ], [ -99.233169601058606, 19.609350968711105, 0.0 ], [ -99.233133048630364, 19.609346709421615, 0.0 ], [ -99.233097391091221, 19.609342378929856, 0.0 ], [ -99.233066763134005, 19.609338111509469, 0.0 ], [ -99.23302707926851, 19.609332409421942, 0.0 ], [ -99.232986874058525, 19.609326248467013, 0.0 ], [ -99.232946817738934, 19.609319840147887, 0.0 ], [ -99.232906722821426, 19.609313114670258, 0.0 ], [ -99.232876279512965, 19.609307929268951, 0.0 ], [ -99.232846432178263, 19.609302708299403, 0.0 ], [ -99.23281628615463, 19.609297346733342, 0.0 ], [ -99.232792327906324, 19.609294036704856, 0.0 ], [ -99.232597102875715, 19.609252895671844, 0.0 ], [ -99.232307759862451, 19.609182040525603, 0.0 ], [ -99.232277535743776, 19.609174066365782, 0.0 ], [ -99.232254690078747, 19.609167529968346, 0.0 ], [ -99.232231993332817, 19.609161098657442, 0.0 ], [ -99.232202178170368, 19.609152347225308, 0.0 ], [ -99.23217187722598, 19.609142996355718, 0.0 ], [ -99.232148918604977, 19.609135824335652, 0.0 ], [ -99.232126668638827, 19.609128722340181, 0.0 ], [ -99.232097223784436, 19.609118840333345, 0.0 ], [ -99.232067034064983, 19.609108571592813, 0.0 ], [ -99.232040905666594, 19.609099144385393, 0.0 ], [ -99.232009895978379, 19.609088981972576, 0.0 ], [ -99.231984739112505, 19.609081389377828, 0.0 ], [ -99.231951121029311, 19.60907041878859, 0.0 ], [ -99.231925738849824, 19.609061979254296, 0.0 ], [ -99.231901028335258, 19.609053750318242, 0.0 ], [ -99.231867632554582, 19.609042179368593, 0.0 ], [ -99.231834124573425, 19.609030502372235, 0.0 ], [ -99.231800728418136, 19.609018330900192, 0.0 ], [ -99.231767592610765, 19.609006159538851, 0.0 ], [ -99.231743028633886, 19.608996695031028, 0.0 ], [ -99.231718316469994, 19.608987301650934, 0.0 ], [ -99.231685626715731, 19.608974282027642, 0.0 ], [ -99.231652824561564, 19.608961015380292, 0.0 ], [ -99.231628222646961, 19.608951021335692, 0.0 ], [ -99.231604030596856, 19.608940885783156, 0.0 ], [ -99.231579614994729, 19.608930467655711, 0.0 ], [ -99.231555273302334, 19.608920049881863, 0.0 ], [ -99.231522284153044, 19.608905378193146, 0.0 ], [ -99.231490158245251, 19.608891842698895, 0.0 ], [ -99.231390967607382, 19.608848430634723, 0.0 ], [ -99.231300534240077, 19.608809008867553, 0.0 ], [ -99.231207834381991, 19.608771413379497, 0.0 ], [ -99.231120587673104, 19.608729343452701, 0.0 ], [ -99.231030079449198, 19.608689498711374, 0.0 ], [ -99.230940017872129, 19.608649864817718, 0.0 ], [ -99.230850105453996, 19.608609806850868, 0.0 ], [ -99.230748042026292, 19.60856517509826, 0.0 ], [ -99.230712202404931, 19.608550694051932, 0.0 ], [ -99.230675951268069, 19.608535190081966, 0.0 ], [ -99.230640276506435, 19.608518944180034, 0.0 ], [ -99.230599903169562, 19.608499332871279, 0.0 ], [ -99.230560161306173, 19.608478661605837, 0.0 ], [ -99.230521032924699, 19.608457018743881, 0.0 ], [ -99.230482573609322, 19.608434262785103, 0.0 ], [ -99.230465718299584, 19.608401068076397, 0.0 ], [ -99.230497853883136, 19.608364458861381, 0.0 ], [ -99.230517825792717, 19.608329525381471, 0.0 ], [ -99.230527244111002, 19.608297792160307, 0.0 ], [ -99.230530608831756, 19.608272796859882, 0.0 ], [ -99.230656947471118, 19.608325304759948, 0.0 ], [ -99.230834158366164, 19.608400976171691, 0.0 ], [ -99.231008165324539, 19.608476722907721, 0.0 ], [ -99.231225263452004, 19.608570557812644, 0.0 ], [ -99.231430231939839, 19.608661632763791, 0.0 ], [ -99.231584091563903, 19.608728742826365, 0.0 ], [ -99.231686851567687, 19.608772107720835, 0.0 ], [ -99.231758619548728, 19.608802243361435, 0.0 ], [ -99.231915654375925, 19.608861898928634, 0.0 ], [ -99.232093118931871, 19.608921462973182, 0.0 ], [ -99.232199993392143, 19.608956338311543, 0.0 ], [ -99.232331822359328, 19.608994990512752, 0.0 ], [ -99.232485935102559, 19.60903502906028, 0.0 ], [ -99.232685426169581, 19.609082630699216, 0.0 ], [ -99.232765117310237, 19.609098198861314, 0.0 ], [ -99.232806173713485, 19.609106442704487, 0.0 ], [ -99.232989507291052, 19.609138682058955, 0.0 ], [ -99.233232526318602, 19.609174937739525, 0.0 ], [ -99.233445867756217, 19.609194992919534, 0.0 ], [ -99.23361813985845, 19.609203804826514, 0.0 ], [ -99.233767012484307, 19.609209258048438, 0.0 ], [ -99.233887731617131, 19.609209289336516, 0.0 ], [ -99.234000980902692, 19.609209318498092, 0.0 ], [ -99.234127028963087, 19.609209350837499, 0.0 ], [ -99.23431522223504, 19.609227808290992, 0.0 ], [ -99.23428169500383, 19.609253691005883, 0.0 ], [ -99.234248645403355, 19.609274872033374, 0.0 ], [ -99.234230480913126, 19.60928536323609, 0.0 ], [ -99.234208791369113, 19.609296782603611, 0.0 ], [ -99.234180542498436, 19.609310259188288, 0.0 ], [ -99.234122033948353, 19.609340585767793, 0.0 ], [ -99.234064222771224, 19.609361880723771, 0.0 ], [ -99.233994978746225, 19.609377258608493, 0.0 ], [ -99.233959585831002, 19.609381512815983, 0.0 ], [ -99.233928197241539, 19.609387305039629, 0.0 ], [ -99.233881558926356, 19.609386880755846, 0.0 ], [ -99.233854496314208, 19.609388245685039, 0.0 ], [ -99.233817511498998, 19.609389288666364, 0.0 ], [ -99.233775061619184, 19.609389397073969, 0.0 ], [ -99.233736465209262, 19.609388553692927, 0.0 ], [ -99.233693435939472, 19.609387138889243, 0.0 ] ] ] ] } },
{ "type": "Feature", "properties": { "ETAPA": "TERCERA", "tipo": "Camellon", "M2": 3296.66, "ha": 0.32940678422000003, "Donantes": null, "LAT": 19.6066155, "LONG_": -99.22661791, "Shape__Are": 3734.34375, "Shape__Len": 1050.8866550099999, "Colonia": "Villas de la Hacienda", "Identifica": 123, "m2_1": 3294.07 }, "geometry": { "type": "MultiPolygon", "coordinates": [ [ [ [ -99.224283879447285, 19.604477350370409, 0.0 ], [ -99.224345125526995, 19.604538900826029, 0.0 ], [ -99.22447795875587, 19.604712851023422, 0.0 ], [ -99.224629592586382, 19.604911418056332, 0.0 ], [ -99.224938583255067, 19.605316238702176, 0.0 ], [ -99.225053498247121, 19.605466793154104, 0.0 ], [ -99.225116265663203, 19.605552768985852, 0.0 ], [ -99.22518333459918, 19.605635777983114, 0.0 ], [ -99.225254547441125, 19.605715626945713, 0.0 ], [ -99.225329740862705, 19.605792129006314, 0.0 ], [ -99.225408737245402, 19.605865107256641, 0.0 ], [ -99.225491355164664, 19.60593439202243, 0.0 ], [ -99.225584969430429, 19.606005795721824, 0.0 ], [ -99.225681894773231, 19.606073115907957, 0.0 ], [ -99.225781932643685, 19.606136214557878, 0.0 ], [ -99.225884878781997, 19.606194962693003, 0.0 ], [ -99.225973364928805, 19.606240851585905, 0.0 ], [ -99.226225039932871, 19.606366858558147, 0.0 ], [ -99.226993367991938, 19.60670208424316, 0.0 ], [ -99.227091409954966, 19.606744858579585, 0.0 ], [ -99.227135277422988, 19.606802483938189, 0.0 ], [ -99.227210770459649, 19.606893060893093, 0.0 ], [ -99.227291304563209, 19.60697965064373, 0.0 ], [ -99.227376646698133, 19.607062002248018, 0.0 ], [ -99.227395589958519, 19.607083558521431, 0.0 ], [ -99.227342386665356, 19.607068726556598, 0.0 ], [ -99.227299426578455, 19.60705160226787, 0.0 ], [ -99.227209403545359, 19.607006208945673, 0.0 ], [ -99.227143719922992, 19.606973039559794, 0.0 ], [ -99.226947327411281, 19.606873669597565, 0.0 ], [ -99.22690183820211, 19.606852319068313, 0.0 ], [ -99.226780892359614, 19.606792050656843, 0.0 ], [ -99.226706999701264, 19.606747012716834, 0.0 ], [ -99.226290573992102, 19.606493184448727, 0.0 ], [ -99.225880820115407, 19.606243423440588, 0.0 ], [ -99.225855980008959, 19.606230301180023, 0.0 ], [ -99.22575469231424, 19.606172999586885, 0.0 ], [ -99.225688745081229, 19.606132243856081, 0.0 ], [ -99.225595394528469, 19.60606950278116, 0.0 ], [ -99.225505723794868, 19.606003146757171, 0.0 ], [ -99.225423102321045, 19.605936132105796, 0.0 ], [ -99.225343666073712, 19.605865745329901, 0.0 ], [ -99.225256797666134, 19.605781166113143, 0.0 ], [ -99.225174525895596, 19.60569255511081, 0.0 ], [ -99.225097058962888, 19.605600136187086, 0.0 ], [ -99.225024593635069, 19.605504144065446, 0.0 ], [ -99.224907357174416, 19.605340288173547, 0.0 ], [ -99.224775426789193, 19.605155894895098, 0.0 ], [ -99.224513261019354, 19.604803950044531, 0.0 ], [ -99.224460577983777, 19.604733299082401, 0.0 ], [ -99.224345180483226, 19.604578542610749, 0.0 ], [ -99.224283879447285, 19.604477350370409, 0.0 ] ] ], [ [ [ -99.224283879447285, 19.604477350370409, 0.0 ], [ -99.224180697372759, 19.604366858693691, 0.0 ], [ -99.224100578401362, 19.604263202353621, 0.0 ], [ -99.224013061213356, 19.60412424910616, 0.0 ], [ -99.224134474376555, 19.604263160195707, 0.0 ], [ -99.224187062519562, 19.604335052162288, 0.0 ], [ -99.224240150684608, 19.604403018706375, 0.0 ], [ -99.224283879447285, 19.604477350370409, 0.0 ] ] ] ] } },
{ "type": "Feature", "properties": { "ETAPA": "TERCERA", "tipo": "Camellon", "M2": 1116.07, "ha": 0.1115197471, "Donantes": null, "LAT": 19.591601776000001, "LONG_": -99.231677969000003, "Shape__Are": 1264.0253906200001, "Shape__Len": 288.03164823100002, "Colonia": "Villas de la Hacienda", "Identifica": 200, "m2_1": 1115.2 }, "geometry": { "type": "MultiPolygon", "coordinates": [ [ [ [ -99.231835077833267, 19.591062251363908, 0.0 ], [ -99.231858724476595, 19.591058484938991, 0.0 ], [ -99.231876463469902, 19.591058462126089, 0.0 ], [ -99.231888313538505, 19.591075258964025, 0.0 ], [ -99.231855037881445, 19.591236884511204, 0.0 ], [ -99.231825712189448, 19.591404108996965, 0.0 ], [ -99.231751094746073, 19.591600345833324, 0.0 ], [ -99.231678390675597, 19.59175641799267, 0.0 ], [ -99.231531907139953, 19.592005985313499, 0.0 ], [ -99.231434549001463, 19.59215088097956, 0.0 ], [ -99.231382291810391, 19.5921332019727, 0.0 ], [ -99.231479608597624, 19.591959352254467, 0.0 ], [ -99.231609325252791, 19.591700466471398, 0.0 ], [ -99.23163775656235, 19.591596755466675, 0.0 ], [ -99.231746766459096, 19.5913304241468, 0.0 ], [ -99.231835077833267, 19.591062251363908, 0.0 ] ] ] ] } },
{ "type": "Feature", "properties": { "ETAPA": "TERCERA", "tipo": "Camellon", "M2": 89.39, "ha": 0.00893186636, "Donantes": null, "LAT": 19.591771667, "LONG_": -99.231761524000007, "Shape__Are": 101.240234375, "Shape__Len": 66.987603592100001, "Colonia": "Villas de la Hacienda", "Identifica": 201, "m2_1": 89.3187 }, "geometry": { "type": "MultiPolygon", "coordinates": [ [ [ [ -99.231811494571403, 19.591626653806131, 0.0 ], [ -99.231821845027468, 19.591628508506371, 0.0 ], [ -99.23180762742831, 19.591678963019216, 0.0 ], [ -99.23178654672013, 19.591754177468129, 0.0 ], [ -99.23175220913582, 19.591862566107345, 0.0 ], [ -99.231696530801685, 19.591864505678195, 0.0 ], [ -99.231742229787258, 19.591775716536123, 0.0 ], [ -99.231811494571403, 19.591626653806131, 0.0 ] ] ] ] } },
{ "type": "Feature", "properties": { "ETAPA": "TERCERA", "tipo": "Camellon", "M2": 925.38, "ha": 0.09246539262, "Donantes": null, "LAT": 19.592738148, "LONG_": -99.231117479000005, "Shape__Are": 1048.0683593799999, "Shape__Len": 446.56972960500002, "Colonia": "Villas de la Hacienda", "Identifica": 202, "m2_1": 924.654 }, "geometry": { "type": "MultiPolygon", "coordinates": [ [ [ [ -99.231688854892539, 19.592009986709034, 0.0 ], [ -99.231657957776733, 19.592112299879428, 0.0 ], [ -99.231586614107755, 19.592186177873291, 0.0 ], [ -99.231544300762948, 19.592230597423534, 0.0 ], [ -99.231345604672612, 19.592494241699065, 0.0 ], [ -99.231090805842697, 19.592808393903638, 0.0 ], [ -99.230767629393142, 19.593204358652663, 0.0 ], [ -99.230657462836376, 19.593352539302046, 0.0 ], [ -99.230601390310767, 19.593424062355087, 0.0 ], [ -99.230512834313728, 19.593522713049587, 0.0 ], [ -99.230516235083812, 19.59348861754864, 0.0 ], [ -99.230527534592923, 19.593464785993469, 0.0 ], [ -99.230665257137218, 19.593289484046672, 0.0 ], [ -99.230701620662344, 19.593218920199831, 0.0 ], [ -99.230960335624047, 19.592885616443692, 0.0 ], [ -99.231338145976963, 19.592447084055681, 0.0 ], [ -99.231568308778805, 19.592134831151792, 0.0 ], [ -99.231631223531224, 19.592024537827662, 0.0 ], [ -99.231688854892539, 19.592009986709034, 0.0 ] ] ] ] } },
{ "type": "Feature", "properties": { "ETAPA": "TERCERA", "tipo": "Camellon", "M2": 515.75, "ha": 0.05153441472, "Donantes": null, "LAT": 19.593944415, "LONG_": -99.230136056000006, "Shape__Are": 584.140625, "Shape__Len": 259.516775317, "Colonia": "Villas de la Hacienda", "Identifica": 203, "m2_1": 515.344 }, "geometry": { "type": "MultiPolygon", "coordinates": [ [ [ [ -99.230462063023239, 19.593510635906785, 0.0 ], [ -99.230457257747048, 19.593596570433768, 0.0 ], [ -99.230235876727178, 19.593849968429353, 0.0 ], [ -99.23009617623552, 19.594021069551417, 0.0 ], [ -99.2299564701446, 19.594188434555203, 0.0 ], [ -99.229811895819026, 19.594397835842003, 0.0 ], [ -99.229792099257978, 19.594337150809562, 0.0 ], [ -99.230274152487965, 19.593737839042824, 0.0 ], [ -99.230462063023239, 19.593510635906785, 0.0 ] ] ] ] } },
{ "type": "Feature", "properties": { "ETAPA": "TERCERA", "tipo": "Camellon", "M2": 2850.89, "ha": 0.28486476914999997, "Donantes": null, "LAT": 19.59519282, "LONG_": -99.229244229000003, "Shape__Are": 3228.9589843799999, "Shape__Len": 437.93083006000001, "Colonia": "Villas de la Hacienda", "Identifica": 204, "m2_1": 2848.65 }, "geometry": { "type": "MultiPolygon", "coordinates": [ [ [ [ -99.229716344096502, 19.594428779762953, 0.0 ], [ -99.229730263297796, 19.594514690404392, 0.0 ], [ -99.229640784901619, 19.59465864104315, 0.0 ], [ -99.229557294963499, 19.594855822244007, 0.0 ], [ -99.229403004564929, 19.59516424000099, 0.0 ], [ -99.229253501031621, 19.595373647104022, 0.0 ], [ -99.228977984343729, 19.595678482605418, 0.0 ], [ -99.228755574379207, 19.595904793960706, 0.0 ], [ -99.228666966438823, 19.595968418658646, 0.0 ], [ -99.228832142045306, 19.595689875851459, 0.0 ], [ -99.229131039370117, 19.595192606016351, 0.0 ], [ -99.22937889679028, 19.594842973274556, 0.0 ], [ -99.229716344096502, 19.594428779762953, 0.0 ] ] ] ] } },
{ "type": "Feature", "properties": { "ETAPA": "TERCERA", "tipo": "Camellon", "M2": 1676.95, "ha": 0.16756295577, "Donantes": null, "LAT": 19.597260292000001, "LONG_": -99.227939276000001, "Shape__Are": 1899.40625, "Shape__Len": 702.07770797399996, "Colonia": "Villas de la Hacienda", "Identifica": 205, "m2_1": 1675.63 }, "geometry": { "type": "MultiPolygon", "coordinates": [ [ [ [ -99.228608447431512, 19.596053487248469, 0.0 ], [ -99.228661722129942, 19.596093114846749, 0.0 ], [ -99.228548630041459, 19.596266049011202, 0.0 ], [ -99.228391316552361, 19.59652963752519, 0.0 ], [ -99.228162238848029, 19.596921275292559, 0.0 ], [ -99.227921361201069, 19.597332541765059, 0.0 ], [ -99.227632337939539, 19.597848477151725, 0.0 ], [ -99.227343269562837, 19.598333589991775, 0.0 ], [ -99.227198723586326, 19.598568207216339, 0.0 ], [ -99.227132799486739, 19.598644878617673, 0.0 ], [ -99.227128337664354, 19.598625737161914, 0.0 ], [ -99.227247289790384, 19.598412634352776, 0.0 ], [ -99.227584514239837, 19.597830791468528, 0.0 ], [ -99.22847423558872, 19.596275483360714, 0.0 ], [ -99.228608447431512, 19.596053487248469, 0.0 ] ] ] ] } },
{ "type": "Feature", "properties": { "ETAPA": "TERCERA", "tipo": "Camellon", "M2": 4335.21, "ha": 0.43318016314000002, "Donantes": null, "LAT": 19.600191931000001, "LONG_": -99.226262999, "Shape__Are": 4910.5839843800004, "Shape__Len": 2054.4243507199999, "Colonia": "Villas de la Hacienda", "Identifica": 206, "m2_1": 4331.8 }, "geometry": { "type": "MultiPolygon", "coordinates": [ [ [ [ -99.227117644735458, 19.598731293067498, 0.0 ], [ -99.227123067207231, 19.598732687240339, 0.0 ], [ -99.226756304794719, 19.599337449491095, 0.0 ], [ -99.226146809842731, 19.600445009712505, 0.0 ], [ -99.225991570397454, 19.600787983787978, 0.0 ], [ -99.225891444829813, 19.601075782436162, 0.0 ], [ -99.225873936739518, 19.601242057024997, 0.0 ], [ -99.225864414783445, 19.601481173880906, 0.0 ], [ -99.22588835899559, 19.601689426667864, 0.0 ], [ -99.225940171627457, 19.602092851247207, 0.0 ], [ -99.225982926605667, 19.602361790647961, 0.0 ], [ -99.226130085368993, 19.603288137460705, 0.0 ], [ -99.226231604961086, 19.603996918579423, 0.0 ], [ -99.226252509740533, 19.604145398857991, 0.0 ], [ -99.226316023110471, 19.604457276194008, 0.0 ], [ -99.22640143909851, 19.604926038516584, 0.0 ], [ -99.226470820846004, 19.605205218281348, 0.0 ], [ -99.226532212224598, 19.605408753799534, 0.0 ], [ -99.226632080960258, 19.605640260993006, 0.0 ], [ -99.226770365750156, 19.60585584172556, 0.0 ], [ -99.226970358454409, 19.606148399874169, 0.0 ], [ -99.227097251480089, 19.60632243155117, 0.0 ], [ -99.227173259493952, 19.606405929005437, 0.0 ], [ -99.227288713645876, 19.606505254721373, 0.0 ], [ -99.2274628226358, 19.60661291234949, 0.0 ], [ -99.227587100176933, 19.606678602623315, 0.0 ], [ -99.227576265199232, 19.606683286323786, 0.0 ], [ -99.227540772612372, 19.606675392124675, 0.0 ], [ -99.227267539773408, 19.606516956467797, 0.0 ], [ -99.227163927826197, 19.606428356842958, 0.0 ], [ -99.22686580583823, 19.606091557360095, 0.0 ], [ -99.226622838862639, 19.605726667905522, 0.0 ], [ -99.226535899100938, 19.605578270734362, 0.0 ], [ -99.226458750020072, 19.605383161055112, 0.0 ], [ -99.22638547683097, 19.605140412305133, 0.0 ], [ -99.226317986746849, 19.604804255931779, 0.0 ], [ -99.226254333503817, 19.604392440436033, 0.0 ], [ -99.226132036818782, 19.603626711234, 0.0 ], [ -99.226057416681385, 19.60312431103829, 0.0 ], [ -99.226030590961287, 19.602970234123731, 0.0 ], [ -99.225941110991286, 19.602412746270051, 0.0 ], [ -99.225877283741895, 19.601874840255793, 0.0 ], [ -99.225849455904381, 19.601708622499377, 0.0 ], [ -99.225826308344338, 19.601364938187437, 0.0 ], [ -99.225847617989984, 19.601097786449529, 0.0 ], [ -99.225917214772551, 19.600826838163417, 0.0 ], [ -99.226017402747004, 19.600583871593042, 0.0 ], [ -99.226204205841896, 19.600259537950343, 0.0 ], [ -99.226448971645326, 19.599803436765662, 0.0 ], [ -99.226794086873809, 19.599222052487107, 0.0 ], [ -99.226952388475553, 19.598956596148163, 0.0 ], [ -99.227117644735458, 19.598731293067498, 0.0 ] ] ] ] } },
{ "type": "Feature", "properties": { "ETAPA": "TERCERA", "tipo": "Camellon", "M2": 1376.79, "ha": 0.13757088919, "Donantes": null, "LAT": 19.605626562000001, "LONG_": -99.226411227, "Shape__Are": 1559.5722656200001, "Shape__Len": 446.909010577, "Colonia": "Villas de la Hacienda", "Identifica": 237, "m2_1": 1375.71 }, "geometry": { "type": "MultiPolygon", "coordinates": [ [ [ [ -99.226208786143118, 19.604760171482816, 0.0 ], [ -99.226153145107048, 19.604318220154671, 0.0 ], [ -99.22623819990325, 19.604790582125993, 0.0 ], [ -99.226254320026371, 19.604898535449237, 0.0 ], [ -99.226310407998525, 19.605155808974722, 0.0 ], [ -99.226373743608931, 19.605353078771664, 0.0 ], [ -99.226462857022327, 19.605596314636443, 0.0 ], [ -99.226537464478213, 19.605779077959966, 0.0 ], [ -99.226566137604365, 19.605843597943561, 0.0 ], [ -99.226588362081671, 19.60589360081066, 0.0 ], [ -99.226629667163749, 19.605970576000697, 0.0 ], [ -99.226651849621476, 19.606010296577594, 0.0 ], [ -99.226667501930763, 19.606040988335121, 0.0 ], [ -99.226668097261353, 19.606067391984283, 0.0 ], [ -99.226655148631338, 19.606095485124605, 0.0 ], [ -99.226621893794515, 19.606111222770789, 0.0 ], [ -99.226584072389031, 19.606103469119248, 0.0 ], [ -99.226540662155443, 19.606071432753613, 0.0 ], [ -99.226491316450961, 19.60597012911807, 0.0 ], [ -99.226470438092761, 19.605931417221782, 0.0 ], [ -99.226437482569224, 19.605860964371708, 0.0 ], [ -99.226392367644024, 19.605752450163383, 0.0 ], [ -99.226354414510496, 19.605637847733803, 0.0 ], [ -99.226343238761388, 19.605592629620467, 0.0 ], [ -99.226324029948202, 19.605501187237081, 0.0 ], [ -99.226208786143118, 19.604760171482816, 0.0 ] ] ] ] } },
{ "type": "Feature", "properties": { "ETAPA": "TERCERA", "tipo": "Camellon", "M2": 12319.95, "ha": 1.23102698829, "Donantes": null, "LAT": 19.595895479, "LONG_": -99.22855253, "Shape__Are": 13954.0800781, "Shape__Len": 3223.4181772400002, "Colonia": "Villas de la Hacienda", "Identifica": 238, "m2_1": 12310.3 }, "geometry": { "type": "MultiPolygon", "coordinates": [ [ [ [ -99.228566394270231, 19.595772642067804, 0.0 ], [ -99.228603189681976, 19.595711242925887, 0.0 ], [ -99.228679004786216, 19.595573964916106, 0.0 ], [ -99.228738370088308, 19.59547768717654, 0.0 ], [ -99.228904305353282, 19.595214087391106, 0.0 ], [ -99.228991825550622, 19.5950785456407, 0.0 ], [ -99.229173309744041, 19.594834539937541, 0.0 ], [ -99.22940866830713, 19.594532323740818, 0.0 ], [ -99.22960960898196, 19.594283856314345, 0.0 ], [ -99.229732093461536, 19.594133792599052, 0.0 ], [ -99.22981472589403, 19.594027210802128, 0.0 ], [ -99.229931314131235, 19.593889296521347, 0.0 ], [ -99.230148974781926, 19.593618157562329, 0.0 ], [ -99.230321138725174, 19.593406152236721, 0.0 ], [ -99.230432789216138, 19.593261705908716, 0.0 ], [ -99.230503124440887, 19.593171017583462, 0.0 ], [ -99.23058379748862, 19.593073310976862, 0.0 ], [ -99.230614781259547, 19.593031241154911, 0.0 ], [ -99.230805400327668, 19.592803800685676, 0.0 ], [ -99.230887540123078, 19.59269826977901, 0.0 ], [ -99.231010141750176, 19.592545636528424, 0.0 ], [ -99.2311106145427, 19.592424787707593, 0.0 ], [ -99.231179227388893, 19.592336202834318, 0.0 ], [ -99.231188200322507, 19.592318765401327, 0.0 ], [ -99.231211373350732, 19.59229085643998, 0.0 ], [ -99.231305390256722, 19.59217609278101, 0.0 ], [ -99.231333507212454, 19.59219707180192, 0.0 ], [ -99.231364567018588, 19.592208473497898, 0.0 ], [ -99.231395128069266, 19.592215672809441, 0.0 ], [ -99.231388593822729, 19.592229746401443, 0.0 ], [ -99.231377422310942, 19.592239045640419, 0.0 ], [ -99.231284706370346, 19.592356849144934, 0.0 ], [ -99.230995962178525, 19.592709338943106, 0.0 ], [ -99.230539489466139, 19.593274528802265, 0.0 ], [ -99.230163662648209, 19.59372473203916, 0.0 ], [ -99.229862625772668, 19.594099184804076, 0.0 ], [ -99.229405176889799, 19.594676515072297, 0.0 ], [ -99.229358069221917, 19.59474442996731, 0.0 ], [ -99.229342886510523, 19.594762895939535, 0.0 ], [ -99.229310829883516, 19.594801884560614, 0.0 ], [ -99.229163397922719, 19.595000445037879, 0.0 ], [ -99.229099808644264, 19.595093720351095, 0.0 ], [ -99.229019614336536, 19.595211782297312, 0.0 ], [ -99.228892016565496, 19.595409321016437, 0.0 ], [ -99.228806401740698, 19.595548502535685, 0.0 ], [ -99.228764491485194, 19.595618369578428, 0.0 ], [ -99.228611418205048, 19.595886763259319, 0.0 ], [ -99.228575304864307, 19.595953533140804, 0.0 ], [ -99.228327693396636, 19.596371657343457, 0.0 ], [ -99.228097478920077, 19.596760336389632, 0.0 ], [ -99.227720209591951, 19.597437534050794, 0.0 ], [ -99.227369970334436, 19.598046764478152, 0.0 ], [ -99.227297355756889, 19.598174067750239, 0.0 ], [ -99.227067718615956, 19.598576810870291, 0.0 ], [ -99.226822597060817, 19.599006748455, 0.0 ], [ -99.226769193461337, 19.599100417681896, 0.0 ], [ -99.22640340719056, 19.599741806871059, 0.0 ], [ -99.226305014614212, 19.599914334531125, 0.0 ], [ -99.226195490648394, 19.600107340478402, 0.0 ], [ -99.226172872109785, 19.600147951488797, 0.0 ], [ -99.225975164983709, 19.600494643354867, 0.0 ], [ -99.225901818343857, 19.600655489738045, 0.0 ], [ -99.225834996487748, 19.600852898994813, 0.0 ], [ -99.225802794838458, 19.6009869405265, 0.0 ], [ -99.225772520130221, 19.601174152657102, 0.0 ], [ -99.225762175119797, 19.601297566351313, 0.0 ], [ -99.22576094716861, 19.601336731694648, 0.0 ], [ -99.225758771558603, 19.601406130726563, 0.0 ], [ -99.225763320673892, 19.601534317195945, 0.0 ], [ -99.225765017351577, 19.601567301156535, 0.0 ], [ -99.225784769503562, 19.601730263876739, 0.0 ], [ -99.225820219178843, 19.601991215383418, 0.0 ], [ -99.225842325341745, 19.602121677958735, 0.0 ], [ -99.225853646229012, 19.602188497168072, 0.0 ], [ -99.225902965443112, 19.602508336463654, 0.0 ], [ -99.225940614787092, 19.60274149085873, 0.0 ], [ -99.225999711924089, 19.603157141138173, 0.0 ], [ -99.226003816474872, 19.603185997567607, 0.0 ], [ -99.226035409900007, 19.603402842248766, 0.0 ], [ -99.22607829017609, 19.603681045967512, 0.0 ], [ -99.226084654038274, 19.603722325480398, 0.0 ], [ -99.22611316913725, 19.603921890668328, 0.0 ], [ -99.226144191509661, 19.60415296393224, 0.0 ], [ -99.226153296914248, 19.604220771826025, 0.0 ], [ -99.226145143021427, 19.604260648028422, 0.0 ], [ -99.226122885119565, 19.604200111570112, 0.0 ], [ -99.226081524833319, 19.603901547343266, 0.0 ], [ -99.226051269084977, 19.603687386811991, 0.0 ], [ -99.226027198585001, 19.603516986675942, 0.0 ], [ -99.226004882785844, 19.603380059314947, 0.0 ], [ -99.225959500707987, 19.603106807384819, 0.0 ], [ -99.225938281543392, 19.60295749608818, 0.0 ], [ -99.225898603654358, 19.602658619692949, 0.0 ], [ -99.225856254925773, 19.602366602120163, 0.0 ], [ -99.225835053571174, 19.60222854369183, 0.0 ], [ -99.225818312207338, 19.602133532107988, 0.0 ], [ -99.225773929434254, 19.60188161798855, 0.0 ], [ -99.225749283093478, 19.601734140036221, 0.0 ], [ -99.225730309709917, 19.601579813483735, 0.0 ], [ -99.225718392716843, 19.601436946087745, 0.0 ], [ -99.225714004849124, 19.601337516167611, 0.0 ], [ -99.225713425927182, 19.601308730316536, 0.0 ], [ -99.225712117462663, 19.601234780981283, 0.0 ], [ -99.225714583386633, 19.601163620266242, 0.0 ], [ -99.225720619219089, 19.601089487316749, 0.0 ], [ -99.225729781056728, 19.601015456184346, 0.0 ], [ -99.22574795425794, 19.600905153556504, 0.0 ], [ -99.225763869843647, 19.60083213243529, 0.0 ], [ -99.225793444272881, 19.600724003385125, 0.0 ], [ -99.225820813173669, 19.600636493285489, 0.0 ], [ -99.225848578373402, 19.600566491040439, 0.0 ], [ -99.225885404976509, 19.60047699177418, 0.0 ], [ -99.225967928099195, 19.600301937607654, 0.0 ], [ -99.226038333499403, 19.600177166217659, 0.0 ], [ -99.226087054572105, 19.600090830315764, 0.0 ], [ -99.226139610801525, 19.600008513781159, 0.0 ], [ -99.226293228579308, 19.599741945242524, 0.0 ], [ -99.226317825682486, 19.599699264960879, 0.0 ], [ -99.226494775346524, 19.599389948868211, 0.0 ], [ -99.226675332050121, 19.599072011696514, 0.0 ], [ -99.226845890862975, 19.598769121843521, 0.0 ], [ -99.227159435381097, 19.598221391471075, 0.0 ], [ -99.227414707944817, 19.597775451368214, 0.0 ], [ -99.227579327697114, 19.59749672204207, 0.0 ], [ -99.227851385624987, 19.597018339731651, 0.0 ], [ -99.228055899073084, 19.596658359915807, 0.0 ], [ -99.22819357053821, 19.596423394343748, 0.0 ], [ -99.228248846038127, 19.596329615674723, 0.0 ], [ -99.228484806593727, 19.595927380810931, 0.0 ], [ -99.228566394270231, 19.595772642067804, 0.0 ] ] ] ] } },
{ "type": "Feature", "properties": { "ETAPA": "TERCERA", "tipo": "Camellon", "M2": 1388.43, "ha": 0.1387336115, "Donantes": null, "LAT": 19.606615853000001, "LONG_": -99.227139097000006, "Shape__Are": 1572.7734375, "Shape__Len": 297.56332856099999, "Colonia": "Villas de la Hacienda", "Identifica": 60, "m2_1": 1387.34 }, "geometry": { "type": "MultiPolygon", "coordinates": [ [ [ [ -99.227901720718691, 19.606985122780632, 0.0 ], [ -99.22782033713942, 19.606965561266744, 0.0 ], [ -99.22773786047577, 19.606936597471773, 0.0 ], [ -99.227684878188015, 19.60688688537433, 0.0 ], [ -99.227615567080434, 19.606826880832145, 0.0 ], [ -99.227762239909097, 19.606823201208684, 0.0 ], [ -99.227883472827983, 19.606873917026455, 0.0 ], [ -99.227936423947853, 19.606901464706588, 0.0 ], [ -99.22790334569828, 19.606970566875539, 0.0 ], [ -99.227901720718691, 19.606985122780632, 0.0 ] ] ], [ [ [ -99.227355692017269, 19.60668667927515, 0.0 ], [ -99.227439494985063, 19.606755662305275, 0.0 ], [ -99.227494008286882, 19.606803555789522, 0.0 ], [ -99.2275047601875, 19.606814987763762, 0.0 ], [ -99.227503056246874, 19.606830250648805, 0.0 ], [ -99.227479248006475, 19.606860138782743, 0.0 ], [ -99.227201143333346, 19.606738350940965, 0.0 ], [ -99.227165692340236, 19.606721679845773, 0.0 ], [ -99.227141980382143, 19.606708013216767, 0.0 ], [ -99.227112218190655, 19.606683833300117, 0.0 ], [ -99.227085431021791, 19.60665604927599, 0.0 ], [ -99.227058719097613, 19.606628193760233, 0.0 ], [ -99.226792113258909, 19.606360413485749, 0.0 ], [ -99.226773329086555, 19.606341546118717, 0.0 ], [ -99.226869550931724, 19.60631402922937, 0.0 ], [ -99.226936695930704, 19.606365414178487, 0.0 ], [ -99.227009997505718, 19.606421523134614, 0.0 ], [ -99.227079513839684, 19.606476012876289, 0.0 ], [ -99.227140979506203, 19.606527617275049, 0.0 ], [ -99.227204944903875, 19.606582113964691, 0.0 ], [ -99.227264727143776, 19.606628707601878, 0.0 ], [ -99.227331919201006, 19.606672680168053, 0.0 ], [ -99.227355692017269, 19.60668667927515, 0.0 ] ] ] ] } },
{ "type": "Feature", "properties": { "ETAPA": "CUARTA", "tipo": "Area Verde", "M2": 517.89, "ha": 0.05174872791, "Donantes": null, "LAT": 19.608459429, "LONG_": -99.243615618000007, "Shape__Are": 586.669921875, "Shape__Len": 97.861000651699996, "Colonia": "Bosques de Ixtacala", "Identifica": 324, "m2_1": 517.487 }, "geometry": { "type": "MultiPolygon", "coordinates": [ [ [ [ -99.243625888234448, 19.608598817193823, 0.0 ], [ -99.243455327887219, 19.608434663083969, 0.0 ], [ -99.243603387610449, 19.60831789927299, 0.0 ], [ -99.243777110930296, 19.608488026589114, 0.0 ], [ -99.243625888234448, 19.608598817193823, 0.0 ] ] ] ] } },
{ "type": "Feature", "properties": { "ETAPA": "CUARTA", "tipo": "Area Verde", "M2": 3505.08, "ha": 0.35023311534000001, "Donantes": null, "LAT": 19.596956089, "LONG_": -99.238408884999998, "Shape__Are": 3969.9902343799999, "Shape__Len": 260.95591713, "Colonia": "San Juan Ixtacala Plano Norte", "Identifica": 322, "m2_1": 3502.33 }, "geometry": { "type": "MultiPolygon", "coordinates": [ [ [ [ -99.238663203267379, 19.596613652618931, 0.0 ], [ -99.238633794641132, 19.597201890713617, 0.0 ], [ -99.238565684788583, 19.597209154031976, 0.0 ], [ -99.238560772720703, 19.597300020562827, 0.0 ], [ -99.238255530824958, 19.597326725881704, 0.0 ], [ -99.238103234148269, 19.596702862152355, 0.0 ], [ -99.238663203267379, 19.596613652618931, 0.0 ] ] ] ] } },
{ "type": "Feature", "properties": { "ETAPA": "CUARTA", "tipo": "Area Verde", "M2": 585.0, "ha": 0.05845385794, "Donantes": null, "LAT": 19.592887066, "LONG_": -99.237783332999996, "Shape__Are": 662.556640625, "Shape__Len": 121.215208402, "Colonia": "San Juan Ixtacala Plano Norte", "Identifica": 323, "m2_1": 584.539 }, "geometry": { "type": "MultiPolygon", "coordinates": [ [ [ [ -99.237884393974539, 19.593062609457736, 0.0 ], [ -99.237755138501882, 19.593092668148557, 0.0 ], [ -99.237685183640963, 19.592701225187426, 0.0 ], [ -99.237808149102818, 19.592683130118743, 0.0 ], [ -99.237884393974539, 19.593062609457736, 0.0 ] ] ] ] } },
{ "type": "Feature", "properties": { "ETAPA": "CUARTA", "tipo": "Area Verde", "M2": 701.82, "ha": 0.07012667834, "Donantes": null, "LAT": 19.592854632000002, "LONG_": -99.237921795000005, "Shape__Are": 794.865234375, "Shape__Len": 126.692687603, "Colonia": "San Juan Ixtacala Plano Norte", "Identifica": 398, "m2_1": 701.267 }, "geometry": { "type": "MultiPolygon", "coordinates": [ [ [ [ -99.237884393974539, 19.593062609457736, 0.0 ], [ -99.237808149102818, 19.592683130118743, 0.0 ], [ -99.237964319047308, 19.592646779746254, 0.0 ], [ -99.238031116520517, 19.593035237946193, 0.0 ], [ -99.237884393974539, 19.593062609457736, 0.0 ] ] ] ] } },
{ "type": "Feature", "properties": { "ETAPA": "CUARTA", "tipo": "Area Verde", "M2": 1272.07, "ha": 0.12710753191, "Donantes": null, "LAT": 19.599988022000002, "LONG_": -99.250697848000001, "Shape__Are": 1440.8515625, "Shape__Len": 338.80175042000002, "Colonia": "Miraflores", "Identifica": 309, "m2_1": 1271.08 }, "geometry": { "type": "MultiPolygon", "coordinates": [ [ [ [ -99.250784180355808, 19.600364868755566, 0.0 ], [ -99.250678854611678, 19.600769132092655, 0.0 ], [ -99.250628939629493, 19.600685720291821, 0.0 ], [ -99.250731634845934, 19.600277366011813, 0.0 ], [ -99.250534659516234, 19.599485594376215, 0.0 ], [ -99.250619359559636, 19.599481139603203, 0.0 ], [ -99.250697162121767, 19.599833641671228, 0.0 ], [ -99.250759419085497, 19.599817951734103, 0.0 ], [ -99.250745761378397, 19.6000201454004, 0.0 ], [ -99.250860814751405, 19.600347361311417, 0.0 ], [ -99.250784180355808, 19.600364868755566, 0.0 ] ] ] ] } },
{ "type": "Feature", "properties": { "ETAPA": "CUARTA", "tipo": "Area Verde", "M2": 890.77, "ha": 0.08900753807, "Donantes": null, "LAT": 19.597289503, "LONG_": -99.248891701999995, "Shape__Are": 1008.9296875, "Shape__Len": 178.68769664000001, "Colonia": "Villa de Las Torres", "Identifica": 283, "m2_1": 890.075 }, "geometry": { "type": "MultiPolygon", "coordinates": [ [ [ [ -99.248721290754347, 19.597553668614903, 0.0 ], [ -99.248634377364496, 19.597473449759288, 0.0 ], [ -99.248799770150299, 19.59739862027282, 0.0 ], [ -99.248736946660429, 19.597234201503912, 0.0 ], [ -99.248968928383619, 19.597147804412653, 0.0 ], [ -99.249112115846003, 19.597071092995236, 0.0 ], [ -99.249154594845578, 19.597132245481067, 0.0 ], [ -99.248721290754347, 19.597553668614903, 0.0 ] ] ] ] } },
{ "type": "Feature", "properties": { "ETAPA": "CUARTA", "tipo": "Area Verde", "M2": 482.38, "ha": 0.04820001129, "Donantes": null, "LAT": 19.595545121000001, "LONG_": -99.249278031000003, "Shape__Are": 546.3515625, "Shape__Len": 99.645323543800004, "Colonia": "Villa de Las Torres", "Identifica": 420, "m2_1": 482.0 }, "geometry": { "type": "MultiPolygon", "coordinates": [ [ [ [ -99.249209716616789, 19.595700742042848, 0.0 ], [ -99.249138385259229, 19.595489346156885, 0.0 ], [ -99.249412183402612, 19.595436093915502, 0.0 ], [ -99.249425, 19.595525, 0.0 ], [ -99.249209716616789, 19.595700742042848, 0.0 ] ] ] ] } },
{ "type": "Feature", "properties": { "ETAPA": "TERCERA", "tipo": "Camellon", "M2": 7220.99, "ha": 0.72153349391, "Donantes": null, "LAT": 19.598730915000001, "LONG_": -99.247683799000001, "Shape__Are": 8178.87890625, "Shape__Len": 1442.1737047, "Colonia": "Villa de Las Torres", "Identifica": 165, "m2_1": 7215.33 }, "geometry": { "type": "MultiPolygon", "coordinates": [ [ [ [ -99.251015352994244, 19.595418210113504, 0.0 ], [ -99.251094115061363, 19.595553111101179, 0.0 ], [ -99.250949997236276, 19.595657009998561, 0.0 ], [ -99.250703656301653, 19.595896647778083, 0.0 ], [ -99.250371850145925, 19.596195776055325, 0.0 ], [ -99.24984732829283, 19.596711918965003, 0.0 ], [ -99.24930102118735, 19.59722638608606, 0.0 ], [ -99.248644112029012, 19.597861509991212, 0.0 ], [ -99.247782756654331, 19.598722865366465, 0.0 ], [ -99.246794879234017, 19.599683930167362, 0.0 ], [ -99.246727847687708, 19.599700688054075, 0.0 ], [ -99.246657464563896, 19.599713256469098, 0.0 ], [ -99.246598811960013, 19.599715770152127, 0.0 ], [ -99.246546862511124, 19.599701525948348, 0.0 ], [ -99.246682601393758, 19.599622763881083, 0.0 ], [ -99.247181986416138, 19.59913343359004, 0.0 ], [ -99.247865708192592, 19.598464793911603, 0.0 ], [ -99.249173661247895, 19.597223034508787, 0.0 ], [ -99.249443463224083, 19.596961611476527, 0.0 ], [ -99.250218096535676, 19.596235157089058, 0.0 ], [ -99.250584675306499, 19.595894134095037, 0.0 ], [ -99.250719157347262, 19.595780599412929, 0.0 ], [ -99.250846517285723, 19.59566161841753, 0.0 ], [ -99.250962146704367, 19.595557719520041, 0.0 ], [ -99.251015352994244, 19.595418210113504, 0.0 ] ] ] ] } },
{ "type": "Feature", "properties": { "ETAPA": "TERCERA", "tipo": "Camellon", "M2": 2455.44, "ha": 0.24535166862, "Donantes": null, "LAT": 19.592844379, "LONG_": -99.253050646999995, "Shape__Are": 2780.9921875, "Shape__Len": 833.25095849700006, "Colonia": "Villa de Las Torres", "Identifica": 197, "m2_1": 2453.52 }, "geometry": { "type": "MultiPolygon", "coordinates": [ [ [ [ -99.252186875756109, 19.592942868356012, 0.0 ], [ -99.252166910095227, 19.592937058764601, 0.0 ], [ -99.252152853857751, 19.592928905898006, 0.0 ], [ -99.252141009927385, 19.592917480925458, 0.0 ], [ -99.252129153637966, 19.592898116943079, 0.0 ], [ -99.252127144081513, 19.592873368671814, 0.0 ], [ -99.252133031322757, 19.592856781883686, 0.0 ], [ -99.252147532678194, 19.592834345528182, 0.0 ], [ -99.252162795704336, 19.592826385154172, 0.0 ], [ -99.252195555874835, 19.592821202312489, 0.0 ], [ -99.252315778498996, 19.592814963075096, 0.0 ], [ -99.252609456122443, 19.592811983310934, 0.0 ], [ -99.252944529108618, 19.592811513502564, 0.0 ], [ -99.253152467077371, 19.592808419628842, 0.0 ], [ -99.253290930323033, 19.59280775814538, 0.0 ], [ -99.253360392612578, 19.592797386507048, 0.0 ], [ -99.253485517121334, 19.592774794548419, 0.0 ], [ -99.253884642201598, 19.592770496910514, 0.0 ], [ -99.254904649281116, 19.592772793612546, 0.0 ], [ -99.255821183846436, 19.592778967410919, 0.0 ], [ -99.255750290676275, 19.592819230118046, 0.0 ], [ -99.255205301462169, 19.592818134410543, 0.0 ], [ -99.254328195807972, 19.592817505882334, 0.0 ], [ -99.253811798021857, 19.592823837649551, 0.0 ], [ -99.253453097672832, 19.59284022033971, 0.0 ], [ -99.253143207681816, 19.592874279844192, 0.0 ], [ -99.252986523401503, 19.592881971807593, 0.0 ], [ -99.252813544662857, 19.592868204415545, 0.0 ], [ -99.252481483422443, 19.592904161880263, 0.0 ], [ -99.252186875756109, 19.592942868356012, 0.0 ] ] ] ] } },
{ "type": "Feature", "properties": { "ETAPA": "CUARTA", "tipo": "Area Verde", "M2": 5648.17, "ha": 0.56437525732000005, "Donantes": null, "LAT": 19.607686705, "LONG_": -99.254093174000005, "Shape__Are": 6398.1816406199996, "Shape__Len": 377.80138246199999, "Colonia": "Universidad Autónoma Metropolitana", "Identifica": 337, "m2_1": 5643.75 }, "geometry": { "type": "MultiPolygon", "coordinates": [ [ [ [ -99.254296323387678, 19.607151897454845, 0.0 ], [ -99.254348775824823, 19.60825255426791, 0.0 ], [ -99.253944054883576, 19.608219031442449, 0.0 ], [ -99.253881684516529, 19.607969618675082, 0.0 ], [ -99.253952665609219, 19.607950291898565, 0.0 ], [ -99.253728560212025, 19.607359385371623, 0.0 ], [ -99.253921266646898, 19.607335080461141, 0.0 ], [ -99.253860158755117, 19.607181352641749, 0.0 ], [ -99.254296323387678, 19.607151897454845, 0.0 ] ] ] ] } },
{ "type": "Feature", "properties": { "ETAPA": "CUARTA", "tipo": "Area Verde", "M2": 2679.27, "ha": 0.26771725098, "Donantes": null, "LAT": 19.607007873000001, "LONG_": -99.253919746999998, "Shape__Are": 3035.0214843799999, "Shape__Len": 254.573643094, "Colonia": "Universidad Autónoma Metropolitana", "Identifica": 392, "m2_1": 2677.17 }, "geometry": { "type": "MultiPolygon", "coordinates": [ [ [ [ -99.253728560212025, 19.607359385371623, 0.0 ], [ -99.253543240231195, 19.606908691874388, 0.0 ], [ -99.253914027344976, 19.606836438257702, 0.0 ], [ -99.25428514103325, 19.606972204653541, 0.0 ], [ -99.254296323387678, 19.607151897454845, 0.0 ], [ -99.253860158755117, 19.607181352641749, 0.0 ], [ -99.253921266646898, 19.607335080461141, 0.0 ], [ -99.253728560212025, 19.607359385371623, 0.0 ] ] ] ] } },
{ "type": "Feature", "properties": { "ETAPA": "CUARTA", "tipo": "Area Verde", "M2": 566.22, "ha": 0.05657773412, "Donantes": null, "LAT": 19.606497204, "LONG_": -99.250256821999997, "Shape__Are": 641.396484375, "Shape__Len": 198.31977889800001, "Colonia": "Universidad Autónoma Metropolitana", "Identifica": 395, "m2_1": 565.777 }, "geometry": { "type": "MultiPolygon", "coordinates": [ [ [ [ -99.250689918886167, 19.606479075210093, 0.0 ], [ -99.249859952363337, 19.606571087943664, 0.0 ], [ -99.24983463622614, 19.606516128912915, 0.0 ], [ -99.25061918632133, 19.60642417947556, 0.0 ], [ -99.250689918886167, 19.606479075210093, 0.0 ] ] ] ] } },
{ "type": "Feature", "properties": { "ETAPA": "CUARTA", "tipo": "Area Verde", "M2": 129.81, "ha": 0.01297045605, "Donantes": null, "LAT": 19.595731752, "LONG_": -99.261061443000003, "Shape__Are": 147.021484375, "Shape__Len": 56.6589935891, "Colonia": "Lomas de Las Torres", "Identifica": 304, "m2_1": 129.705 }, "geometry": { "type": "MultiPolygon", "coordinates": [ [ [ [ -99.261015375495873, 19.595817120130476, 0.0 ], [ -99.260972909724018, 19.595767447762572, 0.0 ], [ -99.261118034316169, 19.595644815808118, 0.0 ], [ -99.261148383765104, 19.595690680014833, 0.0 ], [ -99.261015375495873, 19.595817120130476, 0.0 ] ] ] ] } },
{ "type": "Feature", "properties": { "ETAPA": "CUARTA", "tipo": "Area Verde", "M2": 1218.15, "ha": 0.12172005785, "Donantes": null, "LAT": 19.596255973000002, "LONG_": -99.264112154000003, "Shape__Are": 1379.7167968799999, "Shape__Len": 152.065089771, "Colonia": "Lomas de Las Torres", "Identifica": 380, "m2_1": 1217.2 }, "geometry": { "type": "MultiPolygon", "coordinates": [ [ [ [ -99.264349771192045, 19.596333600099733, 0.0 ], [ -99.264131924105001, 19.596482926775089, 0.0 ], [ -99.263872757367011, 19.596175678308569, 0.0 ], [ -99.264095683983243, 19.59603115118939, 0.0 ], [ -99.264349771192045, 19.596333600099733, 0.0 ] ] ] ] } },
{ "type": "Feature", "properties": { "ETAPA": "CUARTA", "tipo": "Area Verde", "M2": 1828.64, "ha": 0.1827209848, "Donantes": null, "LAT": 19.592088538, "LONG_": -99.262123777, "Shape__Are": 2071.0644531200001, "Shape__Len": 377.49608091, "Colonia": "Lomas de Las Torres", "Identifica": 388, "m2_1": 1827.21 }, "geometry": { "type": "MultiPolygon", "coordinates": [ [ [ [ -99.26135178101508, 19.592232718923572, 0.0 ], [ -99.261326417879829, 19.59210182227082, 0.0 ], [ -99.261568991227108, 19.592056207710421, 0.0 ], [ -99.261716449286624, 19.592051776859712, 0.0 ], [ -99.262291151932587, 19.592042412634967, 0.0 ], [ -99.262760306603781, 19.592032291433753, 0.0 ], [ -99.262873758369579, 19.592030025928349, 0.0 ], [ -99.262905821343239, 19.59205099423307, 0.0 ], [ -99.26292115275362, 19.592085529969843, 0.0 ], [ -99.262911351549107, 19.592118701353503, 0.0 ], [ -99.262880839595823, 19.592142562910805, 0.0 ], [ -99.262760860420542, 19.592140878691279, 0.0 ], [ -99.262344312370686, 19.592135030736777, 0.0 ], [ -99.262033885847401, 19.592130672005371, 0.0 ], [ -99.261946558417748, 19.592129445735466, 0.0 ], [ -99.261614487349703, 19.59215701398092, 0.0 ], [ -99.26135178101508, 19.592232718923572, 0.0 ] ] ] ] } },
{ "type": "Feature", "properties": { "ETAPA": "TERCERA", "tipo": "Camellon", "M2": 5418.07, "ha": 0.54138328188999996, "Donantes": null, "LAT": 19.592088538, "LONG_": -99.262123777, "Shape__Are": 6136.359375, "Shape__Len": 824.235616435, "Colonia": "Lomas de Las Torres", "Identifica": 107, "m2_1": 5413.83 }, "geometry": { "type": "MultiPolygon", "coordinates": [ [ [ [ -99.261568991227108, 19.592056207710421, 0.0 ], [ -99.261797617467863, 19.592049337849645, 0.0 ], [ -99.262082424936636, 19.592047056051314, 0.0 ], [ -99.262621477110486, 19.592035063607156, 0.0 ], [ -99.262873758369579, 19.592030025928349, 0.0 ], [ -99.262905821343239, 19.59205099423307, 0.0 ], [ -99.26292115275362, 19.592085529969843, 0.0 ], [ -99.262911351549107, 19.592118701353503, 0.0 ], [ -99.262880839595823, 19.592142562910805, 0.0 ], [ -99.261946558417748, 19.592129445735466, 0.0 ], [ -99.261770669368474, 19.592144178244247, 0.0 ], [ -99.261614487349703, 19.59215701398092, 0.0 ], [ -99.261443576273322, 19.592203028035584, 0.0 ], [ -99.261264769758299, 19.592242048351068, 0.0 ], [ -99.260588544961863, 19.592409313755208, 0.0 ], [ -99.260252909288937, 19.592486970270031, 0.0 ], [ -99.260007883916415, 19.592543662447902, 0.0 ], [ -99.259807717283962, 19.592586499149903, 0.0 ], [ -99.259606102958941, 19.592622722611242, 0.0 ], [ -99.259411044774197, 19.592647995299757, 0.0 ], [ -99.25942621000523, 19.592621654475572, 0.0 ], [ -99.259433400851137, 19.592600062350343, 0.0 ], [ -99.259434073069414, 19.592577429502779, 0.0 ], [ -99.259426234546353, 19.592548288686498, 0.0 ], [ -99.259408768894232, 19.592523181392259, 0.0 ], [ -99.259385202780336, 19.59250285516589, 0.0 ], [ -99.259632855721449, 19.592447457927562, 0.0 ], [ -99.260348127604516, 19.59229714920232, 0.0 ], [ -99.260907016876786, 19.592179701252874, 0.0 ], [ -99.261267422764504, 19.592103963245595, 0.0 ], [ -99.261568991227108, 19.592056207710421, 0.0 ] ] ] ] } },
{ "type": "Feature", "properties": { "ETAPA": "TERCERA", "tipo": "Camellon", "M2": 6830.25, "ha": 0.68249153207000002, "Donantes": null, "LAT": 19.592593451, "LONG_": -99.264368618000006, "Shape__Are": 7735.9042968800004, "Shape__Len": 1420.8273445899999, "Colonia": "Lomas de Las Torres", "Identifica": 108, "m2_1": 6824.92 }, "geometry": { "type": "MultiPolygon", "coordinates": [ [ [ [ -99.263206889950865, 19.592103301764372, 0.0 ], [ -99.263231356640247, 19.592101986701834, 0.0 ], [ -99.263353928374087, 19.592137766928978, 0.0 ], [ -99.26343896890144, 19.592163231025957, 0.0 ], [ -99.263559930371045, 19.592202336379131, 0.0 ], [ -99.263638264554388, 19.592227682762942, 0.0 ], [ -99.263769361359579, 19.592273291559419, 0.0 ], [ -99.26383590824949, 19.59229645458586, 0.0 ], [ -99.26403183130256, 19.592369520393245, 0.0 ], [ -99.264167886769499, 19.592423925504779, 0.0 ], [ -99.264300995515271, 19.592484523387196, 0.0 ], [ -99.26443084456055, 19.592551172624386, 0.0 ], [ -99.264557128525738, 19.592623715523303, 0.0 ], [ -99.26467954868329, 19.592701980826394, 0.0 ], [ -99.264797816770965, 19.5927857855132, 0.0 ], [ -99.264911654037078, 19.592874930282839, 0.0 ], [ -99.265076823582618, 19.593020131177649, 0.0 ], [ -99.265236847864713, 19.59317041919671, 0.0 ], [ -99.265391552118942, 19.593325630137212, 0.0 ], [ -99.265562366490812, 19.593495779808094, 0.0 ], [ -99.266041849982145, 19.593973396149156, 0.0 ], [ -99.266581688126152, 19.59451112746191, 0.0 ], [ -99.267002899735772, 19.594922449472303, 0.0 ], [ -99.267144758615032, 19.595059393264982, 0.0 ], [ -99.267289559598936, 19.59519354194709, 0.0 ], [ -99.267327532883527, 19.595227576894278, 0.0 ], [ -99.267981990459475, 19.59582204777908, 0.0 ], [ -99.267982346903793, 19.595852852490982, 0.0 ], [ -99.267964868342901, 19.59587886337, 0.0 ], [ -99.267899170850441, 19.595882739097188, 0.0 ], [ -99.26755302760705, 19.595537063940174, 0.0 ], [ -99.267509703194918, 19.595496888195306, 0.0 ], [ -99.267463358377242, 19.595459861804329, 0.0 ], [ -99.26741424999598, 19.595426188620294, 0.0 ], [ -99.26734442439087, 19.595377882679813, 0.0 ], [ -99.267279040325164, 19.5953242834691, 0.0 ], [ -99.266920326336177, 19.594963155211346, 0.0 ], [ -99.26682133013864, 19.594865733568266, 0.0 ], [ -99.266779539172205, 19.594799957105007, 0.0 ], [ -99.266684016567638, 19.594727779680106, 0.0 ], [ -99.266245897035716, 19.594279363209861, 0.0 ], [ -99.265775790710876, 19.593811385159224, 0.0 ], [ -99.265583767544499, 19.593631072282417, 0.0 ], [ -99.265234672075962, 19.593303264839864, 0.0 ], [ -99.265107774131138, 19.593188193290636, 0.0 ], [ -99.264976717328778, 19.593077387814532, 0.0 ], [ -99.264841660173985, 19.592970983725387, 0.0 ], [ -99.264702768793086, 19.592869110903518, 0.0 ], [ -99.264562315639836, 19.592780048438605, 0.0 ], [ -99.264418918489994, 19.592695303551569, 0.0 ], [ -99.264272726230388, 19.592614964580285, 0.0 ], [ -99.264123889646754, 19.592539113534155, 0.0 ], [ -99.263972560469085, 19.592467827903128, 0.0 ], [ -99.263784373793499, 19.592393852433588, 0.0 ], [ -99.263593701577463, 19.592325833088143, 0.0 ], [ -99.263400754654597, 19.592263843654667, 0.0 ], [ -99.263200440763143, 19.59220590115557, 0.0 ], [ -99.263176905339222, 19.5921881445461, 0.0 ], [ -99.263165125054527, 19.592153925646745, 0.0 ], [ -99.263178820669623, 19.592120472499229, 0.0 ], [ -99.263206889950865, 19.592103301764372, 0.0 ] ] ] ] } },
{ "type": "Feature", "properties": { "ETAPA": "TERCERA", "tipo": "Camellon", "M2": 7983.38, "ha": 0.7977132542000001, "Donantes": null, "LAT": 19.594041356000002, "LONG_": -99.253401001, "Shape__Are": 9041.96484375, "Shape__Len": 1217.15499049, "Colonia": "El Mirador", "Identifica": 109, "m2_1": 7977.13 }, "geometry": { "type": "MultiPolygon", "coordinates": [ [ [ [ -99.254856953482644, 19.59312461048135, 0.0 ], [ -99.255093025359315, 19.592999532041105, 0.0 ], [ -99.255319675988275, 19.592885231773554, 0.0 ], [ -99.255695084921584, 19.592884699722447, 0.0 ], [ -99.255353308687901, 19.593072922102262, 0.0 ], [ -99.25501153069979, 19.593261142936711, 0.0 ], [ -99.254884524334599, 19.593328851749199, 0.0 ], [ -99.254276732808464, 19.593652870602799, 0.0 ], [ -99.253689670156319, 19.593965491474577, 0.0 ], [ -99.253420104970715, 19.594109039756418, 0.0 ], [ -99.252706619476484, 19.594488977538788, 0.0 ], [ -99.252653455565536, 19.594517287352097, 0.0 ], [ -99.252384276921404, 19.594661024233776, 0.0 ], [ -99.252237523200336, 19.594745898468513, 0.0 ], [ -99.252100403492079, 19.594830437393394, 0.0 ], [ -99.251977043021185, 19.594911055697054, 0.0 ], [ -99.251834934857683, 19.595009603367487, 0.0 ], [ -99.251620753526694, 19.595167313952384, 0.0 ], [ -99.251405739881491, 19.595334595659008, 0.0 ], [ -99.251175451425127, 19.595524421382642, 0.0 ], [ -99.251107102424029, 19.595339866993214, 0.0 ], [ -99.251284736022214, 19.595247698616529, 0.0 ], [ -99.25140790648949, 19.595177315492492, 0.0 ], [ -99.251497561182774, 19.595112797628719, 0.0 ], [ -99.251596013767468, 19.595046603976382, 0.0 ], [ -99.251640422166844, 19.595013507150195, 0.0 ], [ -99.251683154777822, 19.594983342954158, 0.0 ], [ -99.251741388434468, 19.594941029290251, 0.0 ], [ -99.251789357884931, 19.594904790360424, 0.0 ], [ -99.251926144134927, 19.594826656713735, 0.0 ], [ -99.252660194212069, 19.594371791672362, 0.0 ], [ -99.253218353474708, 19.594063991708399, 0.0 ], [ -99.253304147356161, 19.594016679810665, 0.0 ], [ -99.253889449328369, 19.593695275059076, 0.0 ], [ -99.254826947837884, 19.593211515922082, 0.0 ], [ -99.254888602430867, 19.593179700655433, 0.0 ], [ -99.254856953482644, 19.59312461048135, 0.0 ] ] ] ] } },
{ "type": "Feature", "properties": { "ETAPA": "CUARTA", "tipo": "Area Verde", "M2": 2105.99, "ha": 0.21043388862000001, "Donantes": null, "LAT": 19.598377199000002, "LONG_": -99.258265562999995, "Shape__Are": 2385.36328125, "Shape__Len": 198.909277159, "Colonia": "Villa de las Palmas", "Identifica": 416, "m2_1": 2104.34 }, "geometry": { "type": "MultiPolygon", "coordinates": [ [ [ [ -99.258531581963098, 19.598538339992771, 0.0 ], [ -99.258188675740428, 19.59867751244046, 0.0 ], [ -99.258006265339915, 19.598204345678422, 0.0 ], [ -99.258334055690383, 19.59807954154682, 0.0 ], [ -99.258531581963098, 19.598538339992771, 0.0 ] ] ] ] } },
{ "type": "Feature", "properties": { "ETAPA": "CUARTA", "tipo": "Area Verde", "M2": 514.94, "ha": 0.05145339592, "Donantes": null, "LAT": 19.601710682, "LONG_": -99.249214542999994, "Shape__Are": 583.2734375, "Shape__Len": 114.017174192, "Colonia": "El Capulín", "Identifica": 303, "m2_1": 514.534 }, "geometry": { "type": "MultiPolygon", "coordinates": [ [ [ [ -99.249316813126228, 19.601595739418656, 0.0 ], [ -99.249375104730461, 19.601765423369137, 0.0 ], [ -99.2490320364562, 19.601808936682978, 0.0 ], [ -99.249031911370309, 19.601727641129855, 0.0 ], [ -99.249155518598457, 19.60171312397495, 0.0 ], [ -99.249142756138923, 19.601617499588141, 0.0 ], [ -99.249316813126228, 19.601595739418656, 0.0 ] ] ] ] } },
{ "type": "Feature", "properties": { "ETAPA": "CUARTA", "tipo": "Area Verde", "M2": 1114.1, "ha": 0.11132328359, "Donantes": null, "LAT": 19.596335091, "LONG_": -99.25122273, "Shape__Are": 1261.8691406200001, "Shape__Len": 146.786782813, "Colonia": "Ampliación Villa de las Torres", "Identifica": 457, "m2_1": 1113.23 }, "geometry": { "type": "MultiPolygon", "coordinates": [ [ [ [ -99.251426517568177, 19.596462242255082, 0.0 ], [ -99.251112106110199, 19.596491520683927, 0.0 ], [ -99.250995221975117, 19.596342676027081, 0.0 ], [ -99.251294081828533, 19.596097118347956, 0.0 ], [ -99.251426517568177, 19.596462242255082, 0.0 ] ] ] ] } },
{ "type": "Feature", "properties": { "ETAPA": "CUARTA", "tipo": "Area Verde", "M2": 671.91, "ha": 0.06713880615, "Donantes": null, "LAT": 19.595694744, "LONG_": -99.246565066000002, "Shape__Are": 761.02734375, "Shape__Len": 112.944634968, "Colonia": "Atizapán 2000", "Identifica": 327, "m2_1": 671.388 }, "geometry": { "type": "MultiPolygon", "coordinates": [ [ [ [ -99.246741796584629, 19.595751781565074, 0.0 ], [ -99.24644293019864, 19.595820335408984, 0.0 ], [ -99.24638592354367, 19.595662603856145, 0.0 ], [ -99.246665801953824, 19.595551037142524, 0.0 ], [ -99.246741796584629, 19.595751781565074, 0.0 ] ] ] ] } },
{ "type": "Feature", "properties": { "ETAPA": "CUARTA", "tipo": "Area Verde", "M2": 9576.57, "ha": 0.95690715575999996, "Donantes": null, "LAT": 19.594106877000002, "LONG_": -99.249329154999998, "Shape__Are": 10846.3730469, "Shape__Len": 1285.8192535200001, "Colonia": "Atizapán 2000", "Identifica": 421, "m2_1": 9569.07 }, "geometry": { "type": "MultiPolygon", "coordinates": [ [ [ [ -99.247805772926554, 19.594414520822575, 0.0 ], [ -99.246740803465613, 19.594224697368098, 0.0 ], [ -99.246649846837713, 19.594138743926358, 0.0 ], [ -99.246674952282262, 19.594057413769058, 0.0 ], [ -99.246745543258214, 19.5940238424194, 0.0 ], [ -99.247684357568772, 19.594209057130705, 0.0 ], [ -99.24799725951479, 19.594246883796718, 0.0 ], [ -99.248254591123086, 19.594241747501314, 0.0 ], [ -99.248602733525871, 19.594226921419057, 0.0 ], [ -99.248875099751061, 19.594154814026503, 0.0 ], [ -99.249192863713589, 19.594073079265208, 0.0 ], [ -99.249591331513628, 19.593972103807285, 0.0 ], [ -99.249919097870077, 19.593832968657143, 0.0 ], [ -99.250297262956067, 19.593655506103776, 0.0 ], [ -99.251209848164393, 19.593195154646597, 0.0 ], [ -99.251905711118368, 19.59289769313148, 0.0 ], [ -99.251966290699301, 19.592916736896221, 0.0 ], [ -99.252006768882111, 19.592988411898869, 0.0 ], [ -99.251921123842479, 19.593074609493037, 0.0 ], [ -99.251512627529067, 19.593213860909458, 0.0 ], [ -99.251386682275452, 19.593343153418516, 0.0 ], [ -99.250600035694745, 19.593669431795028, 0.0 ], [ -99.249742825099162, 19.594048407686817, 0.0 ], [ -99.249304041886518, 19.594182913975523, 0.0 ], [ -99.248562484096325, 19.594303490610198, 0.0 ], [ -99.247805772926554, 19.594414520822575, 0.0 ] ] ] ] } },
{ "type": "Feature", "properties": { "ETAPA": "TERCERA", "tipo": "Camellon", "M2": 9252.11, "ha": 0.92448676276999997, "Donantes": null, "LAT": 19.594106877000002, "LONG_": -99.249329154999998, "Shape__Are": 10478.9199219, "Shape__Len": 1273.52873021, "Colonia": "Atizapán 2000", "Identifica": 120, "m2_1": 9244.87 }, "geometry": { "type": "MultiPolygon", "coordinates": [ [ [ [ -99.251936140722151, 19.592921467123759, 0.0 ], [ -99.251947389648052, 19.59293853318491, 0.0 ], [ -99.251965184046711, 19.592974000433475, 0.0 ], [ -99.25195787265416, 19.593025380821256, 0.0 ], [ -99.251921463269099, 19.593060456817984, 0.0 ], [ -99.251505857870924, 19.593241299692931, 0.0 ], [ -99.251356711635353, 19.593343781040446, 0.0 ], [ -99.250599846400817, 19.593668466795389, 0.0 ], [ -99.249951801944434, 19.59394396338012, 0.0 ], [ -99.249602168403854, 19.594090152294083, 0.0 ], [ -99.24937858411306, 19.59417358800086, 0.0 ], [ -99.248885940290222, 19.594248989070667, 0.0 ], [ -99.248429754438732, 19.594320602546908, 0.0 ], [ -99.247828714064525, 19.594403622107404, 0.0 ], [ -99.247732133217582, 19.59440375485638, 0.0 ], [ -99.247025299587293, 19.594262756325289, 0.0 ], [ -99.24669653183571, 19.594199227309939, 0.0 ], [ -99.246668884694316, 19.594164707021527, 0.0 ], [ -99.246662907562211, 19.594122685053573, 0.0 ], [ -99.246673684221292, 19.594080640161113, 0.0 ], [ -99.246695317211916, 19.594048854447752, 0.0 ], [ -99.246752458681541, 19.59403663420137, 0.0 ], [ -99.247461233583707, 19.594158951088517, 0.0 ], [ -99.248060574090275, 19.594253395700626, 0.0 ], [ -99.248567081537374, 19.594220941912191, 0.0 ], [ -99.249047853256883, 19.594115670014663, 0.0 ], [ -99.249898939182856, 19.593854839370451, 0.0 ], [ -99.251166322354422, 19.59322449399583, 0.0 ], [ -99.251465717658576, 19.593095184203477, 0.0 ], [ -99.251883286483846, 19.592909668662667, 0.0 ], [ -99.251936140722151, 19.592921467123759, 0.0 ] ] ] ] } },
{ "type": "Feature", "properties": { "ETAPA": "CUARTA", "tipo": "Area Verde", "M2": 501.12, "ha": 0.05007322145, "Donantes": null, "LAT": 19.595436499000002, "LONG_": -99.245311227000002, "Shape__Are": 567.58203125, "Shape__Len": 119.318339947, "Colonia": "La Nueva Era", "Identifica": 284, "m2_1": 500.732 }, "geometry": { "type": "MultiPolygon", "coordinates": [ [ [ [ -99.245212492719759, 19.595546143774332, 0.0 ], [ -99.245142535836706, 19.595332479236209, 0.0 ], [ -99.245578652613332, 19.595430875443427, 0.0 ], [ -99.245212492719759, 19.595546143774332, 0.0 ] ] ] ] } },
{ "type": "Feature", "properties": { "ETAPA": "CUARTA", "tipo": "Area Verde", "M2": 1133.59, "ha": 0.11327056133000001, "Donantes": null, "LAT": 19.595448588, "LONG_": -99.244999455, "Shape__Are": 1283.9277343799999, "Shape__Len": 144.29495200299999, "Colonia": "La Nueva Era", "Identifica": 308, "m2_1": 1132.71 }, "geometry": { "type": "MultiPolygon", "coordinates": [ [ [ [ -99.245212492719759, 19.595546143774332, 0.0 ], [ -99.244884849344459, 19.595638493602554, 0.0 ], [ -99.244816194524503, 19.595284711008986, 0.0 ], [ -99.244871681290192, 19.595272680378855, 0.0 ], [ -99.245142535836706, 19.595332479236209, 0.0 ], [ -99.245212492719759, 19.595546143774332, 0.0 ] ] ] ] } },
{ "type": "Feature", "properties": { "ETAPA": "CUARTA", "tipo": "Area Verde", "M2": 986.42, "ha": 0.09856424906, "Donantes": null, "LAT": 19.594660288, "LONG_": -99.244212233, "Shape__Are": 1117.22265625, "Shape__Len": 134.048624714, "Colonia": "La Nueva Era", "Identifica": 359, "m2_1": 985.643 }, "geometry": { "type": "MultiPolygon", "coordinates": [ [ [ [ -99.244413972513954, 19.59472845662874, 0.0 ], [ -99.244114901671438, 19.594839415848778, 0.0 ], [ -99.244013066735661, 19.594575185508745, 0.0 ], [ -99.244317252495549, 19.594493059695349, 0.0 ], [ -99.244413972513954, 19.59472845662874, 0.0 ] ] ] ] } },
{ "type": "Feature", "properties": { "ETAPA": "CUARTA", "tipo": "Area Verde", "M2": 878.5, "ha": 0.08778106356, "Donantes": null, "LAT": 19.594885131000002, "LONG_": -99.244322557000004, "Shape__Are": 994.994140625, "Shape__Len": 128.663957418, "Colonia": "La Nueva Era", "Identifica": 436, "m2_1": 877.811 }, "geometry": { "type": "MultiPolygon", "coordinates": [ [ [ [ -99.244413972513954, 19.59472845662874, 0.0 ], [ -99.244542612024404, 19.594931587911507, 0.0 ], [ -99.244208030823671, 19.595037788760063, 0.0 ], [ -99.244114901671438, 19.594839415848778, 0.0 ], [ -99.244413972513954, 19.59472845662874, 0.0 ] ] ] ] } },
{ "type": "Feature", "properties": { "ETAPA": "CUARTA", "tipo": "Area Verde", "M2": 1187.18, "ha": 0.11862501673, "Donantes": null, "LAT": 19.58490171, "LONG_": -99.243146159000005, "Shape__Are": 1344.4511718799999, "Shape__Len": 156.84292297100001, "Colonia": "Rinconada Bonfil", "Identifica": 424, "m2_1": 1186.25 }, "geometry": { "type": "MultiPolygon", "coordinates": [ [ [ [ -99.243309395449074, 19.585069154115896, 0.0 ], [ -99.24319594623185, 19.585120117079533, 0.0 ], [ -99.243101274346216, 19.585075412421407, 0.0 ], [ -99.243012860166147, 19.584997822260213, 0.0 ], [ -99.242959062665349, 19.584872364300754, 0.0 ], [ -99.243009433197557, 19.584815508852891, 0.0 ], [ -99.242980957728633, 19.584752781997736, 0.0 ], [ -99.24309758266385, 19.584716758989071, 0.0 ], [ -99.24317010819685, 19.584713672393494, 0.0 ], [ -99.243327858463843, 19.584764269562974, 0.0 ], [ -99.243255525889921, 19.584895875224614, 0.0 ], [ -99.243233554724029, 19.584964647719758, 0.0 ], [ -99.243312432221927, 19.584991440698911, 0.0 ], [ -99.243309395449074, 19.585069154115896, 0.0 ] ] ] ] } },
{ "type": "Feature", "properties": { "ETAPA": "TERCERA", "tipo": "Camellon", "M2": 189.55, "ha": 0.01894026428, "Donantes": null, "LAT": 19.59048541, "LONG_": -99.240574627000001, "Shape__Are": 214.673828125, "Shape__Len": 60.3273439317, "Colonia": "Lomas de Tepalcapa", "Identifica": 111, "m2_1": 189.403 }, "geometry": { "type": "MultiPolygon", "coordinates": [ [ [ [ -99.24051430930399, 19.590516852688488, 0.0 ], [ -99.240511424403977, 19.590377841558045, 0.0 ], [ -99.240640030285121, 19.590471509227736, 0.0 ], [ -99.240653064211955, 19.590494562490637, 0.0 ], [ -99.240651454907095, 19.590528900645563, 0.0 ], [ -99.240626753910149, 19.590556260717513, 0.0 ], [ -99.240598304793295, 19.590564504089198, 0.0 ], [ -99.240573950239721, 19.590559240881518, 0.0 ], [ -99.24051430930399, 19.590516852688488, 0.0 ] ] ] ] } },
{ "type": "Feature", "properties": { "ETAPA": "TERCERA", "tipo": "Camellon", "M2": 9364.3, "ha": 0.93569636857000005, "Donantes": null, "LAT": 19.593781975, "LONG_": -99.245104237999996, "Shape__Are": 10605.8515625, "Shape__Len": 1560.7678657900001, "Colonia": "Lomas de Tepalcapa", "Identifica": 112, "m2_1": 9356.96 }, "geometry": { "type": "MultiPolygon", "coordinates": [ [ [ [ -99.245935253587874, 19.594071094244729, 0.0 ], [ -99.24588258555319, 19.594066220119867, 0.0 ], [ -99.245829665665951, 19.594066292291608, 0.0 ], [ -99.24576962389655, 19.594071813999701, 0.0 ], [ -99.245740277307945, 19.594069483140103, 0.0 ], [ -99.245719404876823, 19.594062424749353, 0.0 ], [ -99.245547046592904, 19.594014800369838, 0.0 ], [ -99.245375748487191, 19.59396385507873, 0.0 ], [ -99.244623375248665, 19.593712240955583, 0.0 ], [ -99.244156968651481, 19.593554983582997, 0.0 ], [ -99.244047984696309, 19.593516092967, 0.0 ], [ -99.243941203355334, 19.593472056327339, 0.0 ], [ -99.243836893708263, 19.593422986266631, 0.0 ], [ -99.243735320077946, 19.593369006239215, 0.0 ], [ -99.2436367401355, 19.593310253264239, 0.0 ], [ -99.243541402982729, 19.593246875217218, 0.0 ], [ -99.243479002324491, 19.593192441778665, 0.0 ], [ -99.243420645553783, 19.593134116932244, 0.0 ], [ -99.243366603881839, 19.593072171426783, 0.0 ], [ -99.243317124705655, 19.593006890502554, 0.0 ], [ -99.242929912516715, 19.592540440096517, 0.0 ], [ -99.242880021480048, 19.592479428696588, 0.0 ], [ -99.242636678013341, 19.592154599252108, 0.0 ], [ -99.242541190755688, 19.59203803337704, 0.0 ], [ -99.242440864278095, 19.591925178237585, 0.0 ], [ -99.242377950858767, 19.591859486749865, 0.0 ], [ -99.242312730149933, 19.591795849747694, 0.0 ], [ -99.242263505002867, 19.591751953422257, 0.0 ], [ -99.242211758941565, 19.591710743566221, 0.0 ], [ -99.242179511761165, 19.591688688616728, 0.0 ], [ -99.241852095335346, 19.591457228688462, 0.0 ], [ -99.241760343304051, 19.591391906416014, 0.0 ], [ -99.241254989261421, 19.591032801659868, 0.0 ], [ -99.240854785436497, 19.590737847453632, 0.0 ], [ -99.240876852317896, 19.590708576373544, 0.0 ], [ -99.241150198247553, 19.590886833711831, 0.0 ], [ -99.241395341127813, 19.591056369465388, 0.0 ], [ -99.241431105097519, 19.59107997331655, 0.0 ], [ -99.24146954423405, 19.591099437324893, 0.0 ], [ -99.241510127013072, 19.591114490186033, 0.0 ], [ -99.241555568036603, 19.591132099433374, 0.0 ], [ -99.241597777192126, 19.591155857282338, 0.0 ], [ -99.241715619437073, 19.591233882370876, 0.0 ], [ -99.242239906828075, 19.591596981856782, 0.0 ], [ -99.24230865247047, 19.591641386044863, 0.0 ], [ -99.242373716007378, 19.591690520623242, 0.0 ], [ -99.242434735646, 19.591744114971188, 0.0 ], [ -99.242491371480881, 19.591801868616564, 0.0 ], [ -99.242543308364176, 19.59186346207613, 0.0 ], [ -99.242591696825727, 19.591925453405786, 0.0 ], [ -99.243071498273963, 19.592540120932266, 0.0 ], [ -99.24325172551049, 19.592765323891893, 0.0 ], [ -99.243322184319155, 19.592861653082366, 0.0 ], [ -99.243397702198706, 19.592954475369257, 0.0 ], [ -99.243478087130754, 19.593043550620582, 0.0 ], [ -99.2435631309028, 19.593128651377864, 0.0 ], [ -99.243652615779411, 19.59320955923258, 0.0 ], [ -99.243746311640976, 19.593286064830334, 0.0 ], [ -99.243830685288742, 19.593338836368467, 0.0 ], [ -99.243918394384664, 19.593386474836187, 0.0 ], [ -99.244009089643257, 19.593428792730773, 0.0 ], [ -99.244102412272753, 19.593465623348749, 0.0 ], [ -99.244197994930616, 19.593496819879999, 0.0 ], [ -99.244295456957445, 19.593522259029498, 0.0 ], [ -99.244841889636646, 19.593638980200886, 0.0 ], [ -99.245773244294, 19.593823206139746, 0.0 ], [ -99.245792495047681, 19.593829542417506, 0.0 ], [ -99.245814976127889, 19.593843852633928, 0.0 ], [ -99.245836484135893, 19.593861314936131, 0.0 ], [ -99.245862311449471, 19.593872951043426, 0.0 ], [ -99.245883437432781, 19.593876821710314, 0.0 ], [ -99.246323934799847, 19.593945641047405, 0.0 ], [ -99.24638085315938, 19.593954533425745, 0.0 ], [ -99.246460415681923, 19.593975820750643, 0.0 ], [ -99.246480565715729, 19.5939853155236, 0.0 ], [ -99.246497213610795, 19.593999664807022, 0.0 ], [ -99.246512987112709, 19.594023726480334, 0.0 ], [ -99.246519621515134, 19.594051347233489, 0.0 ], [ -99.246518429584583, 19.594072644632256, 0.0 ], [ -99.246511144686906, 19.594092823444807, 0.0 ], [ -99.24649935979474, 19.594110992247913, 0.0 ], [ -99.246482786683487, 19.594125419487703, 0.0 ], [ -99.246463273711555, 19.594136043443115, 0.0 ], [ -99.246441441510569, 19.59414121174699, 0.0 ], [ -99.246414836831704, 19.594141075959332, 0.0 ], [ -99.246157768470269, 19.594094123262263, 0.0 ], [ -99.246046669136149, 19.59408123900975, 0.0 ], [ -99.245935253587874, 19.594071094244729, 0.0 ] ] ] ] } },
{ "type": "Feature", "properties": { "ETAPA": "TERCERA", "tipo": "Camellon", "M2": 9720.03, "ha": 0.97124054129000004, "Donantes": null, "LAT": 19.589057941, "LONG_": -99.23853077, "Shape__Are": 11008.2480469, "Shape__Len": 1236.0036911300001, "Colonia": "San Juan Ixtacala Plano Sur", "Identifica": 110, "m2_1": 9712.41 }, "geometry": { "type": "MultiPolygon", "coordinates": [ [ [ [ -99.238041861222882, 19.589047737673216, 0.0 ], [ -99.237946320985287, 19.589044135092585, 0.0 ], [ -99.237850767974535, 19.589047415089993, 0.0 ], [ -99.237659299492691, 19.589063647757481, 0.0 ], [ -99.237468432037701, 19.589085322441459, 0.0 ], [ -99.237171768280405, 19.58912557529538, 0.0 ], [ -99.236875814577587, 19.589170279280822, 0.0 ], [ -99.236810486947604, 19.589182599439035, 0.0 ], [ -99.236746070622601, 19.589198662424025, 0.0 ], [ -99.236672809827539, 19.58921673448317, 0.0 ], [ -99.236641171528873, 19.589204853587617, 0.0 ], [ -99.236617472123783, 19.589184517904915, 0.0 ], [ -99.236602765939068, 19.589158699844216, 0.0 ], [ -99.236597872103331, 19.589130049801486, 0.0 ], [ -99.23660308850792, 19.589101451107137, 0.0 ], [ -99.236613068822166, 19.589081753974877, 0.0 ], [ -99.236628339350162, 19.589065384116932, 0.0 ], [ -99.236853592198713, 19.588901225990977, 0.0 ], [ -99.236947625625589, 19.588862360642658, 0.0 ], [ -99.237044220533818, 19.588829618089967, 0.0 ], [ -99.237142932816155, 19.588803149831197, 0.0 ], [ -99.237243309738659, 19.588783076651666, 0.0 ], [ -99.23734488994458, 19.588769490429545, 0.0 ], [ -99.237447207270279, 19.588762455036047, 0.0 ], [ -99.237549792640721, 19.58876200000628, 0.0 ], [ -99.237652175038633, 19.588768130478964, 0.0 ], [ -99.23775388530089, 19.588780815443325, 0.0 ], [ -99.238223234409688, 19.58885105452152, 0.0 ], [ -99.238304381022331, 19.588865560193973, 0.0 ], [ -99.238384470235303, 19.588884625512037, 0.0 ], [ -99.238463217803542, 19.588908181267644, 0.0 ], [ -99.238540343276696, 19.588936144692763, 0.0 ], [ -99.238614952644184, 19.588968128379573, 0.0 ], [ -99.238687436050697, 19.589004235740614, 0.0 ], [ -99.238757540632974, 19.58904434149844, 0.0 ], [ -99.238825021133877, 19.589088305002619, 0.0 ], [ -99.239450189157921, 19.589574634780117, 0.0 ], [ -99.239906119357002, 19.589929309149806, 0.0 ], [ -99.240423369607569, 19.590313950544274, 0.0 ], [ -99.24046301034133, 19.590342713187365, 0.0 ], [ -99.240464872320771, 19.590432447608421, 0.0 ], [ -99.240465887042433, 19.59048136827111, 0.0 ], [ -99.240250745333384, 19.590323706590031, 0.0 ], [ -99.240129552069718, 19.590234892952978, 0.0 ], [ -99.240074427684434, 19.590198791086664, 0.0 ], [ -99.240016144692305, 19.590167461350418, 0.0 ], [ -99.239955161147137, 19.590141149842839, 0.0 ], [ -99.239911446955063, 19.590122592613938, 0.0 ], [ -99.239869359639812, 19.590100919949506, 0.0 ], [ -99.239829145398204, 19.590076258041684, 0.0 ], [ -99.239414857232006, 19.589800308604275, 0.0 ], [ -99.23874527038457, 19.589326121875583, 0.0 ], [ -99.238684944963126, 19.589278237640169, 0.0 ], [ -99.238621228261295, 19.589234476955934, 0.0 ], [ -99.238554433348355, 19.589195054486609, 0.0 ], [ -99.238484888516226, 19.589160164091108, 0.0 ], [ -99.238412935374484, 19.589129977922251, 0.0 ], [ -99.238322911608392, 19.589099442379638, 0.0 ], [ -99.238230701576484, 19.589075471476857, 0.0 ], [ -99.238136837537709, 19.589058203678036, 0.0 ], [ -99.238041861222882, 19.589047737673216, 0.0 ] ], [ [ -99.237355726987488, 19.588873815154603, 0.0 ], [ -99.237394259894643, 19.5890561762386, 0.0 ], [ -99.237701442890653, 19.58899787302283, 0.0 ], [ -99.237692868789281, 19.588950399183648, 0.0 ], [ -99.237669797851879, 19.588822653036253, 0.0 ], [ -99.237355726987488, 19.588873815154603, 0.0 ] ], [ [ -99.236969505760683, 19.588922158923467, 0.0 ], [ -99.237007099965169, 19.589094081734448, 0.0 ], [ -99.237304928554437, 19.589040571179964, 0.0 ], [ -99.237276676248641, 19.588856032175851, 0.0 ], [ -99.236969505760683, 19.588922158923467, 0.0 ] ] ] ] } },
{ "type": "Feature", "properties": { "ETAPA": "CUARTA", "tipo": "Area Verde", "M2": 678.03, "ha": 0.06775010681, "Donantes": null, "LAT": 19.605309833, "LONG_": -99.240836463999997, "Shape__Are": 768.044921875, "Shape__Len": 141.59326095200001, "Colonia": "Prados Ixtacala II", "Identifica": 396, "m2_1": 677.501 }, "geometry": { "type": "MultiPolygon", "coordinates": [ [ [ [ -99.240731148542366, 19.605513071343996, 0.0 ], [ -99.240667084194314, 19.605267109798515, 0.0 ], [ -99.241111158739983, 19.605149317207928, 0.0 ], [ -99.240731148542366, 19.605513071343996, 0.0 ] ] ] ] } },
{ "type": "Feature", "properties": { "ETAPA": "TERCERA", "tipo": "Camellon", "M2": 12276.69, "ha": 1.2267067926599999, "Donantes": null, "LAT": 19.603640822, "LONG_": -99.242814968000005, "Shape__Are": 13906.0605469, "Shape__Len": 2988.0103235900001, "Colonia": "Prados Ixtacala II", "Identifica": 166, "m2_1": 12267.1 }, "geometry": { "type": "MultiPolygon", "coordinates": [ [ [ [ -99.240075180687299, 19.606315388861351, 0.0 ], [ -99.240063700284466, 19.606215421257637, 0.0 ], [ -99.240073008884366, 19.606207367840032, 0.0 ], [ -99.240430445099861, 19.605876100312287, 0.0 ], [ -99.241659056438507, 19.604692256853976, 0.0 ], [ -99.242329984670988, 19.604050575062658, 0.0 ], [ -99.242860405977083, 19.603533789114866, 0.0 ], [ -99.243200348934351, 19.603195064283206, 0.0 ], [ -99.244228802863489, 19.602152649025903, 0.0 ], [ -99.244673596996535, 19.60168346805737, 0.0 ], [ -99.245492870739625, 19.600903571070901, 0.0 ], [ -99.245532325670396, 19.600924999382361, 0.0 ], [ -99.245565956635389, 19.600940683416709, 0.0 ], [ -99.24325267603318, 19.603283842181963, 0.0 ], [ -99.241417785775937, 19.605043387445679, 0.0 ], [ -99.240486526901506, 19.605917275661849, 0.0 ], [ -99.240077109226505, 19.606313838645622, 0.0 ], [ -99.240075180687299, 19.606315388861351, 0.0 ] ] ], [ [ [ -99.23854252245485, 19.60763935819697, 0.0 ], [ -99.238793587197392, 19.607460631176743, 0.0 ], [ -99.238958976093542, 19.607330585578865, 0.0 ], [ -99.238999641543643, 19.607316469929376, 0.0 ], [ -99.238938348874683, 19.607378247052875, 0.0 ], [ -99.238200107004246, 19.608029290183829, 0.0 ], [ -99.23716856329537, 19.608963719326361, 0.0 ], [ -99.237115404785058, 19.609007687403391, 0.0 ], [ -99.237067104491359, 19.609004014958199, 0.0 ], [ -99.237137966999299, 19.608934805532545, 0.0 ], [ -99.237382044244043, 19.60869351151884, 0.0 ], [ -99.237733414480459, 19.608358675402769, 0.0 ], [ -99.238236427448854, 19.607888928722897, 0.0 ], [ -99.23854252245485, 19.60763935819697, 0.0 ] ] ], [ [ [ -99.239426411025448, 19.606840547811274, 0.0 ], [ -99.239166564555646, 19.607078129514242, 0.0 ], [ -99.238945085304138, 19.607268025846473, 0.0 ], [ -99.2387736850241, 19.607387197613139, 0.0 ], [ -99.239584287886686, 19.606630187421555, 0.0 ], [ -99.239950073458559, 19.6063137264122, 0.0 ], [ -99.239960046732719, 19.606407936738545, 0.0 ], [ -99.239712936947114, 19.606649630358273, 0.0 ], [ -99.239620351969208, 19.606690849615351, 0.0 ], [ -99.239549781080413, 19.606761979078929, 0.0 ], [ -99.239426411025448, 19.606840547811274, 0.0 ] ] ], [ [ [ -99.24561247067858, 19.600893567603084, 0.0 ], [ -99.245517138286857, 19.600821112280922, 0.0 ], [ -99.245488970109122, 19.600769713963381, 0.0 ], [ -99.245489230388799, 19.600769422276979, 0.0 ], [ -99.245635861896744, 19.600668874957002, 0.0 ], [ -99.245623293482311, 19.6006177634026, 0.0 ], [ -99.245788358666033, 19.600534811863433, 0.0 ], [ -99.24577327656776, 19.600482862414758, 0.0 ], [ -99.245818941808935, 19.600451441377306, 0.0 ], [ -99.245813076548558, 19.600419601392669, 0.0 ], [ -99.246156194278697, 19.600085700500561, 0.0 ], [ -99.246100893252304, 19.600318635125312, 0.0 ], [ -99.245822712333776, 19.600680605477592, 0.0 ], [ -99.24561247067858, 19.600893567603084, 0.0 ] ] ] ] } },
{ "type": "Feature", "properties": { "ETAPA": "CUARTA", "tipo": "Area Verde", "M2": 1174.84, "ha": 0.11739160491, "Donantes": null, "LAT": 19.602919435, "LONG_": -99.242099702000004, "Shape__Are": 1330.76171875, "Shape__Len": 170.55102060799999, "Colonia": "Prados Ixtacala I", "Identifica": 330, "m2_1": 1173.92 }, "geometry": { "type": "MultiPolygon", "coordinates": [ [ [ [ -99.242455060589876, 19.602882989702675, 0.0 ], [ -99.242445010040825, 19.602945490206029, 0.0 ], [ -99.241912621192526, 19.603066372959045, 0.0 ], [ -99.241856569666808, 19.602893407319868, 0.0 ], [ -99.24185640445495, 19.602782853646985, 0.0 ], [ -99.242455060589876, 19.602882989702675, 0.0 ] ] ] ] } },
{ "type": "Feature", "properties": { "ETAPA": "CUARTA", "tipo": "Area Verde", "M2": 321.51, "ha": 0.03212574318, "Donantes": null, "LAT": 19.58648593, "LONG_": -99.226656598999995, "Shape__Are": 364.10546875, "Shape__Len": 80.032242243100001, "Colonia": "Margarita Maza de Juárez", "Identifica": 296, "m2_1": 321.257 }, "geometry": { "type": "MultiPolygon", "coordinates": [ [ [ [ -99.226679955484826, 19.586363605018015, 0.0 ], [ -99.226752776416234, 19.586569742895367, 0.0 ], [ -99.226639307343461, 19.586611729885032, 0.0 ], [ -99.226557023575978, 19.586402615953357, 0.0 ], [ -99.226679955484826, 19.586363605018015, 0.0 ] ] ] ] } },
{ "type": "Feature", "properties": { "ETAPA": "CUARTA", "tipo": "Area Verde", "M2": 407.46, "ha": 0.04071376141, "Donantes": null, "LAT": 19.589432716000001, "LONG_": -99.224799697999998, "Shape__Are": 461.458984375, "Shape__Len": 103.094481836, "Colonia": "Margarita Maza de Juárez", "Identifica": 299, "m2_1": 407.138 }, "geometry": { "type": "MultiPolygon", "coordinates": [ [ [ [ -99.224680449594061, 19.589401523170093, 0.0 ], [ -99.224752323473865, 19.589382305432487, 0.0 ], [ -99.224854473794679, 19.589363050464581, 0.0 ], [ -99.224884913922253, 19.589482563656048, 0.0 ], [ -99.224548164408446, 19.589520046604022, 0.0 ], [ -99.224544242114234, 19.589422017930453, 0.0 ], [ -99.224617385640485, 19.589406385023537, 0.0 ], [ -99.224689308702139, 19.589423031934373, 0.0 ], [ -99.224680449594061, 19.589401523170093, 0.0 ] ] ] ] } },
{ "type": "Feature", "properties": { "ETAPA": "CUARTA", "tipo": "Area Verde", "M2": 245.66, "ha": 0.02454712011, "Donantes": null, "LAT": 19.586827931999998, "LONG_": -99.23110851, "Shape__Are": 278.21484375, "Shape__Len": 98.300644483200003, "Colonia": "Margarita Maza de Juárez", "Identifica": 314, "m2_1": 245.471 }, "geometry": { "type": "MultiPolygon", "coordinates": [ [ [ [ -99.23116361029895, 19.586965844695712, 0.0 ], [ -99.231062694067475, 19.586963582974928, 0.0 ], [ -99.231092456241925, 19.586604886260446, 0.0 ], [ -99.231110122768101, 19.586609645734484, 0.0 ], [ -99.23116361029895, 19.586965844695712, 0.0 ] ] ] ] } },
{ "type": "Feature", "properties": { "ETAPA": "CUARTA", "tipo": "Area Verde", "M2": 383.5, "ha": 0.03831953943, "Donantes": null, "LAT": 19.587848493, "LONG_": -99.226538184999995, "Shape__Are": 434.314453125, "Shape__Len": 125.41881075000001, "Colonia": "Margarita Maza de Juárez", "Identifica": 358, "m2_1": 383.195 }, "geometry": { "type": "MultiPolygon", "coordinates": [ [ [ [ -99.226580018290392, 19.588074888802304, 0.0 ], [ -99.226514107389704, 19.588089391719162, 0.0 ], [ -99.226493242872763, 19.58767604145789, 0.0 ], [ -99.226518486639876, 19.587594295793423, 0.0 ], [ -99.226564191599238, 19.587637498703568, 0.0 ], [ -99.226574556693322, 19.58779610688595, 0.0 ], [ -99.226580018290392, 19.588074888802304, 0.0 ] ] ] ] } },
{ "type": "Feature", "properties": { "ETAPA": "CUARTA", "tipo": "Area Verde", "M2": 492.89, "ha": 0.04924984518, "Donantes": null, "LAT": 19.58939652, "LONG_": -99.225030142999998, "Shape__Are": 558.2109375, "Shape__Len": 102.389581978, "Colonia": "Margarita Maza de Juárez", "Identifica": 407, "m2_1": 492.498 }, "geometry": { "type": "MultiPolygon", "coordinates": [ [ [ [ -99.224884913922253, 19.589482563656048, 0.0 ], [ -99.224854473794679, 19.589363050464581, 0.0 ], [ -99.225178733957392, 19.589300331285163, 0.0 ], [ -99.225185244722951, 19.589446775411311, 0.0 ], [ -99.224884913922253, 19.589482563656048, 0.0 ] ] ] ] } },
{ "type": "Feature", "properties": { "ETAPA": "CUARTA", "tipo": "Area Verde", "M2": 518.66, "ha": 0.05182525007, "Donantes": null, "LAT": 19.588328915000002, "LONG_": -99.226577204999998, "Shape__Are": 587.390625, "Shape__Len": 128.44773359300001, "Colonia": "Margarita Maza de Juárez", "Identifica": 452, "m2_1": 518.253 }, "geometry": { "type": "MultiPolygon", "coordinates": [ [ [ [ -99.226580018290392, 19.588074888802304, 0.0 ], [ -99.226667114393052, 19.588525587973837, 0.0 ], [ -99.226534670015184, 19.588529341000321, 0.0 ], [ -99.226514107389704, 19.588089391719162, 0.0 ], [ -99.226580018290392, 19.588074888802304, 0.0 ] ] ] ] } },
{ "type": "Feature", "properties": { "ETAPA": "CUARTA", "tipo": "Area Verde", "M2": 324.89, "ha": 0.03246339718, "Donantes": null, "LAT": 19.586010483, "LONG_": -99.226227252000001, "Shape__Are": 367.93359375, "Shape__Len": 96.098673709400003, "Colonia": "Margarita Maza de Juárez", "Identifica": 453, "m2_1": 324.634 }, "geometry": { "type": "MultiPolygon", "coordinates": [ [ [ [ -99.226425454591975, 19.586016630071938, 0.0 ], [ -99.226065461305836, 19.586079568865866, 0.0 ], [ -99.226070398702703, 19.58598342859171, 0.0 ], [ -99.226283370447661, 19.585959127962891, 0.0 ], [ -99.226410172742504, 19.585968582217259, 0.0 ], [ -99.226425454591975, 19.586016630071938, 0.0 ] ] ] ] } },
{ "type": "Feature", "properties": { "ETAPA": "TERCERA", "tipo": "Camellon", "M2": 870.36, "ha": 0.08696797797, "Donantes": null, "LAT": 19.585023592, "LONG_": -99.227758348999998, "Shape__Are": 985.67578125, "Shape__Len": 1102.78935138, "Colonia": "Margarita Maza de Juárez", "Identifica": 113, "m2_1": 869.68 }, "geometry": { "type": "MultiPolygon", "coordinates": [ [ [ [ -99.227322249463114, 19.587475466109762, 0.0 ], [ -99.227334961098691, 19.587392734224434, 0.0 ], [ -99.22737771323014, 19.587134427940629, 0.0 ], [ -99.227414357153592, 19.586912555540053, 0.0 ], [ -99.227437813475376, 19.586773592708347, 0.0 ], [ -99.227495513399759, 19.586458059718375, 0.0 ], [ -99.227518946961851, 19.586302985311299, 0.0 ], [ -99.227550262928858, 19.586146966947805, 0.0 ], [ -99.227580095384766, 19.585987214428528, 0.0 ], [ -99.227614835438573, 19.585813445630762, 0.0 ], [ -99.227657107454561, 19.585564713402064, 0.0 ], [ -99.22768131692483, 19.585436023627757, 0.0 ], [ -99.227702092327959, 19.585318079244196, 0.0 ], [ -99.227733387258269, 19.585147350279851, 0.0 ], [ -99.227758773615804, 19.584979664286514, 0.0 ], [ -99.227800874472251, 19.584609511539607, 0.0 ], [ -99.22781389383924, 19.584407282955564, 0.0 ], [ -99.227822731217927, 19.584209496174211, 0.0 ], [ -99.227833748750413, 19.58398532098423, 0.0 ], [ -99.227853436348525, 19.583619633025812, 0.0 ], [ -99.227870645786723, 19.583243674122929, 0.0 ], [ -99.227882986362388, 19.58290928459656, 0.0 ], [ -99.227884380138121, 19.582874411562958, 0.0 ], [ -99.227901817195971, 19.582859393371827, 0.0 ], [ -99.227894958579398, 19.583013644574564, 0.0 ], [ -99.227880161615403, 19.583353174230897, 0.0 ], [ -99.227855283977362, 19.583882319692005, 0.0 ], [ -99.227797477775979, 19.584822002021689, 0.0 ], [ -99.227767197652767, 19.585013511336395, 0.0 ], [ -99.227647939776986, 19.585702957737222, 0.0 ], [ -99.227524816432634, 19.58644751519217, 0.0 ], [ -99.227436704903994, 19.586861390580289, 0.0 ], [ -99.227361991923928, 19.587342964379335, 0.0 ], [ -99.227339514710962, 19.587477489435649, 0.0 ], [ -99.227322249463114, 19.587475466109762, 0.0 ] ] ] ] } },
{ "type": "Feature", "properties": { "ETAPA": "TERCERA", "tipo": "Camellon", "M2": 2567.77, "ha": 0.25657487627999997, "Donantes": null, "LAT": 19.596553411, "LONG_": -99.225629495000007, "Shape__Are": 2908.3222656200001, "Shape__Len": 627.38817133800001, "Colonia": "Margarita Maza de Juárez", "Identifica": 114, "m2_1": 2565.75 }, "geometry": { "type": "MultiPolygon", "coordinates": [ [ [ [ -99.22630111868726, 19.595531149175191, 0.0 ], [ -99.226344885206203, 19.595507374701416, 0.0 ], [ -99.226382455714003, 19.595528082896958, 0.0 ], [ -99.226401264725709, 19.595554742948554, 0.0 ], [ -99.226404446288939, 19.595593283743899, 0.0 ], [ -99.226373240783261, 19.595649657142523, 0.0 ], [ -99.225342724712974, 19.597008892161636, 0.0 ], [ -99.22527401194175, 19.597091996827629, 0.0 ], [ -99.225254942580335, 19.597114660254189, 0.0 ], [ -99.224829072755028, 19.59764803711861, 0.0 ], [ -99.224804378414603, 19.597654635588402, 0.0 ], [ -99.224781669481288, 19.597643318357004, 0.0 ], [ -99.224774159656207, 19.597605556055196, 0.0 ], [ -99.224839747410428, 19.597525420531586, 0.0 ], [ -99.225436200425278, 19.596736000325617, 0.0 ], [ -99.225595470275323, 19.596531220522301, 0.0 ], [ -99.225992096497563, 19.596032612815414, 0.0 ], [ -99.226160696981339, 19.595789276020064, 0.0 ], [ -99.226263680781571, 19.5956053197967, 0.0 ], [ -99.22630111868726, 19.595531149175191, 0.0 ] ] ] ] } },
{ "type": "Feature", "properties": { "ETAPA": "TERCERA", "tipo": "Camellon", "M2": 2598.98, "ha": 0.25969409174000002, "Donantes": null, "LAT": 19.591276914000002, "LONG_": -99.226993632000003, "Shape__Are": 2943.5, "Shape__Len": 657.32137130299998, "Colonia": "Margarita Maza de Juárez", "Identifica": 167, "m2_1": 2596.94 }, "geometry": { "type": "MultiPolygon", "coordinates": [ [ [ [ -99.22700653822379, 19.590035576912502, 0.0 ], [ -99.227034188737463, 19.590003736927734, 0.0 ], [ -99.227065190827673, 19.590003736927738, 0.0 ], [ -99.22709284134045, 19.590029711652164, 0.0 ], [ -99.227102896072026, 19.590093391621487, 0.0 ], [ -99.227062677144758, 19.59070170290796, 0.0 ], [ -99.227009051906705, 19.591755773979973, 0.0 ], [ -99.226990618231838, 19.592169693780932, 0.0 ], [ -99.22697721192273, 19.592411007349057, 0.0 ], [ -99.226970508767764, 19.592655672494569, 0.0 ], [ -99.226960454035293, 19.592728569301642, 0.0 ], [ -99.226941601413088, 19.592740718769448, 0.0 ], [ -99.226921491949014, 19.592741137716626, 0.0 ], [ -99.226911856163852, 19.592730664037454, 0.0 ], [ -99.226903896167826, 19.592708040890429, 0.0 ], [ -99.226941182465822, 19.591370342586416, 0.0 ], [ -99.22700653822379, 19.590035576912502, 0.0 ] ] ] ] } },
{ "type": "Feature", "properties": { "ETAPA": "TERCERA", "tipo": "Camellon", "M2": 2698.18, "ha": 0.26960622056, "Donantes": null, "LAT": 19.594074067000001, "LONG_": -99.226840018000004, "Shape__Are": 3055.9667968799999, "Shape__Len": 593.36928060599996, "Colonia": "Margarita Maza de Juárez", "Identifica": 168, "m2_1": 2696.06 }, "geometry": { "type": "MultiPolygon", "coordinates": [ [ [ [ -99.226875407760531, 19.592864727130909, 0.0 ], [ -99.226908923534523, 19.592858023976284, 0.0 ], [ -99.226937411941876, 19.592868078708232, 0.0 ], [ -99.226951656145559, 19.592889863960909, 0.0 ], [ -99.226939925624805, 19.593231724849193, 0.0 ], [ -99.226918140371509, 19.593609615193735, 0.0 ], [ -99.226891327753378, 19.593891147689945, 0.0 ], [ -99.226892165647072, 19.59412156863182, 0.0 ], [ -99.226843567776555, 19.594446671633264, 0.0 ], [ -99.22681340358001, 19.594621791549024, 0.0 ], [ -99.226743020456198, 19.594850536702342, 0.0 ], [ -99.226686881536125, 19.595020629252023, 0.0 ], [ -99.226600578419436, 19.595230940729842, 0.0 ], [ -99.22657418474769, 19.595281214389818, 0.0 ], [ -99.226551980548038, 19.595277862812623, 0.0 ], [ -99.226523073193391, 19.595261523873088, 0.0 ], [ -99.226508410042385, 19.595234292307236, 0.0 ], [ -99.226501706888314, 19.595205803899827, 0.0 ], [ -99.22657418474769, 19.595019791357711, 0.0 ], [ -99.226666353124742, 19.59471228413722, 0.0 ], [ -99.226726681516922, 19.594464267414381, 0.0 ], [ -99.226773603599156, 19.59414921914486, 0.0 ], [ -99.226821363575993, 19.593826629826236, 0.0 ], [ -99.22686828565908, 19.59345711842505, 0.0 ], [ -99.226863258293335, 19.59326859219982, 0.0 ], [ -99.22686074461042, 19.593177261717429, 0.0 ], [ -99.226850689877949, 19.593122798585778, 0.0 ], [ -99.226853203560864, 19.593006750220546, 0.0 ], [ -99.226861582504114, 19.592901594481607, 0.0 ], [ -99.226864096187029, 19.592879390281777, 0.0 ], [ -99.226875407760531, 19.592864727130909, 0.0 ] ] ] ] } },
{ "type": "Feature", "properties": { "ETAPA": "TERCERA", "tipo": "Camellon", "M2": 249.66, "ha": 0.02494671048, "Donantes": null, "LAT": 19.592741321999998, "LONG_": -99.230726836000002, "Shape__Are": 282.763671875, "Shape__Len": 130.92303733899999, "Colonia": "Margarita Maza de Juárez", "Identifica": 207, "m2_1": 249.467 }, "geometry": { "type": "MultiPolygon", "coordinates": [ [ [ [ -99.230792412073868, 19.592614503259743, 0.0 ], [ -99.230903666734775, 19.592538706458086, 0.0 ], [ -99.230914025897292, 19.592546632226348, 0.0 ], [ -99.230795975173152, 19.592694356061902, 0.0 ], [ -99.23064002930353, 19.592875285454085, 0.0 ], [ -99.2305647773657, 19.592973452154361, 0.0 ], [ -99.230572095554948, 19.592922072562207, 0.0 ], [ -99.230580904641215, 19.592879564102809, 0.0 ], [ -99.23073586041383, 19.592695367013508, 0.0 ], [ -99.230792412073868, 19.592614503259743, 0.0 ] ] ] ] } },
{ "type": "Feature", "properties": { "ETAPA": "TERCERA", "tipo": "Camellon", "M2": 807.23, "ha": 0.080659317, "Donantes": null, "LAT": 19.593648859000002, "LONG_": -99.22997454, "Shape__Are": 914.263671875, "Shape__Len": 371.081446116, "Colonia": "Margarita Maza de Juárez", "Identifica": 208, "m2_1": 806.593 }, "geometry": { "type": "MultiPolygon", "coordinates": [ [ [ [ -99.230362011153431, 19.593148837153201, 0.0 ], [ -99.23051203455708, 19.592960910542768, 0.0 ], [ -99.230510640717625, 19.593020221593601, 0.0 ], [ -99.230354220726142, 19.593214694405042, 0.0 ], [ -99.230084662660573, 19.593547544131884, 0.0 ], [ -99.229899709423222, 19.593775677111616, 0.0 ], [ -99.229557364145393, 19.594209491304543, 0.0 ], [ -99.229511970696663, 19.594167518915139, 0.0 ], [ -99.230362011153431, 19.593148837153201, 0.0 ] ] ] ] } },
{ "type": "Feature", "properties": { "ETAPA": "TERCERA", "tipo": "Camellon", "M2": 1251.51, "ha": 0.12505253807, "Donantes": null, "LAT": 19.594897922000001, "LONG_": -99.228954707, "Shape__Are": 1417.4707031200001, "Shape__Len": 445.25470869700001, "Colonia": "Margarita Maza de Juárez", "Identifica": 209, "m2_1": 1250.53 }, "geometry": { "type": "MultiPolygon", "coordinates": [ [ [ [ -99.229447675985554, 19.594348797565445, 0.0 ], [ -99.229194809878308, 19.594640528525161, 0.0 ], [ -99.229056115590438, 19.594827505632789, 0.0 ], [ -99.228910523636273, 19.595015425395754, 0.0 ], [ -99.228728608099701, 19.595303329570275, 0.0 ], [ -99.228613575904447, 19.595497748340563, 0.0 ], [ -99.228468123863792, 19.595785605998227, 0.0 ], [ -99.228419934424892, 19.595857585379932, 0.0 ], [ -99.228427725096537, 19.595791261220619, 0.0 ], [ -99.228564275826301, 19.595480998783948, 0.0 ], [ -99.228677304039152, 19.595263232484328, 0.0 ], [ -99.228805120090911, 19.595049183358839, 0.0 ], [ -99.228949701582337, 19.59484351888527, 0.0 ], [ -99.229171064821813, 19.59457517842381, 0.0 ], [ -99.229322599626556, 19.594408732982988, 0.0 ], [ -99.229403799841648, 19.594334376340687, 0.0 ], [ -99.229454497856551, 19.594294616641932, 0.0 ], [ -99.229489971263519, 19.594290835470542, 0.0 ], [ -99.229447675985554, 19.594348797565445, 0.0 ] ] ] ] } },
{ "type": "Feature", "properties": { "ETAPA": "TERCERA", "tipo": "TERCERA", "M2": 172.45, "ha": 0.01723190338, "Donantes": null, "LAT": 19.596127389, "LONG_": -99.22823442000001, "Shape__Are": 195.328125, "Shape__Len": 112.747751091, "Colonia": "Margarita Maza de Juárez", "Identifica": 210, "m2_1": 172.319 }, "geometry": { "type": "MultiPolygon", "coordinates": [ [ [ [ -99.228192617497555, 19.596099313329653, 0.0 ], [ -99.228295052094765, 19.596056219441493, 0.0 ], [ -99.228308362021821, 19.596059938600348, 0.0 ], [ -99.228235592095885, 19.59617304524, 0.0 ], [ -99.228190749117658, 19.59617216800881, 0.0 ], [ -99.228137130463324, 19.596238083160749, 0.0 ], [ -99.228080582143193, 19.596323149085844, 0.0 ], [ -99.228031931838018, 19.59641801204377, 0.0 ], [ -99.228012696852474, 19.596405894323816, 0.0 ], [ -99.228192617497555, 19.596099313329653, 0.0 ] ] ] ] } },
{ "type": "Feature", "properties": { "ETAPA": "TERCERA", "tipo": "Camellon", "M2": 2768.67, "ha": 0.27664938552000001, "Donantes": null, "LAT": 19.59822731, "LONG_": -99.227005018, "Shape__Are": 3135.9453125, "Shape__Len": 803.57076869499997, "Colonia": "Margarita Maza de Juárez", "Identifica": 211, "m2_1": 2766.49 }, "geometry": { "type": "MultiPolygon", "coordinates": [ [ [ [ -99.227888403659918, 19.596673643649417, 0.0 ], [ -99.227909157728988, 19.596714713584802, 0.0 ], [ -99.227888540390737, 19.59677077989047, 0.0 ], [ -99.227770514071082, 19.596939983787539, 0.0 ], [ -99.227662369142337, 19.597127855205105, 0.0 ], [ -99.227466749924687, 19.597485825681495, 0.0 ], [ -99.227053861018391, 19.598226077352678, 0.0 ], [ -99.226568178985431, 19.599067291981829, 0.0 ], [ -99.226253584053737, 19.599626221440516, 0.0 ], [ -99.226202280522273, 19.599587057679052, 0.0 ], [ -99.226451980919762, 19.599136554294677, 0.0 ], [ -99.226428293771363, 19.599112299955408, 0.0 ], [ -99.226967122704821, 19.59821871456646, 0.0 ], [ -99.22728766768077, 19.597689664442868, 0.0 ], [ -99.227513782777251, 19.597291493504166, 0.0 ], [ -99.227716308292244, 19.596939118271017, 0.0 ], [ -99.227772309058594, 19.596814824987494, 0.0 ], [ -99.227801680602425, 19.596676555281334, 0.0 ], [ -99.227888403659918, 19.596673643649417, 0.0 ] ] ] ] } },
{ "type": "Feature", "properties": { "ETAPA": "TERCERA", "tipo": "Camellon", "M2": 176.34, "ha": 0.01761965325, "Donantes": null, "LAT": 19.599827182, "LONG_": -99.226109475000001, "Shape__Are": 199.73046875, "Shape__Len": 89.14585522, "Colonia": "Margarita Maza de Juárez", "Identifica": 212, "m2_1": 176.197 }, "geometry": { "type": "MultiPolygon", "coordinates": [ [ [ [ -99.226175278984798, 19.599659476857514, 0.0 ], [ -99.226201954158938, 19.599706143568259, 0.0 ], [ -99.2260446674576, 19.599994014059973, 0.0 ], [ -99.226017006725641, 19.599947348563372, 0.0 ], [ -99.226175278984798, 19.599659476857514, 0.0 ] ] ] ] } },
{ "type": "Feature", "properties": { "ETAPA": "TERCERA", "tipo": "Camellon", "M2": 536.69, "ha": 0.05362698221, "Donantes": null, "LAT": 19.600315142, "LONG_": -99.225837178000006, "Shape__Are": 607.90234375, "Shape__Len": 165.52281712600001, "Colonia": "Margarita Maza de Juárez", "Identifica": 213, "m2_1": 536.27 }, "geometry": { "type": "MultiPolygon", "coordinates": [ [ [ [ -99.22598160762098, 19.600005301184055, 0.0 ], [ -99.226011257720685, 19.60006504024323, 0.0 ], [ -99.225943422617902, 19.600185611778361, 0.0 ], [ -99.225823506689409, 19.600416460989457, 0.0 ], [ -99.225741959465864, 19.600598693870971, 0.0 ], [ -99.225656180749752, 19.600573583194219, 0.0 ], [ -99.225813466091893, 19.600283845043517, 0.0 ], [ -99.225964846674771, 19.600000652180547, 0.0 ], [ -99.22598160762098, 19.600005301184055, 0.0 ] ] ] ] } },
{ "type": "Feature", "properties": { "ETAPA": "TERCERA", "tipo": "Camellon", "M2": 893.81, "ha": 0.08931085514000001, "Donantes": null, "LAT": 19.589271506, "LONG_": -99.227119497000004, "Shape__Are": 1012.2714843799999, "Shape__Len": 525.36881873899995, "Colonia": "Margarita Maza de Juárez", "Identifica": 236, "m2_1": 893.109 }, "geometry": { "type": "MultiPolygon", "coordinates": [ [ [ [ -99.227305716249703, 19.587620434803302, 0.0 ], [ -99.227322472343218, 19.587622515192042, 0.0 ], [ -99.227310046750105, 19.587721768882417, 0.0 ], [ -99.227286644580545, 19.587899492821656, 0.0 ], [ -99.22721990826193, 19.588447837809383, 0.0 ], [ -99.227182740219121, 19.588647761684271, 0.0 ], [ -99.227149766187594, 19.589027476195181, 0.0 ], [ -99.227130531893749, 19.589366544170201, 0.0 ], [ -99.227111423261547, 19.58979527642915, 0.0 ], [ -99.227091729785798, 19.589806976293008, 0.0 ], [ -99.227075466542999, 19.589805128765889, 0.0 ], [ -99.227062647940542, 19.589800007882808, 0.0 ], [ -99.22705178068189, 19.589780874470375, 0.0 ], [ -99.227071603517814, 19.589509988125315, 0.0 ], [ -99.227089910735955, 19.589212484542429, 0.0 ], [ -99.227118115983515, 19.588945790641098, 0.0 ], [ -99.227305716249703, 19.587620434803302, 0.0 ] ] ] ] } },
{ "type": "Feature", "properties": { "ETAPA": "CUARTA", "tipo": "Area Verde", "M2": 314.89, "ha": 0.03146406425, "Donantes": null, "LAT": 19.592475643, "LONG_": -99.228051326, "Shape__Are": 356.634765625, "Shape__Len": 84.993840266299998, "Colonia": "Jardines de Monterrey", "Identifica": 408, "m2_1": 314.641 }, "geometry": { "type": "MultiPolygon", "coordinates": [ [ [ [ -99.22809472002767, 19.592603762205762, 0.0 ], [ -99.227991714026501, 19.592609642769318, 0.0 ], [ -99.228008339001931, 19.592339887011299, 0.0 ], [ -99.228112688287197, 19.592351436945744, 0.0 ], [ -99.22809472002767, 19.592603762205762, 0.0 ] ] ] ] } },
{ "type": "Feature", "properties": { "ETAPA": "TERCERA", "tipo": "Camellon", "M2": 217.64, "ha": 0.02174732705, "Donantes": null, "LAT": 19.588774211, "LONG_": -99.232268172999994, "Shape__Are": 246.490234375, "Shape__Len": 75.018012586400005, "Colonia": "Villas San José", "Identifica": 242, "m2_1": 217.473 }, "geometry": { "type": "MultiPolygon", "coordinates": [ [ [ [ -99.232244046205935, 19.588664064433949, 0.0 ], [ -99.232337369522668, 19.588675635031301, 0.0 ], [ -99.232303593998992, 19.588831657314522, 0.0 ], [ -99.232270132343046, 19.588862989574451, 0.0 ], [ -99.232235693223089, 19.588899927114596, 0.0 ], [ -99.232203198949378, 19.588918649054392, 0.0 ], [ -99.232218179899192, 19.588831839811775, 0.0 ], [ -99.232244046205935, 19.588664064433949, 0.0 ] ] ] ] } },
{ "type": "Feature", "properties": { "ETAPA": "TERCERA", "tipo": "Camellon", "M2": 1274.65, "ha": 0.12736502546, "Donantes": null, "LAT": 19.587996641, "LONG_": -99.232412105999998, "Shape__Are": 1443.55859375, "Shape__Len": 309.76365320299999, "Colonia": "Villas San José", "Identifica": 243, "m2_1": 1273.65 }, "geometry": { "type": "MultiPolygon", "coordinates": [ [ [ [ -99.232262890836708, 19.588590391156128, 0.0 ], [ -99.232288343668728, 19.58841943067889, 0.0 ], [ -99.232347481079032, 19.588081711809764, 0.0 ], [ -99.23237951172139, 19.587911681685526, 0.0 ], [ -99.232428158743232, 19.587646361657239, 0.0 ], [ -99.232482307508718, 19.587438008804419, 0.0 ], [ -99.232505134059437, 19.587378203072092, 0.0 ], [ -99.232515621103417, 19.587369816412131, 0.0 ], [ -99.232540840009634, 19.587365898218579, 0.0 ], [ -99.232566477502033, 19.587376372708789, 0.0 ], [ -99.232575740657992, 19.587393289597411, 0.0 ], [ -99.232568763553644, 19.587424237502262, 0.0 ], [ -99.232512428581614, 19.587654192057776, 0.0 ], [ -99.23246994765158, 19.587924174181463, 0.0 ], [ -99.23241275404105, 19.588242743493481, 0.0 ], [ -99.232351666511391, 19.588594941961578, 0.0 ], [ -99.232262890836708, 19.588590391156128, 0.0 ] ] ] ] } },
{ "type": "Feature", "properties": { "ETAPA": "CUARTA", "tipo": "Area Verde", "M2": 2348.29, "ha": 0.23464428649, "Donantes": null, "LAT": 19.583430452999998, "LONG_": -99.230242265000001, "Shape__Are": 2659.3203125, "Shape__Len": 232.41866840200001, "Colonia": "El Cerrito", "Identifica": 312, "m2_1": 2346.44 }, "geometry": { "type": "MultiPolygon", "coordinates": [ [ [ [ -99.230586599328618, 19.583718666609037, 0.0 ], [ -99.230009248315383, 19.58361993582281, 0.0 ], [ -99.230087241530597, 19.583114844845461, 0.0 ], [ -99.230216303595071, 19.583041991980537, 0.0 ], [ -99.230527954027153, 19.583636489181131, 0.0 ], [ -99.230586599328618, 19.583718666609037, 0.0 ] ] ] ] } },
{ "type": "Feature", "properties": { "ETAPA": "CUARTA", "tipo": "Area Verde", "M2": 862.34, "ha": 0.08616611197, "Donantes": null, "LAT": 19.558116872, "LONG_": -99.240873934999996, "Shape__Are": 976.251953125, "Shape__Len": 136.439354955, "Colonia": "Jardines de Atizapán", "Identifica": 301, "m2_1": 861.661 }, "geometry": { "type": "MultiPolygon", "coordinates": [ [ [ [ -99.241090347098819, 19.558067935606793, 0.0 ], [ -99.240722110959709, 19.558327244929899, 0.0 ], [ -99.240686485979111, 19.558313471352243, 0.0 ], [ -99.240685442761986, 19.55824485289941, 0.0 ], [ -99.240725623922216, 19.558144550186402, 0.0 ], [ -99.240754836373469, 19.558098499886512, 0.0 ], [ -99.240873785407544, 19.557984392792999, 0.0 ], [ -99.240969294242689, 19.557925017401121, 0.0 ], [ -99.240991803485073, 19.557929749895578, 0.0 ], [ -99.241090347098819, 19.558067935606793, 0.0 ] ] ] ] } },
{ "type": "Feature", "properties": { "ETAPA": "CUARTA", "tipo": "Area Verde", "M2": 287.7, "ha": 0.02874732819, "Donantes": null, "LAT": 19.558213786, "LONG_": -99.240632907999995, "Shape__Are": 325.701171875, "Shape__Len": 101.33878646399999, "Colonia": "Jardines de Atizapán", "Identifica": 364, "m2_1": 287.473 }, "geometry": { "type": "MultiPolygon", "coordinates": [ [ [ [ -99.240686485979111, 19.558313471352243, 0.0 ], [ -99.240471491245188, 19.558261115075403, 0.0 ], [ -99.240789607358977, 19.55805606603483, 0.0 ], [ -99.240725623922216, 19.558144550186402, 0.0 ], [ -99.240702382790957, 19.558193565717744, 0.0 ], [ -99.240685442761986, 19.55824485289941, 0.0 ], [ -99.240676783811111, 19.558286446721777, 0.0 ], [ -99.240686485979111, 19.558313471352243, 0.0 ] ] ] ] } },
{ "type": "Feature", "properties": { "ETAPA": "CUARTA", "tipo": "Area Verde", "M2": 996.25, "ha": 0.09954657006000001, "Donantes": null, "LAT": 19.557733283000001, "LONG_": -99.241445205999995, "Shape__Are": 1127.8457031200001, "Shape__Len": 148.39776627500001, "Colonia": "Jardines de Atizapán", "Identifica": 413, "m2_1": 995.466 }, "geometry": { "type": "MultiPolygon", "coordinates": [ [ [ [ -99.241301247061898, 19.557929886562512, 0.0 ], [ -99.241191310832306, 19.557786569646062, 0.0 ], [ -99.241584425878827, 19.557534982415962, 0.0 ], [ -99.241698156510424, 19.557685467206305, 0.0 ], [ -99.241301247061898, 19.557929886562512, 0.0 ] ] ] ] } },
{ "type": "Feature", "properties": { "ETAPA": "CUARTA", "tipo": "Area Verde", "M2": 456.4, "ha": 0.04560445979, "Donantes": null, "LAT": 19.553238313000001, "LONG_": -99.238281326999996, "Shape__Are": 516.66015625, "Shape__Len": 93.561650863400004, "Colonia": "Jardines de Atizapán", "Identifica": 435, "m2_1": 456.045 }, "geometry": { "type": "MultiPolygon", "coordinates": [ [ [ [ -99.238393850733658, 19.553277393190001, 0.0 ], [ -99.2382497270264, 19.553371837290641, 0.0 ], [ -99.238129247114003, 19.553228219547734, 0.0 ], [ -99.238369963142347, 19.55309722268402, 0.0 ], [ -99.238379541472199, 19.553169426053969, 0.0 ], [ -99.238393850733658, 19.553277393190001, 0.0 ] ] ] ] } },
{ "type": "Feature", "properties": { "ETAPA": "CUARTA", "tipo": "Area Verde", "M2": 428.78, "ha": 0.04284414416, "Donantes": null, "LAT": 19.550923198, "LONG_": -99.239490658999998, "Shape__Are": 485.375, "Shape__Len": 98.799039684600004, "Colonia": "Atizapán Moderno", "Identifica": 414, "m2_1": 428.441 }, "geometry": { "type": "MultiPolygon", "coordinates": [ [ [ [ -99.239515495820299, 19.551063435063909, 0.0 ], [ -99.239335384981132, 19.550800962154593, 0.0 ], [ -99.239465570865946, 19.550788877056952, 0.0 ], [ -99.239630809382277, 19.551008626143549, 0.0 ], [ -99.239598912574479, 19.551050468570885, 0.0 ], [ -99.239515495820299, 19.551063435063909, 0.0 ] ] ] ] } },
{ "type": "Feature", "properties": { "ETAPA": "PRIMERA", "tipo": "Camellon", "M2": 2824.71, "ha": 0.28225199721, "Donantes": null, "LAT": 19.554712953, "LONG_": -99.306972024999993, "Shape__Are": 3197.7480468799999, "Shape__Len": 3897.67904047, "Colonia": "Loma de Valle Escondido", "Identifica": 189, "m2_1": 2822.52 }, "geometry": { "type": "MultiPolygon", "coordinates": [ [ [ [ -99.314071231019582, 19.551047719223327, 0.0 ], [ -99.313685543889704, 19.551386732290137, 0.0 ], [ -99.31351832171535, 19.551527123182549, 0.0 ], [ -99.313123766969511, 19.55180333871872, 0.0 ], [ -99.312840897010474, 19.552006507696795, 0.0 ], [ -99.312701198559694, 19.552114627038797, 0.0 ], [ -99.31250639477247, 19.552258800771607, 0.0 ], [ -99.312068563243173, 19.552575718056467, 0.0 ], [ -99.311703047128148, 19.55284067229347, 0.0 ], [ -99.311581541359416, 19.552931480310921, 0.0 ], [ -99.311376398400725, 19.553079873689637, 0.0 ], [ -99.311068665352764, 19.553293123321765, 0.0 ], [ -99.310830974638307, 19.553424293083527, 0.0 ], [ -99.310671511993689, 19.553503023777239, 0.0 ], [ -99.310448526375268, 19.553595873598354, 0.0 ], [ -99.309892197359034, 19.55377802582014, 0.0 ], [ -99.308972520190437, 19.554074746816596, 0.0 ], [ -99.308124730642305, 19.55435359444327, 0.0 ], [ -99.307663900365981, 19.554500084733998, 0.0 ], [ -99.307332551163483, 19.554603389367795, 0.0 ], [ -99.307054379740123, 19.554692592927449, 0.0 ], [ -99.306864832240848, 19.554755026375954, 0.0 ], [ -99.306766375579571, 19.554792553807118, 0.0 ], [ -99.306636907471159, 19.55484320989915, 0.0 ], [ -99.30654980957992, 19.554895661982513, 0.0 ], [ -99.306434663069581, 19.554964973689781, 0.0 ], [ -99.306318573500647, 19.555056703011115, 0.0 ], [ -99.306208384876811, 19.555142818230301, 0.0 ], [ -99.306158243332305, 19.555199877471996, 0.0 ], [ -99.306025479485712, 19.555331797032213, 0.0 ], [ -99.305947834596779, 19.555433734998445, 0.0 ], [ -99.305609690870725, 19.555854609234331, 0.0 ], [ -99.305301047629015, 19.556245544846497, 0.0 ], [ -99.305034663029261, 19.556579434330121, 0.0 ], [ -99.304807588771922, 19.556860018863176, 0.0 ], [ -99.30460554738417, 19.557091992698609, 0.0 ], [ -99.304446214758102, 19.557243569997496, 0.0 ], [ -99.304345380395517, 19.557327800308197, 0.0 ], [ -99.304216484446627, 19.557422351884405, 0.0 ], [ -99.303897155178689, 19.557634908437244, 0.0 ], [ -99.30343315746336, 19.557938772958437, 0.0 ], [ -99.303094142947302, 19.558163503230499, 0.0 ], [ -99.302861404256888, 19.558315669357803, 0.0 ], [ -99.30276000951892, 19.55836440759672, 0.0 ], [ -99.302651217163628, 19.558408955163845, 0.0 ], [ -99.302507431074687, 19.55844515526929, 0.0 ], [ -99.302459906229203, 19.558453640922348, 0.0 ], [ -99.302384548947742, 19.558463340683581, 0.0 ], [ -99.302367308446662, 19.558464537061802, 0.0 ], [ -99.302233560628622, 19.55846803001451, 0.0 ], [ -99.302088435814568, 19.558446790809885, 0.0 ], [ -99.302054181137606, 19.558438442088416, 0.0 ], [ -99.3018856143254, 19.55839505935155, 0.0 ], [ -99.301545027223966, 19.558305497158809, 0.0 ], [ -99.301313372765122, 19.558246574677678, 0.0 ], [ -99.30119829973961, 19.558225284598389, 0.0 ], [ -99.301067001018311, 19.558221067069191, 0.0 ], [ -99.300957909976674, 19.558237594009274, 0.0 ], [ -99.300898565033137, 19.558247966961662, 0.0 ], [ -99.300856110140728, 19.558267418286519, 0.0 ], [ -99.300751254594658, 19.558309856646286, 0.0 ], [ -99.3007303404476, 19.558322500532441, 0.0 ], [ -99.30057585157077, 19.558432036218655, 0.0 ], [ -99.300519334604573, 19.558506383590224, 0.0 ], [ -99.300370928385846, 19.558708375339624, 0.0 ], [ -99.300190057924141, 19.558937974055198, 0.0 ], [ -99.300052445156638, 19.559116130503487, 0.0 ], [ -99.299883610932142, 19.559327962839337, 0.0 ], [ -99.299874241074363, 19.559322841382645, 0.0 ], [ -99.300008912992922, 19.559152628987651, 0.0 ], [ -99.300233023880622, 19.558861781314295, 0.0 ], [ -99.300570166221362, 19.558421304641371, 0.0 ], [ -99.300736960891143, 19.558306144440962, 0.0 ], [ -99.300901382165108, 19.558239556233676, 0.0 ], [ -99.301080655512109, 19.558212171265041, 0.0 ], [ -99.301191013686704, 19.558214789212048, 0.0 ], [ -99.301329003474407, 19.558240711068724, 0.0 ], [ -99.301560658798323, 19.558300100530253, 0.0 ], [ -99.302085096528728, 19.55843932436855, 0.0 ], [ -99.302233911845661, 19.558458222389273, 0.0 ], [ -99.302383674193436, 19.558456570623068, 0.0 ], [ -99.302501879208677, 19.558440027551875, 0.0 ], [ -99.302642217630847, 19.558404300231739, 0.0 ], [ -99.302747074034855, 19.558362561280486, 0.0 ], [ -99.302817452906922, 19.558325083113566, 0.0 ], [ -99.302900120900929, 19.558273107248407, 0.0 ], [ -99.30306348352569, 19.558167757712461, 0.0 ], [ -99.303354285119099, 19.557978600642603, 0.0 ], [ -99.303626873866875, 19.557797879768689, 0.0 ], [ -99.30399737241035, 19.557549745410398, 0.0 ], [ -99.304097754711961, 19.557486998134785, 0.0 ], [ -99.304261099995657, 19.557373241521884, 0.0 ], [ -99.304389982736666, 19.557271684909857, 0.0 ], [ -99.304525708863196, 19.557141629557123, 0.0 ], [ -99.304660456500812, 19.557015311768026, 0.0 ], [ -99.304800035612146, 19.556838549532163, 0.0 ], [ -99.304995654503685, 19.556597246292778, 0.0 ], [ -99.305046764610822, 19.556530845700905, 0.0 ], [ -99.305155879924897, 19.556397098817566, 0.0 ], [ -99.305229581124394, 19.556293299850669, 0.0 ], [ -99.305333789055268, 19.556169835194829, 0.0 ], [ -99.305704844214702, 19.555697535559961, 0.0 ], [ -99.305919139282253, 19.555434250617306, 0.0 ], [ -99.306010056358218, 19.555316879112009, 0.0 ], [ -99.306213129048729, 19.555111521063768, 0.0 ], [ -99.306420722262047, 19.554952388297714, 0.0 ], [ -99.306623469883661, 19.554836227689847, 0.0 ], [ -99.306792808000154, 19.554767757805514, 0.0 ], [ -99.307096075866909, 19.554663567910485, 0.0 ], [ -99.308010837125479, 19.554368732801944, 0.0 ], [ -99.308960061614798, 19.554064494093492, 0.0 ], [ -99.309583843418849, 19.553861214020397, 0.0 ], [ -99.309723665794877, 19.553816142092931, 0.0 ], [ -99.310020543548873, 19.553721298313814, 0.0 ], [ -99.310417848372893, 19.553589855312179, 0.0 ], [ -99.310624105058409, 19.553507775344872, 0.0 ], [ -99.310811628985689, 19.553419189361513, 0.0 ], [ -99.31092925086763, 19.553357809654223, 0.0 ], [ -99.311061620285528, 19.553280059408259, 0.0 ], [ -99.311155601923673, 19.553221989285678, 0.0 ], [ -99.311260398096536, 19.553151758429852, 0.0 ], [ -99.311484735035378, 19.552993525040069, 0.0 ], [ -99.311771031717754, 19.552777276202637, 0.0 ], [ -99.312313155286333, 19.55238405802017, 0.0 ], [ -99.312850351739286, 19.551991780763636, 0.0 ], [ -99.312965466340614, 19.551908455003556, 0.0 ], [ -99.313128798828643, 19.551794223460295, 0.0 ], [ -99.313305889477022, 19.551661754835521, 0.0 ], [ -99.313398373450212, 19.551594346119529, 0.0 ], [ -99.313550881071095, 19.551487138008397, 0.0 ], [ -99.313622676355465, 19.551420699099307, 0.0 ], [ -99.313798726765526, 19.551260211697002, 0.0 ], [ -99.313916260128366, 19.551154465049656, 0.0 ], [ -99.314051980698878, 19.551028138624826, 0.0 ], [ -99.314071231019582, 19.551047719223327, 0.0 ] ] ] ] } },
{ "type": "Feature", "properties": { "ETAPA": "PRIMERA", "tipo": "Camellon", "M2": 255.63, "ha": 0.02554335659, "Donantes": null, "LAT": 19.560045842000001, "LONG_": -99.299321833999997, "Shape__Are": 289.404296875, "Shape__Len": 308.280681867, "Colonia": "Loma de Valle Escondido", "Identifica": 190, "m2_1": 255.434 }, "geometry": { "type": "MultiPolygon", "coordinates": [ [ [ [ -99.299736263324988, 19.559503800207164, 0.0 ], [ -99.299672122877098, 19.559585398497894, 0.0 ], [ -99.299573821118599, 19.559709317117001, 0.0 ], [ -99.29938267597548, 19.559978627225664, 0.0 ], [ -99.299199863105471, 19.560225040235057, 0.0 ], [ -99.299095647895498, 19.560348501392173, 0.0 ], [ -99.299008150919661, 19.560454655734556, 0.0 ], [ -99.298956523794388, 19.560509847444813, 0.0 ], [ -99.298935371501216, 19.560527161536996, 0.0 ], [ -99.298907299670518, 19.560532345037288, 0.0 ], [ -99.299003674855385, 19.560431780060686, 0.0 ], [ -99.299207668038733, 19.560182997138888, 0.0 ], [ -99.299382623403361, 19.559950140203519, 0.0 ], [ -99.299487788960789, 19.559807997232337, 0.0 ], [ -99.299557567920829, 19.559711679094701, 0.0 ], [ -99.299657822183732, 19.559577950205714, 0.0 ], [ -99.299718263869678, 19.559494256552309, 0.0 ], [ -99.299736263324988, 19.559503800207164, 0.0 ] ] ] ] } },
{ "type": "Feature", "properties": { "ETAPA": "PRIMERA", "tipo": "Camellon", "M2": 52.45, "ha": 0.00524076531, "Donantes": null, "LAT": 19.560793509, "LONG_": -99.298185791999998, "Shape__Are": 59.37890625, "Shape__Len": 116.97395342900001, "Colonia": "Loma de Valle Escondido", "Identifica": 191, "m2_1": 52.4077 }, "geometry": { "type": "MultiPolygon", "coordinates": [ [ [ [ -99.298551892010835, 19.560689845736405, 0.0 ], [ -99.298558808088103, 19.560700108337986, 0.0 ], [ -99.298347109926951, 19.560778447614823, 0.0 ], [ -99.298256231801062, 19.56078770431337, 0.0 ], [ -99.29818506502113, 19.560799730420342, 0.0 ], [ -99.298107719014311, 19.560800325159459, 0.0 ], [ -99.298061388832025, 19.56078919361487, 0.0 ], [ -99.298064814250125, 19.560776578911018, 0.0 ], [ -99.298111149577949, 19.560790512456855, 0.0 ], [ -99.298204747191704, 19.560786621859769, 0.0 ], [ -99.298341677837826, 19.560771451565156, 0.0 ], [ -99.298417496894658, 19.560744240148395, 0.0 ], [ -99.298495777480909, 19.560716090626535, 0.0 ], [ -99.298551892010835, 19.560689845736405, 0.0 ] ] ] ] } },
{ "type": "Feature", "properties": { "ETAPA": "CUARTA", "tipo": "Area Verde", "M2": 373.91, "ha": 0.03736198176, "Donantes": null, "LAT": 19.553164125, "LONG_": -99.266452211000001, "Shape__Are": 423.279296875, "Shape__Len": 103.97863601100001, "Colonia": "Lomas de Atizapán II", "Identifica": 297, "m2_1": 373.62 }, "geometry": { "type": "MultiPolygon", "coordinates": [ [ [ [ -99.266651460977656, 19.553142267078023, 0.0 ], [ -99.266652783357927, 19.553141810073175, 0.0 ], [ -99.266652788071383, 19.553144678826332, 0.0 ], [ -99.266651460977656, 19.553142267078023, 0.0 ] ] ], [ [ [ -99.266294310484824, 19.553261413254276, 0.0 ], [ -99.266263901377854, 19.553175379293997, 0.0 ], [ -99.266611804491021, 19.553070137785351, 0.0 ], [ -99.266651460977656, 19.553142267078023, 0.0 ], [ -99.266486407295929, 19.553199439688306, 0.0 ], [ -99.266294310484824, 19.553261413254276, 0.0 ] ] ] ] } },
{ "type": "Feature", "properties": { "ETAPA": "CUARTA", "tipo": "Area Verde", "M2": 5432.52, "ha": 0.54282807659, "Donantes": null, "LAT": 19.550991845, "LONG_": -99.263556211999997, "Shape__Are": 6149.6191406199996, "Shape__Len": 361.43359745700002, "Colonia": "Lomas de Atizapán II", "Identifica": 318, "m2_1": 5428.28 }, "geometry": { "type": "MultiPolygon", "coordinates": [ [ [ [ -99.263264552416445, 19.551339461787418, 0.0 ], [ -99.263313643389282, 19.551282004732826, 0.0 ], [ -99.263324882996045, 19.551213843077541, 0.0 ], [ -99.263396482149417, 19.551037995609626, 0.0 ], [ -99.263392518335067, 19.550926817003031, 0.0 ], [ -99.263365656390391, 19.550693727616899, 0.0 ], [ -99.26344467648596, 19.550428204467845, 0.0 ], [ -99.263520291456317, 19.550395814817552, 0.0 ], [ -99.263595999590976, 19.550420810493314, 0.0 ], [ -99.263694378830067, 19.550427840071549, 0.0 ], [ -99.263781466257754, 19.5504707520209, 0.0 ], [ -99.263842239209978, 19.550617713573569, 0.0 ], [ -99.263804988417078, 19.55097642729946, 0.0 ], [ -99.263744856455929, 19.551223990039777, 0.0 ], [ -99.26360142559048, 19.551432221832631, 0.0 ], [ -99.26352226552217, 19.551611666999218, 0.0 ], [ -99.263355941570538, 19.551701574433597, 0.0 ], [ -99.263264552416445, 19.551339461787418, 0.0 ] ] ] ] } },
{ "type": "Feature", "properties": { "ETAPA": "CUARTA", "tipo": "Area Verde", "M2": 168.66, "ha": 0.01685302256, "Donantes": null, "LAT": 19.553081828, "LONG_": -99.266716435000006, "Shape__Are": 190.931640625, "Shape__Len": 58.792695697200003, "Colonia": "Lomas de Atizapán II", "Identifica": 344, "m2_1": 168.53 }, "geometry": { "type": "MultiPolygon", "coordinates": [ [ [ [ -99.266651460977656, 19.553142267078023, 0.0 ], [ -99.266611804491021, 19.553070137785351, 0.0 ], [ -99.266783751580959, 19.553018504057523, 0.0 ], [ -99.266815412824414, 19.55309915559188, 0.0 ], [ -99.266651460977656, 19.553142267078023, 0.0 ] ] ] ] } },
{ "type": "Feature", "properties": { "ETAPA": "CUARTA", "tipo": "Area Verde", "M2": 5626.27, "ha": 0.562187604, "Donantes": null, "LAT": 19.555194633, "LONG_": -99.264438299000005, "Shape__Are": 6369.26953125, "Shape__Len": 431.21838124599998, "Colonia": "Lomas de Atizapán II", "Identifica": 368, "m2_1": 5621.88 }, "geometry": { "type": "MultiPolygon", "coordinates": [ [ [ [ -99.265083275244351, 19.554741333739951, 0.0 ], [ -99.264662758240874, 19.555083860913626, 0.0 ], [ -99.264542271930623, 19.555442696771376, 0.0 ], [ -99.263966610195723, 19.555811278424116, 0.0 ], [ -99.263808268050312, 19.555577290284248, 0.0 ], [ -99.264122183003096, 19.555293235512732, 0.0 ], [ -99.26430946565911, 19.555091079664205, 0.0 ], [ -99.264501826251575, 19.554893722893858, 0.0 ], [ -99.264734719504247, 19.554677079660681, 0.0 ], [ -99.265038686254897, 19.554513205637704, 0.0 ], [ -99.265083275244351, 19.554741333739951, 0.0 ] ] ] ] } },
{ "type": "Feature", "properties": { "ETAPA": "PRIMERA", "tipo": "Camellon", "M2": 43.85, "ha": 0.00328933969, "Donantes": null, "LAT": 19.551821422, "LONG_": -99.270094377999996, "Shape__Are": 49.63671875, "Shape__Len": 26.6659806047, "Colonia": "Lomas de Atizapán II", "Identifica": 7, "m2_1": 43.8139 }, "geometry": { "type": "MultiPolygon", "coordinates": [ [ [ [ -99.270059500816856, 19.551803453283842, 0.0 ], [ -99.270073901668724, 19.551798294714409, 0.0 ], [ -99.270093726102715, 19.551795930051643, 0.0 ], [ -99.270129440154903, 19.551794942630245, 0.0 ], [ -99.270135499151351, 19.55180952741572, 0.0 ], [ -99.270135276738372, 19.551823888094848, 0.0 ], [ -99.270131108628192, 19.551835452656952, 0.0 ], [ -99.270122746951458, 19.551843287466287, 0.0 ], [ -99.270067460202867, 19.551849908194026, 0.0 ], [ -99.270055743552092, 19.55183988514715, 0.0 ], [ -99.27005338335978, 19.551827746594824, 0.0 ], [ -99.270053730297249, 19.551814202984897, 0.0 ], [ -99.270059500816856, 19.551803453283842, 0.0 ] ] ] ] } },
{ "type": "Feature", "properties": { "ETAPA": "PRIMERA", "tipo": "Camellon", "M2": 935.1, "ha": 0.09359998627, "Donantes": "VIVA ESMERALDA", "LAT": 19.55191618, "LONG_": -99.270972688000001, "Shape__Are": 1058.5449218799999, "Shape__Len": 320.92917983799998, "Colonia": "Lomas de Atizapán II", "Identifica": 8, "m2_1": 934.372 }, "geometry": { "type": "MultiPolygon", "coordinates": [ [ [ [ -99.270307347571261, 19.551785848867723, 0.0 ], [ -99.270328828368434, 19.551780284040913, 0.0 ], [ -99.270459737510166, 19.551782239768663, 0.0 ], [ -99.270572503121187, 19.551794265471862, 0.0 ], [ -99.270674674532728, 19.551805589440146, 0.0 ], [ -99.270731447896054, 19.551819133135158, 0.0 ], [ -99.2708215222993, 19.551836931230806, 0.0 ], [ -99.270969906464401, 19.551881181846348, 0.0 ], [ -99.271092559805723, 19.551924036783003, 0.0 ], [ -99.271209932034992, 19.551975508271081, 0.0 ], [ -99.271576430884508, 19.55213348474264, 0.0 ], [ -99.271650390166371, 19.552172048008874, 0.0 ], [ -99.271605239456818, 19.552166437536563, 0.0 ], [ -99.271564367218986, 19.552159326285384, 0.0 ], [ -99.271516682472495, 19.55215150682092, 0.0 ], [ -99.271421302905736, 19.552128696057228, 0.0 ], [ -99.271347863961282, 19.552104418096746, 0.0 ], [ -99.271137360354643, 19.552017221159353, 0.0 ], [ -99.271030589289538, 19.551970038971405, 0.0 ], [ -99.270895065212073, 19.551923616489706, 0.0 ], [ -99.270779244051624, 19.551894379967795, 0.0 ], [ -99.270706569401014, 19.551874404046821, 0.0 ], [ -99.270610443954126, 19.551858050046462, 0.0 ], [ -99.270527187321022, 19.551845262624571, 0.0 ], [ -99.27040534751292, 19.55183683729026, 0.0 ], [ -99.270337242395428, 19.551834787524047, 0.0 ], [ -99.27030901342512, 19.551834509109067, 0.0 ], [ -99.270295243078252, 19.551814658941591, 0.0 ], [ -99.270296940642609, 19.551798661543558, 0.0 ], [ -99.270307347571261, 19.551785848867723, 0.0 ] ] ] ] } },
{ "type": "Feature", "properties": { "ETAPA": "PRIMERA", "tipo": "Camellon", "M2": 3198.13, "ha": 0.31956348967999998, "Donantes": null, "LAT": 19.545987406999998, "LONG_": -99.27557374, "Shape__Are": 3620.1308593799999, "Shape__Len": 954.51317609399996, "Colonia": "Lomas de Atizapán II", "Identifica": 9, "m2_1": 3195.64 }, "geometry": { "type": "MultiPolygon", "coordinates": [ [ [ [ -99.275496755456487, 19.545852968414223, 0.0 ], [ -99.275527017407725, 19.545850531956589, 0.0 ], [ -99.27556737988121, 19.54585525190106, 0.0 ], [ -99.275597676331316, 19.545873138834629, 0.0 ], [ -99.275624832533552, 19.545898203724576, 0.0 ], [ -99.275642419428607, 19.545946016852618, 0.0 ], [ -99.275637569888801, 19.545986552325544, 0.0 ], [ -99.275623627382529, 19.5460193551001, 0.0 ], [ -99.275593434403945, 19.546062440186695, 0.0 ], [ -99.275567827108404, 19.546132776771529, 0.0 ], [ -99.275557322124115, 19.546184439621491, 0.0 ], [ -99.275563509267926, 19.546263335506318, 0.0 ], [ -99.27557418715098, 19.546313530955818, 0.0 ], [ -99.27558485382032, 19.546356554606952, 0.0 ], [ -99.275779650080537, 19.547044141472245, 0.0 ], [ -99.275825423176215, 19.547264049075725, 0.0 ], [ -99.27585702792193, 19.547458154890492, 0.0 ], [ -99.275906354699842, 19.547987460763409, 0.0 ], [ -99.275946603355905, 19.548518214639305, 0.0 ], [ -99.27599907114805, 19.549114942943469, 0.0 ], [ -99.276052259950404, 19.549770754617239, 0.0 ], [ -99.276019655005229, 19.549687670490613, 0.0 ], [ -99.275997326374508, 19.549609277381805, 0.0 ], [ -99.275969722610967, 19.54950696219127, 0.0 ], [ -99.275937021674451, 19.549113603566362, 0.0 ], [ -99.275884561424618, 19.548521178679007, 0.0 ], [ -99.275838237747919, 19.5479775219092, 0.0 ], [ -99.275779764017472, 19.547408060233305, 0.0 ], [ -99.275750688891648, 19.547218732955258, 0.0 ], [ -99.275697067703192, 19.546972477097381, 0.0 ], [ -99.275650747033154, 19.546801586419104, 0.0 ], [ -99.275615254451623, 19.546694043483477, 0.0 ], [ -99.27556196959236, 19.546506425853956, 0.0 ], [ -99.275517493752957, 19.546307437889041, 0.0 ], [ -99.275499719690274, 19.546237526249936, 0.0 ], [ -99.275473718117027, 19.546149694907605, 0.0 ], [ -99.275440128223863, 19.546048723490195, 0.0 ], [ -99.275416316780976, 19.545951025293, 0.0 ], [ -99.27542539510938, 19.545913053519158, 0.0 ], [ -99.27544132393362, 19.545886528038849, 0.0 ], [ -99.275466515819403, 19.54586855647355, 0.0 ], [ -99.275496755456487, 19.545852968414223, 0.0 ] ] ] ] } },
{ "type": "Feature", "properties": { "ETAPA": "PRIMERA", "tipo": "Camellon", "M2": 939.42, "ha": 0.09386840324, "Donantes": null, "LAT": 19.545298058, "LONG_": -99.272986544999995, "Shape__Are": 1063.3417968799999, "Shape__Len": 331.39165508799999, "Colonia": "Lomas de Atizapán II", "Identifica": 10, "m2_1": 938.684 }, "geometry": { "type": "MultiPolygon", "coordinates": [ [ [ [ -99.272463904238847, 19.545245522926272, 0.0 ], [ -99.272524424000963, 19.545238258014002, 0.0 ], [ -99.272632893029254, 19.545247658276828, 0.0 ], [ -99.272781721260372, 19.545259389648564, 0.0 ], [ -99.273399687141364, 19.54527997453048, 0.0 ], [ -99.273866347808124, 19.545315133985856, 0.0 ], [ -99.273530924629938, 19.54532998852013, 0.0 ], [ -99.272774286874039, 19.545338305315944, 0.0 ], [ -99.272577534316653, 19.545324255952597, 0.0 ], [ -99.272393380395755, 19.545303014657627, 0.0 ], [ -99.272417222117312, 19.545269912980125, 0.0 ], [ -99.272463904238847, 19.545245522926272, 0.0 ] ] ] ] } },
{ "type": "Feature", "properties": { "ETAPA": "PRIMERA", "tipo": "Camellon", "M2": 886.5, "ha": 0.08858135998, "Donantes": null, "LAT": 19.545595016, "LONG_": -99.272738493999995, "Shape__Are": 1003.4550781200001, "Shape__Len": 336.33147272000002, "Colonia": "Lomas de Atizapán II", "Identifica": 11, "m2_1": 885.814 }, "geometry": { "type": "MultiPolygon", "coordinates": [ [ [ [ -99.272381853551821, 19.545573460856225, 0.0 ], [ -99.272368175629921, 19.545539050253165, 0.0 ], [ -99.272472612918605, 19.545550369835787, 0.0 ], [ -99.272578548590985, 19.545553079290571, 0.0 ], [ -99.2731006353862, 19.545550855679071, 0.0 ], [ -99.273849064526615, 19.54553513774826, 0.0 ], [ -99.272663825518038, 19.545644528619558, 0.0 ], [ -99.272570517309177, 19.54565184215182, 0.0 ], [ -99.272482229662202, 19.54564480262292, 0.0 ], [ -99.272448532563246, 19.54562931149912, 0.0 ], [ -99.272418235294779, 19.545610706490898, 0.0 ], [ -99.272381853551821, 19.545573460856225, 0.0 ] ] ] ] } },
{ "type": "Feature", "properties": { "ETAPA": "PRIMERA", "tipo": "Camellon", "M2": 843.17, "ha": 0.0842508803, "Donantes": null, "LAT": 19.545036752000001, "LONG_": -99.271523963000007, "Shape__Are": 954.400390625, "Shape__Len": 280.54040223800001, "Colonia": "Lomas de Atizapán II", "Identifica": 12, "m2_1": 842.509 }, "geometry": { "type": "MultiPolygon", "coordinates": [ [ [ [ -99.271502113033776, 19.545080005715938, 0.0 ], [ -99.270813066426967, 19.544783352598063, 0.0 ], [ -99.271808556190834, 19.545079544902912, 0.0 ], [ -99.271895630397964, 19.545115279282115, 0.0 ], [ -99.271937348819122, 19.545176188681122, 0.0 ], [ -99.271963915344713, 19.545226361348242, 0.0 ], [ -99.271842355456997, 19.545188742279777, 0.0 ], [ -99.27176246901, 19.545165403729644, 0.0 ], [ -99.271502113033776, 19.545080005715938, 0.0 ] ] ] ] } },
{ "type": "Feature", "properties": { "ETAPA": "PRIMERA", "tipo": "Camellon", "M2": 713.45, "ha": 0.07128972756, "Donantes": null, "LAT": 19.545305999, "LONG_": -99.271429459000004, "Shape__Are": 807.58203125, "Shape__Len": 277.24478179300002, "Colonia": "Lomas de Atizapán II", "Identifica": 13, "m2_1": 712.897 }, "geometry": { "type": "MultiPolygon", "coordinates": [ [ [ [ -99.271317087938399, 19.545291892973804, 0.0 ], [ -99.270730182766314, 19.544991499308018, 0.0 ], [ -99.271858345027965, 19.545441715425934, 0.0 ], [ -99.271782739264395, 19.545477695503092, 0.0 ], [ -99.271710857878261, 19.545477803632735, 0.0 ], [ -99.271654067458641, 19.545452783163242, 0.0 ], [ -99.271521563270966, 19.545399182897253, 0.0 ], [ -99.271317087938399, 19.545291892973804, 0.0 ] ] ] ] } },
{ "type": "Feature", "properties": { "ETAPA": "PRIMERA", "tipo": "Camellon", "M2": 713.13, "ha": 0.07125759635, "Donantes": null, "LAT": 19.545646517000002, "LONG_": -99.271870000999996, "Shape__Are": 807.2109375, "Shape__Len": 155.50908994, "Colonia": "Lomas de Atizapán II", "Identifica": 14, "m2_1": 712.576 }, "geometry": { "type": "MultiPolygon", "coordinates": [ [ [ [ -99.271704513439474, 19.54558630769089, 0.0 ], [ -99.271642905635176, 19.545526222508204, 0.0 ], [ -99.271678697666502, 19.545533026010723, 0.0 ], [ -99.271726381671002, 19.545541562099192, 0.0 ], [ -99.271783889393632, 19.545542909771335, 0.0 ], [ -99.27181672672944, 19.545534581507297, 0.0 ], [ -99.271846597429317, 19.545524494569761, 0.0 ], [ -99.271879109068351, 19.545510099297392, 0.0 ], [ -99.271901401733189, 19.545492849227838, 0.0 ], [ -99.27192806453391, 19.54546843567163, 0.0 ], [ -99.271980489548241, 19.545465861163358, 0.0 ], [ -99.271967792106068, 19.545564870509942, 0.0 ], [ -99.271957084795119, 19.545722337647511, 0.0 ], [ -99.271949155859275, 19.545882431289428, 0.0 ], [ -99.271942513928934, 19.545936784661727, 0.0 ], [ -99.27190017829605, 19.545854050905081, 0.0 ], [ -99.271866278502117, 19.545792651676312, 0.0 ], [ -99.271795474656827, 19.545683726001222, 0.0 ], [ -99.271704513439474, 19.54558630769089, 0.0 ] ] ] ] } },
{ "type": "Feature", "properties": { "ETAPA": "PRIMERA", "tipo": "Camellon", "M2": 570.64, "ha": 0.05701912939, "Donantes": null, "LAT": 19.5457225, "LONG_": -99.272264926000005, "Shape__Are": 645.91796875, "Shape__Len": 129.20041134100001, "Colonia": "Lomas de Atizapán II", "Identifica": 15, "m2_1": 570.191 }, "geometry": { "type": "MultiPolygon", "coordinates": [ [ [ [ -99.272179707685552, 19.545859368492021, 0.0 ], [ -99.272206372223579, 19.545516450236544, 0.0 ], [ -99.272256323552512, 19.545523548585649, 0.0 ], [ -99.272277563080181, 19.545580344364652, 0.0 ], [ -99.272306640069971, 19.545623339569442, 0.0 ], [ -99.272343283093306, 19.545666323362873, 0.0 ], [ -99.272377372673446, 19.545690182238673, 0.0 ], [ -99.272405142411472, 19.545705682313638, 0.0 ], [ -99.272437881448198, 19.545722422410154, 0.0 ], [ -99.272411506395883, 19.5457403434248, 0.0 ], [ -99.272361112894572, 19.545770307701812, 0.0 ], [ -99.272317029198504, 19.54580265275748, 0.0 ], [ -99.272260372899126, 19.545857733226942, 0.0 ], [ -99.2722271508445, 19.545899866204302, 0.0 ], [ -99.272205514721492, 19.545932894946844, 0.0 ], [ -99.272186950079444, 19.545954382326759, 0.0 ], [ -99.272179707685552, 19.545859368492021, 0.0 ] ] ] ] } },
{ "type": "Feature", "properties": { "ETAPA": "PRIMERA", "tipo": "Camellon", "M2": 848.37, "ha": 0.08477078228, "Donantes": null, "LAT": 19.546079067000001, "LONG_": -99.272076052000003, "Shape__Are": 960.30078125, "Shape__Len": 348.46911047600003, "Colonia": "Lomas de Atizapán II", "Identifica": 16, "m2_1": 847.708 }, "geometry": { "type": "MultiPolygon", "coordinates": [ [ [ [ -99.272040082004622, 19.546062271188564, 0.0 ], [ -99.272082002014884, 19.545490744592204, 0.0 ], [ -99.272114798300407, 19.545495477609695, 0.0 ], [ -99.272092675400046, 19.545839823196381, 0.0 ], [ -99.272100619075459, 19.546064571221152, 0.0 ], [ -99.272156683695897, 19.546709595951096, 0.0 ], [ -99.272185265343012, 19.546908488534143, 0.0 ], [ -99.272172710701497, 19.546941982550898, 0.0 ], [ -99.272147882819354, 19.546876026783465, 0.0 ], [ -99.272091512358429, 19.546650873671297, 0.0 ], [ -99.272071157482742, 19.546545219453357, 0.0 ], [ -99.272040082004622, 19.546062271188564, 0.0 ] ] ] ] } },
{ "type": "Feature", "properties": { "ETAPA": "PRIMERA", "tipo": "Camellon", "M2": 104.57, "ha": 0.01044874024, "Donantes": null, "LAT": 19.552251854000001, "LONG_": -99.27225684, "Shape__Are": 118.375, "Shape__Len": 53.274020417400003, "Colonia": "Lomas de Atizapán II", "Identifica": 17, "m2_1": 104.487 }, "geometry": { "type": "MultiPolygon", "coordinates": [ [ [ [ -99.27230377745893, 19.552192523928603, 0.0 ], [ -99.272332696303934, 19.552178044973832, 0.0 ], [ -99.272276928386262, 19.55231307451669, 0.0 ], [ -99.272159239349023, 19.552260528496152, 0.0 ], [ -99.272211539984426, 19.552238572152429, 0.0 ], [ -99.272262956929964, 19.552216257149844, 0.0 ], [ -99.27230377745893, 19.552192523928603, 0.0 ] ] ] ] } },
{ "type": "Feature", "properties": { "ETAPA": "PRIMERA", "tipo": "Camellon", "M2": 96.89, "ha": 0.00968127176, "Donantes": null, "LAT": 19.55240035, "LONG_": -99.272565955000005, "Shape__Are": 109.681640625, "Shape__Len": 52.608875609099996, "Colonia": "Lomas de Atizapán II", "Identifica": 18, "m2_1": 96.8127 }, "geometry": { "type": "MultiPolygon", "coordinates": [ [ [ [ -99.272502968929771, 19.552414752054766, 0.0 ], [ -99.27255592021038, 19.552310591119038, 0.0 ], [ -99.272569817300592, 19.552343815984077, 0.0 ], [ -99.272586900689873, 19.552378580170796, 0.0 ], [ -99.27261990956795, 19.552434122273006, 0.0 ], [ -99.272645292582027, 19.55247323792101, 0.0 ], [ -99.272502968929771, 19.552414752054766, 0.0 ] ] ] ] } },
{ "type": "Feature", "properties": { "ETAPA": "PRIMERA", "tipo": "Camellon", "M2": 1414.75, "ha": 0.1413649827, "Donantes": null, "LAT": 19.552726446000001, "LONG_": -99.273470943999996, "Shape__Are": 1601.5234375, "Shape__Len": 482.44821874600001, "Colonia": "Lomas de Atizapán II", "Identifica": 19, "m2_1": 1413.65 }, "geometry": { "type": "MultiPolygon", "coordinates": [ [ [ [ -99.272927988356855, 19.552723453316439, 0.0 ], [ -99.272696341825608, 19.552663548655435, 0.0 ], [ -99.272614567139684, 19.552632110184501, 0.0 ], [ -99.272536328326851, 19.552603535606746, 0.0 ], [ -99.272475246128693, 19.552577804376849, 0.0 ], [ -99.272465369285968, 19.55255414760304, 0.0 ], [ -99.272489533719153, 19.552524701387281, 0.0 ], [ -99.272538739935996, 19.552537538835669, 0.0 ], [ -99.27263262628621, 19.552571828324474, 0.0 ], [ -99.27272197145416, 19.552605168500985, 0.0 ], [ -99.272838055175967, 19.552640380480273, 0.0 ], [ -99.272961187472049, 19.552666973931366, 0.0 ], [ -99.273095406865195, 19.55268685587836, 0.0 ], [ -99.273218515085517, 19.552699103761078, 0.0 ], [ -99.273355734535542, 19.552703678522295, 0.0 ], [ -99.27348587032931, 19.552694872791729, 0.0 ], [ -99.273640201247261, 19.552675511171149, 0.0 ], [ -99.273770307006771, 19.552649490587253, 0.0 ], [ -99.273869132016856, 19.552620648083515, 0.0 ], [ -99.273976020507064, 19.552587010881375, 0.0 ], [ -99.27403449976039, 19.552564924144367, 0.0 ], [ -99.274087936707105, 19.55254380206598, 0.0 ], [ -99.274169593675126, 19.552505420630322, 0.0 ], [ -99.274270396249946, 19.552452664654442, 0.0 ], [ -99.274337923252176, 19.552411436239282, 0.0 ], [ -99.274385290490969, 19.552380758470203, 0.0 ], [ -99.274475547107514, 19.552323460985228, 0.0 ], [ -99.274422630265576, 19.552386918327773, 0.0 ], [ -99.274365224393961, 19.55244726014158, 0.0 ], [ -99.274328954632281, 19.552477442987993, 0.0 ], [ -99.274233723842741, 19.552543580746146, 0.0 ], [ -99.274067379902704, 19.552618434187927, 0.0 ], [ -99.273870753993364, 19.552684725603818, 0.0 ], [ -99.273710401755253, 19.552723704254927, 0.0 ], [ -99.27356516469402, 19.552751181899342, 0.0 ], [ -99.27339871146944, 19.552761476853096, 0.0 ], [ -99.27317775197146, 19.552757506876265, 0.0 ], [ -99.272927988356855, 19.552723453316439, 0.0 ] ] ] ] } },
{ "type": "Feature", "properties": { "ETAPA": "PRIMERA", "tipo": "Camellon", "M2": 334.08, "ha": 0.0333820815, "Donantes": null, "LAT": 19.551342232, "LONG_": -99.275744212000006, "Shape__Are": 378.173828125, "Shape__Len": 155.888385658, "Colonia": "Lomas de Atizapán II", "Identifica": 20, "m2_1": 333.821 }, "geometry": { "type": "MultiPolygon", "coordinates": [ [ [ [ -99.275869100730446, 19.551066842051885, 0.0 ], [ -99.275905307703496, 19.551000076072391, 0.0 ], [ -99.275899336005324, 19.551048145182357, 0.0 ], [ -99.275879786360534, 19.551121341792051, 0.0 ], [ -99.275861738332452, 19.551187362487759, 0.0 ], [ -99.275834593119313, 19.551243355094975, 0.0 ], [ -99.275796891473647, 19.551320882864918, 0.0 ], [ -99.275748590976903, 19.551395557543223, 0.0 ], [ -99.275641366661475, 19.551527707476414, 0.0 ], [ -99.275582933653396, 19.551577053141504, 0.0 ], [ -99.27566235380111, 19.551410035522998, 0.0 ], [ -99.275758954840356, 19.551260686198862, 0.0 ], [ -99.275810272241841, 19.551180268377138, 0.0 ], [ -99.275869100730446, 19.551066842051885, 0.0 ] ] ] ] } },
{ "type": "Feature", "properties": { "ETAPA": "PRIMERA", "tipo": "Camellon", "M2": 876.32, "ha": 0.08756329385, "Donantes": null, "LAT": 19.548080901, "LONG_": -99.272256381000005, "Shape__Are": 991.95703125, "Shape__Len": 310.635825012, "Colonia": "Lomas de Atizapán II", "Identifica": 21, "m2_1": 875.633 }, "geometry": { "type": "MultiPolygon", "coordinates": [ [ [ [ -99.272178467182172, 19.547494736393297, 0.0 ], [ -99.272199616798346, 19.547472467468829, 0.0 ], [ -99.272236725278347, 19.547491779332386, 0.0 ], [ -99.272243615560527, 19.547539829416866, 0.0 ], [ -99.27226829782397, 19.547819546316045, 0.0 ], [ -99.272311539536318, 19.54833738537252, 0.0 ], [ -99.272323608120075, 19.548765606091006, 0.0 ], [ -99.272301586890208, 19.548719013913992, 0.0 ], [ -99.272272657528589, 19.548614328794866, 0.0 ], [ -99.272257401547918, 19.548541185007245, 0.0 ], [ -99.272249645315014, 19.548427861066241, 0.0 ], [ -99.272227917444326, 19.548105099806744, 0.0 ], [ -99.272178467182172, 19.547494736393297, 0.0 ] ] ] ] } },
{ "type": "Feature", "properties": { "ETAPA": "PRIMERA", "tipo": "Camellon", "M2": 1096.96, "ha": 0.10961035562, "Donantes": null, "LAT": 19.549946477, "LONG_": -99.272408419000001, "Shape__Are": 1241.7402343799999, "Shape__Len": 301.90800438600002, "Colonia": "Lomas de Atizapán II", "Identifica": 22, "m2_1": 1096.1 }, "geometry": { "type": "MultiPolygon", "coordinates": [ [ [ [ -99.272318485616438, 19.549389491577415, 0.0 ], [ -99.272334210661384, 19.54936600539218, 0.0 ], [ -99.272377722141428, 19.549367882749788, 0.0 ], [ -99.272400464276558, 19.549392954770351, 0.0 ], [ -99.272404298007672, 19.549422837268217, 0.0 ], [ -99.272418501217629, 19.549620077767234, 0.0 ], [ -99.272436459957717, 19.549800575955185, 0.0 ], [ -99.272469845135561, 19.550155598116962, 0.0 ], [ -99.272487898329913, 19.550392285888336, 0.0 ], [ -99.2724832163304, 19.550608684503658, 0.0 ], [ -99.272457903445158, 19.550554923252648, 0.0 ], [ -99.272436368632299, 19.550497570392302, 0.0 ], [ -99.272410995108899, 19.550407943835683, 0.0 ], [ -99.272393107497464, 19.550269289861141, 0.0 ], [ -99.272354501152165, 19.549809068785372, 0.0 ], [ -99.272322337383045, 19.549430133577705, 0.0 ], [ -99.272318485616438, 19.549389491577415, 0.0 ] ] ] ] } },
{ "type": "Feature", "properties": { "ETAPA": "PRIMERA", "tipo": "Camellon", "M2": 428.58, "ha": 0.04282446444, "Donantes": null, "LAT": 19.551468209, "LONG_": -99.272530670999998, "Shape__Are": 485.158203125, "Shape__Len": 160.213287627, "Colonia": "Lomas de Atizapán II", "Identifica": 23, "m2_1": 428.245 }, "geometry": { "type": "MultiPolygon", "coordinates": [ [ [ [ -99.272476609225095, 19.551180316648995, 0.0 ], [ -99.272510639775135, 19.551168310175537, 0.0 ], [ -99.272539693756372, 19.551196959004667, 0.0 ], [ -99.272560221417663, 19.551404950335428, 0.0 ], [ -99.272575780600377, 19.551658379367105, 0.0 ], [ -99.272568439175345, 19.551792289868445, 0.0 ], [ -99.272555931289318, 19.551824949814577, 0.0 ], [ -99.27251272800423, 19.551660865725712, 0.0 ], [ -99.272486915634985, 19.551309419019383, 0.0 ], [ -99.272476609225095, 19.551180316648995, 0.0 ] ] ] ] } },
{ "type": "Feature", "properties": { "ETAPA": "PRIMERA", "tipo": "Camellon", "M2": 492.92, "ha": 0.04925391368, "Donantes": "GRUPO CHEDRAUI", "LAT": 19.553836652000001, "LONG_": -99.263849214999993, "Shape__Are": 558.005859375, "Shape__Len": 268.26544782299999, "Colonia": "Lomas de Atizapán II", "Identifica": 63, "m2_1": 492.539 }, "geometry": { "type": "MultiPolygon", "coordinates": [ [ [ [ -99.264381349506635, 19.5536280877946, 0.0 ], [ -99.264384649876533, 19.553627808332379, 0.0 ], [ -99.264387951444846, 19.553628074768923, 0.0 ], [ -99.264391154492159, 19.553628879056863, 0.0 ], [ -99.264394162272737, 19.55363019690353, 0.0 ], [ -99.264396883941671, 19.553631988504986, 0.0 ], [ -99.264399237293247, 19.553634199748057, 0.0 ], [ -99.264401151247426, 19.553636763844555, 0.0 ], [ -99.264402567995674, 19.553639603348866, 0.0 ], [ -99.264403444746037, 19.553642632497464, 0.0 ], [ -99.264403755017852, 19.55364575979792, 0.0 ], [ -99.26440348943899, 19.553648890793923, 0.0 ], [ -99.264402656031493, 19.553651930917493, 0.0 ], [ -99.264401279967885, 19.553654788345085, 0.0 ], [ -99.264399402809644, 19.553657376771309, 0.0 ], [ -99.264397081254813, 19.55365961801586, 0.0 ], [ -99.264394385423259, 19.553661444384485, 0.0 ], [ -99.264391396739057, 19.553662800713827, 0.0 ], [ -99.263320364863603, 19.554044366928817, 0.0 ], [ -99.26331716453187, 19.554045199677422, 0.0 ], [ -99.263313860353065, 19.554045493731014, 0.0 ], [ -99.263310552440885, 19.554045240180283, 0.0 ], [ -99.263307341023946, 19.554044446707433, 0.0 ], [ -99.263304323402338, 19.55404313735395, 0.0 ], [ -99.263301591009281, 19.554041351791927, 0.0 ], [ -99.263299226633563, 19.554039144122381, 0.0 ], [ -99.263297301912246, 19.554036581235653, 0.0 ], [ -99.263295875162996, 19.554033740784366, 0.0 ], [ -99.26329498961546, 19.554030708831974, 0.0 ], [ -99.263294672100571, 19.554027577243467, 0.0 ], [ -99.263294932238324, 19.554024440903099, 0.0 ], [ -99.263295762147763, 19.554021394839118, 0.0 ], [ -99.263297136681516, 19.55401853134401, 0.0 ], [ -99.263299014194629, 19.554015937179177, 0.0 ], [ -99.26330133779939, 19.554013690945176, 0.0 ], [ -99.263304037092212, 19.55401186070096, 0.0 ], [ -99.263307030287677, 19.554010501900972, 0.0 ], [ -99.264378061019585, 19.553628935767154, 0.0 ], [ -99.264381349506635, 19.5536280877946, 0.0 ] ] ] ] } },
{ "type": "Feature", "properties": { "ETAPA": "PRIMERA", "tipo": "Camellon", "M2": 403.58, "ha": 0.04032665544, "Donantes": "GRUPO CHEDRAUI", "LAT": 19.553459936, "LONG_": -99.264922158999994, "Shape__Are": 456.865234375, "Shape__Len": 220.85982935499999, "Colonia": "Lomas de Atizapán II", "Identifica": 64, "m2_1": 403.267 }, "geometry": { "type": "MultiPolygon", "coordinates": [ [ [ [ -99.265354076327654, 19.553285279688428, 0.0 ], [ -99.265357372475492, 19.55328500026009, 0.0 ], [ -99.265360669942112, 19.553285265336967, 0.0 ], [ -99.265363869387173, 19.553286066933083, 0.0 ], [ -99.26536687442433, 19.553287380899906, 0.0 ], [ -99.265369594522994, 19.553289167652018, 0.0 ], [ -99.265371947736242, 19.553291373361855, 0.0 ], [ -99.265373863170751, 19.553293931579514, 0.0 ], [ -99.265375283122452, 19.55329676523548, 0.0 ], [ -99.265376164812679, 19.553299788962757, 0.0 ], [ -99.265376481680804, 19.55330291166781, 0.0 ], [ -99.265376224178709, 19.553306039275451, 0.0 ], [ -99.265375400066077, 19.553309077562513, 0.0 ], [ -99.265374034168687, 19.55331193499708, 0.0 ], [ -99.265372167637508, 19.553314525495477, 0.0 ], [ -99.265369856701668, 19.553316771015709, 0.0 ], [ -99.265367170982458, 19.55331860390892, 0.0 ], [ -99.265364191391001, 19.553319968956796, 0.0 ], [ -99.264493561256003, 19.553633732504267, 0.0 ], [ -99.264490364521066, 19.553634570675083, 0.0 ], [ -99.264487062927671, 19.553634870991811, 0.0 ], [ -99.264483756388998, 19.553634624366289, 0.0 ], [ -99.264480544967554, 19.55363383826203, 0.0 ], [ -99.264477525849372, 19.553632536468097, 0.0 ], [ -99.264474790398481, 19.553630758379562, 0.0 ], [ -99.264472421395567, 19.553628557805585, 0.0 ], [ -99.264470490531536, 19.553626001339872, 0.0 ], [ -99.264469056239122, 19.553623166346732, 0.0 ], [ -99.264468161923105, 19.553620138619074, 0.0 ], [ -99.264467834646169, 19.553617009782716, 0.0 ], [ -99.264468084314089, 19.553613874522792, 0.0 ], [ -99.264468903370101, 19.553610827719037, 0.0 ], [ -99.264470267027974, 19.553607961574393, 0.0 ], [ -99.264472134021801, 19.553605362824346, 0.0 ], [ -99.264474447850191, 19.553603110112846, 0.0 ], [ -99.264477138493092, 19.553601271611647, 0.0 ], [ -99.264480124525477, 19.553599902957796, 0.0 ], [ -99.265350754505931, 19.553286139475624, 0.0 ], [ -99.265354076327654, 19.553285279688428, 0.0 ] ] ] ] } },
{ "type": "Feature", "properties": { "ETAPA": "PRIMERA", "tipo": "Camellon", "M2": 551.24, "ha": 0.05508140153, "Donantes": "GRUPO CHEDRAUI", "LAT": 19.552708189000001, "LONG_": -99.267357755000006, "Shape__Are": 624.025390625, "Shape__Len": 299.18155546899999, "Colonia": "Lomas de Atizapán II", "Identifica": 65, "m2_1": 550.814 }, "geometry": { "type": "MultiPolygon", "coordinates": [ [ [ [ -99.267959821594147, 19.552489370575053, 0.0 ], [ -99.26796295430789, 19.552489092076385, 0.0 ], [ -99.267966092679245, 19.55248930580068, 0.0 ], [ -99.267969151232563, 19.552490005927162, 0.0 ], [ -99.267972046666216, 19.552491173387146, 0.0 ], [ -99.26797470012157, 19.552492776384337, 0.0 ], [ -99.267977039329196, 19.552494771260005, 0.0 ], [ -99.26797900058051, 19.552497103682573, 0.0 ], [ -99.267980530458189, 19.552499710126721, 0.0 ], [ -99.267981587295552, 19.55250251960452, 0.0 ], [ -99.267982142309805, 19.55250545559803, 0.0 ], [ -99.26798218038401, 19.552508438143516, 0.0 ], [ -99.26798170048059, 19.552511386009574, 0.0 ], [ -99.267980715671001, 19.552514218908826, 0.0 ], [ -99.267979252777153, 19.552516859685817, 0.0 ], [ -99.267977351641051, 19.552519236417137, 0.0 ], [ -99.267975064041693, 19.552521284370805, 0.0 ], [ -99.267972452283388, 19.552522947769631, 0.0 ], [ -99.26796958749938, 19.552524181309959, 0.0 ], [ -99.266758642280891, 19.552926270793527, 0.0 ], [ -99.266755429042178, 19.552927048056162, 0.0 ], [ -99.266752122336385, 19.552927285757033, 0.0 ], [ -99.266748822201862, 19.552926976704985, 0.0 ], [ -99.266745628476329, 19.552926130250047, 0.0 ], [ -99.266742637779004, 19.5529247719994, 0.0 ], [ -99.266739940586476, 19.552922943044301, 0.0 ], [ -99.26673761849716, 19.552920698715802, 0.0 ], [ -99.266735741761153, 19.552918106911122, 0.0 ], [ -99.266734367154584, 19.552915246039728, 0.0 ], [ -99.266733536263246, 19.552912202651139, 0.0 ], [ -99.266733274223782, 19.552909068816216, 0.0 ], [ -99.266733588962936, 19.552905939342608, 0.0 ], [ -99.266734470960301, 19.552902908905704, 0.0 ], [ -99.266735893532413, 19.552900069184673, 0.0 ], [ -99.266737813641782, 19.552897506089177, 0.0 ], [ -99.266740173200702, 19.552895297160045, 0.0 ], [ -99.266742900824624, 19.552893509223644, 0.0 ], [ -99.266745913996857, 19.552892196370006, 0.0 ], [ -99.26795685899431, 19.552490106972847, 0.0 ], [ -99.267959821594147, 19.552489370575053, 0.0 ] ] ] ] } },
{ "type": "Feature", "properties": { "ETAPA": "PRIMERA", "tipo": "Camellon", "M2": 861.64, "ha": 0.08263160887, "Donantes": "GRUPO CHEDRAUI", "LAT": 19.552135378, "LONG_": -99.269047664, "Shape__Are": 975.396484375, "Shape__Len": 452.55702952500002, "Colonia": "Lomas de Atizapán II", "Identifica": 87, "m2_1": 860.969 }, "geometry": { "type": "MultiPolygon", "coordinates": [ [ [ [ -99.269958725040539, 19.55182070794034, 0.0 ], [ -99.269964519549646, 19.551824376928483, 0.0 ], [ -99.269969699147524, 19.55182857221407, 0.0 ], [ -99.269975191590916, 19.551835744176991, 0.0 ], [ -99.269975888279319, 19.551847359838636, 0.0 ], [ -99.269973440573153, 19.551856645185115, 0.0 ], [ -99.269967784657979, 19.551862257677588, 0.0 ], [ -99.269769896751384, 19.55190713169981, 0.0 ], [ -99.269638915573665, 19.551941490424753, 0.0 ], [ -99.269375419824726, 19.55203859073978, 0.0 ], [ -99.268773221755751, 19.552250501565524, 0.0 ], [ -99.268108525664573, 19.55247864970919, 0.0 ], [ -99.268105315741479, 19.552479459671865, 0.0 ], [ -99.268102006243836, 19.552479729217605, 0.0 ], [ -99.26809869762198, 19.552479450164842, 0.0 ], [ -99.268095490303139, 19.552478630983611, 0.0 ], [ -99.268092481637694, 19.552477296538292, 0.0 ], [ -99.268089762947568, 19.552475487333002, 0.0 ], [ -99.268087416751968, 19.552473258282163, 0.0 ], [ -99.268085514264826, 19.552470677043665, 0.0 ], [ -99.268084113231623, 19.552467821964964, 0.0 ], [ -99.268083256177803, 19.552464779705822, 0.0 ], [ -99.268082969116676, 19.552461642607049, 0.0 ], [ -99.268083260761927, 19.552458505888417, 0.0 ], [ -99.268084122260618, 19.552455464757724, 0.0 ], [ -99.268085527464677, 19.552452611521733, 0.0 ], [ -99.268087433722059, 19.552450032783959, 0.0 ], [ -99.268089783172272, 19.552447806816339, 0.0 ], [ -99.268092504502562, 19.552446001183043, 0.0 ], [ -99.268095515114609, 19.552444670689823, 0.0 ], [ -99.268760052929778, 19.552216577956123, 0.0 ], [ -99.269361824063665, 19.552004817826628, 0.0 ], [ -99.269617379041506, 19.551909734398375, 0.0 ], [ -99.26961779633767, 19.551909584663825, 0.0 ], [ -99.269619260817962, 19.55190913966138, 0.0 ], [ -99.269752272161185, 19.551870285257635, 0.0 ], [ -99.269764089054121, 19.551866531581943, 0.0 ], [ -99.269857153281492, 19.551840707373735, 0.0 ], [ -99.269958725040539, 19.55182070794034, 0.0 ] ] ] ] } },
{ "type": "Feature", "properties": { "ETAPA": "PRIMERA", "tipo": "Camellon", "M2": 1509.78, "ha": 0.15085989902, "Donantes": null, "LAT": 19.545711694000001, "LONG_": -99.275559951000005, "Shape__Are": 1708.9511718799999, "Shape__Len": 268.15404955000002, "Colonia": "Lomas de Atizapán II", "Identifica": 88, "m2_1": 1508.6 }, "geometry": { "type": "MultiPolygon", "coordinates": [ [ [ [ -99.275707705376718, 19.545916721177047, 0.0 ], [ -99.275699998048964, 19.545883766178978, 0.0 ], [ -99.27568923775091, 19.545859423644213, 0.0 ], [ -99.275675012033659, 19.545836581127624, 0.0 ], [ -99.275656375326932, 19.545815837421316, 0.0 ], [ -99.275634276470001, 19.545798237116529, 0.0 ], [ -99.275609660874125, 19.545783928333023, 0.0 ], [ -99.275584581089959, 19.545774700892117, 0.0 ], [ -99.275559507396437, 19.545769060249622, 0.0 ], [ -99.275531445665479, 19.545767609226139, 0.0 ], [ -99.27550559427884, 19.54576824600402, 0.0 ], [ -99.275463522190051, 19.545777874541514, 0.0 ], [ -99.275427138034203, 19.545795265369488, 0.0 ], [ -99.275400368955587, 19.545812940206879, 0.0 ], [ -99.275379909172798, 19.545832099249434, 0.0 ], [ -99.275360719451555, 19.545856787037657, 0.0 ], [ -99.275341832352922, 19.545877239593775, 0.0 ], [ -99.275301290380739, 19.545800956256464, 0.0 ], [ -99.275269421559059, 19.545747922906713, 0.0 ], [ -99.275217849259747, 19.545677704864307, 0.0 ], [ -99.275161767717734, 19.545624708380888, 0.0 ], [ -99.275111760329438, 19.545584614788499, 0.0 ], [ -99.275089017582587, 19.545558826007195, 0.0 ], [ -99.275105636641712, 19.545543020175064, 0.0 ], [ -99.275199482972909, 19.545555788489953, 0.0 ], [ -99.275343297819575, 19.545585697114365, 0.0 ], [ -99.275577986093978, 19.545659940225011, 0.0 ], [ -99.275770326569543, 19.545748594020459, 0.0 ], [ -99.275880907601746, 19.545812984161582, 0.0 ], [ -99.276030967042232, 19.545912919045346, 0.0 ], [ -99.275983568570851, 19.545909637358498, 0.0 ], [ -99.27593261906091, 19.545908519586348, 0.0 ], [ -99.275891515857282, 19.545913603811044, 0.0 ], [ -99.27585488245937, 19.545921748832509, 0.0 ], [ -99.275818914785845, 19.545935711796133, 0.0 ], [ -99.275793208639726, 19.545947228116031, 0.0 ], [ -99.275767002136419, 19.545961614464364, 0.0 ], [ -99.275739287676188, 19.54597887237863, 0.0 ], [ -99.275694800468571, 19.546000588838226, 0.0 ], [ -99.275707762224783, 19.54595019618607, 0.0 ], [ -99.275707705376718, 19.545916721177047, 0.0 ] ] ] ] } },
{ "type": "Feature", "properties": { "ETAPA": "PRIMERA", "tipo": "Camellon", "M2": 1981.5, "ha": 0.19799571656000001, "Donantes": null, "LAT": 19.545417934, "LONG_": -99.274652566, "Shape__Are": 2242.9121093799999, "Shape__Len": 1057.84711148, "Colonia": "Lomas de Atizapán II", "Identifica": 89, "m2_1": 1979.96 }, "geometry": { "type": "MultiPolygon", "coordinates": [ [ [ [ -99.274948335502657, 19.545431703405573, 0.0 ], [ -99.27479431059939, 19.545431706416903, 0.0 ], [ -99.27456922886465, 19.54543855263535, 0.0 ], [ -99.274568554925182, 19.54543856179307, 0.0 ], [ -99.274275567519609, 19.545436286709258, 0.0 ], [ -99.273929220611024, 19.545445421840331, 0.0 ], [ -99.273553593257674, 19.545449998974576, 0.0 ], [ -99.273241106995343, 19.545456851161198, 0.0 ], [ -99.273013099571713, 19.545461424333642, 0.0 ], [ -99.273012333141693, 19.545461419165971, 0.0 ], [ -99.27242801583894, 19.545445438122737, 0.0 ], [ -99.272424714930978, 19.545445073031537, 0.0 ], [ -99.272421531043761, 19.545444170091589, 0.0 ], [ -99.272418560916094, 19.545442756737607, 0.0 ], [ -99.272415894792658, 19.545440875912973, 0.0 ], [ -99.272413613679987, 19.545438584764625, 0.0 ], [ -99.272411786888483, 19.545435952906587, 0.0 ], [ -99.272410469922363, 19.545433060305452, 0.0 ], [ -99.272409702797077, 19.545429994849645, 0.0 ], [ -99.272409508819365, 19.545426849680059, 0.0 ], [ -99.272409893884898, 19.545423720359338, 0.0 ], [ -99.272410846293155, 19.545420701968602, 0.0 ], [ -99.272412337105735, 19.545417886218573, 0.0 ], [ -99.272414321026048, 19.54541535866289, 0.0 ], [ -99.27241673777533, 19.545413196098814, 0.0 ], [ -99.272419513921704, 19.545411464233474, 0.0 ], [ -99.272422565116926, 19.54541021568766, 0.0 ], [ -99.272425798651298, 19.545409488397404, 0.0 ], [ -99.272429116278801, 19.545409304460545, 0.0 ], [ -99.273012965379564, 19.545425272653617, 0.0 ], [ -99.273240262594271, 19.545420712304502, 0.0 ], [ -99.273552965169117, 19.545413855273733, 0.0 ], [ -99.273928471378341, 19.545409280132787, 0.0 ], [ -99.2742748525244, 19.545400143144469, 0.0 ], [ -99.274275445441234, 19.545400136822064, 0.0 ], [ -99.274568382257328, 19.54540241107998, 0.0 ], [ -99.274793385777542, 19.545395566789395, 0.0 ], [ -99.274793981550104, 19.54539555774981, 0.0 ], [ -99.274949095995737, 19.545395554888472, 0.0 ], [ -99.274950606054716, 19.545395611331106, 0.0 ], [ -99.27511881688973, 19.545408283660564, 0.0 ], [ -99.275120587455703, 19.545408496949925, 0.0 ], [ -99.275121172936281, 19.545408602695673, 0.0 ], [ -99.275295660425925, 19.54544285394719, 0.0 ], [ -99.275297449485493, 19.545443292229603, 0.0 ], [ -99.275568875355191, 19.545523217902687, 0.0 ], [ -99.275569711816075, 19.545523484123876, 0.0 ], [ -99.275570996692608, 19.545523975587695, 0.0 ], [ -99.275786684079648, 19.545615321138815, 0.0 ], [ -99.275788442386315, 19.545616172457116, 0.0 ], [ -99.276021125905757, 19.545744073815346, 0.0 ], [ -99.276022536282326, 19.545744930181442, 0.0 ], [ -99.276467341846441, 19.546041756475038, 0.0 ], [ -99.276467802813301, 19.546042073874172, 0.0 ], [ -99.276614616335266, 19.546146398919486, 0.0 ], [ -99.276766971227246, 19.546227153015408, 0.0 ], [ -99.276883940030373, 19.546263141904458, 0.0 ], [ -99.276886999531399, 19.546264371987601, 0.0 ], [ -99.276889787236399, 19.546266087038873, 0.0 ], [ -99.276892218444047, 19.546268234947437, 0.0 ], [ -99.276894219281516, 19.546270750450422, 0.0 ], [ -99.276895728956021, 19.546273557115821, 0.0 ], [ -99.276896701596982, 19.546276569664894, 0.0 ], [ -99.276897107650754, 19.546279696562991, 0.0 ], [ -99.276896934780751, 19.546282842801467, 0.0 ], [ -99.276896188237643, 19.5462859127835, 0.0 ], [ -99.276894890705634, 19.546288813229836, 0.0 ], [ -99.276893081609145, 19.546291456011875, 0.0 ], [ -99.276890815917, 19.546293760830455, 0.0 ], [ -99.276888162470584, 19.546295657654756, 0.0 ], [ -99.276885201893876, 19.54629708885145, 0.0 ], [ -99.276882024140363, 19.546298010933949, 0.0 ], [ -99.276878725766466, 19.5462983958857, 0.0 ], [ -99.276875406990101, 19.546298232009828, 0.0 ], [ -99.276872168649746, 19.546297524285936, 0.0 ], [ -99.276753418190935, 19.546260986858211, 0.0 ], [ -99.276752812531527, 19.546260789874445, 0.0 ], [ -99.276750000229782, 19.546259571468269, 0.0 ], [ -99.276594796294901, 19.546177307108991, 0.0 ], [ -99.276592766555979, 19.546176047739078, 0.0 ], [ -99.276445159898003, 19.546071159073666, 0.0 ], [ -99.276001278099386, 19.545774949450756, 0.0 ], [ -99.275770215654561, 19.545647938455041, 0.0 ], [ -99.275556475237394, 19.545557417710235, 0.0 ], [ -99.275287026413224, 19.5454780746085, 0.0 ], [ -99.275114611009016, 19.545444229572652, 0.0 ], [ -99.274948335502657, 19.545431703405573, 0.0 ] ] ] ] } },
{ "type": "Feature", "properties": { "ETAPA": "PRIMERA", "tipo": "Camellon", "M2": 7175.77, "ha": 0.71701707232, "Donantes": null, "LAT": 19.544278546000001, "LONG_": -99.266206597999997, "Shape__Are": 8122.2890625, "Shape__Len": 2118.1674165099998, "Colonia": "Lomas de Atizapán II", "Identifica": 175, "m2_1": 7170.17 }, "geometry": { "type": "MultiPolygon", "coordinates": [ [ [ [ -99.26703420309849, 19.544745425483949, 0.0 ], [ -99.267031139675396, 19.544744474793696, 0.0 ], [ -99.266773335108638, 19.54465156147193, 0.0 ], [ -99.266770872197597, 19.544650585490277, 0.0 ], [ -99.266661442566587, 19.544603203016916, 0.0 ], [ -99.26665874655896, 19.544601920117433, 0.0 ], [ -99.26655931137627, 19.544550168767458, 0.0 ], [ -99.266558004225175, 19.544549443211846, 0.0 ], [ -99.266442661123008, 19.54448255106167, 0.0 ], [ -99.266440543692326, 19.544481236579546, 0.0 ], [ -99.265957731835996, 19.544160817453129, 0.0 ], [ -99.265483503411772, 19.543858694405689, 0.0 ], [ -99.265482602576711, 19.54385810380116, 0.0 ], [ -99.265033109084214, 19.543554907545353, 0.0 ], [ -99.2649238880025, 19.543483850176901, 0.0 ], [ -99.264920781531231, 19.543481616249029, 0.0 ], [ -99.26491996064442, 19.543480946901919, 0.0 ], [ -99.264788352821839, 19.543370853198159, 0.0 ], [ -99.264784010550812, 19.543366623885838, 0.0 ], [ -99.264638991184611, 19.543200669881816, 0.0 ], [ -99.264635349432439, 19.543195778025812, 0.0 ], [ -99.264469604137759, 19.542932211359417, 0.0 ], [ -99.264466941003036, 19.54292708762172, 0.0 ], [ -99.264406314734913, 19.542784942745094, 0.0 ], [ -99.264405818969081, 19.542783723465558, 0.0 ], [ -99.264404562963506, 19.542779853820967, 0.0 ], [ -99.264357246116631, 19.542601475176397, 0.0 ], [ -99.264356642179266, 19.542598804700738, 0.0 ], [ -99.264356143403177, 19.542595150837577, 0.0 ], [ -99.264326574683665, 19.542250790267296, 0.0 ], [ -99.264326440007309, 19.542247697073446, 0.0 ], [ -99.264326530081419, 19.542245057212014, 0.0 ], [ -99.264338363673062, 19.542076436089609, 0.0 ], [ -99.264338885079496, 19.542072327072283, 0.0 ], [ -99.264339128102549, 19.542071122978239, 0.0 ], [ -99.264368706348705, 19.541935947408874, 0.0 ], [ -99.26436981799317, 19.541931950491264, 0.0 ], [ -99.264437844254829, 19.541731278471666, 0.0 ], [ -99.264440440689597, 19.541725351306873, 0.0 ], [ -99.264444030770676, 19.541719910139037, 0.0 ], [ -99.264448516569161, 19.541715103391894, 0.0 ], [ -99.26445377572098, 19.541711062183634, 0.0 ], [ -99.264459664767827, 19.541707896749813, 0.0 ], [ -99.264466023068579, 19.541705693436722, 0.0 ], [ -99.264472677182724, 19.541704512346278, 0.0 ], [ -99.26447944559942, 19.541704385696217, 0.0 ], [ -99.264486143690647, 19.541705316940927, 0.0 ], [ -99.264492588746165, 19.541707280678274, 0.0 ], [ -99.264498604959414, 19.541710223341589, 0.0 ], [ -99.264504028219932, 19.541714064661182, 0.0 ], [ -99.264508710593176, 19.541718699853973, 0.0 ], [ -99.264512524352966, 19.541724002481548, 0.0 ], [ -99.264515365468142, 19.541729827899385, 0.0 ], [ -99.264517156439354, 19.541736017202268, 0.0 ], [ -99.264517848411629, 19.541742401558906, 0.0 ], [ -99.264517422510494, 19.541748806817363, 0.0 ], [ -99.26451589035203, 19.541755058255642, 0.0 ], [ -99.264448532998443, 19.541953757434275, 0.0 ], [ -99.264419973871213, 19.542084274719485, 0.0 ], [ -99.264408529786365, 19.542247348319503, 0.0 ], [ -99.264437577857592, 19.542585640337276, 0.0 ], [ -99.26448337839588, 19.542758302519186, 0.0 ], [ -99.264541760787452, 19.542895186559448, 0.0 ], [ -99.264704139136228, 19.54315339639702, 0.0 ], [ -99.264844998412428, 19.543314591198662, 0.0 ], [ -99.264972327925832, 19.543421106129731, 0.0 ], [ -99.26508007656372, 19.543491208603875, 0.0 ], [ -99.265529683518849, 19.543794476875732, 0.0 ], [ -99.266004112238562, 19.544096732355115, 0.0 ], [ -99.266486525090258, 19.544416881740958, 0.0 ], [ -99.266599956973678, 19.544482666028308, 0.0 ], [ -99.266696875281681, 19.544533103467117, 0.0 ], [ -99.266803713035941, 19.544579363728655, 0.0 ], [ -99.267058308851958, 19.544671122295924, 0.0 ], [ -99.267271381680771, 19.544728493525888, 0.0 ], [ -99.267489153133226, 19.54475859270266, 0.0 ], [ -99.267755194926863, 19.544778408189384, 0.0 ], [ -99.267930779947648, 19.544774305300194, 0.0 ], [ -99.268187749411794, 19.544753568002271, 0.0 ], [ -99.268371881859338, 19.544731356165908, 0.0 ], [ -99.268887487100528, 19.544672827232034, 0.0 ], [ -99.269127446313547, 19.544643430196508, 0.0 ], [ -99.269134209074451, 19.544643136039397, 0.0 ], [ -99.269140930670915, 19.5446439011541, 0.0 ], [ -99.269147427754149, 19.544645704670163, 0.0 ], [ -99.269153523099163, 19.544648497392071, 0.0 ], [ -99.269159050439413, 19.544652203140846, 0.0 ], [ -99.269160616557784, 19.544653674524092, 0.0 ], [ -99.269407289237492, 19.544646530318087, 0.0 ], [ -99.269407989868625, 19.544646522947307, 0.0 ], [ -99.269699215956464, 19.544650395480616, 0.0 ], [ -99.269701217051676, 19.544650522626874, 0.0 ], [ -99.269996307381888, 19.544684044055696, 0.0 ], [ -99.269997219856407, 19.544684169210978, 0.0 ], [ -99.270219754917619, 19.544719863666291, 0.0 ], [ -99.270221239636058, 19.544720163283571, 0.0 ], [ -99.270400664239574, 19.544763580006236, 0.0 ], [ -99.270572821303574, 19.544806993878829, 0.0 ], [ -99.270574250933734, 19.544807412865158, 0.0 ], [ -99.270690654967794, 19.544846264162508, 0.0 ], [ -99.27069174330822, 19.544846668296213, 0.0 ], [ -99.271074593174859, 19.545001945707, 0.0 ], [ -99.271623136208603, 19.545220964719174, 0.0 ], [ -99.271826240502776, 19.54528932286329, 0.0 ], [ -99.27182925621004, 19.545290639036345, 0.0 ], [ -99.271831985347532, 19.545292431215753, 0.0 ], [ -99.271834345154431, 19.545294645054842, 0.0 ], [ -99.271836264071766, 19.545297213420568, 0.0 ], [ -99.271837683910292, 19.545300058428978, 0.0 ], [ -99.271838561612824, 19.545303093807057, 0.0 ], [ -99.271838870565006, 19.545306227508906, 0.0 ], [ -99.271838601396524, 19.545309364507244, 0.0 ], [ -99.271837762271204, 19.545312409674526, 0.0 ], [ -99.271836378634816, 19.545315270668354, 0.0 ], [ -99.271834492444029, 19.545317860730758, 0.0 ], [ -99.271832160897205, 19.545320101319781, 0.0 ], [ -99.271829454697283, 19.545321924491049, 0.0 ], [ -99.271826455907075, 19.545323274958349, 0.0 ], [ -99.271823255463033, 19.545324111769308, 0.0 ], [ -99.271819950417353, 19.545324409548371, 0.0 ], [ -99.271816640992398, 19.545324159265462, 0.0 ], [ -99.271813427544416, 19.545323368510363, 0.0 ], [ -99.271609802442981, 19.545254836720066, 0.0 ], [ -99.271608838101528, 19.545254480301949, 0.0 ], [ -99.271059694017538, 19.545035219956802, 0.0 ], [ -99.270677317220873, 19.544880134296328, 0.0 ], [ -99.270562305694952, 19.544841748121598, 0.0 ], [ -99.270391035495393, 19.544798556127581, 0.0 ], [ -99.270212564497555, 19.544755371125873, 0.0 ], [ -99.269991317581855, 19.544719883493617, 0.0 ], [ -99.269697682131564, 19.544686527975003, 0.0 ], [ -99.26940802793024, 19.544682674784823, 0.0 ], [ -99.269172773522286, 19.544689488234862, 0.0 ], [ -99.269172038185673, 19.544692889147306, 0.0 ], [ -99.269169605715859, 19.544698878535943, 0.0 ], [ -99.269166166545403, 19.54470440667437, 0.0 ], [ -99.269161814486381, 19.544709322768067, 0.0 ], [ -99.269156668252805, 19.54471349271768, 0.0 ], [ -99.269150868221743, 19.54471680277706, 0.0 ], [ -99.269144572603651, 19.544719162655234, 0.0 ], [ -99.269137953129473, 19.544720507980728, 0.0 ], [ -99.268897616391413, 19.544749950778286, 0.0 ], [ -99.26838186794707, 19.544808495318883, 0.0 ], [ -99.268197233148101, 19.544830768460308, 0.0 ], [ -99.268195535680803, 19.544830939973533, 0.0 ], [ -99.26793649970881, 19.544851843919599, 0.0 ], [ -99.267934032890992, 19.544851972289781, 0.0 ], [ -99.267755101982701, 19.544856153342369, 0.0 ], [ -99.267754156370231, 19.54485616468466, 0.0 ], [ -99.267750881735253, 19.544856045730135, 0.0 ], [ -99.267481387648559, 19.544835973275244, 0.0 ], [ -99.26747868469063, 19.544835685379859, 0.0 ], [ -99.267256868499942, 19.544805027358535, 0.0 ], [ -99.267255727167893, 19.544804854631526, 0.0 ], [ -99.267251582834319, 19.544803956151682, 0.0 ], [ -99.26703420309849, 19.544745425483949, 0.0 ] ] ] ] } },
{ "type": "Feature", "properties": { "ETAPA": "PRIMERA", "tipo": "Camellon", "M2": 40.77, "ha": 0.00407336048, "Donantes": null, "LAT": 19.54518166, "LONG_": -99.272025189000004, "Shape__Are": 46.146484375, "Shape__Len": 33.695409546400001, "Colonia": "Lomas de Atizapán II", "Identifica": 176, "m2_1": 40.7336 }, "geometry": { "type": "MultiPolygon", "coordinates": [ [ [ [ -99.271996330189353, 19.545124422192021, 0.0 ], [ -99.27200909342865, 19.545129239829325, 0.0 ], [ -99.272019820303058, 19.54513672080207, 0.0 ], [ -99.272034897297999, 19.545152176033341, 0.0 ], [ -99.272043848181553, 19.545165463904432, 0.0 ], [ -99.272046937375521, 19.545182146400332, 0.0 ], [ -99.272048254628231, 19.545207054217396, 0.0 ], [ -99.272049584038754, 19.545239217297631, 0.0 ], [ -99.272018448519916, 19.545231525215936, 0.0 ], [ -99.272018680526898, 19.54521773983144, 0.0 ], [ -99.272014821975304, 19.545198640066108, 0.0 ], [ -99.272006605202151, 19.545166729198538, 0.0 ], [ -99.272001477216094, 19.545151258985108, 0.0 ], [ -99.271991756167324, 19.545135070158793, 0.0 ], [ -99.27198868602126, 19.545129754241191, 0.0 ], [ -99.271988331558603, 19.545127547959972, 0.0 ], [ -99.271988648106912, 19.545126156887697, 0.0 ], [ -99.271989825779428, 19.54512485521002, 0.0 ], [ -99.271992279825838, 19.54512406552638, 0.0 ], [ -99.271994161157664, 19.545124032463395, 0.0 ], [ -99.271996330189353, 19.545124422192021, 0.0 ] ] ] ] } },
{ "type": "Feature", "properties": { "ETAPA": "SEGUNDA", "tipo": "Camellon", "M2": 280.75, "ha": 0.02805284031, "Donantes": null, "LAT": 19.553806858000002, "LONG_": -99.265957252999996, "Shape__Are": 317.822265625, "Shape__Len": 220.201347717, "Colonia": "Lomas de Atizapán II", "Identifica": 216, "m2_1": 280.528 }, "geometry": { "type": "MultiPolygon", "coordinates": [ [ [ [ -99.265657656075092, 19.553451564203566, 0.0 ], [ -99.265782015592961, 19.553583076115519, 0.0 ], [ -99.266031267679011, 19.553870383049372, 0.0 ], [ -99.266261279479423, 19.554140438875194, 0.0 ], [ -99.266272014817773, 19.554152915379955, 0.0 ], [ -99.26627091730559, 19.554159571792859, 0.0 ], [ -99.266267352779721, 19.554163896827816, 0.0 ], [ -99.266262677139409, 19.554166588989943, 0.0 ], [ -99.266258861889284, 19.554168229126375, 0.0 ], [ -99.266175582805545, 19.554078920796989, 0.0 ], [ -99.265722731542525, 19.553555843672306, 0.0 ], [ -99.265671161015632, 19.55350081317232, 0.0 ], [ -99.265643762473118, 19.55346582823875, 0.0 ], [ -99.265645470639384, 19.553456018659162, 0.0 ], [ -99.265657656075092, 19.553451564203566, 0.0 ] ] ] ] } },
{ "type": "Feature", "properties": { "ETAPA": "SEGUNDA", "tipo": "Camellon", "M2": 249.85, "ha": 0.02496553718, "Donantes": null, "LAT": 19.554587445, "LONG_": -99.266884832000002, "Shape__Are": 282.84765625, "Shape__Len": 212.20853202200001, "Colonia": "Lomas de Atizapán II", "Identifica": 217, "m2_1": 249.655 }, "geometry": { "type": "MultiPolygon", "coordinates": [ [ [ [ -99.266481899039633, 19.55431547311839, 0.0 ], [ -99.266675743229399, 19.554459957923591, 0.0 ], [ -99.266815791198454, 19.554544278610724, 0.0 ], [ -99.266917352112188, 19.554591295832513, 0.0 ], [ -99.267029705008397, 19.554610276852799, 0.0 ], [ -99.267256850991743, 19.554634224978845, 0.0 ], [ -99.267306622024293, 19.554643024369053, 0.0 ], [ -99.267296813883874, 19.554670125066149, 0.0 ], [ -99.267163273645821, 19.554648840545209, 0.0 ], [ -99.266995249566079, 19.554628073917694, 0.0 ], [ -99.26690654173575, 19.554608123922595, 0.0 ], [ -99.266802027292513, 19.554562512067982, 0.0 ], [ -99.2666708582978, 19.554485183305218, 0.0 ], [ -99.266462712274702, 19.554331379537143, 0.0 ], [ -99.266481899039633, 19.55431547311839, 0.0 ] ] ] ] } },
{ "type": "Feature", "properties": { "ETAPA": "CUARTA", "tipo": "Area Verde", "M2": 3444.82, "ha": 0.34421262724000001, "Donantes": null, "LAT": 19.563285822000001, "LONG_": -99.252547187000005, "Shape__Are": 3900.1269531200001, "Shape__Len": 347.16578614700001, "Colonia": "Barrio Norte", "Identifica": 282, "m2_1": 3442.13 }, "geometry": { "type": "MultiPolygon", "coordinates": [ [ [ [ -99.253255450368258, 19.563259163588107, 0.0 ], [ -99.253243503737067, 19.563362474985251, 0.0 ], [ -99.253057816097353, 19.563339780357897, 0.0 ], [ -99.253063815752853, 19.563305340768636, 0.0 ], [ -99.253013348794596, 19.563293935924158, 0.0 ], [ -99.253005337692557, 19.56333220352715, 0.0 ], [ -99.252783310890024, 19.563299996279682, 0.0 ], [ -99.252747494465837, 19.563625230579618, 0.0 ], [ -99.252311474091044, 19.563535936595837, 0.0 ], [ -99.25241353185487, 19.562984894485965, 0.0 ], [ -99.25280099217737, 19.562992002674918, 0.0 ], [ -99.252801099503586, 19.563060863781082, 0.0 ], [ -99.252791231370011, 19.563202430272614, 0.0 ], [ -99.253255450368258, 19.563259163588107, 0.0 ] ] ] ] } },
{ "type": "Feature", "properties": { "ETAPA": "CUARTA", "tipo": "Area Verde", "M2": 1038.51, "ha": 0.10376970883, "Donantes": null, "LAT": 19.562008628000001, "LONG_": -99.25513672, "Shape__Are": 1175.75, "Shape__Len": 158.53405615299999, "Colonia": "Barrio Norte", "Identifica": 350, "m2_1": 1037.7 }, "geometry": { "type": "MultiPolygon", "coordinates": [ [ [ [ -99.255180948960401, 19.562277400380587, 0.0 ], [ -99.255013559570941, 19.562243989961178, 0.0 ], [ -99.255048684844766, 19.562008411598523, 0.0 ], [ -99.255078701440041, 19.561748806896691, 0.0 ], [ -99.255266373477994, 19.561782188583081, 0.0 ], [ -99.255180948960401, 19.562277400380587, 0.0 ] ] ] ] } },
{ "type": "Feature", "properties": { "ETAPA": "SEGUNDA", "tipo": "Area Verde", "M2": 878.03, "ha": 0.08773449677, "Donantes": null, "LAT": 19.567225981, "LONG_": -99.252369412999997, "Shape__Are": 994.134765625, "Shape__Len": 189.07274395600001, "Colonia": "Barrio Norte", "Identifica": 265, "m2_1": 877.345 }, "geometry": { "type": "MultiPolygon", "coordinates": [ [ [ [ -99.252090998252328, 19.566980145028527, 0.0 ], [ -99.252300804319816, 19.567128659435962, 0.0 ], [ -99.252528290673922, 19.567257136185248, 0.0 ], [ -99.252705093539802, 19.567378540819906, 0.0 ], [ -99.252672090338152, 19.567458691452433, 0.0 ], [ -99.252436353183626, 19.567330214703151, 0.0 ], [ -99.252187650485652, 19.567176985552649, 0.0 ], [ -99.252066245851083, 19.567128659435959, 0.0 ], [ -99.252090998252328, 19.566980145028527, 0.0 ] ] ] ] } },
{ "type": "Feature", "properties": { "ETAPA": "CUARTA", "tipo": "Area Verde", "M2": 507.35, "ha": 0.05069516774, "Donantes": null, "LAT": 19.559764692000002, "LONG_": -99.268921281999994, "Shape__Are": 574.37890625, "Shape__Len": 112.209610181, "Colonia": "México Nuevo", "Identifica": 294, "m2_1": 506.952 }, "geometry": { "type": "MultiPolygon", "coordinates": [ [ [ [ -99.26902572812908, 19.559619766142781, 0.0 ], [ -99.268927948831589, 19.559978570492596, 0.0 ], [ -99.268848421344217, 19.559935649303391, 0.0 ], [ -99.268866774552492, 19.559594896753225, 0.0 ], [ -99.26902572812908, 19.559619766142781, 0.0 ] ] ] ] } },
{ "type": "Feature", "properties": { "ETAPA": "CUARTA", "tipo": "Area Verde", "M2": 7311.61, "ha": 0.73059029130999997, "Donantes": null, "LAT": 19.56151777, "LONG_": -99.264492974999996, "Shape__Are": 8277.84765625, "Shape__Len": 517.58564543700004, "Colonia": "México Nuevo", "Identifica": 334, "m2_1": 7305.9 }, "geometry": { "type": "MultiPolygon", "coordinates": [ [ [ [ -99.264728230905604, 19.561897869908101, 0.0 ], [ -99.264686503936048, 19.561832176575283, 0.0 ], [ -99.26456909964142, 19.56176420385707, 0.0 ], [ -99.264436581392431, 19.561708208321797, 0.0 ], [ -99.264299108685734, 19.561708409643867, 0.0 ], [ -99.264164297738517, 19.561793489320301, 0.0 ], [ -99.264098872347631, 19.561748204567738, 0.0 ], [ -99.26384834576325, 19.562183265940156, 0.0 ], [ -99.263649865932436, 19.562050134646004, 0.0 ], [ -99.263930659495003, 19.561613595109943, 0.0 ], [ -99.263899778249694, 19.561527951429127, 0.0 ], [ -99.264140007366024, 19.561117985575354, 0.0 ], [ -99.265337324135515, 19.561747400660757, 0.0 ], [ -99.264728230905604, 19.561897869908101, 0.0 ] ] ] ] } },
{ "type": "Feature", "properties": { "ETAPA": "CUARTA", "tipo": "Area Verde", "M2": 1441.11, "ha": 0.14399885985, "Donantes": null, "LAT": 19.562257899, "LONG_": -99.263539636000004, "Shape__Are": 1631.5683593799999, "Shape__Len": 168.03966101500001, "Colonia": "México Nuevo", "Identifica": 342, "m2_1": 1439.99 }, "geometry": { "type": "MultiPolygon", "coordinates": [ [ [ [ -99.263773131130705, 19.562462282158023, 0.0 ], [ -99.263539780381294, 19.562404942504752, 0.0 ], [ -99.263265769762995, 19.562289981372945, 0.0 ], [ -99.263427606013522, 19.562025376426138, 0.0 ], [ -99.263610334172355, 19.562135663933699, 0.0 ], [ -99.26375244929784, 19.562217170357776, 0.0 ], [ -99.263773131130705, 19.562462282158023, 0.0 ] ] ] ] } },
{ "type": "Feature", "properties": { "ETAPA": "CUARTA", "tipo": "Area Verde", "M2": 2580.37, "ha": 0.2578350361, "Donantes": null, "LAT": 19.562062627, "LONG_": -99.263057896999996, "Shape__Are": 2921.37109375, "Shape__Len": 223.451503758, "Colonia": "México Nuevo", "Identifica": 367, "m2_1": 2578.35 }, "geometry": { "type": "MultiPolygon", "coordinates": [ [ [ [ -99.263265769762995, 19.562289981372945, 0.0 ], [ -99.262999368314425, 19.562223445420969, 0.0 ], [ -99.262745890706853, 19.562262268188007, 0.0 ], [ -99.262715302423786, 19.562161371867077, 0.0 ], [ -99.262917549935295, 19.561800574414988, 0.0 ], [ -99.262973367529852, 19.561824526646284, 0.0 ], [ -99.263003729893811, 19.561786028759677, 0.0 ], [ -99.263427606013522, 19.562025376426138, 0.0 ], [ -99.263265769762995, 19.562289981372945, 0.0 ] ] ] ] } },
{ "type": "Feature", "properties": { "ETAPA": "CUARTA", "tipo": "Area Verde", "M2": 55408.92, "ha": 5.5365624377499998, "Donantes": null, "LAT": 19.561488969, "LONG_": -99.260719679000005, "Shape__Are": 62731.0097656, "Shape__Len": 1129.93291761, "Colonia": "México Nuevo", "Identifica": 454, "m2_1": 55365.6 }, "geometry": { "type": "MultiPolygon", "coordinates": [ [ [ [ -99.262749033297581, 19.561340219553554, 0.0 ], [ -99.262374954733289, 19.562056962968391, 0.0 ], [ -99.26226882558899, 19.562278225701601, 0.0 ], [ -99.262064125461123, 19.562309669499445, 0.0 ], [ -99.261812469106914, 19.562288501559895, 0.0 ], [ -99.261508128087613, 19.562231262214762, 0.0 ], [ -99.26105665680133, 19.562126168112691, 0.0 ], [ -99.260662350084758, 19.56213329097098, 0.0 ], [ -99.25966309097744, 19.562018016270848, 0.0 ], [ -99.259063697787354, 19.561955840654448, 0.0 ], [ -99.25889138730372, 19.56190737228745, 0.0 ], [ -99.258779301878121, 19.56177375071907, 0.0 ], [ -99.258520347086886, 19.561557819875851, 0.0 ], [ -99.258499558419217, 19.561240606895083, 0.0 ], [ -99.258986191071017, 19.561138968548722, 0.0 ], [ -99.259508018538867, 19.560849816683927, 0.0 ], [ -99.260217777903833, 19.560757467571651, 0.0 ], [ -99.260689327040737, 19.560737560431722, 0.0 ], [ -99.261267640527763, 19.56089053906345, 0.0 ], [ -99.261744190841, 19.560827361558864, 0.0 ], [ -99.262225858140354, 19.560793015612504, 0.0 ], [ -99.262180578720162, 19.561014189921412, 0.0 ], [ -99.262749033297581, 19.561340219553554, 0.0 ] ] ] ] } },
{ "type": "Feature", "properties": { "ETAPA": "CUARTA", "tipo": "Area Verde", "M2": 412.81, "ha": 0.04124882241, "Donantes": null, "LAT": 19.556915259, "LONG_": -99.27476209, "Shape__Are": 467.333984375, "Shape__Len": 87.910325194500004, "Colonia": "México Nuevo", "Identifica": 455, "m2_1": 412.488 }, "geometry": { "type": "MultiPolygon", "coordinates": [ [ [ [ -99.274860552877811, 19.556982153525897, 0.0 ], [ -99.274686615480476, 19.557044107537667, 0.0 ], [ -99.27466357921989, 19.556846162913246, 0.0 ], [ -99.27483903711196, 19.556788510516117, 0.0 ], [ -99.274860552877811, 19.556982153525897, 0.0 ] ] ] ] } },
{ "type": "Feature", "properties": { "ETAPA": "CUARTA", "tipo": "Area Verde", "M2": 516.99, "ha": 0.05165853008, "Donantes": null, "LAT": 19.555838036000001, "LONG_": -99.275711756999996, "Shape__Are": 585.265625, "Shape__Len": 112.836085111, "Colonia": "México Nuevo", "Identifica": 456, "m2_1": 516.585 }, "geometry": { "type": "MultiPolygon", "coordinates": [ [ [ [ -99.275885075534049, 19.555895581958904, 0.0 ], [ -99.275641833963235, 19.555982474144468, 0.0 ], [ -99.275621290301189, 19.55582869091122, 0.0 ], [ -99.275621110677648, 19.555722943651396, 0.0 ], [ -99.275615893127778, 19.555636430904801, 0.0 ], [ -99.275885075534049, 19.555895581958904, 0.0 ] ] ] ] } },
{ "type": "Feature", "properties": { "ETAPA": "SEGUNDA", "tipo": "Camellon", "M2": 274.76, "ha": 0.02745409956, "Donantes": null, "LAT": 19.554877628, "LONG_": -99.267700196999996, "Shape__Are": 311.033203125, "Shape__Len": 225.692007534, "Colonia": "México Nuevo", "Identifica": 218, "m2_1": 274.541 }, "geometry": { "type": "MultiPolygon", "coordinates": [ [ [ [ -99.267398288055361, 19.554664370795642, 0.0 ], [ -99.267479128391898, 19.554693205260389, 0.0 ], [ -99.267546201071156, 19.554737938191533, 0.0 ], [ -99.26769615025691, 19.55485119770562, 0.0 ], [ -99.267762785904864, 19.554929555421747, 0.0 ], [ -99.267804411100627, 19.555077066655937, 0.0 ], [ -99.26780253519911, 19.555432925747716, 0.0 ], [ -99.267781353212172, 19.555433891167148, 0.0 ], [ -99.267780997163143, 19.555218136295981, 0.0 ], [ -99.267778276566787, 19.555062161315895, 0.0 ], [ -99.267748587227771, 19.554982814822743, 0.0 ], [ -99.267735209697165, 19.554936601356076, 0.0 ], [ -99.267653781041346, 19.554849859501704, 0.0 ], [ -99.267516412633611, 19.554747789388522, 0.0 ], [ -99.267388216297121, 19.554680964318685, 0.0 ], [ -99.267398288055361, 19.554664370795642, 0.0 ] ] ] ] } },
{ "type": "Feature", "properties": { "ETAPA": "SEGUNDA", "tipo": "Camellon", "M2": 101.48, "ha": 0.01013981269, "Donantes": null, "LAT": 19.561838393, "LONG_": -99.266896138000007, "Shape__Are": 114.88671875, "Shape__Len": 52.697838926000003, "Colonia": "México Nuevo", "Identifica": 219, "m2_1": 101.398 }, "geometry": { "type": "MultiPolygon", "coordinates": [ [ [ [ -99.266985582631762, 19.561776268152546, 0.0 ], [ -99.266933456020737, 19.561834253575153, 0.0 ], [ -99.266889191951904, 19.561880085287982, 0.0 ], [ -99.266842458412611, 19.561922184618709, 0.0 ], [ -99.26683061383271, 19.561909593053336, 0.0 ], [ -99.266832521478008, 19.561871296010747, 0.0 ], [ -99.266854630474171, 19.561834370114912, 0.0 ], [ -99.266890541611332, 19.561802093838647, 0.0 ], [ -99.266950597659502, 19.561772583868645, 0.0 ], [ -99.266971773177687, 19.561767182022539, 0.0 ], [ -99.266981381190533, 19.561767868317318, 0.0 ], [ -99.266985582631762, 19.561776268152546, 0.0 ] ] ] ] } },
{ "type": "Feature", "properties": { "ETAPA": "CUARTA", "tipo": "Area Verde", "M2": 1223.47, "ha": 0.1222516936, "Donantes": null, "LAT": 19.555962422, "LONG_": -99.257047356000001, "Shape__Are": 1385.0605468799999, "Shape__Len": 160.98384281200001, "Colonia": "Lomas de Atizapán I", "Identifica": 340, "m2_1": 1222.52 }, "geometry": { "type": "MultiPolygon", "coordinates": [ [ [ [ -99.256900091341777, 19.556168456990505, 0.0 ], [ -99.256793806965945, 19.555949826026527, 0.0 ], [ -99.257281559943536, 19.555748282529276, 0.0 ], [ -99.257308175217133, 19.555830736234569, 0.0 ], [ -99.257096731292677, 19.556103618449953, 0.0 ], [ -99.256900091341777, 19.556168456990505, 0.0 ] ] ] ] } },
{ "type": "Feature", "properties": { "ETAPA": "CUARTA", "tipo": "Area Verde", "M2": 524.14, "ha": 0.05237286626, "Donantes": null, "LAT": 19.555860279000001, "LONG_": -99.257567682000001, "Shape__Are": 593.361328125, "Shape__Len": 123.17278715099999, "Colonia": "Lomas de Atizapán I", "Identifica": 341, "m2_1": 523.729 }, "geometry": { "type": "MultiPolygon", "coordinates": [ [ [ [ -99.257607662765608, 19.556034133860766, 0.0 ], [ -99.25747800000039, 19.555806, 0.0 ], [ -99.257379180491625, 19.555842191219202, 0.0 ], [ -99.257384151974108, 19.555779696881675, 0.0 ], [ -99.257581790868599, 19.555707314384609, 0.0 ], [ -99.257714084429196, 19.555995528311055, 0.0 ], [ -99.257607662765608, 19.556034133860766, 0.0 ] ] ] ] } },
{ "type": "Feature", "properties": { "ETAPA": "CUARTA", "tipo": "Area Verde", "M2": 1751.86, "ha": 0.17504928123, "Donantes": null, "LAT": 19.556238597, "LONG_": -99.262481953000005, "Shape__Are": 1983.234375, "Shape__Len": 202.97928891199999, "Colonia": "Lomas de Atizapán I", "Identifica": 343, "m2_1": 1750.49 }, "geometry": { "type": "MultiPolygon", "coordinates": [ [ [ [ -99.26268168413398, 19.556105303632471, 0.0 ], [ -99.262829606302731, 19.556449131773334, 0.0 ], [ -99.262141452412934, 19.556268594992329, 0.0 ], [ -99.262149254879475, 19.5560964639843, 0.0 ], [ -99.26268168413398, 19.556105303632471, 0.0 ] ] ] ] } },
{ "type": "Feature", "properties": { "ETAPA": "CUARTA", "tipo": "Area Verde", "M2": 4152.31, "ha": 0.41490688381000002, "Donantes": null, "LAT": 19.557962061000001, "LONG_": -99.258287848999998, "Shape__Are": 4700.83203125, "Shape__Len": 433.89528565799998, "Colonia": "Lomas de Atizapán I", "Identifica": 391, "m2_1": 4149.07 }, "geometry": { "type": "MultiPolygon", "coordinates": [ [ [ [ -99.257536588823015, 19.558218034572182, 0.0 ], [ -99.257450657563993, 19.558110559375155, 0.0 ], [ -99.257687482786679, 19.557935674068876, 0.0 ], [ -99.257798371810836, 19.557875739245059, 0.0 ], [ -99.257944676456006, 19.557880312410603, 0.0 ], [ -99.258085924972221, 19.557877719501846, 0.0 ], [ -99.258267531285327, 19.557875068758324, 0.0 ], [ -99.258388551383419, 19.557841420753576, 0.0 ], [ -99.258537248826116, 19.557764693940289, 0.0 ], [ -99.259043823431313, 19.557500951152264, 0.0 ], [ -99.259124683959314, 19.557591695441477, 0.0 ], [ -99.258875355826319, 19.55783355025298, 0.0 ], [ -99.258744368412593, 19.557943726817673, 0.0 ], [ -99.258759594117336, 19.558001090460113, 0.0 ], [ -99.258628476897002, 19.558029971055149, 0.0 ], [ -99.25859818564993, 19.558015668077136, 0.0 ], [ -99.258078681174254, 19.558080970043971, 0.0 ], [ -99.257788662273938, 19.558114859215646, 0.0 ], [ -99.257778572808107, 19.558114873620912, 0.0 ], [ -99.257536588823015, 19.558218034572182, 0.0 ] ] ] ] } },
{ "type": "Feature", "properties": { "ETAPA": "PRIMERA", "tipo": "Camellon", "M2": 106.14, "ha": 0.01060556397, "Donantes": null, "LAT": 19.555482428000001, "LONG_": -99.256304792999998, "Shape__Are": 120.1640625, "Shape__Len": 163.31882869699999, "Colonia": "Lomas de Atizapán I", "Identifica": 71, "m2_1": 106.056 }, "geometry": { "type": "MultiPolygon", "coordinates": [ [ [ [ -99.256625803101002, 19.555331554029383, 0.0 ], [ -99.256626961147035, 19.555331560072982, 0.0 ], [ -99.256628100653742, 19.555331755811057, 0.0 ], [ -99.256629187305279, 19.555332135348955, 0.0 ], [ -99.256630188377045, 19.5553326872569, 0.0 ], [ -99.256631073723355, 19.555333394914467, 0.0 ], [ -99.256631816681306, 19.555334237010769, 0.0 ], [ -99.256632394877428, 19.555335188186444, 0.0 ], [ -99.256632790898834, 19.555336219797049, 0.0 ], [ -99.256632992821267, 19.55533730077607, 0.0 ], [ -99.256632994561286, 19.555338398570374, 0.0 ], [ -99.256632796068615, 19.555339480119834, 0.0 ], [ -99.256632403319784, 19.555340512854404, 0.0 ], [ -99.256631828142915, 19.555341465673312, 0.0 ], [ -99.256631087858366, 19.555342309882949, 0.0 ], [ -99.256630204760512, 19.555343020060231, 0.0 ], [ -99.25662920544228, 19.55534357481827, 0.0 ], [ -99.255986095641902, 19.555632713149578, 0.0 ], [ -99.25598500523985, 19.555633096954516, 0.0 ], [ -99.255983861097931, 19.555633295442316, 0.0 ], [ -99.255982697979945, 19.555633302582613, 0.0 ], [ -99.255981551223002, 19.555633118158468, 0.0 ], [ -99.255980455668237, 19.55563274777316, 0.0 ], [ -99.255979444602659, 19.555632202679838, 0.0 ], [ -99.255978548744309, 19.555631499439937, 0.0 ], [ -99.25597779531202, 19.555630659419744, 0.0 ], [ -99.255977207196651, 19.555629708141243, 0.0 ], [ -99.255976802267568, 19.555628674506675, 0.0 ], [ -99.255976592826258, 19.55562758992064, 0.0 ], [ -99.255976585237249, 19.555626487335719, 0.0 ], [ -99.25597677972975, 19.555625400251134, 0.0 ], [ -99.255977170396307, 19.555624361695578, 0.0 ], [ -99.255977745366579, 19.555623403222977, 0.0 ], [ -99.255978487171078, 19.555622553954116, 0.0 ], [ -99.255979373271956, 19.555621839692076, 0.0 ], [ -99.255980376747615, 19.555621282138077, 0.0 ], [ -99.256623486514741, 19.555332143827204, 0.0 ], [ -99.256624231765187, 19.555331859228922, 0.0 ], [ -99.256625007716423, 19.555331661673382, 0.0 ], [ -99.256625803101002, 19.555331554029383, 0.0 ] ] ] ] } },
{ "type": "Feature", "properties": { "ETAPA": "PRIMERA", "tipo": "Camellon", "M2": 305.89, "ha": 0.03056518588, "Donantes": null, "LAT": 19.555062844999998, "LONG_": -99.257827833999997, "Shape__Are": 346.287109375, "Shape__Len": 168.90774171499999, "Colonia": "Lomas de Atizapán I", "Identifica": 73, "m2_1": 305.652 }, "geometry": { "type": "MultiPolygon", "coordinates": [ [ [ [ -99.25817602005371, 19.5550293389669, 0.0 ], [ -99.258179339622458, 19.555029491405449, 0.0 ], [ -99.258182580836547, 19.55503018796535, 0.0 ], [ -99.258185645213615, 19.555031407482495, 0.0 ], [ -99.2581884396443, 19.555033112902414, 0.0 ], [ -99.258190879222482, 19.555035252407144, 0.0 ], [ -99.258192889822794, 19.555037760989435, 0.0 ], [ -99.258194410355273, 19.555040562427845, 0.0 ], [ -99.258195394618667, 19.5550435716025, 0.0 ], [ -99.258195812707143, 19.555046697081899, 0.0 ], [ -99.258195651916807, 19.555049843900409, 0.0 ], [ -99.258194917134404, 19.555052916444357, 0.0 ], [ -99.258193630685881, 19.555055821356575, 0.0 ], [ -99.258191831656788, 19.555058470373304, 0.0 ], [ -99.258189574711508, 19.555060783005931, 0.0 ], [ -99.258186928424678, 19.555062688986762, 0.0 ], [ -99.258183973202748, 19.555064130404112, 0.0 ], [ -99.258180798837714, 19.555065063461345, 0.0 ], [ -99.258177501779883, 19.555065459808098, 0.0 ], [ -99.257886852247012, 19.555076180097235, 0.0 ], [ -99.257480256716633, 19.555099755131074, 0.0 ], [ -99.257476934362231, 19.555099672568325, 0.0 ], [ -99.257473677603713, 19.55509904437362, 0.0 ], [ -99.25747058539136, 19.555097889633291, 0.0 ], [ -99.257467751677396, 19.55509624343221, 0.0 ], [ -99.257465262558938, 19.555094155787366, 0.0 ], [ -99.257463193663355, 19.555091690128386, 0.0 ], [ -99.257461607851212, 19.555088921369698, 0.0 ], [ -99.257460553302749, 19.555085933635453, 0.0 ], [ -99.257460062060829, 19.555082817702562, 0.0 ], [ -99.25746014904918, 19.555079668243255, 0.0 ], [ -99.25746081162589, 19.555076580948555, 0.0 ], [ -99.257462029659621, 19.555073649620205, 0.0 ], [ -99.257463766141711, 19.555070963321789, 0.0 ], [ -99.257465968312218, 19.555068603671522, 0.0 ], [ -99.257468569263736, 19.555066642363354, 0.0 ], [ -99.257471489968822, 19.55506513898818, 0.0 ], [ -99.257474641687352, 19.555064139223397, 0.0 ], [ -99.257477928661601, 19.555063673445037, 0.0 ], [ -99.257884711887769, 19.555040087304921, 0.0 ], [ -99.257885135129925, 19.555040067722587, 0.0 ], [ -99.25817602005371, 19.5550293389669, 0.0 ] ] ] ] } },
{ "type": "Feature", "properties": { "ETAPA": "PRIMERA", "tipo": "Camellon", "M2": 74.84, "ha": 0.00747785261, "Donantes": null, "LAT": 19.555145091, "LONG_": -99.257083707999996, "Shape__Are": 84.71484375, "Shape__Len": 115.788776935, "Colonia": "Lomas de Atizapán I", "Identifica": 115, "m2_1": 74.7785 }, "geometry": { "type": "MultiPolygon", "coordinates": [ [ [ [ -99.257319533882068, 19.555088268580242, 0.0 ], [ -99.257320662986245, 19.555088272064935, 0.0 ], [ -99.257321775308981, 19.555088455953808, 0.0 ], [ -99.257322839004999, 19.555088814982081, 0.0 ], [ -99.257323823621448, 19.555089338871067, 0.0 ], [ -99.257324700970926, 19.555090012622781, 0.0 ], [ -99.257325445934782, 19.555090816948066, 0.0 ], [ -99.257326037186175, 19.555091728820489, 0.0 ], [ -99.257326457798953, 19.555092722133782, 0.0 ], [ -99.257326695729432, 19.555093768450849, 0.0 ], [ -99.257326744168367, 19.555094837816597, 0.0 ], [ -99.257326601727044, 19.555095899616568, 0.0 ], [ -99.257326272484548, 19.555096923452464, 0.0 ], [ -99.257325765866241, 19.555097880013093, 0.0 ], [ -99.257325096376107, 19.555098741913294, 0.0 ], [ -99.257324283181575, 19.555099484477743, 0.0 ], [ -99.257323349561602, 19.555100086447755, 0.0 ], [ -99.257322322246409, 19.555100530589648, 0.0 ], [ -99.257321230646028, 19.555100804188044, 0.0 ], [ -99.257205496904248, 19.555120058068251, 0.0 ], [ -99.257126530023996, 19.555137073458173, 0.0 ], [ -99.257008960407873, 19.555177562414421, 0.0 ], [ -99.256850088083098, 19.555243874724987, 0.0 ], [ -99.25684898668203, 19.555244229257564, 0.0 ], [ -99.256847837071135, 19.555244397114606, 0.0 ], [ -99.256846674177808, 19.555244373196548, 0.0 ], [ -99.256845533329937, 19.555244158230039, 0.0 ], [ -99.25684444918646, 19.555243758745974, 0.0 ], [ -99.256843454683136, 19.555243186880489, 0.0 ], [ -99.256842580034885, 19.555242460007072, 0.0 ], [ -99.256841851812013, 19.555241600208042, 0.0 ], [ -99.256841292139129, 19.555240633604502, 0.0 ], [ -99.256840918018682, 19.555239589561726, 0.0 ], [ -99.256840740816102, 19.555238499798126, 0.0 ], [ -99.256840765915911, 19.55523739742063, 0.0 ], [ -99.256840992554586, 19.555236315919576, 0.0 ], [ -99.256841413846459, 19.555235288151138, 0.0 ], [ -99.256842016994256, 19.555234345339198, 0.0 ], [ -99.256842783673093, 19.555233516126364, 0.0 ], [ -99.256843690590657, 19.55523282570428, 0.0 ], [ -99.25684471019558, 19.555232295047993, 0.0 ], [ -99.25700378257612, 19.555165899316393, 0.0 ], [ -99.25700386736716, 19.555165864854828, 0.0 ], [ -99.257004193209497, 19.555165743294356, 0.0 ], [ -99.257122363080796, 19.555125047441422, 0.0 ], [ -99.257122705151147, 19.555124939413293, 0.0 ], [ -99.257123162561626, 19.555124824894872, 0.0 ], [ -99.257202699326811, 19.555107686694342, 0.0 ], [ -99.257202931862935, 19.55510764027412, 0.0 ], [ -99.257203024310314, 19.555107624779367, 0.0 ], [ -99.25731892292346, 19.555088343554772, 0.0 ], [ -99.257319533882068, 19.555088268580242, 0.0 ] ] ] ] } },
{ "type": "Feature", "properties": { "ETAPA": "PRIMERA", "tipo": "Camellon", "M2": 386.65, "ha": 0.03863448755, "Donantes": null, "LAT": 19.554717097000001, "LONG_": -99.261269646000002, "Shape__Are": 437.69921875, "Shape__Len": 211.82741736599999, "Colonia": "Lomas de Atizapán I", "Identifica": 116, "m2_1": 386.345 }, "geometry": { "type": "MultiPolygon", "coordinates": [ [ [ [ -99.261691668190593, 19.554573860153731, 0.0 ], [ -99.261694840483173, 19.554573581480636, 0.0 ], [ -99.261698017439002, 19.554573807427985, 0.0 ], [ -99.261701110356441, 19.554574531687415, 0.0 ], [ -99.261704032879706, 19.554575734037289, 0.0 ], [ -99.261706703411136, 19.554577380907457, 0.0 ], [ -99.261709047389701, 19.554579426316806, 0.0 ], [ -99.261710999368646, 19.55458181315689, 0.0 ], [ -99.261712504848916, 19.554584474786392, 0.0 ], [ -99.261713521797518, 19.554587336891302, 0.0 ], [ -99.261714021820509, 19.554590319560891, 0.0 ], [ -99.261713990957091, 19.55459333951794, 0.0 ], [ -99.261713430068752, 19.554596312444048, 0.0 ], [ -99.261712354814961, 19.554599155334245, 0.0 ], [ -99.261710795218363, 19.554601788814015, 0.0 ], [ -99.261708794822994, 19.554604139355622, 0.0 ], [ -99.261706409480581, 19.554606141330954, 0.0 ], [ -99.261703705790538, 19.554607738844215, 0.0 ], [ -99.261700759241833, 19.554608887292311, 0.0 ], [ -99.261400731103365, 19.55469887554835, 0.0 ], [ -99.261100517179813, 19.554786773304077, 0.0 ], [ -99.260848086449087, 19.554855376093894, 0.0 ], [ -99.260844998086995, 19.554855958913649, 0.0 ], [ -99.260841850650706, 19.554856051909457, 0.0 ], [ -99.260838729995072, 19.554855652544347, 0.0 ], [ -99.260835721242529, 19.554854771712204, 0.0 ], [ -99.260832906464998, 19.554853433439892, 0.0 ], [ -99.26083036244151, 19.554851674231863, 0.0 ], [ -99.260828158567804, 19.554849542074994, 0.0 ], [ -99.260826354959121, 19.554847095128942, 0.0 ], [ -99.260825000812616, 19.554844400140333, 0.0 ], [ -99.260824133067899, 19.554841530621363, 0.0 ], [ -99.260823775392865, 19.554838564845056, 0.0 ], [ -99.260823937544174, 19.554835583710496, 0.0 ], [ -99.260824615099366, 19.554832668535081, 0.0 ], [ -99.260825789576586, 19.554829898837582, 0.0 ], [ -99.260827428939024, 19.554827350167976, 0.0 ], [ -99.260829488468801, 19.554825092047686, 0.0 ], [ -99.260831911986884, 19.554823186072124, 0.0 ], [ -99.26083463338631, 19.554821684231683, 0.0 ], [ -99.260837578433922, 19.55482062749255, 0.0 ], [ -99.26108964606469, 19.554752125554106, 0.0 ], [ -99.261389353001533, 19.554664374047345, 0.0 ], [ -99.261689256257142, 19.554574422139638, 0.0 ], [ -99.261691668190593, 19.554573860153731, 0.0 ] ] ] ] } },
{ "type": "Feature", "properties": { "ETAPA": "PRIMERA", "tipo": "Camellon", "M2": 606.22, "ha": 0.06057429391, "Donantes": null, "LAT": 19.554317474000001, "LONG_": -99.262477898, "Shape__Are": 686.263671875, "Shape__Len": 328.35959300500002, "Colonia": "Lomas de Atizapán I", "Identifica": 117, "m2_1": 605.743 }, "geometry": { "type": "MultiPolygon", "coordinates": [ [ [ [ -99.263139354572829, 19.554071820596373, 0.0 ], [ -99.263142483227966, 19.554071542232908, 0.0 ], [ -99.263145617622484, 19.554071754812128, 0.0 ], [ -99.263148672609475, 19.554072452559378, 0.0 ], [ -99.263151565201795, 19.554073616520672, 0.0 ], [ -99.263154216823679, 19.554075215077138, 0.0 ], [ -99.2631565554438, 19.55407720480461, 0.0 ], [ -99.263158517533256, 19.554079531652434, 0.0 ], [ -99.263160049794138, 19.554082132412635, 0.0 ], [ -99.26316111060116, 19.554084936436116, 0.0 ], [ -99.263161671140054, 19.554087867552195, 0.0 ], [ -99.263161716181543, 19.554090846137935, 0.0 ], [ -99.263161244503166, 19.554093791280987, 0.0 ], [ -99.26316026891746, 19.554096622977124, 0.0 ], [ -99.26315881592754, 19.554099264303883, 0.0 ], [ -99.2631569250008, 19.554101643510638, 0.0 ], [ -99.263154647505687, 19.554103695966692, 0.0 ], [ -99.263152045309994, 19.554105365917387, 0.0 ], [ -99.263149189100361, 19.554106607999149, 0.0 ], [ -99.262392771095747, 19.554364026941414, 0.0 ], [ -99.261821088758296, 19.554565888026133, 0.0 ], [ -99.261817885507043, 19.554566716498563, 0.0 ], [ -99.261814579212725, 19.554567005616875, 0.0 ], [ -99.261811270140811, 19.554566746613357, 0.0 ], [ -99.261808058644803, 19.554565947342518, 0.0 ], [ -99.26180504211554, 19.554564632043281, 0.0 ], [ -99.26180231203567, 19.554562840603609, 0.0 ], [ -99.261799951195769, 19.554560627351403, 0.0 ], [ -99.26179803119328, 19.554558059406421, 0.0 ], [ -99.261796610253398, 19.554555214644605, 0.0 ], [ -99.261795731469334, 19.554552179337207, 0.0 ], [ -99.261795421489467, 19.55454904553369, 0.0 ], [ -99.261795689715612, 19.554545908270605, 0.0 ], [ -99.261796528012653, 19.554542862689456, 0.0 ], [ -99.261797910958251, 19.554540001151381, 0.0 ], [ -99.261799796613644, 19.554537410436087, 0.0 ], [ -99.26180212779299, 19.55453516911038, 0.0 ], [ -99.261804833800738, 19.554533345145128, 0.0 ], [ -99.261807832573865, 19.554531993854411, 0.0 ], [ -99.262379662490147, 19.554330081086388, 0.0 ], [ -99.263136251860075, 19.554072604112452, 0.0 ], [ -99.263139354572829, 19.554071820596373, 0.0 ] ] ] ] } },
{ "type": "Feature", "properties": { "ETAPA": "PRIMERA", "tipo": "Camellon", "M2": 1014.04, "ha": 0.10132460579, "Donantes": null, "LAT": 19.554977486, "LONG_": -99.259510484000003, "Shape__Are": 1147.94921875, "Shape__Len": 544.38851708699997, "Colonia": "Lomas de Atizapán I", "Identifica": 118, "m2_1": 1013.25 }, "geometry": { "type": "MultiPolygon", "coordinates": [ [ [ [ -99.260695412891437, 19.55484947305564, 0.0 ], [ -99.26069872004183, 19.554849233632094, 0.0 ], [ -99.260702020922906, 19.554849541134598, 0.0 ], [ -99.260705215642872, 19.554850386257879, 0.0 ], [ -99.260708207524132, 19.554851743426859, 0.0 ], [ -99.260710906027299, 19.554853571571265, 0.0 ], [ -99.260713229490179, 19.554855815368111, 0.0 ], [ -99.260715107601541, 19.554858406916232, 0.0 ], [ -99.260716483525883, 19.554861267790692, 0.0 ], [ -99.260717315624547, 19.554864311416484, 0.0 ], [ -99.260717578718655, 19.554867445687957, 0.0 ], [ -99.260717264844573, 19.5548705757565, 0.0 ], [ -99.2607163835021, 19.554873606900731, 0.0 ], [ -99.260714961361174, 19.554876447392662, 0.0 ], [ -99.260713041458388, 19.554879011274217, 0.0 ], [ -99.260710681894039, 19.554881220957512, 0.0 ], [ -99.260707954072586, 19.554883009573633, 0.0 ], [ -99.260704940541913, 19.554884322995989, 0.0 ], [ -99.260701732498106, 19.554885121478005, 0.0 ], [ -99.260317559283735, 19.554945135979427, 0.0 ], [ -99.260316886391678, 19.554945229127497, 0.0 ], [ -99.260175991719208, 19.554962373066935, 0.0 ], [ -99.260174564800167, 19.554962495315799, 0.0 ], [ -99.258323348977711, 19.555054729368205, 0.0 ], [ -99.258320027526111, 19.55505461978073, 0.0 ], [ -99.258316776607558, 19.555053965111128, 0.0 ], [ -99.25831369500078, 19.555052785250989, 0.0 ], [ -99.258310876337163, 19.555051116049491, 0.0 ], [ -99.25830840625936, 19.555049008224202, 0.0 ], [ -99.258306359819926, 19.555046525819851, 0.0 ], [ -99.258304799197418, 19.555043744262292, 0.0 ], [ -99.258303771811285, 19.555040748067281, 0.0 ], [ -99.258303308877061, 19.555037628271794, 0.0 ], [ -99.258303424459726, 19.55503447966856, 0.0 ], [ -99.258304115049469, 19.55503139792561, 0.0 ], [ -99.258305359661719, 19.555028476679439, 0.0 ], [ -99.258307120480012, 19.555025804689858, 0.0 ], [ -99.258309344003536, 19.555023463143304, 0.0 ], [ -99.258311962672508, 19.55502152318595, 0.0 ], [ -99.258314896919657, 19.555020043761747, 0.0 ], [ -99.258318057590799, 19.555019069822059, 0.0 ], [ -99.258321348650554, 19.555018630959339, 0.0 ], [ -99.260171849131041, 19.554926432302626, 0.0 ], [ -99.260311684845249, 19.554909417315791, 0.0 ], [ -99.260695412891437, 19.55484947305564, 0.0 ] ] ] ] } },
{ "type": "Feature", "properties": { "ETAPA": "PRIMERA", "tipo": "Parque", "M2": 4346.15, "ha": 0.43427537941, "Donantes": null, "LAT": 19.555103343, "LONG_": -99.260717853000003, "Shape__Are": 4920.05859375, "Shape__Len": 533.68736868400003, "Colonia": "Lomas de Atizapán I", "Identifica": 161, "m2_1": 4342.75 }, "geometry": { "type": "MultiPolygon", "coordinates": [ [ [ [ -99.262257171798666, 19.55450424873564, 0.0 ], [ -99.260606519960561, 19.555307789401862, 0.0 ], [ -99.260386991645021, 19.555425094608729, 0.0 ], [ -99.260368557969244, 19.555268408368224, 0.0 ], [ -99.260256280129056, 19.55527511152291, 0.0 ], [ -99.260222764355902, 19.555261705213574, 0.0 ], [ -99.260204330680097, 19.555045528475393, 0.0 ], [ -99.260221088566709, 19.555033797954756, 0.0 ], [ -99.260309905366242, 19.555019553751048, 0.0 ], [ -99.26054451578004, 19.554985200083376, 0.0 ], [ -99.260798397763324, 19.55493827800068, 0.0 ], [ -99.260929109279303, 19.554911465381924, 0.0 ], [ -99.261108418666723, 19.554857002250323, 0.0 ], [ -99.261451117449539, 19.554755617035894, 0.0 ], [ -99.261808060435129, 19.554648366561015, 0.0 ], [ -99.262046022426446, 19.554570442388073, 0.0 ], [ -99.262257171798666, 19.55450424873564, 0.0 ] ] ] ] } },
{ "type": "Feature", "properties": { "ETAPA": "CUARTA", "tipo": "Area Verde", "M2": 2764.46, "ha": 0.27623005267, "Donantes": null, "LAT": 19.589071398000002, "LONG_": -99.265316271000003, "Shape__Are": 3130.83203125, "Shape__Len": 501.75737205899998, "Colonia": "Adolfo López Mateos Ampliacion I", "Identifica": 400, "m2_1": 2762.3 }, "geometry": { "type": "MultiPolygon", "coordinates": [ [ [ [ -99.265568667697352, 19.588924399257831, 0.0 ], [ -99.265522365051083, 19.589201322069403, 0.0 ], [ -99.265456497751984, 19.589101728888188, 0.0 ], [ -99.265427631260778, 19.589128092178459, 0.0 ], [ -99.265373907617601, 19.589295937799744, 0.0 ], [ -99.265275764716279, 19.589321496145061, 0.0 ], [ -99.265224003428528, 19.589147686319748, 0.0 ], [ -99.264981324011757, 19.589432914636433, 0.0 ], [ -99.264642405791463, 19.58965160781057, 0.0 ], [ -99.264683253494496, 19.58978686468933, 0.0 ], [ -99.264559281996796, 19.589639550592082, 0.0 ], [ -99.264758309279784, 19.589490147499507, 0.0 ], [ -99.264911245057519, 19.589357685850207, 0.0 ], [ -99.26494613661221, 19.58932586400929, 0.0 ], [ -99.265075902698953, 19.589203399587927, 0.0 ], [ -99.265190998232654, 19.589053263582187, 0.0 ], [ -99.265116153018695, 19.588974722581199, 0.0 ], [ -99.265125505428585, 19.58891025869881, 0.0 ], [ -99.265062336462833, 19.588850575241832, 0.0 ], [ -99.264945493651126, 19.588752115932202, 0.0 ], [ -99.264740371446223, 19.58866574216708, 0.0 ], [ -99.265019881257842, 19.58872369617627, 0.0 ], [ -99.265568667697352, 19.588924399257831, 0.0 ] ] ] ] } },
{ "type": "Feature", "properties": { "ETAPA": "CUARTA", "tipo": "Area Verde", "M2": 1489.79, "ha": 0.14886271193, "Donantes": null, "LAT": 19.58816122, "LONG_": -99.263887415, "Shape__Are": 1687.2089843799999, "Shape__Len": 220.950936947, "Colonia": "Adolfo López Mateos", "Identifica": 335, "m2_1": 1488.63 }, "geometry": { "type": "MultiPolygon", "coordinates": [ [ [ [ -99.263864324903039, 19.588312270442358, 0.0 ], [ -99.263692987313675, 19.588134865732552, 0.0 ], [ -99.263805456942379, 19.587979164906773, 0.0 ], [ -99.264017104778105, 19.588093743807796, 0.0 ], [ -99.264327034449494, 19.587861358006489, 0.0 ], [ -99.264470253265785, 19.587968028054757, 0.0 ], [ -99.263864324903039, 19.588312270442358, 0.0 ] ] ] ] } },
{ "type": "Feature", "properties": { "ETAPA": "CUARTA", "tipo": "Area Verde", "M2": 120.92, "ha": 0.01208279746, "Donantes": null, "LAT": 19.594469496, "LONG_": -99.275884124000001, "Shape__Are": 136.953125, "Shape__Len": 47.787145157799998, "Colonia": "Tierra de Enmedio", "Identifica": 393, "m2_1": 120.828 }, "geometry": { "type": "MultiPolygon", "coordinates": [ [ [ [ -99.275965722619617, 19.59446603751913, 0.0 ], [ -99.275847267181064, 19.59453795027731, 0.0 ], [ -99.275814383561396, 19.594487788570021, 0.0 ], [ -99.2758219197637, 19.594468648649929, 0.0 ], [ -99.275900012397202, 19.594399188735583, 0.0 ], [ -99.275965722619617, 19.59446603751913, 0.0 ] ] ] ] } },
{ "type": "Feature", "properties": { "ETAPA": "CUARTA", "tipo": "Area Verde", "M2": 548.6, "ha": 0.05481711792, "Donantes": null, "LAT": 19.571627839000001, "LONG_": -99.237747189000004, "Shape__Are": 621.173828125, "Shape__Len": 148.03836588799999, "Colonia": "San Juan Bosco", "Identifica": 315, "m2_1": 548.171 }, "geometry": { "type": "MultiPolygon", "coordinates": [ [ [ [ -99.23774250800578, 19.571876678761726, 0.0 ], [ -99.237565762417319, 19.571764531710642, 0.0 ], [ -99.237850358225089, 19.571453318965027, 0.0 ], [ -99.23792867042846, 19.571529729654149, 0.0 ], [ -99.237689333913224, 19.571740458377949, 0.0 ], [ -99.237808067141415, 19.571857463891813, 0.0 ], [ -99.23774250800578, 19.571876678761726, 0.0 ] ] ] ] } },
{ "type": "Feature", "properties": { "ETAPA": "CUARTA", "tipo": "Area Verde", "M2": 541.64, "ha": 0.05412157409, "Donantes": null, "LAT": 19.573301377, "LONG_": -99.251828928999998, "Shape__Are": 613.3046875, "Shape__Len": 101.236846738, "Colonia": "Lomas Lindas 1ra. Sección", "Identifica": 285, "m2_1": 541.216 }, "geometry": { "type": "MultiPolygon", "coordinates": [ [ [ [ -99.251720939360524, 19.573416388511216, 0.0 ], [ -99.251754860484951, 19.573167671145058, 0.0 ], [ -99.25194660644469, 19.573186531674374, 0.0 ], [ -99.25188848487538, 19.573444846115425, 0.0 ], [ -99.251720939360524, 19.573416388511216, 0.0 ] ] ] ] } },
{ "type": "Feature", "properties": { "ETAPA": "CUARTA", "tipo": "Area Verde", "M2": 415.44, "ha": 0.04151186478, "Donantes": null, "LAT": 19.571126516, "LONG_": -99.250355045999996, "Shape__Are": 470.396484375, "Shape__Len": 107.975056209, "Colonia": "Lomas Lindas 1ra. Sección", "Identifica": 401, "m2_1": 415.119 }, "geometry": { "type": "MultiPolygon", "coordinates": [ [ [ [ -99.250638902917075, 19.571169744552638, 0.0 ], [ -99.25053296047686, 19.571173478259418, 0.0 ], [ -99.250396769335552, 19.571191600232257, 0.0 ], [ -99.25027954728121, 19.571241975086039, 0.0 ], [ -99.250260506189761, 19.571163096558273, 0.0 ], [ -99.250279331347755, 19.571102098452823, 0.0 ], [ -99.250317053608882, 19.571026727780264, 0.0 ], [ -99.250638902917075, 19.571169744552638, 0.0 ] ] ] ] } },
{ "type": "Feature", "properties": { "ETAPA": "SEGUNDA", "tipo": "Camellon", "M2": 814.91, "ha": 0.08142691367, "Donantes": null, "LAT": 19.5725441, "LONG_": -99.25579033, "Shape__Are": 922.728515625, "Shape__Len": 554.37427771, "Colonia": "El Pedregal de Atizapán", "Identifica": 276, "m2_1": 814.269 }, "geometry": { "type": "MultiPolygon", "coordinates": [ [ [ [ -99.256560029068538, 19.573717879911978, 0.0 ], [ -99.256545015662596, 19.573717189789424, 0.0 ], [ -99.256410904995292, 19.573509575315644, 0.0 ], [ -99.256409159687252, 19.573506957876621, 0.0 ], [ -99.256412370893102, 19.573501867692524, 0.0 ], [ -99.256419016003434, 19.573497888728429, 0.0 ], [ -99.256440084492752, 19.573506434038482, 0.0 ], [ -99.256445401810467, 19.57351466331578, 0.0 ], [ -99.256571574285744, 19.573698812305945, 0.0 ], [ -99.256569131381966, 19.573709927927951, 0.0 ], [ -99.256560029068538, 19.573717879911978, 0.0 ] ] ], [ [ [ -99.256806221578088, 19.574122058026362, 0.0 ], [ -99.256765036868487, 19.574057799531147, 0.0 ], [ -99.256614518132878, 19.573824785143557, 0.0 ], [ -99.256616594335355, 19.573813534963804, 0.0 ], [ -99.256622989777796, 19.573807454836533, 0.0 ], [ -99.256645657320433, 19.573807076047789, 0.0 ], [ -99.2567021980866, 19.573889768085106, 0.0 ], [ -99.256834974586852, 19.574095939201413, 0.0 ], [ -99.256821547994733, 19.574119129914891, 0.0 ], [ -99.256806221578088, 19.574122058026362, 0.0 ] ] ], [ [ [ -99.256844735849626, 19.574138711007588, 0.0 ], [ -99.256861554028447, 19.574137210834412, 0.0 ], [ -99.257018302933545, 19.574380604571914, 0.0 ], [ -99.257003553087046, 19.574400239681744, 0.0 ], [ -99.256984831293764, 19.574400733351119, 0.0 ], [ -99.25682769728806, 19.574155565506167, 0.0 ], [ -99.256831940515355, 19.574148069269288, 0.0 ], [ -99.256844735849626, 19.574138711007588, 0.0 ] ] ], [ [ [ -99.255966140193067, 19.572818342686297, 0.0 ], [ -99.255956285218076, 19.572817656162346, 0.0 ], [ -99.255946838354006, 19.572813610589176, 0.0 ], [ -99.255835057756471, 19.572645971174573, 0.0 ], [ -99.255604398023692, 19.572283437126234, 0.0 ], [ -99.255633445487632, 19.572269852904043, 0.0 ], [ -99.255845824772976, 19.572600189664879, 0.0 ], [ -99.255973310863695, 19.572799327480343, 0.0 ], [ -99.255971546916555, 19.572810162473118, 0.0 ], [ -99.255966140193067, 19.572818342686297, 0.0 ] ] ], [ [ [ -99.256185435211677, 19.573159176757873, 0.0 ], [ -99.256176958054695, 19.573158723993011, 0.0 ], [ -99.255995557814174, 19.572886675924863, 0.0 ], [ -99.255997023137084, 19.572875039673441, 0.0 ], [ -99.256004894804434, 19.57286778996707, 0.0 ], [ -99.256019551205497, 19.572871556394912, 0.0 ], [ -99.256193063855065, 19.57314258809545, 0.0 ], [ -99.25619134127264, 19.573155198851314, 0.0 ], [ -99.256185435211677, 19.573159176757873, 0.0 ] ] ], [ [ [ -99.256408136814244, 19.5734726860581, 0.0 ], [ -99.256399274943831, 19.573476901673082, 0.0 ], [ -99.256389839358121, 19.573477983157588, 0.0 ], [ -99.25620361655244, 19.573198703960035, 0.0 ], [ -99.256206424179382, 19.573190436119816, 0.0 ], [ -99.256212084631088, 19.573186925563949, 0.0 ], [ -99.25622258648292, 19.57318865474738, 0.0 ], [ -99.256398974674781, 19.573442810922764, 0.0 ], [ -99.256412590910259, 19.573463883933279, 0.0 ], [ -99.256408136814244, 19.5734726860581, 0.0 ] ] ] ] } },
{ "type": "Feature", "properties": { "ETAPA": "TERCERA", "tipo": "Camellon", "M2": 5220.48, "ha": 0.52163875233000001, "Donantes": null, "LAT": 19.592255565, "LONG_": -99.256681514999997, "Shape__Are": 5910.65625, "Shape__Len": 1925.01721651, "Colonia": "Primero de Septiembre", "Identifica": 74, "m2_1": 5216.39 }, "geometry": { "type": "MultiPolygon", "coordinates": [ [ [ [ -99.259226189553871, 19.590812592988097, 0.0 ], [ -99.259306508454316, 19.590795637132832, 0.0 ], [ -99.259520281580023, 19.590679745632176, 0.0 ], [ -99.25986498736988, 19.590491171789004, 0.0 ], [ -99.260559726702112, 19.590102354656914, 0.0 ], [ -99.260621149721146, 19.590046501708706, 0.0 ], [ -99.260726950874357, 19.5899794317382, 0.0 ], [ -99.262375922557453, 19.589087601193896, 0.0 ], [ -99.262381973537401, 19.589108250480752, 0.0 ], [ -99.255989077918414, 19.592693267828842, 0.0 ], [ -99.25478035986518, 19.592699650071879, 0.0 ], [ -99.254783788569327, 19.592686569184899, 0.0 ], [ -99.255395746956935, 19.592659084224117, 0.0 ], [ -99.255693828359966, 19.592636712639873, 0.0 ], [ -99.255813558666887, 19.592630938771979, 0.0 ], [ -99.255968219851383, 19.592590557126226, 0.0 ], [ -99.256047986860139, 19.592553083739823, 0.0 ], [ -99.259226189553871, 19.590812592988097, 0.0 ] ] ] ] } },
{ "type": "Feature", "properties": { "ETAPA": "CUARTA", "tipo": "Area Verde", "M2": 2031.69, "ha": 0.20300997494, "Donantes": null, "LAT": 19.586597819000001, "LONG_": -99.259140623999997, "Shape__Are": 2300.875, "Shape__Len": 201.85336905, "Colonia": "Hogares de Atizapán", "Identifica": 289, "m2_1": 2030.1 }, "geometry": { "type": "MultiPolygon", "coordinates": [ [ [ [ -99.259015525391362, 19.586888224933958, 0.0 ], [ -99.258833654023107, 19.586745023713213, 0.0 ], [ -99.258851212852974, 19.586682830842761, 0.0 ], [ -99.259218932467107, 19.586299733394931, 0.0 ], [ -99.259463945708774, 19.586488275121578, 0.0 ], [ -99.259401033405211, 19.58658639902297, 0.0 ], [ -99.259290159605726, 19.586667853722059, 0.0 ], [ -99.259189312619085, 19.586708646595575, 0.0 ], [ -99.259138986354955, 19.586790014166954, 0.0 ], [ -99.259076050792174, 19.586873791476911, 0.0 ], [ -99.259015525391362, 19.586888224933958, 0.0 ] ] ] ] } },
{ "type": "Feature", "properties": { "ETAPA": "CUARTA", "tipo": "Area Verde", "M2": 1980.44, "ha": 0.19788872162000001, "Donantes": null, "LAT": 19.586798237, "LONG_": -99.259356308999998, "Shape__Are": 2242.8359375, "Shape__Len": 205.24372771099999, "Colonia": "Hogares de Atizapán", "Identifica": 319, "m2_1": 1978.89 }, "geometry": { "type": "MultiPolygon", "coordinates": [ [ [ [ -99.259372229742155, 19.587024051920515, 0.0 ], [ -99.259318720381373, 19.587086894022665, 0.0 ], [ -99.259015525391362, 19.586888224933958, 0.0 ], [ -99.259076050792174, 19.586873791476911, 0.0 ], [ -99.259189312619085, 19.586708646595696, 0.0 ], [ -99.259290159605726, 19.586667853722059, 0.0 ], [ -99.259401033405211, 19.586586399023101, 0.0 ], [ -99.259463945708774, 19.586488275121578, 0.0 ], [ -99.259658649098483, 19.58667992583225, 0.0 ], [ -99.259372229742155, 19.587024051920515, 0.0 ] ] ] ] } },
{ "type": "Feature", "properties": { "ETAPA": "CUARTA", "tipo": "Area Verde", "M2": 1093.3, "ha": 0.10924410356, "Donantes": null, "LAT": 19.590981016000001, "LONG_": -99.260321786999995, "Shape__Are": 1238.21875, "Shape__Len": 163.10033235099999, "Colonia": "Hogares de Atizapán", "Identifica": 432, "m2_1": 1092.44 }, "geometry": { "type": "MultiPolygon", "coordinates": [ [ [ [ -99.260472199234741, 19.590928631679244, 0.0 ], [ -99.260522655892032, 19.591023998639979, 0.0 ], [ -99.260280753749754, 19.591159114629704, 0.0 ], [ -99.260220802242173, 19.591068800550723, 0.0 ], [ -99.260121542212119, 19.591124529796804, 0.0 ], [ -99.260053496933224, 19.591011947502345, 0.0 ], [ -99.260467680270466, 19.590776739885744, 0.0 ], [ -99.26054082289663, 19.590891148878629, 0.0 ], [ -99.260472199234741, 19.590928631679244, 0.0 ] ] ] ] } },
{ "type": "Feature", "properties": { "ETAPA": "CUARTA", "tipo": "Area Verde", "M2": 217.57, "ha": 0.02173971607, "Donantes": null, "LAT": 19.589936836, "LONG_": -99.258757931999995, "Shape__Are": 246.404296875, "Shape__Len": 65.767468144099993, "Colonia": "Hogares de Atizapán", "Identifica": 433, "m2_1": 217.397 }, "geometry": { "type": "MultiPolygon", "coordinates": [ [ [ [ -99.258767131689524, 19.590039268171662, 0.0 ], [ -99.258662824909862, 19.58988997705784, 0.0 ], [ -99.258751034313534, 19.589833062995968, 0.0 ], [ -99.258852197111892, 19.589988336204136, 0.0 ], [ -99.258767131689524, 19.590039268171662, 0.0 ] ] ] ] } },
{ "type": "Feature", "properties": { "ETAPA": "CUARTA", "tipo": "Area Verde", "M2": 5906.39, "ha": 0.59017717252000002, "Donantes": null, "LAT": 19.587256503, "LONG_": -99.261147684999997, "Shape__Are": 6689.0078125, "Shape__Len": 331.805719635, "Colonia": "Hogares de Atizapán", "Identifica": 434, "m2_1": 5901.77 }, "geometry": { "type": "MultiPolygon", "coordinates": [ [ [ [ -99.261698015958544, 19.587311364481771, 0.0 ], [ -99.26125501352881, 19.587730333447713, 0.0 ], [ -99.260612283643894, 19.587218058919145, 0.0 ], [ -99.261016285411969, 19.586773036164804, 0.0 ], [ -99.261698015958544, 19.587311364481771, 0.0 ] ] ] ] } },
{ "type": "Feature", "properties": { "ETAPA": "TERCERA", "tipo": "Camellon", "M2": 2271.95, "ha": 0.22701704097, "Donantes": null, "LAT": 19.592721665, "LONG_": -99.258546068000001, "Shape__Are": 2573.16015625, "Shape__Len": 707.140263936, "Colonia": "Hogares de Atizapán", "Identifica": 196, "m2_1": 2270.17 }, "geometry": { "type": "MultiPolygon", "coordinates": [ [ [ [ -99.259270574735325, 19.592526873145395, 0.0 ], [ -99.259295089093769, 19.592534521471659, 0.0 ], [ -99.259313756221943, 19.592551412541319, 0.0 ], [ -99.259324576927156, 19.592583587171124, 0.0 ], [ -99.25931583780978, 19.592616325228629, 0.0 ], [ -99.259288871007485, 19.592638397719252, 0.0 ], [ -99.259238914792618, 19.592651595617113, 0.0 ], [ -99.259202817442798, 19.592656243751726, 0.0 ], [ -99.258866239040131, 19.592705030264455, 0.0 ], [ -99.258744730645645, 19.592718242414946, 0.0 ], [ -99.258704215925647, 19.592724339099345, 0.0 ], [ -99.258664408273191, 19.59273373237183, 0.0 ], [ -99.258625606028687, 19.592746349508467, 0.0 ], [ -99.258576440919668, 19.592762680355722, 0.0 ], [ -99.258526145105691, 19.592775554340466, 0.0 ], [ -99.258348775323853, 19.592800660318641, 0.0 ], [ -99.257502528548628, 19.592819070883575, 0.0 ], [ -99.256665338336589, 19.592819797714093, 0.0 ], [ -99.256210031907003, 19.592819511345322, 0.0 ], [ -99.256269104774248, 19.592783001272789, 0.0 ], [ -99.256697140579618, 19.592789587159896, 0.0 ], [ -99.257366453413979, 19.592772098049892, 0.0 ], [ -99.257751278002161, 19.592761274247358, 0.0 ], [ -99.25792423020809, 19.592758224886975, 0.0 ], [ -99.258080411651036, 19.592744458337467, 0.0 ], [ -99.258195697466803, 19.592732618232095, 0.0 ], [ -99.258354200370221, 19.592704064897166, 0.0 ], [ -99.258415056941232, 19.592695175912986, 0.0 ], [ -99.258516486306604, 19.592677947502828, 0.0 ], [ -99.258568542919122, 19.592669029213752, 0.0 ], [ -99.258718247351624, 19.59263965104881, 0.0 ], [ -99.259244831045862, 19.592528615754059, 0.0 ], [ -99.259270574735325, 19.592526873145395, 0.0 ] ] ] ] } },
{ "type": "Feature", "properties": { "ETAPA": "TERCERA", "tipo": "Camellon", "M2": 25774.22, "ha": 2.5754081756499998, "Donantes": null, "LAT": 19.590958289, "LONG_": -99.259755178000006, "Shape__Are": 29193.0351562, "Shape__Len": 2953.36420279, "Colonia": "Hogares de Atizapán", "Identifica": 132, "m2_1": 25754.1 }, "geometry": { "type": "MultiPolygon", "coordinates": [ [ [ [ -99.255076061089298, 19.59342419803944, 0.0 ], [ -99.25601025714839, 19.592909720594562, 0.0 ], [ -99.256327574213458, 19.592910794256543, 0.0 ], [ -99.256335157580864, 19.592945041043993, 0.0 ], [ -99.255070081762597, 19.593632045518223, 0.0 ], [ -99.254446065336538, 19.593970914045137, 0.0 ], [ -99.253581026296956, 19.594440663122839, 0.0 ], [ -99.253548762729523, 19.594458183407063, 0.0 ], [ -99.25351649820179, 19.594475703686982, 0.0 ], [ -99.253352427754024, 19.594564799068213, 0.0 ], [ -99.253318723592486, 19.594583102135452, 0.0 ], [ -99.2531777597775, 19.594659649505793, 0.0 ], [ -99.25309981879937, 19.594701973626385, 0.0 ], [ -99.25282205339569, 19.594847770100845, 0.0 ], [ -99.251760119360981, 19.59543536821527, 0.0 ], [ -99.251343615068038, 19.595898016343988, 0.0 ], [ -99.251250610467252, 19.595691396851294, 0.0 ], [ -99.251444150960921, 19.595530448611836, 0.0 ], [ -99.25164133799926, 19.59537352558992, 0.0 ], [ -99.251842079209482, 19.595220703814004, 0.0 ], [ -99.251965453895252, 19.595131256405008, 0.0 ], [ -99.252091210370594, 19.595044839312227, 0.0 ], [ -99.252223565193603, 19.594958968677243, 0.0 ], [ -99.25235844573335, 19.594876702895792, 0.0 ], [ -99.252476029610193, 19.594809081345684, 0.0 ], [ -99.252595319750739, 19.59474419916317, 0.0 ], [ -99.252754780248395, 19.59465990326731, 0.0 ], [ -99.254057142139089, 19.593966612392119, 0.0 ], [ -99.25496488719233, 19.59348338066162, 0.0 ], [ -99.255076061089298, 19.59342419803944, 0.0 ] ] ], [ [ [ -99.256448745088434, 19.592690256918026, 0.0 ], [ -99.262536901103758, 19.589320435775942, 0.0 ], [ -99.262665487024293, 19.589451040835481, 0.0 ], [ -99.260656116681275, 19.590585462589047, 0.0 ], [ -99.259012170497286, 19.591457752824983, 0.0 ], [ -99.258020239664546, 19.591986400026492, 0.0 ], [ -99.25740244013717, 19.59232997931548, 0.0 ], [ -99.256782517654528, 19.592685726252327, 0.0 ], [ -99.256448745088434, 19.592690256918026, 0.0 ] ] ] ] } },
{ "type": "Feature", "properties": { "ETAPA": "CUARTA", "tipo": "Area Verde", "M2": 411.01, "ha": 0.04106885642, "Donantes": null, "LAT": 19.579209854999998, "LONG_": -99.245475286000001, "Shape__Are": 465.42578125, "Shape__Len": 86.369317537200004, "Colonia": "Ampliación Profesor Cristobal Higuera", "Identifica": 291, "m2_1": 410.689 }, "geometry": { "type": "MultiPolygon", "coordinates": [ [ [ [ -99.245552162618836, 19.579104502760892, 0.0 ], [ -99.245587241529719, 19.57927948218553, 0.0 ], [ -99.245401131413246, 19.579322772866508, 0.0 ], [ -99.245366026047861, 19.579130580355876, 0.0 ], [ -99.245552162618836, 19.579104502760892, 0.0 ] ] ] ] } },
{ "type": "Feature", "properties": { "ETAPA": "CUARTA", "tipo": "Area Verde", "M2": 822.38, "ha": 0.08217317342, "Donantes": null, "LAT": 19.576117791000001, "LONG_": -99.24308903, "Shape__Are": 931.216796875, "Shape__Len": 132.70390316500001, "Colonia": "Ampliación Profesor Cristobal Higuera", "Identifica": 370, "m2_1": 821.732 }, "geometry": { "type": "MultiPolygon", "coordinates": [ [ [ [ -99.243261079014459, 19.576268655355904, 0.0 ], [ -99.242908975583902, 19.576140012625221, 0.0 ], [ -99.242855892457484, 19.576068352336648, 0.0 ], [ -99.242893651565723, 19.576014502690011, 0.0 ], [ -99.242957909195269, 19.575967790527933, 0.0 ], [ -99.24318131951739, 19.576071500569331, 0.0 ], [ -99.243328980615956, 19.57612868687454, 0.0 ], [ -99.243261079014459, 19.576268655355904, 0.0 ] ] ] ] } },
{ "type": "Feature", "properties": { "ETAPA": "CUARTA", "tipo": "Area Verde", "M2": 6691.0, "ha": 0.66857623879000005, "Donantes": null, "LAT": 19.584113732, "LONG_": -99.251862051000003, "Shape__Are": 7577.296875, "Shape__Len": 387.74822246299999, "Colonia": "Las Águilas", "Identifica": 379, "m2_1": 6685.76 }, "geometry": { "type": "MultiPolygon", "coordinates": [ [ [ [ -99.252405264986294, 19.584481321594367, 0.0 ], [ -99.251984741814042, 19.584746278030849, 0.0 ], [ -99.251791531487228, 19.584429305820649, 0.0 ], [ -99.251588178947259, 19.584112347533615, 0.0 ], [ -99.251405225001349, 19.583867461042104, 0.0 ], [ -99.251343986936462, 19.583622404769425, 0.0 ], [ -99.251764799587178, 19.583544910652979, 0.0 ], [ -99.252405264986294, 19.584481321594367, 0.0 ] ] ] ] } },
{ "type": "Feature", "properties": { "ETAPA": "CUARTA", "tipo": "Area Verde", "M2": 734.86, "ha": 0.07342828376, "Donantes": null, "LAT": 19.58331879, "LONG_": -99.250122749, "Shape__Are": 832.185546875, "Shape__Len": 128.25810441300001, "Colonia": "Las Águilas", "Identifica": 403, "m2_1": 734.283 }, "geometry": { "type": "MultiPolygon", "coordinates": [ [ [ [ -99.250012837619792, 19.583159688231099, 0.0 ], [ -99.250063292774215, 19.583159618282949, 0.0 ], [ -99.250107468717388, 19.583177489944902, 0.0 ], [ -99.25017695532523, 19.583249125237707, 0.0 ], [ -99.250347449386666, 19.583383385531267, 0.0 ], [ -99.250334927943257, 19.583443179297358, 0.0 ], [ -99.250196125256622, 19.583410494890359, 0.0 ], [ -99.250054215302768, 19.583407702877668, 0.0 ], [ -99.249946997934842, 19.583407851496904, 0.0 ], [ -99.250012837619792, 19.583159688231099, 0.0 ] ] ] ] } },
{ "type": "Feature", "properties": { "ETAPA": "CUARTA", "tipo": "Area Verde", "M2": 1819.8, "ha": 0.18183746007000001, "Donantes": null, "LAT": 19.579858337000001, "LONG_": -99.252159731000006, "Shape__Are": 2060.7421875, "Shape__Len": 200.165417746, "Colonia": "Las Águilas", "Identifica": 437, "m2_1": 1818.37 }, "geometry": { "type": "MultiPolygon", "coordinates": [ [ [ [ -99.252055397359129, 19.579521072689715, 0.0 ], [ -99.252258647660028, 19.579775543696002, 0.0 ], [ -99.252406016321032, 19.579967605559816, 0.0 ], [ -99.252411252395106, 19.5800733456378, 0.0 ], [ -99.252162905328461, 19.580169826987728, 0.0 ], [ -99.252127218814138, 19.580049709365667, 0.0 ], [ -99.251893323578784, 19.579655886701211, 0.0 ], [ -99.252055397359129, 19.579521072689715, 0.0 ] ] ] ] } },
{ "type": "Feature", "properties": { "ETAPA": "CUARTA", "tipo": "Area Verde", "M2": 377.06, "ha": 0.03767648665, "Donantes": null, "LAT": 19.580550507000002, "LONG_": -99.249046183000004, "Shape__Are": 426.986328125, "Shape__Len": 96.044466405099996, "Colonia": "Las Águilas", "Identifica": 438, "m2_1": 376.765 }, "geometry": { "type": "MultiPolygon", "coordinates": [ [ [ [ -99.249226629549881, 19.580596883152914, 0.0 ], [ -99.248901254016417, 19.580633198273997, 0.0 ], [ -99.24901066709505, 19.580421438772547, 0.0 ], [ -99.249226629549881, 19.580596883152914, 0.0 ] ] ] ] } },
{ "type": "Feature", "properties": { "ETAPA": "CUARTA", "tipo": "Area Verde", "M2": 2129.84, "ha": 0.21281754593, "Donantes": null, "LAT": 19.580615945000002, "LONG_": -99.244100883000002, "Shape__Are": 2411.8613281200001, "Shape__Len": 184.72478428599999, "Colonia": "Cinco de Mayo", "Identifica": 339, "m2_1": 2128.18 }, "geometry": { "type": "MultiPolygon", "coordinates": [ [ [ [ -99.244338007021852, 19.580525271574366, 0.0 ], [ -99.244330788585131, 19.580757213882258, 0.0 ], [ -99.24426528793785, 19.580817079019532, 0.0 ], [ -99.244204803861365, 19.580857808885554, 0.0 ], [ -99.244116544577821, 19.580881838925002, 0.0 ], [ -99.244045872310622, 19.580858023987602, 0.0 ], [ -99.243990296796781, 19.580807886974689, 0.0 ], [ -99.243911937642068, 19.580705177499453, 0.0 ], [ -99.243836004159576, 19.580537906167248, 0.0 ], [ -99.244009751257806, 19.580324867128645, 0.0 ], [ -99.244338007021852, 19.580525271574366, 0.0 ] ] ] ] } },
{ "type": "Feature", "properties": { "ETAPA": "CUARTA", "tipo": "Area Verde", "M2": 1220.13, "ha": 0.12191742154, "Donantes": null, "LAT": 19.580209226000001, "LONG_": -99.242883875000004, "Shape__Are": 1381.6855468799999, "Shape__Len": 209.04195274099999, "Colonia": "Cinco de Mayo", "Identifica": 402, "m2_1": 1219.17 }, "geometry": { "type": "MultiPolygon", "coordinates": [ [ [ [ -99.243057041114753, 19.580000227639772, 0.0 ], [ -99.242975209896912, 19.580104946644383, 0.0 ], [ -99.242943868683653, 19.58023350818987, 0.0 ], [ -99.242922018969992, 19.580382978697607, 0.0 ], [ -99.242928706624582, 19.580637019522943, 0.0 ], [ -99.24281825701496, 19.580583369452594, 0.0 ], [ -99.242827605238645, 19.580508636329263, 0.0 ], [ -99.242805294098119, 19.580350258818644, 0.0 ], [ -99.242776703088808, 19.580209822684331, 0.0 ], [ -99.242814342251251, 19.580075275045289, 0.0 ], [ -99.242804590992122, 19.579881014757671, 0.0 ], [ -99.242839269269737, 19.57987499043217, 0.0 ], [ -99.243057041114753, 19.580000227639772, 0.0 ] ] ] ] } },
{ "type": "Feature", "properties": { "ETAPA": "CUARTA", "tipo": "Area Verde", "M2": 232.84, "ha": 0.02326558759, "Donantes": null, "LAT": 19.589188408999998, "LONG_": -99.250137433000006, "Shape__Are": 263.6953125, "Shape__Len": 80.925912854000003, "Colonia": "México 86", "Identifica": 293, "m2_1": 232.656 }, "geometry": { "type": "MultiPolygon", "coordinates": [ [ [ [ -99.250242553553775, 19.589089110644821, 0.0 ], [ -99.25022045148809, 19.589154177751528, 0.0 ], [ -99.250057242578535, 19.589330384778702, 0.0 ], [ -99.250024910608005, 19.589303651658394, 0.0 ], [ -99.250163813571774, 19.589072004637959, 0.0 ], [ -99.250242553553775, 19.589089110644821, 0.0 ] ] ] ] } },
{ "type": "Feature", "properties": { "ETAPA": "CUARTA", "tipo": "Area Verde", "M2": 1473.82, "ha": 0.14726641748, "Donantes": null, "LAT": 19.589966797, "LONG_": -99.247225938, "Shape__Are": 1669.1621093799999, "Shape__Len": 188.58704163199999, "Colonia": "México 86", "Identifica": 325, "m2_1": 1472.66 }, "geometry": { "type": "MultiPolygon", "coordinates": [ [ [ [ -99.247261296338777, 19.59028075639047, 0.0 ], [ -99.247134247572205, 19.590112696204628, 0.0 ], [ -99.247032682066248, 19.590026314851368, 0.0 ], [ -99.24721965898874, 19.589583842502407, 0.0 ], [ -99.247341863320628, 19.589900916876704, 0.0 ], [ -99.247402899583491, 19.590016193850413, 0.0 ], [ -99.247281597744973, 19.590290341941174, 0.0 ], [ -99.247261296338777, 19.59028075639047, 0.0 ] ] ] ] } },
{ "type": "Feature", "properties": { "ETAPA": "CUARTA", "tipo": "Area Verde", "M2": 2378.27, "ha": 0.23764055456, "Donantes": null, "LAT": 19.590661882, "LONG_": -99.247777584999994, "Shape__Are": 2693.51171875, "Shape__Len": 211.829719017, "Colonia": "México 86", "Identifica": 366, "m2_1": 2376.41 }, "geometry": { "type": "MultiPolygon", "coordinates": [ [ [ [ -99.247897901447104, 19.590354778765583, 0.0 ], [ -99.247999975499226, 19.590772820936625, 0.0 ], [ -99.24793937269591, 19.590941138635866, 0.0 ], [ -99.247701068848073, 19.59098472644704, 0.0 ], [ -99.247543155397565, 19.590533113911423, 0.0 ], [ -99.247497385313054, 19.590451462912313, 0.0 ], [ -99.247897901447104, 19.590354778765583, 0.0 ] ] ] ] } },
{ "type": "Feature", "properties": { "ETAPA": "CUARTA", "tipo": "Area Verde", "M2": 5232.69, "ha": 0.52285906402000004, "Donantes": null, "LAT": 19.592841771, "LONG_": -99.246680498000003, "Shape__Are": 5926.4511718800004, "Shape__Len": 380.76708824500002, "Colonia": "México 86", "Identifica": 417, "m2_1": 5228.59 }, "geometry": { "type": "MultiPolygon", "coordinates": [ [ [ [ -99.246614999404727, 19.592316022731293, 0.0 ], [ -99.247141822632869, 19.593297388264009, 0.0 ], [ -99.246812795269918, 19.593437715638341, 0.0 ], [ -99.246321320697007, 19.592633666107151, 0.0 ], [ -99.246392193634335, 19.592547048745644, 0.0 ], [ -99.246183835223505, 19.592273351745401, 0.0 ], [ -99.246614999404727, 19.592316022731293, 0.0 ] ] ] ] } },
{ "type": "Feature", "properties": { "ETAPA": "CUARTA", "tipo": "Area Verde", "M2": 3710.95, "ha": 0.37080413674000001, "Donantes": null, "LAT": 19.589151048000002, "LONG_": -99.246539784999996, "Shape__Are": 4202.76953125, "Shape__Len": 396.169630117, "Colonia": "México 86", "Identifica": 447, "m2_1": 3708.04 }, "geometry": { "type": "MultiPolygon", "coordinates": [ [ [ [ -99.246989731040642, 19.589875105986568, 0.0 ], [ -99.246877824599892, 19.589658957897161, 0.0 ], [ -99.246725301279156, 19.589414025131752, 0.0 ], [ -99.24646634697126, 19.589217304707567, 0.0 ], [ -99.246116111023127, 19.589025515215486, 0.0 ], [ -99.245953548371531, 19.588847889229502, 0.0 ], [ -99.246044560377868, 19.588665110562697, 0.0 ], [ -99.246476102586271, 19.588962536426472, 0.0 ], [ -99.246572617433998, 19.589063345110606, 0.0 ], [ -99.246917892264364, 19.589327240956013, 0.0 ], [ -99.246983955682779, 19.589413671018846, 0.0 ], [ -99.247126270058189, 19.589615357284639, 0.0 ], [ -99.246989731040642, 19.589875105986568, 0.0 ] ] ] ] } },
{ "type": "Feature", "properties": { "ETAPA": "CUARTA", "tipo": "Area Verde", "M2": 1162.16, "ha": 0.1161245392, "Donantes": null, "LAT": 19.591089486000001, "LONG_": -99.246956632000007, "Shape__Are": 1316.2089843799999, "Shape__Len": 146.75063747199999, "Colonia": "México 86", "Identifica": 448, "m2_1": 1161.25 }, "geometry": { "type": "MultiPolygon", "coordinates": [ [ [ [ -99.247163272244137, 19.59114906814947, 0.0 ], [ -99.246834260176769, 19.591296568695288, 0.0 ], [ -99.24675059511388, 19.591027689655093, 0.0 ], [ -99.247079612188401, 19.590883775836023, 0.0 ], [ -99.247163272244137, 19.59114906814947, 0.0 ] ] ] ] } },
{ "type": "Feature", "properties": { "ETAPA": "PRIMERA", "tipo": "Camellon", "M2": 471.71, "ha": 0.04713405589, "Donantes": null, "LAT": 19.522203116, "LONG_": -99.253600995, "Shape__Are": 533.791015625, "Shape__Len": 178.87729915400001, "Colonia": "Lomas de Bellavista", "Identifica": 147, "m2_1": 471.341 }, "geometry": { "type": "MultiPolygon", "coordinates": [ [ [ [ -99.253374025543224, 19.522010287519265, 0.0 ], [ -99.253367531861883, 19.52199541489496, 0.0 ], [ -99.25336878870381, 19.521983893847789, 0.0 ], [ -99.253375282384226, 19.521971744379872, 0.0 ], [ -99.253387222378677, 19.521961480174376, 0.0 ], [ -99.25340586552808, 19.521960013859299, 0.0 ], [ -99.253429326568764, 19.521972791747782, 0.0 ], [ -99.253506622321183, 19.522050296973735, 0.0 ], [ -99.253553544404255, 19.522102665369662, 0.0 ], [ -99.253647807516927, 19.522219551629231, 0.0 ], [ -99.25376930219501, 19.522388387337458, 0.0 ], [ -99.253800304285235, 19.5224470399409, 0.0 ], [ -99.25382586006242, 19.522509044121531, 0.0 ], [ -99.253834657952993, 19.522538370423231, 0.0 ], [ -99.253792763236589, 19.522559317781578, 0.0 ], [ -99.253764274829237, 19.522501503072508, 0.0 ], [ -99.253726569583975, 19.522431957842919, 0.0 ], [ -99.253680485395478, 19.522348168409483, 0.0 ], [ -99.253558152822791, 19.52218896848596, 0.0 ], [ -99.253374025543224, 19.522010287519265, 0.0 ] ] ] ] } },
{ "type": "Feature", "properties": { "ETAPA": "PRIMERA", "tipo": "Camellon", "M2": 421.1, "ha": 0.04207665757, "Donantes": null, "LAT": 19.522875737, "LONG_": -99.253965631, "Shape__Are": 476.515625, "Shape__Len": 137.560981903, "Colonia": "Lomas de Bellavista", "Identifica": 148, "m2_1": 420.767 }, "geometry": { "type": "MultiPolygon", "coordinates": [ [ [ [ -99.253828792692616, 19.522640174584836, 0.0 ], [ -99.253888702137516, 19.522620065120798, 0.0 ], [ -99.254016062076005, 19.522897408145397, 0.0 ], [ -99.25408141783403, 19.523064987012098, 0.0 ], [ -99.254098175721481, 19.523102273309956, 0.0 ], [ -99.254080160993027, 19.523117774355196, 0.0 ], [ -99.254059213634363, 19.523124477509914, 0.0 ], [ -99.254040779959496, 19.52312154487969, 0.0 ], [ -99.254020670495422, 19.523094732261026, 0.0 ], [ -99.253828792692616, 19.522640174584836, 0.0 ] ] ] ] } },
{ "type": "Feature", "properties": { "ETAPA": "PRIMERA", "tipo": "Camellon", "M2": 1606.56, "ha": 0.16053070665, "Donantes": null, "LAT": 19.521577892, "LONG_": -99.252133435999994, "Shape__Are": 1817.97265625, "Shape__Len": 559.178796799, "Colonia": "Lomas de Bellavista", "Identifica": 149, "m2_1": 1605.31 }, "geometry": { "type": "MultiPolygon", "coordinates": [ [ [ [ -99.253305527681377, 19.521876852846614, 0.0 ], [ -99.253269917171764, 19.521927964401012, 0.0 ], [ -99.253223414036853, 19.521898638099277, 0.0 ], [ -99.253111136195756, 19.521828254975294, 0.0 ], [ -99.253004723615007, 19.521770440266213, 0.0 ], [ -99.25290920366136, 19.521727288708018, 0.0 ], [ -99.25279776371481, 19.521685812938454, 0.0 ], [ -99.252687999557551, 19.52165606768968, 0.0 ], [ -99.252530894369784, 19.521625484546458, 0.0 ], [ -99.252337340778681, 19.521603699293681, 0.0 ], [ -99.252178140855392, 19.521597834033521, 0.0 ], [ -99.252038212501517, 19.521612078237158, 0.0 ], [ -99.251835442072519, 19.52162883612381, 0.0 ], [ -99.251726515808926, 19.521632187701069, 0.0 ], [ -99.251579884300966, 19.52163134980675, 0.0 ], [ -99.251429901214607, 19.521605375082476, 0.0 ], [ -99.251279080234553, 19.521565156154423, 0.0 ], [ -99.25116093713396, 19.521515720388699, 0.0 ], [ -99.251043631927061, 19.521452878313674, 0.0 ], [ -99.250970316173067, 19.521397577287683, 0.0 ], [ -99.250961518282494, 19.521389407817949, 0.0 ], [ -99.250962565649886, 19.521363642567195, 0.0 ], [ -99.250974505644265, 19.521349188889833, 0.0 ], [ -99.250997128791255, 19.521347722574752, 0.0 ], [ -99.25101367720417, 19.521352330993665, 0.0 ], [ -99.251087621379057, 19.521404699389503, 0.0 ], [ -99.251190263435021, 19.521466913043767, 0.0 ], [ -99.251289553914361, 19.521505456183139, 0.0 ], [ -99.251394709653169, 19.521538971956449, 0.0 ], [ -99.251616332704316, 19.521575839307168, 0.0 ], [ -99.251728191598104, 19.521578352990165, 0.0 ], [ -99.251861416797027, 19.521570392993965, 0.0 ], [ -99.252044496709217, 19.521556986684669, 0.0 ], [ -99.252200345055044, 19.521550702477239, 0.0 ], [ -99.252294189220379, 19.521547350899844, 0.0 ], [ -99.25236624813337, 19.521552797213026, 0.0 ], [ -99.252576140663706, 19.521575839307172, 0.0 ], [ -99.252725285855476, 19.521611868763504, 0.0 ], [ -99.252885323672515, 19.521655439268869, 0.0 ], [ -99.253034468864286, 19.521716605555291, 0.0 ], [ -99.253161828802703, 19.52178740762659, 0.0 ], [ -99.253305527681377, 19.521876852846614, 0.0 ] ] ] ] } },
{ "type": "Feature", "properties": { "ETAPA": "PRIMERA", "tipo": "Camellon", "M2": 720.02, "ha": 0.0719460679, "Donantes": null, "LAT": 19.520858101000002, "LONG_": -99.250588838, "Shape__Are": 814.765625, "Shape__Len": 253.57860542200001, "Colonia": "Lomas de Bellavista", "Identifica": 150, "m2_1": 719.461 }, "geometry": { "type": "MultiPolygon", "coordinates": [ [ [ [ -99.250824313085175, 19.52117993423435, 0.0 ], [ -99.250855734122723, 19.521211355271873, 0.0 ], [ -99.25088799305486, 19.521245708939638, 0.0 ], [ -99.250883384635486, 19.521274197346926, 0.0 ], [ -99.250870816220996, 19.521287184709145, 0.0 ], [ -99.250848193074077, 19.521288860497901, 0.0 ], [ -99.250822218349569, 19.521272521558334, 0.0 ], [ -99.250748483648309, 19.521180772128734, 0.0 ], [ -99.250653382641048, 19.521047546929612, 0.0 ], [ -99.250515967970102, 19.520782772320104, 0.0 ], [ -99.250452288000403, 19.520666305007804, 0.0 ], [ -99.250324090167339, 19.520492860880562, 0.0 ], [ -99.250293507024381, 19.520450547216768, 0.0 ], [ -99.250280519662624, 19.520431694594215, 0.0 ], [ -99.250288270184896, 19.5204113756567, 0.0 ], [ -99.250298534390154, 19.520401530398281, 0.0 ], [ -99.250312150173798, 19.520396293558615, 0.0 ], [ -99.250329536481303, 19.520403206186916, 0.0 ], [ -99.250339381739238, 19.520415355654734, 0.0 ], [ -99.250434901693794, 19.520545229276511, 0.0 ], [ -99.250563518473228, 19.52075135128262, 0.0 ], [ -99.250683756310394, 19.520964176443417, 0.0 ], [ -99.250728583656979, 19.521046709035357, 0.0 ], [ -99.250824313085175, 19.52117993423435, 0.0 ] ] ] ] } },
{ "type": "Feature", "properties": { "ETAPA": "PRIMERA", "tipo": "Camellon", "M2": 1190.48, "ha": 0.11895460318, "Donantes": null, "LAT": 19.519618676, "LONG_": -99.249742291000004, "Shape__Are": 1347.1015625, "Shape__Len": 420.84017186400001, "Colonia": "Lomas de Bellavista", "Identifica": 151, "m2_1": 1189.55 }, "geometry": { "type": "MultiPolygon", "coordinates": [ [ [ [ -99.249659849434835, 19.518818329054263, 0.0 ], [ -99.249641415759115, 19.518988421604007, 0.0 ], [ -99.249643091547398, 19.519131701535155, 0.0 ], [ -99.249664876800693, 19.519286711986862, 0.0 ], [ -99.249695040996329, 19.519424126657661, 0.0 ], [ -99.249741125184812, 19.519550648702094, 0.0 ], [ -99.249820725146535, 19.519698118104785, 0.0 ], [ -99.249899487213597, 19.519808720157041, 0.0 ], [ -99.250076282918073, 19.520061764245796, 0.0 ], [ -99.250231293370234, 19.520276265195303, 0.0 ], [ -99.250304190176919, 19.520368433572028, 0.0 ], [ -99.250275073349499, 19.520375555673844, 0.0 ], [ -99.25026061967219, 19.520386867247385, 0.0 ], [ -99.250251821781561, 19.52040215881895, 0.0 ], [ -99.250210555485225, 19.520346438845753, 0.0 ], [ -99.250079425021909, 19.520156655779154, 0.0 ], [ -99.249981391385361, 19.52002175479139, 0.0 ], [ -99.249840625136898, 19.519841607509615, 0.0 ], [ -99.249776945167199, 19.519746925449848, 0.0 ], [ -99.249722482036304, 19.519648891812814, 0.0 ], [ -99.249685614685703, 19.519563426590718, 0.0 ], [ -99.249663829432407, 19.519510220300496, 0.0 ], [ -99.249629056817341, 19.519405692982364, 0.0 ], [ -99.24959595999151, 19.519244607796747, 0.0 ], [ -99.249577107369376, 19.519159980468924, 0.0 ], [ -99.249562025271103, 19.519094624710878, 0.0 ], [ -99.249554484222372, 19.519037647896226, 0.0 ], [ -99.249659849434835, 19.518818329054263, 0.0 ] ] ] ] } },
{ "type": "Feature", "properties": { "ETAPA": "PRIMERA", "tipo": "Camellon", "M2": 439.03, "ha": 0.04386813291, "Donantes": null, "LAT": 19.518671128000001, "LONG_": -99.249573557000005, "Shape__Are": 496.779296875, "Shape__Len": 104.91452816899999, "Colonia": "Lomas de Bellavista", "Identifica": 152, "m2_1": 438.681 }, "geometry": { "type": "MultiPolygon", "coordinates": [ [ [ [ -99.249597216833422, 19.518524437616641, 0.0 ], [ -99.249648328387707, 19.51853868182031, 0.0 ], [ -99.249669275745518, 19.518562142861743, 0.0 ], [ -99.24968268205545, 19.518595658635075, 0.0 ], [ -99.249567052636891, 19.518815186950597, 0.0 ], [ -99.249530185286204, 19.518895624806667, 0.0 ], [ -99.24948493899231, 19.518713801736087, 0.0 ], [ -99.249560349482763, 19.518511031307419, 0.0 ], [ -99.249597216833422, 19.518524437616641, 0.0 ] ] ] ] } },
{ "type": "Feature", "properties": { "ETAPA": "PRIMERA", "tipo": "Camellon", "M2": 415.32, "ha": 0.04149912848, "Donantes": null, "LAT": 19.518364031000001, "LONG_": -99.249679193000006, "Shape__Are": 469.94921875, "Shape__Len": 85.710746685999993, "Colonia": "Lomas de Bellavista", "Identifica": 153, "m2_1": 414.991 }, "geometry": { "type": "MultiPolygon", "coordinates": [ [ [ [ -99.249656707331027, 19.518240391437502, 0.0 ], [ -99.249804176733619, 19.518298206146536, 0.0 ], [ -99.249700277835743, 19.518499300786612, 0.0 ], [ -99.249579621052249, 19.518441486077652, 0.0 ], [ -99.249586324206362, 19.518376130319599, 0.0 ], [ -99.249585486312668, 19.518329208236864, 0.0 ], [ -99.249656707331027, 19.518240391437502, 0.0 ] ] ] ] } },
{ "type": "Feature", "properties": { "ETAPA": "PRIMERA", "tipo": "Camellon", "M2": 224.27, "ha": 0.0224095016, "Donantes": null, "LAT": 19.519667881, "LONG_": -99.253534517000006, "Shape__Are": 253.779296875, "Shape__Len": 213.36373659500001, "Colonia": "Lomas de Bellavista", "Identifica": 1, "m2_1": 224.095 }, "geometry": { "type": "MultiPolygon", "coordinates": [ [ [ [ -99.253350488871632, 19.519640550309784, 0.0 ], [ -99.253301361205288, 19.519627180752579, 0.0 ], [ -99.253303718576859, 19.519613625866235, 0.0 ], [ -99.253309022662378, 19.519609205794506, 0.0 ], [ -99.253319041491892, 19.519609795137455, 0.0 ], [ -99.253508367894199, 19.519650017789495, 0.0 ], [ -99.253638612672518, 19.519678306248046, 0.0 ], [ -99.253874939169435, 19.519695397191704, 0.0 ], [ -99.254031115034721, 19.51969480784885, 0.0 ], [ -99.254131303325408, 19.519692450477276, 0.0 ], [ -99.254232080959426, 19.519684789019784, 0.0 ], [ -99.254233848987639, 19.519704237335009, 0.0 ], [ -99.254182576156936, 19.519708068063828, 0.0 ], [ -99.254074726408305, 19.519713666821279, 0.0 ], [ -99.253875823184472, 19.519713077478276, 0.0 ], [ -99.25362594179974, 19.519697165220386, 0.0 ], [ -99.253462104477379, 19.519666519390348, 0.0 ], [ -99.253420261132902, 19.519658857932789, 0.0 ], [ -99.253350488871632, 19.519640550309784, 0.0 ] ] ] ] } },
{ "type": "Feature", "properties": { "ETAPA": "PRIMERA", "tipo": "Camellon", "M2": 383.0, "ha": 0.0382701437, "Donantes": null, "LAT": 19.519297328, "LONG_": -99.252487310999996, "Shape__Are": 433.390625, "Shape__Len": 369.89729916900001, "Colonia": "Lomas de Bellavista", "Identifica": 2, "m2_1": 382.701 }, "geometry": { "type": "MultiPolygon", "coordinates": [ [ [ [ -99.253227988015752, 19.519585632079117, 0.0 ], [ -99.253218324860654, 19.519606222530193, 0.0 ], [ -99.25308050495876, 19.519558522306191, 0.0 ], [ -99.252780529429202, 19.519434170957087, 0.0 ], [ -99.252166434140875, 19.519172208043987, 0.0 ], [ -99.251857029125105, 19.519043436623139, 0.0 ], [ -99.251720006903852, 19.518984207663109, 0.0 ], [ -99.251718680882675, 19.5189758095269, 0.0 ], [ -99.251721922268331, 19.518969916098154, 0.0 ], [ -99.251726931683109, 19.51896623270504, 0.0 ], [ -99.252461842262719, 19.519276816406311, 0.0 ], [ -99.252846683167888, 19.519438885700218, 0.0 ], [ -99.253065329379098, 19.519529644504821, 0.0 ], [ -99.253227988015752, 19.519585632079117, 0.0 ] ] ] ] } },
{ "type": "Feature", "properties": { "ETAPA": "PRIMERA", "tipo": "Camellon", "M2": 86.09, "ha": 0.00860230195, "Donantes": null, "LAT": 19.518876968000001, "LONG_": -99.251487577000006, "Shape__Are": 97.4140625, "Shape__Len": 85.084607947600006, "Colonia": "Lomas de Bellavista", "Identifica": 3, "m2_1": 86.023 }, "geometry": { "type": "MultiPolygon", "coordinates": [ [ [ [ -99.251336344684475, 19.518800332682389, 0.0 ], [ -99.251664903344192, 19.518942069646688, 0.0 ], [ -99.251657241886249, 19.518957687233112, 0.0 ], [ -99.251327651876963, 19.518822875047722, 0.0 ], [ -99.251336344684475, 19.518800332682389, 0.0 ] ] ] ] } },
{ "type": "Feature", "properties": { "ETAPA": "CUARTA", "tipo": "Area Verde", "M2": 7780.2, "ha": 0.77741168863, "Donantes": null, "LAT": 19.521115878, "LONG_": -99.261088212000004, "Shape__Are": 8803.96875, "Shape__Len": 517.13921730599998, "Colonia": "Fuentes de Satelite", "Identifica": 360, "m2_1": 7774.12 }, "geometry": { "type": "MultiPolygon", "coordinates": [ [ [ [ -99.261811798898179, 19.520937234906903, 0.0 ], [ -99.261623840786356, 19.521297770556561, 0.0 ], [ -99.261300412513847, 19.521292670427702, 0.0 ], [ -99.260915775322346, 19.521420802276651, 0.0 ], [ -99.260597550878899, 19.521575950878237, 0.0 ], [ -99.260374871367659, 19.521687880142949, 0.0 ], [ -99.260193494100761, 19.521776752013636, 0.0 ], [ -99.260071847910979, 19.52183635648559, 0.0 ], [ -99.260047127452026, 19.521805202300381, 0.0 ], [ -99.260203130306337, 19.521722920434147, 0.0 ], [ -99.260356022195978, 19.521622405664267, 0.0 ], [ -99.260448010828156, 19.521546472530602, 0.0 ], [ -99.260537753878836, 19.521426963190812, 0.0 ], [ -99.260630425998713, 19.521264812555735, 0.0 ], [ -99.26071106576039, 19.521077098808775, 0.0 ], [ -99.260747230313129, 19.521006030730184, 0.0 ], [ -99.26080370463994, 19.520895051150507, 0.0 ], [ -99.260843504432117, 19.520808931730613, 0.0 ], [ -99.260869428329883, 19.520752837134879, 0.0 ], [ -99.260910391743096, 19.520713878750588, 0.0 ], [ -99.260953238473405, 19.520673129200684, 0.0 ], [ -99.261013144069935, 19.520656807046606, 0.0 ], [ -99.26107909094361, 19.520638838831715, 0.0 ], [ -99.26125424363039, 19.520697394709373, 0.0 ], [ -99.261753845292233, 19.520950267784762, 0.0 ], [ -99.261811798898179, 19.520937234906903, 0.0 ] ] ] ] } },
{ "type": "Feature", "properties": { "ETAPA": "CUARTA", "tipo": "Area Verde", "M2": 10586.18, "ha": 1.0577905538500001, "Donantes": null, "LAT": 19.519176412, "LONG_": -99.260998978999993, "Shape__Are": 11978.8984375, "Shape__Len": 499.580922638, "Colonia": "Fuentes de Satelite", "Identifica": 361, "m2_1": 10577.9 }, "geometry": { "type": "MultiPolygon", "coordinates": [ [ [ [ -99.261495011816692, 19.519647977062203, 0.0 ], [ -99.261445029211117, 19.519590120615778, 0.0 ], [ -99.261378220914125, 19.519533735312802, 0.0 ], [ -99.261285281512173, 19.519480458545839, 0.0 ], [ -99.261207796184721, 19.519452294295323, 0.0 ], [ -99.261170625602347, 19.519443205144032, 0.0 ], [ -99.260927162613015, 19.519459830578846, 0.0 ], [ -99.260740087677178, 19.519489117612906, 0.0 ], [ -99.260661383322343, 19.519505838187197, 0.0 ], [ -99.260240973212078, 19.519467827355371, 0.0 ], [ -99.260310587907995, 19.519020971993026, 0.0 ], [ -99.260331031862449, 19.518907167276524, 0.0 ], [ -99.260389411188029, 19.518768914096473, 0.0 ], [ -99.260516847149162, 19.518789241178602, 0.0 ], [ -99.260962907401932, 19.518859093804686, 0.0 ], [ -99.261265596115834, 19.518907549311344, 0.0 ], [ -99.2614152273743, 19.518930914499624, 0.0 ], [ -99.261644030033395, 19.518966554907212, 0.0 ], [ -99.261744281343525, 19.518983037205153, 0.0 ], [ -99.261814025744499, 19.518967015594608, 0.0 ], [ -99.261848935785636, 19.518959128080869, 0.0 ], [ -99.261937749837202, 19.519040685815039, 0.0 ], [ -99.261703519396391, 19.519287109650218, 0.0 ], [ -99.261569041327107, 19.519518561766464, 0.0 ], [ -99.261495011816692, 19.519647977062203, 0.0 ] ] ] ] } },
{ "type": "Feature", "properties": { "ETAPA": "PRIMERA", "tipo": "Camellon", "M2": 36.39, "ha": 0.00363611706, "Donantes": null, "LAT": 19.51951879, "LONG_": -99.256682205000004, "Shape__Are": 41.173828125, "Shape__Len": 42.4665435864, "Colonia": "Fuentes de Satelite", "Identifica": 6, "m2_1": 36.3612 }, "geometry": { "type": "MultiPolygon", "coordinates": [ [ [ [ -99.256602860056717, 19.519489274517127, 0.0 ], [ -99.256709236447975, 19.519515794946905, 0.0 ], [ -99.256764045335899, 19.519530823190603, 0.0 ], [ -99.256758151907079, 19.519550566177337, 0.0 ], [ -99.256640872673145, 19.519515794946901, 0.0 ], [ -99.256607869471537, 19.519507838817983, 0.0 ], [ -99.256592399220168, 19.51950224006066, 0.0 ], [ -99.256592693891818, 19.519497230646056, 0.0 ], [ -99.256596082613811, 19.519492368567228, 0.0 ], [ -99.256602860056717, 19.519489274517127, 0.0 ] ] ] ] } },
{ "type": "Feature", "properties": { "ETAPA": "CUARTA", "tipo": "Area Verde", "M2": 395.37, "ha": 0.03950619561, "Donantes": null, "LAT": 19.524769293, "LONG_": -99.255048105, "Shape__Are": 447.416015625, "Shape__Len": 91.700115089799993, "Colonia": "Rancho Castro", "Identifica": 331, "m2_1": 395.062 }, "geometry": { "type": "MultiPolygon", "coordinates": [ [ [ [ -99.255200244710707, 19.524804239435166, 0.0 ], [ -99.255089688354332, 19.524903090529072, 0.0 ], [ -99.254894968267593, 19.52470096754805, 0.0 ], [ -99.254985309346495, 19.524644840887504, 0.0 ], [ -99.255200244710707, 19.524804239435166, 0.0 ] ] ] ] } },
{ "type": "Feature", "properties": { "ETAPA": "PRIMERA", "tipo": "Camellon", "M2": 223.18, "ha": 0.02230033007, "Donantes": null, "LAT": 19.527248902, "LONG_": -99.255435042000002, "Shape__Are": 252.564453125, "Shape__Len": 74.538984863600007, "Colonia": "Rancho Castro", "Identifica": 144, "m2_1": 223.003 }, "geometry": { "type": "MultiPolygon", "coordinates": [ [ [ [ -99.255339097229637, 19.527143228208814, 0.0 ], [ -99.25541534561377, 19.527187636608527, 0.0 ], [ -99.255533069767992, 19.527250897630722, 0.0 ], [ -99.255577897114648, 19.52728106182677, 0.0 ], [ -99.255522177141813, 19.527299076554939, 0.0 ], [ -99.255438806655349, 19.527307455498235, 0.0 ], [ -99.255399425621817, 19.527317510230244, 0.0 ], [ -99.255377221422151, 19.527311644969952, 0.0 ], [ -99.255364234059485, 19.527262209204309, 0.0 ], [ -99.255339097229637, 19.527143228208814, 0.0 ] ] ] ] } },
{ "type": "Feature", "properties": { "ETAPA": "CUARTA", "tipo": "Area Verde", "M2": 2799.85, "ha": 0.27976517193, "Donantes": null, "LAT": 19.533340404, "LONG_": -99.237892162999998, "Shape__Are": 3168.74609375, "Shape__Len": 234.618552188, "Colonia": "Calacoaya Residencial", "Identifica": 387, "m2_1": 2797.65 }, "geometry": { "type": "MultiPolygon", "coordinates": [ [ [ [ -99.238250709915377, 19.533182084897501, 0.0 ], [ -99.238083769485925, 19.533432254784827, 0.0 ], [ -99.238002812910068, 19.533542916173108, 0.0 ], [ -99.237876283290674, 19.533692091341052, 0.0 ], [ -99.237785088111579, 19.533735471901757, 0.0 ], [ -99.23759155957724, 19.533139691998507, 0.0 ], [ -99.237951430906264, 19.533076731105776, 0.0 ], [ -99.238250709915377, 19.533182084897501, 0.0 ] ] ] ] } },
{ "type": "Feature", "properties": { "ETAPA": "CUARTA", "tipo": "Area Verde", "M2": 829.0, "ha": 0.08283470658, "Donantes": null, "LAT": 19.542986755000001, "LONG_": -99.252458786000005, "Shape__Are": 938.328125, "Shape__Len": 131.332587117, "Colonia": "San Martín de Porres", "Identifica": 295, "m2_1": 828.347 }, "geometry": { "type": "MultiPolygon", "coordinates": [ [ [ [ -99.252377953364785, 19.543182892048435, 0.0 ], [ -99.252251003774902, 19.543058095734398, 0.0 ], [ -99.252534517193595, 19.542788523279725, 0.0 ], [ -99.252666552257651, 19.542922926871086, 0.0 ], [ -99.252377953364785, 19.543182892048435, 0.0 ] ] ] ] } },
{ "type": "Feature", "properties": { "ETAPA": "CUARTA", "tipo": "Area Verde", "M2": 2655.74, "ha": 0.26536528592000003, "Donantes": null, "LAT": 19.548864825, "LONG_": -99.231570907000005, "Shape__Are": 3006.22265625, "Shape__Len": 362.77736207499998, "Colonia": "Lázaro Cárdenas", "Identifica": 443, "m2_1": 2653.65 }, "geometry": { "type": "MultiPolygon", "coordinates": [ [ [ [ -99.231895100432638, 19.549315493970688, 0.0 ], [ -99.231616330954964, 19.54938795249743, 0.0 ], [ -99.231320753986708, 19.548340465760418, 0.0 ], [ -99.231264733324394, 19.548167495468871, 0.0 ], [ -99.231279759534004, 19.548037694708295, 0.0 ], [ -99.231895100432638, 19.549315493970688, 0.0 ] ] ] ] } },
{ "type": "Feature", "properties": { "ETAPA": "CUARTA", "tipo": "Area Verde", "M2": 625.11, "ha": 0.06246157741, "Donantes": null, "LAT": 19.556615302000001, "LONG_": -99.232426864000004, "Shape__Are": 707.66796875, "Shape__Len": 132.154103351, "Colonia": "Ahuehuetes", "Identifica": 419, "m2_1": 624.616 }, "geometry": { "type": "MultiPolygon", "coordinates": [ [ [ [ -99.232337894746081, 19.556880330996517, 0.0 ], [ -99.23234236653893, 19.556473855125084, 0.0 ], [ -99.232599646432064, 19.5564812511771, 0.0 ], [ -99.232366829476902, 19.556847729096859, 0.0 ], [ -99.232337894746081, 19.556880330996517, 0.0 ] ] ] ] } },
{ "type": "Feature", "properties": { "ETAPA": "CUARTA", "tipo": "Area Verde", "M2": 3506.49, "ha": 0.35037312458999997, "Donantes": null, "LAT": 19.558010919000001, "LONG_": -99.231007746000003, "Shape__Are": 3969.6855468799999, "Shape__Len": 246.10554572000001, "Colonia": "Las Colonias", "Identifica": 333, "m2_1": 3503.73 }, "geometry": { "type": "MultiPolygon", "coordinates": [ [ [ [ -99.231159501190163, 19.558405648218841, 0.0 ], [ -99.230730412460417, 19.558205945403198, 0.0 ], [ -99.230698776548536, 19.558131265053877, 0.0 ], [ -99.230786600401586, 19.55780835906366, 0.0 ], [ -99.230871551656108, 19.557682719551572, 0.0 ], [ -99.231003963046945, 19.557673583698278, 0.0 ], [ -99.231316284649878, 19.557798714744241, 0.0 ], [ -99.231159501190163, 19.558405648218841, 0.0 ] ] ] ] } },
{ "type": "Feature", "properties": { "ETAPA": "CUARTA", "tipo": "Area Verde", "M2": 1795.09, "ha": 0.17936824978, "Donantes": null, "LAT": 19.555216963, "LONG_": -99.227973843000001, "Shape__Are": 2032.1484375, "Shape__Len": 200.83675374500001, "Colonia": "Ampliación Lomas de San Lorenzo", "Identifica": 300, "m2_1": 1793.68 }, "geometry": { "type": "MultiPolygon", "coordinates": [ [ [ [ -99.228311791596454, 19.55514834713512, 0.0 ], [ -99.228318495380208, 19.555141194885387, 0.0 ], [ -99.228313967305283, 19.555149808447926, 0.0 ], [ -99.228311791596454, 19.55514834713512, 0.0 ] ] ], [ [ [ -99.228189737732336, 19.555056713906577, 0.0 ], [ -99.228256403785551, 19.555111145952875, 0.0 ], [ -99.228311791596454, 19.55514834713512, 0.0 ], [ -99.228244449986775, 19.555220193667918, 0.0 ], [ -99.228229511751863, 19.55535937258313, 0.0 ], [ -99.227857181702504, 19.555335453921572, 0.0 ], [ -99.227675658559932, 19.555395937747569, 0.0 ], [ -99.227684342387846, 19.555113302802379, 0.0 ], [ -99.228189737732336, 19.555056713906577, 0.0 ] ] ] ] } },
{ "type": "Feature", "properties": { "ETAPA": "PRIMERA", "tipo": "Camellon", "M2": 1911.47, "ha": 0.1909974332, "Donantes": null, "LAT": 19.52995591, "LONG_": -99.256074808999998, "Shape__Are": 2163.23046875, "Shape__Len": 186.28593172800001, "Colonia": "Bellavista", "Identifica": 75, "m2_1": 1909.97 }, "geometry": { "type": "MultiPolygon", "coordinates": [ [ [ [ -99.256194782296262, 19.530099423452764, 0.0 ], [ -99.256005618485403, 19.530087736277881, 0.0 ], [ -99.255824038823519, 19.530087993340786, 0.0 ], [ -99.255766012091172, 19.530073729067315, 0.0 ], [ -99.255730655885571, 19.530042695106452, 0.0 ], [ -99.255715464124577, 19.530004458971248, 0.0 ], [ -99.25572045561438, 19.529970977616966, 0.0 ], [ -99.255740567355659, 19.529930300324377, 0.0 ], [ -99.255765748644961, 19.529906354359117, 0.0 ], [ -99.255846397815517, 19.52987276503611, 0.0 ], [ -99.256015276415866, 19.529815140405891, 0.0 ], [ -99.256118645872704, 19.529795865167049, 0.0 ], [ -99.256244727204958, 19.529786122534805, 0.0 ], [ -99.256312852558764, 19.529807545077258, 0.0 ], [ -99.256355796746419, 19.529852914547405, 0.0 ], [ -99.256381076970769, 19.529891136320241, 0.0 ], [ -99.256386177723542, 19.529926994592643, 0.0 ], [ -99.256383746184369, 19.529984384478535, 0.0 ], [ -99.25636616799757, 19.530032230083826, 0.0 ], [ -99.25631076043102, 19.530080130233028, 0.0 ], [ -99.256265392153026, 19.530096932152485, 0.0 ], [ -99.256194782296262, 19.530099423452764, 0.0 ] ] ] ] } },
{ "type": "Feature", "properties": { "ETAPA": "PRIMERA", "tipo": "Camellon", "M2": 1797.1, "ha": 0.1795695245, "Donantes": null, "LAT": 19.530529648000002, "LONG_": -99.254451670999998, "Shape__Are": 2033.8183593799999, "Shape__Len": 594.58950959100002, "Colonia": "Bellavista", "Identifica": 76, "m2_1": 1795.7 }, "geometry": { "type": "MultiPolygon", "coordinates": [ [ [ [ -99.253876260296551, 19.530543886295387, 0.0 ], [ -99.253367808359741, 19.530525949828679, 0.0 ], [ -99.253263411955118, 19.530533268865348, 0.0 ], [ -99.253228201499454, 19.530530687948076, 0.0 ], [ -99.253231918496311, 19.530488241388994, 0.0 ], [ -99.253219265185649, 19.53046076195119, 0.0 ], [ -99.253447512324783, 19.530467614816075, 0.0 ], [ -99.254189100263332, 19.530501642872771, 0.0 ], [ -99.254334376549522, 19.530509090235764, 0.0 ], [ -99.254435247574122, 19.530505121978603, 0.0 ], [ -99.254519961516294, 19.530489700211696, 0.0 ], [ -99.254608697273426, 19.530466621034318, 0.0 ], [ -99.254840550392871, 19.530361087203115, 0.0 ], [ -99.255652815938276, 19.529964417470222, 0.0 ], [ -99.255647816912557, 19.52999311730807, 0.0 ], [ -99.255652289332389, 19.530030770805602, 0.0 ], [ -99.25568326008846, 19.530079743738789, 0.0 ], [ -99.255658056653914, 19.530089941595513, 0.0 ], [ -99.255595027134603, 19.530101985895261, 0.0 ], [ -99.255489143802606, 19.530126045915022, 0.0 ], [ -99.255407222113604, 19.530152464137473, 0.0 ], [ -99.255322796168684, 19.530189644518519, 0.0 ], [ -99.255049370461478, 19.530320343571624, 0.0 ], [ -99.254849026767488, 19.530416269294356, 0.0 ], [ -99.254741668464632, 19.530465198324855, 0.0 ], [ -99.254658508119292, 19.530505485373631, 0.0 ], [ -99.254605578515893, 19.530525644869574, 0.0 ], [ -99.254526925648904, 19.530545840571857, 0.0 ], [ -99.254421029135059, 19.530561771123018, 0.0 ], [ -99.254289392675034, 19.530567694903095, 0.0 ], [ -99.254091147971053, 19.530555061475372, 0.0 ], [ -99.253876260296551, 19.530543886295387, 0.0 ] ] ] ] } },
{ "type": "Feature", "properties": { "ETAPA": "PRIMERA", "tipo": "Camellon", "M2": 2341.52, "ha": 0.23396853065000001, "Donantes": null, "LAT": 19.530530289000001, "LONG_": -99.252504213999998, "Shape__Are": 2649.9199218799999, "Shape__Len": 364.527087489, "Colonia": "Bellavista", "Identifica": 77, "m2_1": 2339.69 }, "geometry": { "type": "MultiPolygon", "coordinates": [ [ [ [ -99.252187064195709, 19.529705467588002, 0.0 ], [ -99.252221725415154, 19.529695754961374, 0.0 ], [ -99.252250734852538, 19.529700496914074, 0.0 ], [ -99.252269679195436, 19.529719598391928, 0.0 ], [ -99.25228171380671, 19.529755448017163, 0.0 ], [ -99.252265691948466, 19.529791037668392, 0.0 ], [ -99.252252801341513, 19.529812873913524, 0.0 ], [ -99.252244646809061, 19.529839785107292, 0.0 ], [ -99.252220804420972, 19.529903782928095, 0.0 ], [ -99.252198264343917, 19.530005435596276, 0.0 ], [ -99.252194590689882, 19.530075977048295, 0.0 ], [ -99.252207295754303, 19.53013693169239, 0.0 ], [ -99.252235148150788, 19.530208624764022, 0.0 ], [ -99.252281915287114, 19.530280291433566, 0.0 ], [ -99.252313495186371, 19.530316113775086, 0.0 ], [ -99.252397009449965, 19.530394742806468, 0.0 ], [ -99.25245555658897, 19.530419528420346, 0.0 ], [ -99.252499972639256, 19.530438594296296, 0.0 ], [ -99.25265737097692, 19.530457503184202, 0.0 ], [ -99.252793563745954, 19.530462095205223, 0.0 ], [ -99.252868216998834, 19.530464382005245, 0.0 ], [ -99.252936068239862, 19.530471459818219, 0.0 ], [ -99.252966353770972, 19.530485763824224, 0.0 ], [ -99.252986822141608, 19.530512036735427, 0.0 ], [ -99.252986863093128, 19.530538339137738, 0.0 ], [ -99.252971779880056, 19.530569443328595, 0.0 ], [ -99.252942551175565, 19.53058622183066, 0.0 ], [ -99.252869441271415, 19.5306030617181, 0.0 ], [ -99.252768596707568, 19.530624722790215, 0.0 ], [ -99.252665240269081, 19.530652364450699, 0.0 ], [ -99.252578193457865, 19.530654179651652, 0.0 ], [ -99.252497436408632, 19.530618426057693, 0.0 ], [ -99.252441893758728, 19.530580246905309, 0.0 ], [ -99.252042271742113, 19.530079497064225, 0.0 ], [ -99.252020767783762, 19.530009169652377, 0.0 ], [ -99.252020871213048, 19.529959088643018, 0.0 ], [ -99.252020830049531, 19.529932547658273, 0.0 ], [ -99.252024565337038, 19.529901697943981, 0.0 ], [ -99.252033584185341, 19.529862949672477, 0.0 ], [ -99.252047912182974, 19.529832802734042, 0.0 ], [ -99.25206702507225, 19.529798344754301, 0.0 ], [ -99.252125334062427, 19.52973185886917, 0.0 ], [ -99.252187064195709, 19.529705467588002, 0.0 ] ] ] ] } },
{ "type": "Feature", "properties": { "ETAPA": "PRIMERA", "tipo": "Camellon", "M2": 9884.07, "ha": 0.98763396499, "Donantes": null, "LAT": 19.529281612999998, "LONG_": -99.256977407999997, "Shape__Are": 11185.6328125, "Shape__Len": 1137.86545735, "Colonia": "Bellavista", "Identifica": 137, "m2_1": 9876.34 }, "geometry": { "type": "MultiPolygon", "coordinates": [ [ [ [ -99.256370649890172, 19.52980343798216, 0.0 ], [ -99.256434015649816, 19.529784061675631, 0.0 ], [ -99.256468788264911, 19.529769398524955, 0.0 ], [ -99.256513196664216, 19.529743842747635, 0.0 ], [ -99.256558024010857, 19.529704461714022, 0.0 ], [ -99.25661332503725, 19.529642038586122, 0.0 ], [ -99.256700884994856, 19.5295167733832, 0.0 ], [ -99.256858409129947, 19.529265405083052, 0.0 ], [ -99.257050286931815, 19.528982196798154, 0.0 ], [ -99.2571202511092, 19.528876203164852, 0.0 ], [ -99.257159632142731, 19.528804982146436, 0.0 ], [ -99.257198175282582, 19.528718679030099, 0.0 ], [ -99.257260179463088, 19.528551938057646, 0.0 ], [ -99.25729956049662, 19.528422064435915, 0.0 ], [ -99.257331400481434, 19.52823353821087, 0.0 ], [ -99.257328886798561, 19.528030767781978, 0.0 ], [ -99.257295371024497, 19.527791967896803, 0.0 ], [ -99.257259341568442, 19.527507921717671, 0.0 ], [ -99.257207392119568, 19.527117462957953, 0.0 ], [ -99.257189796339276, 19.52687782517847, 0.0 ], [ -99.257169686875216, 19.526499096939602, 0.0 ], [ -99.257170943716218, 19.526357073850047, 0.0 ], [ -99.257176390029286, 19.526199968662404, 0.0 ], [ -99.257186025814505, 19.526137964481599, 0.0 ], [ -99.257217027904716, 19.52604495821058, 0.0 ], [ -99.257257246832907, 19.525955303516888, 0.0 ], [ -99.257298303654693, 19.525879893026829, 0.0 ], [ -99.257329305744932, 19.525838417257312, 0.0 ], [ -99.257351928892817, 19.525813280427343, 0.0 ], [ -99.257399688869654, 19.525767615186123, 0.0 ], [ -99.257460855155529, 19.525720274156225, 0.0 ], [ -99.257513642499035, 19.52567921733387, 0.0 ], [ -99.257579417204326, 19.525766358344523, 0.0 ], [ -99.257473004623591, 19.525854337249733, 0.0 ], [ -99.257426082541414, 19.525917179324718, 0.0 ], [ -99.257362402571715, 19.525996779286345, 0.0 ], [ -99.257329724692255, 19.526056269784107, 0.0 ], [ -99.25730710154528, 19.526125815013899, 0.0 ], [ -99.25729872260203, 19.52617525077947, 0.0 ], [ -99.257300398391209, 19.526241444431911, 0.0 ], [ -99.257323021538141, 19.526463486430419, 0.0 ], [ -99.257406810971034, 19.527147208206838, 0.0 ], [ -99.257455408842461, 19.527633186920486, 0.0 ], [ -99.257500655136369, 19.527913043628047, 0.0 ], [ -99.257504006713887, 19.528158546667942, 0.0 ], [ -99.257502330925547, 19.528349586576017, 0.0 ], [ -99.257480545672308, 19.528546491744471, 0.0 ], [ -99.257411838336836, 19.52875261375069, 0.0 ], [ -99.257330562586844, 19.528937788398455, 0.0 ], [ -99.257204040542049, 19.529132179883895, 0.0 ], [ -99.256978646967042, 19.529471527089168, 0.0 ], [ -99.256818190201841, 19.529726665913838, 0.0 ], [ -99.25675618602132, 19.529808779558529, 0.0 ], [ -99.256700047100281, 19.529874973210912, 0.0 ], [ -99.256628407134627, 19.529942004757558, 0.0 ], [ -99.256473815630699, 19.530032078398456, 0.0 ], [ -99.256426160390262, 19.530042447340872, 0.0 ], [ -99.256419980919844, 19.530039200500344, 0.0 ], [ -99.256417781446942, 19.5300348015551, 0.0 ], [ -99.256415581974053, 19.530030926293783, 0.0 ], [ -99.256415267764027, 19.530027365242873, 0.0 ], [ -99.256419038287959, 19.530015634722297, 0.0 ], [ -99.256429930915033, 19.529986727367636, 0.0 ], [ -99.256437053016413, 19.529959914748989, 0.0 ], [ -99.256437890911016, 19.529913411613531, 0.0 ], [ -99.256427207758463, 19.529874868474096, 0.0 ], [ -99.256409821450958, 19.529839886385687, 0.0 ], [ -99.256392016196145, 19.529823128498975, 0.0 ], [ -99.256370649890172, 19.52980343798216, 0.0 ] ] ] ] } },
{ "type": "Feature", "properties": { "ETAPA": "PRIMERA", "tipo": "Camellon", "M2": 1433.71, "ha": 0.14325894278000001, "Donantes": null, "LAT": 19.52558652, "LONG_": -99.257978734000005, "Shape__Are": 1622.4628906200001, "Shape__Len": 203.00214866, "Colonia": "Bellavista", "Identifica": 138, "m2_1": 1432.59 }, "geometry": { "type": "MultiPolygon", "coordinates": [ [ [ [ -99.258336454734774, 19.525495718474737, 0.0 ], [ -99.258369551560605, 19.5255053542596, 0.0 ], [ -99.258383376817875, 19.525517503727411, 0.0 ], [ -99.258393850496759, 19.525541802663085, 0.0 ], [ -99.258392593654918, 19.525572385806345, 0.0 ], [ -99.258385471553467, 19.52559500895326, 0.0 ], [ -99.258293722123739, 19.525610928945667, 0.0 ], [ -99.258112318000727, 19.525642768930343, 0.0 ], [ -99.25794054966201, 19.525674608915125, 0.0 ], [ -99.257771295006236, 19.525701421533661, 0.0 ], [ -99.257704263459942, 19.525714408895958, 0.0 ], [ -99.257646867697957, 19.525724882575066, 0.0 ], [ -99.257610419294608, 19.525731585729744, 0.0 ], [ -99.257599945615723, 19.525728653099549, 0.0 ], [ -99.257596175090939, 19.525719855209104, 0.0 ], [ -99.25759114772508, 19.525703935216708, 0.0 ], [ -99.257589890883224, 19.525678379439501, 0.0 ], [ -99.257590309830505, 19.525648215243518, 0.0 ], [ -99.2576058108761, 19.525620145783407, 0.0 ], [ -99.257690857150862, 19.52556819633466, 0.0 ], [ -99.257788890787367, 19.525527977406561, 0.0 ], [ -99.257878545481574, 19.525502840576493, 0.0 ], [ -99.257927981247576, 19.525488596372895, 0.0 ], [ -99.258027690673288, 19.52547435216929, 0.0 ], [ -99.258156726400102, 19.525474352169294, 0.0 ], [ -99.258255178984797, 19.525481055323898, 0.0 ], [ -99.258336454734774, 19.525495718474737, 0.0 ] ] ] ] } },
{ "type": "Feature", "properties": { "ETAPA": "PRIMERA", "tipo": "Camellon", "M2": 565.64, "ha": 0.05651970195, "Donantes": null, "LAT": 19.529631852000001, "LONG_": -99.252743498000001, "Shape__Are": 640.13671875, "Shape__Len": 184.42017281, "Colonia": "Bellavista", "Identifica": 140, "m2_1": 565.197 }, "geometry": { "type": "MultiPolygon", "coordinates": [ [ [ [ -99.252350118666826, 19.529747194325108, 0.0 ], [ -99.252349699719559, 19.529724152230845, 0.0 ], [ -99.252340482881678, 19.529706137502718, 0.0 ], [ -99.252333360779375, 19.529685190144281, 0.0 ], [ -99.252324143942388, 19.529669689099261, 0.0 ], [ -99.252392851277861, 19.52965544489545, 0.0 ], [ -99.252516859638888, 19.529632402801287, 0.0 ], [ -99.25269952060377, 19.529602657552388, 0.0 ], [ -99.252825204753961, 19.529583385982779, 0.0 ], [ -99.25291653523638, 19.529561600730101, 0.0 ], [ -99.253039705703713, 19.529542329160382, 0.0 ], [ -99.253046723068692, 19.529547461263263, 0.0 ], [ -99.253049236751622, 19.529558772836666, 0.0 ], [ -99.2530489225407, 19.529586842296922, 0.0 ], [ -99.253050598329878, 19.529630308065517, 0.0 ], [ -99.253052064644507, 19.529650208055873, 0.0 ], [ -99.252976863628604, 19.529654607001113, 0.0 ], [ -99.252826880542244, 19.529658377525635, 0.0 ], [ -99.252748956369771, 19.529660891208646, 0.0 ], [ -99.252633326951198, 19.529662985944473, 0.0 ], [ -99.252558335408921, 19.529666337521785, 0.0 ], [ -99.252505967012667, 19.529673040676528, 0.0 ], [ -99.252463653348954, 19.529686865933087, 0.0 ], [ -99.252350118666826, 19.529747194325108, 0.0 ] ] ] ] } },
{ "type": "Feature", "properties": { "ETAPA": "PRIMERA", "tipo": "Camellon", "M2": 954.27, "ha": 0.09535283761, "Donantes": null, "LAT": 19.529525878000001, "LONG_": -99.253413765999994, "Shape__Are": 1079.9511718799999, "Shape__Len": 153.70293721900001, "Colonia": "Bellavista", "Identifica": 141, "m2_1": 953.528 }, "geometry": { "type": "MultiPolygon", "coordinates": [ [ [ [ -99.25314276670602, 19.529528503903862, 0.0 ], [ -99.253243314026378, 19.529500434443712, 0.0 ], [ -99.253356848708449, 19.529467337617557, 0.0 ], [ -99.253458652870719, 19.52943884921018, 0.0 ], [ -99.253611568586365, 19.529391508180339, 0.0 ], [ -99.253642151729267, 19.529383967131263, 0.0 ], [ -99.253663099087973, 19.529394859757613, 0.0 ], [ -99.253680275921852, 19.529414131327322, 0.0 ], [ -99.253700385385898, 19.529442200787475, 0.0 ], [ -99.253699547491308, 19.529469432353388, 0.0 ], [ -99.253673991714138, 19.529489541817412, 0.0 ], [ -99.25362162331794, 19.52952934179828, 0.0 ], [ -99.253592297016894, 19.529554897575409, 0.0 ], [ -99.253547469669343, 19.529579615458204, 0.0 ], [ -99.253482113911389, 19.529603914393924, 0.0 ], [ -99.25343686761741, 19.529617320703323, 0.0 ], [ -99.253380309750028, 19.529626956488144, 0.0 ], [ -99.253303223471235, 19.529628632276733, 0.0 ], [ -99.253216920354618, 19.529629470171194, 0.0 ], [ -99.25317544458548, 19.529629470171198, 0.0 ], [ -99.253136901446538, 19.529627375435258, 0.0 ], [ -99.253120562506368, 19.529622348069321, 0.0 ], [ -99.253113021457651, 19.529606428076992, 0.0 ], [ -99.253106737249951, 19.529579615458204, 0.0 ], [ -99.253114697245991, 19.529560762835743, 0.0 ], [ -99.253124751978476, 19.529541910213279, 0.0 ], [ -99.25314276670602, 19.529528503903862, 0.0 ] ] ] ] } },
{ "type": "Feature", "properties": { "ETAPA": "PRIMERA", "tipo": "Camellon", "M2": 1086.02, "ha": 0.10851696897, "Donantes": null, "LAT": 19.528387444, "LONG_": -99.25493172, "Shape__Are": 1229.0332031200001, "Shape__Len": 823.56467214300005, "Colonia": "Bellavista", "Identifica": 142, "m2_1": 1085.17 }, "geometry": { "type": "MultiPolygon", "coordinates": [ [ [ [ -99.255847908563496, 19.527479852257514, 0.0 ], [ -99.255905304325552, 19.527525517498681, 0.0 ], [ -99.255958091668163, 19.527572858528522, 0.0 ], [ -99.256028474792828, 19.527652458490245, 0.0 ], [ -99.256103047387796, 19.527737085818057, 0.0 ], [ -99.25613991473935, 19.527830929983359, 0.0 ], [ -99.25614745578801, 19.527897542582942, 0.0 ], [ -99.256142847369546, 19.527972115178738, 0.0 ], [ -99.256128184218539, 19.528028673046258, 0.0 ], [ -99.256096344233711, 19.528100731958858, 0.0 ], [ -99.256060314776803, 19.528150586671767, 0.0 ], [ -99.255972335871789, 19.528208820327993, 0.0 ], [ -99.255917453793629, 19.528236051893877, 0.0 ], [ -99.255847489616229, 19.528249458203199, 0.0 ], [ -99.255769984390184, 19.528251971886178, 0.0 ], [ -99.255632988666477, 19.528241498207056, 0.0 ], [ -99.255518616090683, 19.528237727682537, 0.0 ], [ -99.255420582453254, 19.528236051893881, 0.0 ], [ -99.255336374073082, 19.528244849784311, 0.0 ], [ -99.255245462537943, 19.528265797142705, 0.0 ], [ -99.255061125783826, 19.5283462349987, 0.0 ], [ -99.254924130060132, 19.528401117077571, 0.0 ], [ -99.254726386997888, 19.528503340186393, 0.0 ], [ -99.254636732303766, 19.528553613846373, 0.0 ], [ -99.254608243896357, 19.528569952785912, 0.0 ], [ -99.254511886048149, 19.528650809589166, 0.0 ], [ -99.254421393460291, 19.528742977965791, 0.0 ], [ -99.25423161039312, 19.52894155892297, 0.0 ], [ -99.254165835688738, 19.529034146246897, 0.0 ], [ -99.254014176814096, 19.529171560917625, 0.0 ], [ -99.253872572671028, 19.529308975588357, 0.0 ], [ -99.253807216913003, 19.529379777659635, 0.0 ], [ -99.253770349562387, 19.529409522908544, 0.0 ], [ -99.253743117996891, 19.529399468176582, 0.0 ], [ -99.253730130634267, 19.529376007135102, 0.0 ], [ -99.253716724325187, 19.529356316618266, 0.0 ], [ -99.253753591675789, 19.529336626101415, 0.0 ], [ -99.253799675864357, 19.529316935584536, 0.0 ], [ -99.253837800056871, 19.529297245067784, 0.0 ], [ -99.254254233540095, 19.528884582108315, 0.0 ], [ -99.254379498742978, 19.528759316905404, 0.0 ], [ -99.25445574712802, 19.528677203260607, 0.0 ], [ -99.254556713394805, 19.52859215698577, 0.0 ], [ -99.254596094428337, 19.52856031700102, 0.0 ], [ -99.254651814401981, 19.528525544386202, 0.0 ], [ -99.254724292261386, 19.528483649669624, 0.0 ], [ -99.254812690113667, 19.528435889692435, 0.0 ], [ -99.254896060600103, 19.528394413922914, 0.0 ], [ -99.255063220520327, 19.528311881330961, 0.0 ], [ -99.255178012043416, 19.528264959248318, 0.0 ], [ -99.255260963582572, 19.528233538210873, 0.0 ], [ -99.255371984581828, 19.528215523482633, 0.0 ], [ -99.255526995033989, 19.528220550848694, 0.0 ], [ -99.255683681274419, 19.528226835056195, 0.0 ], [ -99.255797215956534, 19.528235632946657, 0.0 ], [ -99.255846232775227, 19.528230605580617, 0.0 ], [ -99.25590153380071, 19.528220550848694, 0.0 ], [ -99.255943009570728, 19.528202117173333, 0.0 ], [ -99.256009203223357, 19.52816524982261, 0.0 ], [ -99.256049003204211, 19.528140531939755, 0.0 ], [ -99.25607707266424, 19.528096961434372, 0.0 ], [ -99.25611184527925, 19.528021131997242, 0.0 ], [ -99.256121062116236, 19.52797818991262, 0.0 ], [ -99.256127555797633, 19.527941532035502, 0.0 ], [ -99.256126717902987, 19.527871986805685, 0.0 ], [ -99.256105770545233, 19.527791130002516, 0.0 ], [ -99.256057591621087, 19.5277211658256, 0.0 ], [ -99.255993492704121, 19.527647850071361, 0.0 ], [ -99.255911379059555, 19.527602603777371, 0.0 ], [ -99.25588037696933, 19.527589616415284, 0.0 ], [ -99.255832198045184, 19.527569925898447, 0.0 ], [ -99.255797006482837, 19.527559871166346, 0.0 ], [ -99.255847908563496, 19.527479852257514, 0.0 ] ] ] ] } },
{ "type": "Feature", "properties": { "ETAPA": "PRIMERA", "tipo": "Camellon", "M2": 410.15, "ha": 0.04098243539, "Donantes": null, "LAT": 19.52742921, "LONG_": -99.255628916999996, "Shape__Are": 464.15234375, "Shape__Len": 93.053952343600002, "Colonia": "Bellavista", "Identifica": 143, "m2_1": 409.824 }, "geometry": { "type": "MultiPolygon", "coordinates": [ [ [ [ -99.25577564017776, 19.52744130911811, 0.0 ], [ -99.255777315966114, 19.527479014363173, 0.0 ], [ -99.255753854924535, 19.527515043819509, 0.0 ], [ -99.255732069672135, 19.527530963811831, 0.0 ], [ -99.255577897114648, 19.527473986997091, 0.0 ], [ -99.255497459258336, 19.527434605963432, 0.0 ], [ -99.25543713086617, 19.527396900718468, 0.0 ], [ -99.255431475079405, 19.527385379671301, 0.0 ], [ -99.255456192962896, 19.527376372307216, 0.0 ], [ -99.255490337156957, 19.527368621784742, 0.0 ], [ -99.255540610816723, 19.527358148105566, 0.0 ], [ -99.255602614997159, 19.52735102600359, 0.0 ], [ -99.255699810739983, 19.527371135467675, 0.0 ], [ -99.25577564017776, 19.52744130911811, 0.0 ] ] ] ] } },
{ "type": "Feature", "properties": { "ETAPA": "CUARTA", "tipo": "Area Verde", "M2": 1244.4, "ha": 0.12434285989, "Donantes": null, "LAT": 19.562940768000001, "LONG_": -99.241130525000003, "Shape__Are": 1408.87890625, "Shape__Len": 214.22178754399999, "Colonia": "Rinconada de Las Arboledas", "Identifica": 362, "m2_1": 1243.43 }, "geometry": { "type": "MultiPolygon", "coordinates": [ [ [ [ -99.24081704086484, 19.563122801419198, 0.0 ], [ -99.240769844458697, 19.562975177310218, 0.0 ], [ -99.241564243405989, 19.562739158575599, 0.0 ], [ -99.241601863560959, 19.562757683468352, 0.0 ], [ -99.241547447296071, 19.562793668850457, 0.0 ], [ -99.24146669917431, 19.562847067384229, 0.0 ], [ -99.241323904540664, 19.562941496949065, 0.0 ], [ -99.24120915856308, 19.563009705019649, 0.0 ], [ -99.241071497538982, 19.56305203835279, 0.0 ], [ -99.24081704086484, 19.563122801419198, 0.0 ] ] ] ] } },
{ "type": "Feature", "properties": { "ETAPA": "CUARTA", "tipo": "Area Verde", "M2": 3583.63, "ha": 0.35808215590999998, "Donantes": null, "LAT": 19.564388022, "LONG_": -99.239876136999996, "Shape__Are": 4057.34375, "Shape__Len": 263.84519317500002, "Colonia": "Vergel de Arboledas", "Identifica": 305, "m2_1": 3580.82 }, "geometry": { "type": "MultiPolygon", "coordinates": [ [ [ [ -99.239666249341383, 19.564756164707642, 0.0 ], [ -99.23943878902044, 19.564459974905322, 0.0 ], [ -99.240043765914606, 19.564014425784734, 0.0 ], [ -99.240311315172079, 19.564291441049587, 0.0 ], [ -99.24016775413628, 19.564439877957408, 0.0 ], [ -99.239900634218742, 19.564617171755298, 0.0 ], [ -99.239666249341383, 19.564756164707642, 0.0 ] ] ] ] } },
{ "type": "Feature", "properties": { "ETAPA": "CUARTA", "tipo": "Area Verde", "M2": 2894.87, "ha": 0.2892594671, "Donantes": null, "LAT": 19.592763452, "LONG_": -99.2367358, "Shape__Are": 3278.671875, "Shape__Len": 265.04380820699998, "Colonia": "Lomas de San Miguel Sur", "Identifica": 287, "m2_1": 2892.59 }, "geometry": { "type": "MultiPolygon", "coordinates": [ [ [ [ -99.236284718756608, 19.592839721205113, 0.0 ], [ -99.236284586178755, 19.592748862835126, 0.0 ], [ -99.236279369920595, 19.59263170806744, 0.0 ], [ -99.236597241344953, 19.592621726289806, 0.0 ], [ -99.236624953518074, 19.592592996876871, 0.0 ], [ -99.237005828949705, 19.592535112696762, 0.0 ], [ -99.237104977505936, 19.593051449901086, 0.0 ], [ -99.236761689343865, 19.5929347394665, 0.0 ], [ -99.236572366487209, 19.592863255396303, 0.0 ], [ -99.236451243006485, 19.592846676137409, 0.0 ], [ -99.236284718756608, 19.592839721205113, 0.0 ] ] ] ] } },
{ "type": "Feature", "properties": { "ETAPA": "CUARTA", "tipo": "Area Verde", "M2": 1880.65, "ha": 0.18791777754, "Donantes": null, "LAT": 19.591108943999998, "LONG_": -99.235799697999994, "Shape__Are": 2129.9511718799999, "Shape__Len": 247.05307279199999, "Colonia": "Lomas de San Miguel Sur", "Identifica": 381, "m2_1": 1879.18 }, "geometry": { "type": "MultiPolygon", "coordinates": [ [ [ [ -99.23578277568889, 19.591517418345394, 0.0 ], [ -99.235703335956174, 19.591539041714597, 0.0 ], [ -99.235676412379874, 19.591241390519453, 0.0 ], [ -99.235717303936866, 19.590735628834945, 0.0 ], [ -99.235910278010365, 19.590717443528032, 0.0 ], [ -99.235956139215489, 19.591025829669011, 0.0 ], [ -99.235857830357588, 19.591083343629521, 0.0 ], [ -99.235862037795073, 19.591373851352685, 0.0 ], [ -99.23596805136394, 19.591409578463995, 0.0 ], [ -99.235892453510985, 19.591470649300373, 0.0 ], [ -99.23578277568889, 19.591517418345394, 0.0 ] ] ] ] } },
{ "type": "Feature", "properties": { "ETAPA": "CUARTA", "tipo": "Area Verde", "M2": 2092.03, "ha": 0.20903881638, "Donantes": null, "LAT": 19.589865328999998, "LONG_": -99.231611048000005, "Shape__Are": 2369.3125, "Shape__Len": 201.415170359, "Colonia": "Lomas de San Miguel Sur", "Identifica": 428, "m2_1": 2090.39 }, "geometry": { "type": "MultiPolygon", "coordinates": [ [ [ [ -99.231812023645858, 19.590075816783955, 0.0 ], [ -99.231441845857489, 19.590114745934631, 0.0 ], [ -99.231405540544102, 19.589552408537998, 0.0 ], [ -99.231857221496298, 19.589763323126718, 0.0 ], [ -99.231812023645858, 19.590075816783955, 0.0 ] ] ] ] } },
{ "type": "Feature", "properties": { "ETAPA": "TERCERA", "tipo": "Camellon", "M2": 11287.81, "ha": 1.1278950936800001, "Donantes": null, "LAT": 19.590590196000001, "LONG_": -99.233285124999995, "Shape__Are": 12783.9648438, "Shape__Len": 1071.35188801, "Colonia": "Lomas de San Miguel Sur", "Identifica": 78, "m2_1": 11279.0 }, "geometry": { "type": "MultiPolygon", "coordinates": [ [ [ [ -99.233104114016314, 19.590681092534712, 0.0 ], [ -99.233076690817754, 19.590672013225063, 0.0 ], [ -99.233050060105725, 19.590661017033607, 0.0 ], [ -99.232952646703851, 19.590618604652466, 0.0 ], [ -99.232616101010592, 19.590480650391459, 0.0 ], [ -99.232449830037083, 19.590413809962119, 0.0 ], [ -99.232300775616551, 19.590354625973305, 0.0 ], [ -99.232282612191753, 19.590343536972529, 0.0 ], [ -99.23226755973154, 19.590328848122446, 0.0 ], [ -99.232257459289229, 19.590310747282047, 0.0 ], [ -99.232251930484736, 19.590290952432284, 0.0 ], [ -99.232295987507158, 19.590053660608017, 0.0 ], [ -99.232327855720627, 19.590037971001358, 0.0 ], [ -99.232358798549043, 19.590039960547063, 0.0 ], [ -99.232419378282643, 19.59006902723765, 0.0 ], [ -99.232814827681366, 19.590269800948153, 0.0 ], [ -99.232903777006712, 19.590320603488344, 0.0 ], [ -99.232996176384589, 19.590365536484043, 0.0 ], [ -99.233091593558427, 19.59040438992594, 0.0 ], [ -99.233189586776149, 19.590436983639666, 0.0 ], [ -99.233289697163997, 19.590463166392777, 0.0 ], [ -99.233524269942933, 19.590471311462167, 0.0 ], [ -99.234019153510104, 19.590488494480997, 0.0 ], [ -99.2343612574887, 19.590474195438276, 0.0 ], [ -99.234443356875204, 19.590460837688187, 0.0 ], [ -99.234524252593786, 19.590442003211116, 0.0 ], [ -99.234603536662874, 19.590417785620843, 0.0 ], [ -99.234680812584131, 19.590388306532216, 0.0 ], [ -99.234755691528846, 19.590353714661436, 0.0 ], [ -99.234827797098532, 19.590314183109182, 0.0 ], [ -99.235117925897782, 19.590121945876721, 0.0 ], [ -99.23572253150391, 19.589702726001576, 0.0 ], [ -99.236254928808961, 19.589279687954011, 0.0 ], [ -99.236278612046078, 19.589276216970628, 0.0 ], [ -99.236381650396538, 19.589378796953454, 0.0 ], [ -99.235758780036562, 19.589847086942861, 0.0 ], [ -99.23525299250646, 19.590286551139222, 0.0 ], [ -99.235154378885255, 19.590371957834385, 0.0 ], [ -99.235087888393352, 19.59042573632291, 0.0 ], [ -99.235016802355858, 19.590473945825497, 0.0 ], [ -99.234941637079373, 19.590516235026634, 0.0 ], [ -99.234862941351977, 19.590552295947091, 0.0 ], [ -99.234781286918093, 19.590581865763518, 0.0 ], [ -99.234697270380352, 19.590604728613677, 0.0 ], [ -99.23461150271892, 19.590620718321123, 0.0 ], [ -99.234524608338319, 19.590629719300868, 0.0 ], [ -99.234355621149604, 19.590648126983105, 0.0 ], [ -99.234123624199043, 19.590676698966718, 0.0 ], [ -99.233601381900897, 19.590743148857527, 0.0 ], [ -99.23349134474465, 19.590743866147093, 0.0 ], [ -99.233426345342991, 19.590745053733819, 0.0 ], [ -99.233353290297174, 19.590732401931575, 0.0 ], [ -99.233208379115069, 19.590702701285998, 0.0 ], [ -99.233104114016314, 19.590681092534712, 0.0 ] ] ] ] } },
{ "type": "Feature", "properties": { "ETAPA": "TERCERA", "tipo": "Camellon", "M2": 957.75, "ha": 0.09569936852, "Donantes": null, "LAT": 19.589531589, "LONG_": -99.232149394999993, "Shape__Are": 1084.6816406200001, "Shape__Len": 227.84478869099999, "Colonia": "Lomas de San Miguel Sur", "Identifica": 121, "m2_1": 956.994 }, "geometry": { "type": "MultiPolygon", "coordinates": [ [ [ [ -99.232259613367503, 19.589163776620207, 0.0 ], [ -99.232234644440894, 19.589306275807537, 0.0 ], [ -99.232128776788116, 19.589950326863438, 0.0 ], [ -99.232123223690465, 19.589951816386165, 0.0 ], [ -99.232059206800429, 19.589979918923206, 0.0 ], [ -99.232035774458254, 19.589996871230738, 0.0 ], [ -99.232051146209329, 19.5898566407073, 0.0 ], [ -99.23215148211564, 19.589212281942334, 0.0 ], [ -99.232170061798186, 19.589111385529382, 0.0 ], [ -99.232190734278632, 19.589095480832988, 0.0 ], [ -99.232214387321633, 19.589096384377633, 0.0 ], [ -99.232247203803908, 19.589109596314614, 0.0 ], [ -99.232258073635364, 19.589130130413924, 0.0 ], [ -99.232259613367503, 19.589163776620207, 0.0 ] ] ] ] } },
{ "type": "Feature", "properties": { "ETAPA": "TERCERA", "tipo": "Camellon", "M2": 516.48, "ha": 0.05160783261, "Donantes": null, "LAT": 19.59042673, "LONG_": -99.232022346999997, "Shape__Are": 584.9453125, "Shape__Len": 186.05673589599999, "Colonia": "Lomas de San Miguel Sur", "Identifica": 199, "m2_1": 516.078 }, "geometry": { "type": "MultiPolygon", "coordinates": [ [ [ [ -99.232109636812851, 19.590050697132483, 0.0 ], [ -99.232108605272003, 19.5900662507512, 0.0 ], [ -99.232078814729704, 19.590252622984814, 0.0 ], [ -99.232036359876872, 19.590541751994085, 0.0 ], [ -99.23200803470597, 19.590719249280351, 0.0 ], [ -99.231987454988243, 19.590800067140194, 0.0 ], [ -99.231958870192514, 19.590796367899948, 0.0 ], [ -99.231943050054596, 19.590759962081162, 0.0 ], [ -99.231943990071457, 19.590728204722566, 0.0 ], [ -99.231981105848519, 19.5904955898758, 0.0 ], [ -99.23203920942187, 19.590102243895757, 0.0 ], [ -99.232073129509629, 19.590067697422572, 0.0 ], [ -99.232109636812851, 19.590050697132483, 0.0 ] ] ] ] } },
{ "type": "Feature", "properties": { "ETAPA": "CUARTA", "tipo": "Area Verde", "M2": 939.78, "ha": 0.09390419767, "Donantes": null, "LAT": 19.601702316000001, "LONG_": -99.236102058, "Shape__Are": 1064.4921875, "Shape__Len": 141.722583391, "Colonia": "Lomas de San Miguel Norte", "Identifica": 382, "m2_1": 939.042 }, "geometry": { "type": "MultiPolygon", "coordinates": [ [ [ [ -99.235905750352231, 19.601861111558165, 0.0 ], [ -99.235865179424664, 19.601722483612914, 0.0 ], [ -99.236134936422161, 19.60157866719911, 0.0 ], [ -99.236266051111912, 19.601521110091419, 0.0 ], [ -99.236316826239985, 19.601736238247646, 0.0 ], [ -99.235905750352231, 19.601861111558165, 0.0 ] ] ] ] } },
{ "type": "Feature", "properties": { "ETAPA": "CUARTA", "tipo": "Area Verde", "M2": 540.61, "ha": 0.05401819018, "Donantes": null, "LAT": 19.600601975, "LONG_": -99.238377164, "Shape__Are": 612.33984375, "Shape__Len": 113.972735628, "Colonia": "Lomas de San Miguel Norte", "Identifica": 462, "m2_1": 540.182 }, "geometry": { "type": "MultiPolygon", "coordinates": [ [ [ [ -99.238568783232509, 19.600637936683398, 0.0 ], [ -99.238194186838797, 19.600688644265762, 0.0 ], [ -99.238171321216768, 19.60058107711944, 0.0 ], [ -99.238549664914743, 19.600505258574465, 0.0 ], [ -99.238568783232509, 19.600637936683398, 0.0 ] ] ] ] } },
{ "type": "Feature", "properties": { "ETAPA": "TERCERA", "tipo": "Camellon", "M2": 188.58, "ha": 0.01884332188, "Donantes": null, "LAT": 19.609222812, "LONG_": -99.236655776000006, "Shape__Are": 213.62890625, "Shape__Len": 87.793775248100005, "Colonia": "Bosques de Primavera", "Identifica": 214, "m2_1": 188.433 }, "geometry": { "type": "MultiPolygon", "coordinates": [ [ [ [ -99.236436495340158, 19.609187379284506, 0.0 ], [ -99.236517812919317, 19.609190541554007, 0.0 ], [ -99.236593704184514, 19.609189974903963, 0.0 ], [ -99.236668602324485, 19.609184272514259, 0.0 ], [ -99.236708026710687, 19.609184220719079, 0.0 ], [ -99.23680521316227, 19.609255077169461, 0.0 ], [ -99.236779619423217, 19.609277059861277, 0.0 ], [ -99.236725407444141, 19.609274796098187, 0.0 ], [ -99.236632711587134, 19.609241760796987, 0.0 ], [ -99.236544964300236, 19.609222728983877, 0.0 ], [ -99.236469290412018, 19.609203447780477, 0.0 ], [ -99.236443896968552, 19.609193907586473, 0.0 ], [ -99.236436495340158, 19.609187379284506, 0.0 ] ] ] ] } },
{ "type": "Feature", "properties": { "ETAPA": "TERCERA", "tipo": "Camellon", "M2": 4146.13, "ha": 0.41428737601, "Donantes": null, "LAT": 19.607615038, "LONG_": -99.239164551000002, "Shape__Are": 4696.6582031199996, "Shape__Len": 731.39946707700005, "Colonia": "Ampliación Bosques de Ixtacala", "Identifica": 79, "m2_1": 4142.87 }, "geometry": { "type": "MultiPolygon", "coordinates": [ [ [ [ -99.237781057229867, 19.608940958150949, 0.0 ], [ -99.237780475674015, 19.608919419824495, 0.0 ], [ -99.237794688741161, 19.608866162939119, 0.0 ], [ -99.237822713343874, 19.608821760842041, 0.0 ], [ -99.237936881026556, 19.60871093083507, 0.0 ], [ -99.238148001512585, 19.608512176415527, 0.0 ], [ -99.238552552403661, 19.608150182344364, 0.0 ], [ -99.238886244395374, 19.607860199507183, 0.0 ], [ -99.238997425585808, 19.607730225742728, 0.0 ], [ -99.239150852100622, 19.607508663616485, 0.0 ], [ -99.239228569442275, 19.60741049020146, 0.0 ], [ -99.239451045204774, 19.607228064218958, 0.0 ], [ -99.239963916732435, 19.606716561787653, 0.0 ], [ -99.240008821171614, 19.606887434669535, 0.0 ], [ -99.240020341126396, 19.606931271481525, 0.0 ], [ -99.239575959378442, 19.60736558673976, 0.0 ], [ -99.239550719358164, 19.607387869451966, 0.0 ], [ -99.239480526963789, 19.607449889871472, 0.0 ], [ -99.239380717392947, 19.607538123547865, 0.0 ], [ -99.239312294331157, 19.607598536576038, 0.0 ], [ -99.239253076677088, 19.607635468656255, 0.0 ], [ -99.239170621604387, 19.607696047115375, 0.0 ], [ -99.237963436643852, 19.608777563566775, 0.0 ], [ -99.237936223307941, 19.60880062855481, 0.0 ], [ -99.237879721233128, 19.608848521670907, 0.0 ], [ -99.237842535739645, 19.608885880115299, 0.0 ], [ -99.237812085249985, 19.60891316061079, 0.0 ], [ -99.237781057229867, 19.608940958150949, 0.0 ] ] ] ] } },
{ "type": "Feature", "properties": { "ETAPA": "TERCERA", "tipo": "Camellon", "M2": 13687.62, "ha": 1.3676889639000001, "Donantes": null, "LAT": 19.6024853, "LONG_": -99.24445651000001, "Shape__Are": 15504.4707031, "Shape__Len": 1886.24103575, "Colonia": "Ampliación Bosques de Ixtacala", "Identifica": 122, "m2_1": 13676.9 }, "geometry": { "type": "MultiPolygon", "coordinates": [ [ [ [ -99.240111761875156, 19.606719727832658, 0.0 ], [ -99.240111935604844, 19.606594865126823, 0.0 ], [ -99.240116838624928, 19.606578046551046, 0.0 ], [ -99.240434754408071, 19.606287614873342, 0.0 ], [ -99.240918503859447, 19.605837713577976, 0.0 ], [ -99.241366814097404, 19.605417746538262, 0.0 ], [ -99.242079343265743, 19.604724694908914, 0.0 ], [ -99.243170816975692, 19.603700492625393, 0.0 ], [ -99.244078083836868, 19.602748451525944, 0.0 ], [ -99.244983443836077, 19.601845910586245, 0.0 ], [ -99.245213952125511, 19.601609903428514, 0.0 ], [ -99.245806986619513, 19.601028616149367, 0.0 ], [ -99.245868295383602, 19.601044934872288, 0.0 ], [ -99.245894578510502, 19.601066427319125, 0.0 ], [ -99.245904746344479, 19.601097883685632, 0.0 ], [ -99.245896497686545, 19.601136936099984, 0.0 ], [ -99.245884485164865, 19.601165081138411, 0.0 ], [ -99.245868536326142, 19.601191412392858, 0.0 ], [ -99.245848948895542, 19.601215437841887, 0.0 ], [ -99.245739325871654, 19.601325198350207, 0.0 ], [ -99.245513635315419, 19.601548696104892, 0.0 ], [ -99.245404248148645, 19.601655191914318, 0.0 ], [ -99.245377693772809, 19.601686220553617, 0.0 ], [ -99.245355627743876, 19.601720259637599, 0.0 ], [ -99.245338575935762, 19.601756342394058, 0.0 ], [ -99.245326473722642, 19.601794611697223, 0.0 ], [ -99.245309368290478, 19.601767640481292, 0.0 ], [ -99.24519959547699, 19.601886651165408, 0.0 ], [ -99.244928703420371, 19.602143836458048, 0.0 ], [ -99.244798518030592, 19.602281551461523, 0.0 ], [ -99.244649267728803, 19.602406715425033, 0.0 ], [ -99.244620234088998, 19.602433247783225, 0.0 ], [ -99.24438003247819, 19.602677007658439, 0.0 ], [ -99.244313270531592, 19.602737946283963, 0.0 ], [ -99.244276506927406, 19.602778710633931, 0.0 ], [ -99.24401290786858, 19.603037764367489, 0.0 ], [ -99.243722081158282, 19.603344604378314, 0.0 ], [ -99.243646724235234, 19.603413389482608, 0.0 ], [ -99.243554383105888, 19.603501508731146, 0.0 ], [ -99.243300276014637, 19.603749916533836, 0.0 ], [ -99.243227534764742, 19.603828419059607, 0.0 ], [ -99.243154794397881, 19.603906922458552, 0.0 ], [ -99.243064697274491, 19.603963139537104, 0.0 ], [ -99.242852705561845, 19.604168212486623, 0.0 ], [ -99.242778338871531, 19.604238393921918, 0.0 ], [ -99.24268019683889, 19.604332159642194, 0.0 ], [ -99.242582054691212, 19.60442592530946, 0.0 ], [ -99.242500748919596, 19.604502214156174, 0.0 ], [ -99.242302558039029, 19.604695616449874, 0.0 ], [ -99.242229293531295, 19.604770450244587, 0.0 ], [ -99.241956233824638, 19.60503586943047, 0.0 ], [ -99.241169782811639, 19.605787715243036, 0.0 ], [ -99.24113761318911, 19.605819508979284, 0.0 ], [ -99.240936822202357, 19.606010560011185, 0.0 ], [ -99.24066424152592, 19.606271005334428, 0.0 ], [ -99.240584168221275, 19.606337241597174, 0.0 ], [ -99.240276788954091, 19.606627677879519, 0.0 ], [ -99.24021328478743, 19.606687680734524, 0.0 ], [ -99.240127281859898, 19.606770890808718, 0.0 ], [ -99.240111761875156, 19.606719727832658, 0.0 ] ] ] ] } },
{ "type": "Feature", "properties": { "ETAPA": "TERCERA", "tipo": "Camellon", "M2": 748.05, "ha": 0.07474586441, "Donantes": null, "LAT": 19.609114798, "LONG_": -99.237594836, "Shape__Are": 847.390625, "Shape__Len": 174.56462160300001, "Colonia": "Ampliación Bosques de Ixtacala", "Identifica": 215, "m2_1": 747.459 }, "geometry": { "type": "MultiPolygon", "coordinates": [ [ [ [ -99.237975456788703, 19.60913911989131, 0.0 ], [ -99.23767292275393, 19.609172209339206, 0.0 ], [ -99.237303420557083, 19.609241812588618, 0.0 ], [ -99.237389537400873, 19.609157171935795, 0.0 ], [ -99.237552927085574, 19.609006115211447, 0.0 ], [ -99.237667180837619, 19.608953660399681, 0.0 ], [ -99.237678102111062, 19.60900781811997, 0.0 ], [ -99.237717614282474, 19.609067542129132, 0.0 ], [ -99.237831040311519, 19.609122498557696, 0.0 ], [ -99.237975456788703, 19.60913911989131, 0.0 ] ] ] ] } },
{ "type": "Feature", "properties": { "ETAPA": "CUARTA", "tipo": "Area Verde", "M2": 410.58, "ha": 0.04102579605, "Donantes": null, "LAT": 19.604091125, "LONG_": -99.221989312000005, "Shape__Are": 465.080078125, "Shape__Len": 86.173794017899993, "Colonia": "San José del Jaral", "Identifica": 288, "m2_1": 410.258 }, "geometry": { "type": "MultiPolygon", "coordinates": [ [ [ [ -99.222107348277675, 19.604027502499143, 0.0 ], [ -99.222030891778132, 19.604205492397963, 0.0 ], [ -99.222008702565034, 19.60421508242549, 0.0 ], [ -99.221980427825599, 19.60420364004743, 0.0 ], [ -99.221865303706622, 19.604152135480881, 0.0 ], [ -99.221965961921271, 19.60395881509741, 0.0 ], [ -99.222107348277675, 19.604027502499143, 0.0 ] ] ] ] } },
{ "type": "Feature", "properties": { "ETAPA": "CUARTA", "tipo": "Area Verde", "M2": 274.44, "ha": 0.02742255989, "Donantes": null, "LAT": 19.601203403, "LONG_": -99.216035148000003, "Shape__Are": 310.861328125, "Shape__Len": 78.028652082899995, "Colonia": "San José del Jaral", "Identifica": 459, "m2_1": 274.226 }, "geometry": { "type": "MultiPolygon", "coordinates": [ [ [ [ -99.216145201113079, 19.601260421179031, 0.0 ], [ -99.216069605495946, 19.601332243486038, 0.0 ], [ -99.215921739308456, 19.601131572063302, 0.0 ], [ -99.216001148180496, 19.601081264744479, 0.0 ], [ -99.216145201113079, 19.601260421179031, 0.0 ] ] ] ] } },
{ "type": "Feature", "properties": { "ETAPA": "TERCERA", "tipo": "Camellon", "M2": 71.47, "ha": 0.0071418122, "Donantes": null, "LAT": 19.605612851, "LONG_": -99.224982643000004, "Shape__Are": 80.966796875, "Shape__Len": 39.487231780499997, "Colonia": "San José del Jaral", "Identifica": 80, "m2_1": 71.4181 }, "geometry": { "type": "MultiPolygon", "coordinates": [ [ [ [ -99.22496818915856, 19.605567264066615, 0.0 ], [ -99.224979846922082, 19.605546536675227, 0.0 ], [ -99.225041211116704, 19.60562260061679, 0.0 ], [ -99.225016561401915, 19.605637239764409, 0.0 ], [ -99.224989824686944, 19.605648104034941, 0.0 ], [ -99.224961640487777, 19.60565493145894, 0.0 ], [ -99.224923277802404, 19.605653523884438, 0.0 ], [ -99.224938532725716, 19.605628043054192, 0.0 ], [ -99.22495864730304, 19.605597127105849, 0.0 ], [ -99.22496818915856, 19.605567264066615, 0.0 ] ] ] ] } },
{ "type": "Feature", "properties": { "ETAPA": "TERCERA", "tipo": "Camellon", "M2": 1024.47, "ha": 0.10236659651, "Donantes": null, "LAT": 19.603581384000002, "LONG_": -99.223617888999996, "Shape__Are": 1160.44921875, "Shape__Len": 299.99368526699999, "Colonia": "San José del Jaral", "Identifica": 81, "m2_1": 1023.67 }, "geometry": { "type": "MultiPolygon", "coordinates": [ [ [ [ -99.223283937938376, 19.603007918186773, 0.0 ], [ -99.223312767713608, 19.603005508433341, 0.0 ], [ -99.223371947595311, 19.603114210273638, 0.0 ], [ -99.223431624533788, 19.603223711253971, 0.0 ], [ -99.223497038809853, 19.603333485244839, 0.0 ], [ -99.223519660841987, 19.603368476602917, 0.0 ], [ -99.2235666203579, 19.603441139373611, 0.0 ], [ -99.223638809470046, 19.603546951200506, 0.0 ], [ -99.223708373731796, 19.603641964287021, 0.0 ], [ -99.223779874216987, 19.603735141326126, 0.0 ], [ -99.223849738446006, 19.603829732856326, 0.0 ], [ -99.22391662530066, 19.603926868367854, 0.0 ], [ -99.223978771571254, 19.604031035136149, 0.0 ], [ -99.223966807572054, 19.604051334986433, 0.0 ], [ -99.223944310031101, 19.604056599456886, 0.0 ], [ -99.223870951827223, 19.603977545163204, 0.0 ], [ -99.223809829426756, 19.6039010195671, 0.0 ], [ -99.223741018246898, 19.603812145350389, 0.0 ], [ -99.22367339531452, 19.603722565645967, 0.0 ], [ -99.2236072633834, 19.603631924924134, 0.0 ], [ -99.223488421804021, 19.60346036777727, 0.0 ], [ -99.223433394010101, 19.603372607777803, 0.0 ], [ -99.223382163336495, 19.60328194758711, 0.0 ], [ -99.223333906374805, 19.603189447369175, 0.0 ], [ -99.223288408218423, 19.603096239733514, 0.0 ], [ -99.223256839705329, 19.603010184812305, 0.0 ], [ -99.223283937938376, 19.603007918186773, 0.0 ] ] ] ] } },
{ "type": "Feature", "properties": { "ETAPA": "TERCERA", "tipo": "Camellon", "M2": 5463.92, "ha": 0.54596201187000004, "Donantes": null, "LAT": 19.599483336, "LONG_": -99.223386828000002, "Shape__Are": 6188.890625, "Shape__Len": 1353.6510836, "Colonia": "San José del Jaral", "Identifica": 124, "m2_1": 5459.62 }, "geometry": { "type": "MultiPolygon", "coordinates": [ [ [ [ -99.224631126263901, 19.597782980555863, 0.0 ], [ -99.224685605275198, 19.597744390686252, 0.0 ], [ -99.22463751407426, 19.597822722017948, 0.0 ], [ -99.224583074857406, 19.597889508519632, 0.0 ], [ -99.224529379576722, 19.597956435055796, 0.0 ], [ -99.224423712187203, 19.598095934988159, 0.0 ], [ -99.224155501705056, 19.598459515288837, 0.0 ], [ -99.224044925856987, 19.598606080837179, 0.0 ], [ -99.223922063722028, 19.598757321982912, 0.0 ], [ -99.223800251085265, 19.598912585031474, 0.0 ], [ -99.223629907901227, 19.599153549532957, 0.0 ], [ -99.223530974181543, 19.599315209343654, 0.0 ], [ -99.223442842995112, 19.599477278640233, 0.0 ], [ -99.223361872957099, 19.599646893982502, 0.0 ], [ -99.223323851699803, 19.599735335091196, 0.0 ], [ -99.223254294257131, 19.599914891442825, 0.0 ], [ -99.223192564936852, 19.600098814709416, 0.0 ], [ -99.223161633924889, 19.600196636483837, 0.0 ], [ -99.223132343061479, 19.600295162917952, 0.0 ], [ -99.223107150026777, 19.600394601533274, 0.0 ], [ -99.22308628230644, 19.600496716983283, 0.0 ], [ -99.223069885868654, 19.600600169799737, 0.0 ], [ -99.223046868655089, 19.600818498795007, 0.0 ], [ -99.223041738467188, 19.600934151219136, 0.0 ], [ -99.223036309967696, 19.601157189326244, 0.0 ], [ -99.223035413933246, 19.601371961062469, 0.0 ], [ -99.223032799912104, 19.601691508525089, 0.0 ], [ -99.223035986779038, 19.601787664081112, 0.0 ], [ -99.223046137655473, 19.601964014722292, 0.0 ], [ -99.223063200524592, 19.602127437455689, 0.0 ], [ -99.223085895459533, 19.602270165627669, 0.0 ], [ -99.223105511133127, 19.602394118644039, 0.0 ], [ -99.223131977906192, 19.602516297336599, 0.0 ], [ -99.223170296251595, 19.602642768398344, 0.0 ], [ -99.223265624758113, 19.602890251555948, 0.0 ], [ -99.223294715967327, 19.602952932541697, 0.0 ], [ -99.223224914972533, 19.602956909463348, 0.0 ], [ -99.223200451581789, 19.60290042756322, 0.0 ], [ -99.223161350904348, 19.602800716145598, 0.0 ], [ -99.22312499722031, 19.60269450549497, 0.0 ], [ -99.223092813042399, 19.602586453347939, 0.0 ], [ -99.223063310890723, 19.602478045429205, 0.0 ], [ -99.223036788281945, 19.602369281371939, 0.0 ], [ -99.22301339289919, 19.602259382905913, 0.0 ], [ -99.22299037003512, 19.602149907811423, 0.0 ], [ -99.222978373128868, 19.602040066625719, 0.0 ], [ -99.222966377094835, 19.601930154044073, 0.0 ], [ -99.222958253134721, 19.601819884225232, 0.0 ], [ -99.222956158052341, 19.601704946545773, 0.0 ], [ -99.222957936951119, 19.601590357420328, 0.0 ], [ -99.2229596409815, 19.601475415941444, 0.0 ], [ -99.222959489067421, 19.601365136253968, 0.0 ], [ -99.222960377811191, 19.601144998333044, 0.0 ], [ -99.222961713927575, 19.601032951867047, 0.0 ], [ -99.22296386917283, 19.600920903482592, 0.0 ], [ -99.222969450655413, 19.60080885176162, 0.0 ], [ -99.222978464748024, 19.600700042800089, 0.0 ], [ -99.222990085660882, 19.600591724937548, 0.0 ], [ -99.223004836323042, 19.60048347459302, 0.0 ], [ -99.223024119978433, 19.600366675020346, 0.0 ], [ -99.223046831391173, 19.600251000832078, 0.0 ], [ -99.223074386410318, 19.600135603504036, 0.0 ], [ -99.223106786796549, 19.600022459432306, 0.0 ], [ -99.223144029932243, 19.599910367595264, 0.0 ], [ -99.223185820881596, 19.5997998244885, 0.0 ], [ -99.223224652982466, 19.599705311321593, 0.0 ], [ -99.223266244175235, 19.599612488268964, 0.0 ], [ -99.223310220146274, 19.599520298459197, 0.0 ], [ -99.223408370489238, 19.599330398992539, 0.0 ], [ -99.223461583494938, 19.599237421412528, 0.0 ], [ -99.223524022530981, 19.599136312594457, 0.0 ], [ -99.223590263756577, 19.599037528786315, 0.0 ], [ -99.22372581673649, 19.598851183095697, 0.0 ], [ -99.223865183973004, 19.598676059279409, 0.0 ], [ -99.223936131869394, 19.598587082818501, 0.0 ], [ -99.224142360230985, 19.598330542342065, 0.0 ], [ -99.224269906540272, 19.59817364706489, 0.0 ], [ -99.224405114999172, 19.598008128954383, 0.0 ], [ -99.224473090332566, 19.597924875524409, 0.0 ], [ -99.224496531380353, 19.597906560782086, 0.0 ], [ -99.224543559054993, 19.5978669651502, 0.0 ], [ -99.224588274811126, 19.597825677941657, 0.0 ], [ -99.224631126263901, 19.597782980555863, 0.0 ] ] ] ] } },
{ "type": "Feature", "properties": { "ETAPA": "CUARTA", "tipo": "Area Verde", "M2": 12439.09, "ha": 1.2429308267200001, "Donantes": null, "LAT": 19.591410582999998, "LONG_": -99.220888936999998, "Shape__Are": 14088.046875, "Shape__Len": 472.18947714299998, "Colonia": "Villa Jardín", "Identifica": 372, "m2_1": 12429.3 }, "geometry": { "type": "MultiPolygon", "coordinates": [ [ [ [ -99.221429671389615, 19.590884678494557, 0.0 ], [ -99.221577895324941, 19.59172086264396, 0.0 ], [ -99.220558731582855, 19.591909573708342, 0.0 ], [ -99.220233996233816, 19.59180422322315, 0.0 ], [ -99.22025410667797, 19.591674417684004, 0.0 ], [ -99.220268498116411, 19.591068755540526, 0.0 ], [ -99.221429671389615, 19.590884678494557, 0.0 ] ] ] ] } },
{ "type": "Feature", "properties": { "ETAPA": "CUARTA", "tipo": "Area Verde", "M2": 227.61, "ha": 0.02274329489, "Donantes": null, "LAT": 19.600376283, "LONG_": -99.223871333999995, "Shape__Are": 257.810546875, "Shape__Len": 75.626373337000004, "Colonia": "Hacienda de la Luz", "Identifica": 320, "m2_1": 227.433 }, "geometry": { "type": "MultiPolygon", "coordinates": [ [ [ [ -99.223987815666732, 19.600472620882709, 0.0 ], [ -99.223755726614613, 19.600392889781666, 0.0 ], [ -99.223871465165033, 19.600262352650908, 0.0 ], [ -99.22387652775825, 19.600274301635046, 0.0 ], [ -99.223987815666732, 19.600472620882709, 0.0 ] ] ] ] } },
{ "type": "Feature", "properties": { "ETAPA": "CUARTA", "tipo": "Area Verde", "M2": 2056.58, "ha": 0.2054959134, "Donantes": null, "LAT": 19.594319019, "LONG_": -99.216660426999994, "Shape__Are": 2329.28515625, "Shape__Len": 247.23396244400001, "Colonia": "Ampliación Peñitas", "Identifica": 286, "m2_1": 2054.96 }, "geometry": { "type": "MultiPolygon", "coordinates": [ [ [ [ -99.216762407434373, 19.594655365664654, 0.0 ], [ -99.21629271262232, 19.594336724135697, 0.0 ], [ -99.216614168171958, 19.594171355777377, 0.0 ], [ -99.21698470293552, 19.593919848575283, 0.0 ], [ -99.216916746242205, 19.594041875348029, 0.0 ], [ -99.216826219530944, 19.594264351119815, 0.0 ], [ -99.216784960559409, 19.594540568482678, 0.0 ], [ -99.216762407434373, 19.594655365664654, 0.0 ] ] ] ] } },
{ "type": "Feature", "properties": { "ETAPA": "CUARTA", "tipo": "Area Verde", "M2": 2904.92, "ha": 0.29026345666999998, "Donantes": null, "LAT": 19.587864813, "LONG_": -99.22385205, "Shape__Are": 3289.8496093799999, "Shape__Len": 365.83589480500001, "Colonia": "Ampliación Peñitas", "Identifica": 326, "m2_1": 2902.63 }, "geometry": { "type": "MultiPolygon", "coordinates": [ [ [ [ -99.223634100008084, 19.588331866126744, 0.0 ], [ -99.223374810882774, 19.588254764369061, 0.0 ], [ -99.223901894341196, 19.587620382404349, 0.0 ], [ -99.224468726754381, 19.587216395292081, 0.0 ], [ -99.223634100008084, 19.588331866126744, 0.0 ] ] ] ] } },
{ "type": "Feature", "properties": { "ETAPA": "CUARTA", "tipo": "Area Verde", "M2": 605.17, "ha": 0.06046924534, "Donantes": null, "LAT": 19.590177679, "LONG_": -99.217074534999995, "Shape__Are": 685.380859375, "Shape__Len": 117.14886751100001, "Colonia": "Ampliación Peñitas", "Identifica": 329, "m2_1": 604.692 }, "geometry": { "type": "MultiPolygon", "coordinates": [ [ [ [ -99.217257076173908, 19.590247949917977, 0.0 ], [ -99.217052843545488, 19.590337860569051, 0.0 ], [ -99.216980763802354, 19.590205243603965, 0.0 ], [ -99.216954067035459, 19.590051052482302, 0.0 ], [ -99.216955999999712, 19.589973, 0.0 ], [ -99.217082762300706, 19.590072417105311, 0.0 ], [ -99.217162338549556, 19.590151226196241, 0.0 ], [ -99.217257076173908, 19.590247949917977, 0.0 ] ] ] ] } },
{ "type": "Feature", "properties": { "ETAPA": "CUARTA", "tipo": "Area Verde", "M2": 147.8, "ha": 0.01476799462, "Donantes": null, "LAT": 19.590019158, "LONG_": -99.216994162999995, "Shape__Are": 167.38671875, "Shape__Len": 58.1244300826, "Colonia": "Ampliación Peñitas", "Identifica": 385, "m2_1": 147.68 }, "geometry": { "type": "MultiPolygon", "coordinates": [ [ [ [ -99.217107611541209, 19.590067662639989, 0.0 ], [ -99.217007721218167, 19.590079259970462, 0.0 ], [ -99.216954067035459, 19.590051052482302, 0.0 ], [ -99.216910700768096, 19.589973213733519, 0.0 ], [ -99.216946980128256, 19.589935869578152, 0.0 ], [ -99.217107611541209, 19.590067662639989, 0.0 ] ] ] ] } },
{ "type": "Feature", "properties": { "ETAPA": "CUARTA", "tipo": "Area Verde", "M2": 1771.8, "ha": 0.17704059091, "Donantes": null, "LAT": 19.592362369, "LONG_": -99.217388567, "Shape__Are": 2006.6972656200001, "Shape__Len": 181.53964943400001, "Colonia": "Ampliación Peñitas", "Identifica": 406, "m2_1": 1770.41 }, "geometry": { "type": "MultiPolygon", "coordinates": [ [ [ [ -99.217445960691336, 19.592063045703508, 0.0 ], [ -99.217562745308371, 19.592137625359364, 0.0 ], [ -99.217588163092628, 19.592278069310918, 0.0 ], [ -99.217591557687768, 19.592457394520601, 0.0 ], [ -99.217522241943087, 19.592505299313899, 0.0 ], [ -99.217396180746576, 19.592568216624183, 0.0 ], [ -99.217213273768181, 19.592571425910169, 0.0 ], [ -99.217087044112461, 19.592508812693232, 0.0 ], [ -99.217445960691336, 19.592063045703508, 0.0 ] ] ] ] } },
{ "type": "Feature", "properties": { "ETAPA": "CUARTA", "tipo": "Area Verde", "M2": 6032.9, "ha": 0.60281549616999996, "Donantes": null, "LAT": 19.592315867, "LONG_": -99.216898466000004, "Shape__Are": 6832.71484375, "Shape__Len": 345.27477310500001, "Colonia": "Ampliación Peñitas", "Identifica": 441, "m2_1": 6028.15 }, "geometry": { "type": "MultiPolygon", "coordinates": [ [ [ [ -99.217087044112461, 19.592508812693232, 0.0 ], [ -99.216810513365857, 19.592827044156422, 0.0 ], [ -99.216350965995147, 19.59254545144174, 0.0 ], [ -99.216965594943034, 19.59182739554841, 0.0 ], [ -99.217066549350207, 19.591855966721468, 0.0 ], [ -99.217445960691336, 19.592063045703508, 0.0 ], [ -99.217087044112461, 19.592508812693232, 0.0 ] ] ] ] } },
{ "type": "Feature", "properties": { "ETAPA": "CUARTA", "tipo": "Area Verde", "M2": 262.07, "ha": 0.02618675444, "Donantes": null, "LAT": 19.582311894, "LONG_": -99.216527967000005, "Shape__Are": 296.783203125, "Shape__Len": 76.597024448, "Colonia": "Cerro Grande", "Identifica": 278, "m2_1": 261.868 }, "geometry": { "type": "MultiPolygon", "coordinates": [ [ [ [ -99.216675506496955, 19.58231678540977, 0.0 ], [ -99.216481869985969, 19.58239879052012, 0.0 ], [ -99.216413605890907, 19.582286971532021, 0.0 ], [ -99.216522502722142, 19.582222283554145, 0.0 ], [ -99.216558906912212, 19.582279623855399, 0.0 ], [ -99.216586128218907, 19.58226237585718, 0.0 ], [ -99.216675506496955, 19.58231678540977, 0.0 ] ] ] ] } },
{ "type": "Feature", "properties": { "ETAPA": "CUARTA", "tipo": "Area Verde", "M2": 390.58, "ha": 0.03902757581, "Donantes": null, "LAT": 19.582217097000001, "LONG_": -99.216171844000002, "Shape__Are": 442.310546875, "Shape__Len": 110.089239928, "Colonia": "Cerro Grande", "Identifica": 427, "m2_1": 390.276 }, "geometry": { "type": "MultiPolygon", "coordinates": [ [ [ [ -99.216328873838776, 19.58230398026382, 0.0 ], [ -99.216212296339137, 19.582378840681368, 0.0 ], [ -99.216133268976193, 19.582235471782493, 0.0 ], [ -99.216003738996321, 19.582056297428636, 0.0 ], [ -99.216047863151616, 19.582038311628544, 0.0 ], [ -99.216120475829243, 19.582100989970304, 0.0 ], [ -99.216328873838776, 19.58230398026382, 0.0 ] ] ] ] } },
{ "type": "Feature", "properties": { "ETAPA": "TERCERA", "tipo": "Camellon", "M2": 266.77, "ha": 0.02665614462, "Donantes": null, "LAT": 19.579636263000001, "LONG_": -99.220772505, "Shape__Are": 302.091796875, "Shape__Len": 199.33681865700001, "Colonia": "Cerro Grande", "Identifica": 125, "m2_1": 266.561 }, "geometry": { "type": "MultiPolygon", "coordinates": [ [ [ [ -99.221228270029087, 19.579602549464813, 0.0 ], [ -99.221133929059491, 19.579612939208708, 0.0 ], [ -99.220842286100336, 19.579645986710535, 0.0 ], [ -99.220679211897718, 19.579656927355689, 0.0 ], [ -99.220362490020463, 19.579690145783498, 0.0 ], [ -99.220356764698707, 19.57966167074818, 0.0 ], [ -99.220397136063767, 19.579660074238618, 0.0 ], [ -99.220553793548206, 19.579640735638897, 0.0 ], [ -99.220771301984797, 19.579621789442101, 0.0 ], [ -99.221218459255709, 19.579584610899104, 0.0 ], [ -99.221225171591428, 19.579588659924092, 0.0 ], [ -99.221228013471134, 19.579595077730691, 0.0 ], [ -99.221228270029087, 19.579602549464813, 0.0 ] ] ] ] } },
{ "type": "Feature", "properties": { "ETAPA": "TERCERA", "tipo": "Camellon", "M2": 281.05, "ha": 0.02808258325, "Donantes": null, "LAT": 19.579727838, "LONG_": -99.219926510999997, "Shape__Are": 318.2578125, "Shape__Len": 198.14835597800001, "Colonia": "Cerro Grande", "Identifica": 126, "m2_1": 280.826 }, "geometry": { "type": "MultiPolygon", "coordinates": [ [ [ [ -99.220128111318104, 19.579695193655827, 0.0 ], [ -99.220332354128047, 19.579667625427522, 0.0 ], [ -99.220330921063592, 19.57970078439547, 0.0 ], [ -99.220130416231626, 19.579723445337507, 0.0 ], [ -99.219757479799725, 19.579760326300523, 0.0 ], [ -99.219477643111787, 19.579779814127093, 0.0 ], [ -99.219469746374273, 19.579770016670381, 0.0 ], [ -99.219476138398676, 19.579760201828538, 0.0 ], [ -99.220024947794656, 19.579703492881887, 0.0 ], [ -99.220128111318104, 19.579695193655827, 0.0 ] ] ] ] } },
{ "type": "Feature", "properties": { "ETAPA": "TERCERA", "tipo": "Camellon", "M2": 317.42, "ha": 0.03171736396, "Donantes": null, "LAT": 19.579670988, "LONG_": -99.216274923, "Shape__Are": 359.45703125, "Shape__Len": 308.81707565200003, "Colonia": "Cerro Grande", "Identifica": 169, "m2_1": 317.174 }, "geometry": { "type": "MultiPolygon", "coordinates": [ [ [ [ -99.216941751485024, 19.579809076567038, 0.0 ], [ -99.216923736756556, 19.579830023925361, 0.0 ], [ -99.216851677844474, 19.579812847091528, 0.0 ], [ -99.216547522201523, 19.579739112390207, 0.0 ], [ -99.216249231818026, 19.579677946103825, 0.0 ], [ -99.215604891075031, 19.579528800912446, 0.0 ], [ -99.215612013177321, 19.579509948289918, 0.0 ], [ -99.216164185543207, 19.579637308228641, 0.0 ], [ -99.216941751485024, 19.579809076567038, 0.0 ] ] ] ] } },
{ "type": "Feature", "properties": { "ETAPA": "TERCERA", "tipo": "Camellon", "M2": 319.85, "ha": 0.03195974474, "Donantes": null, "LAT": 19.579282003, "LONG_": -99.214647841000001, "Shape__Are": 362.1953125, "Shape__Len": 233.05320652099999, "Colonia": "Cerro Grande", "Identifica": 170, "m2_1": 319.597 }, "geometry": { "type": "MultiPolygon", "coordinates": [ [ [ [ -99.215386200654152, 19.579468472520439, 0.0 ], [ -99.215380335393718, 19.579471824097645, 0.0 ], [ -99.215353103828278, 19.579465958837346, 0.0 ], [ -99.21517211865168, 19.579426577803673, 0.0 ], [ -99.214865449325785, 19.579354518890884, 0.0 ], [ -99.214432257955082, 19.579254390518091, 0.0 ], [ -99.214401674812123, 19.57918400739397, 0.0 ], [ -99.214510601075801, 19.579219617903192, 0.0 ], [ -99.214716723081324, 19.579279946295202, 0.0 ], [ -99.214892680891225, 19.579338598898627, 0.0 ], [ -99.215044339765868, 19.579378817826633, 0.0 ], [ -99.215386200654152, 19.579468472520439, 0.0 ] ] ] ] } },
{ "type": "Feature", "properties": { "ETAPA": "TERCERA", "tipo": "Camellon", "M2": 487.29, "ha": 0.04869025808, "Donantes": null, "LAT": 19.579900221, "LONG_": -99.218211439000001, "Shape__Are": 551.806640625, "Shape__Len": 445.700421194, "Colonia": "Cerro Grande", "Identifica": 232, "m2_1": 486.903 }, "geometry": { "type": "MultiPolygon", "coordinates": [ [ [ [ -99.218547853416752, 19.579877974387962, 0.0 ], [ -99.21847017653343, 19.579883077298387, 0.0 ], [ -99.218304155362532, 19.579901257916749, 0.0 ], [ -99.21815882541371, 19.579917311845417, 0.0 ], [ -99.217962496454248, 19.579931325774194, 0.0 ], [ -99.217724024197381, 19.579933481782199, 0.0 ], [ -99.217565859700969, 19.579931804606222, 0.0 ], [ -99.21744906897635, 19.579919336349153, 0.0 ], [ -99.217239139217995, 19.579895305130957, 0.0 ], [ -99.217225828050388, 19.579889483622349, 0.0 ], [ -99.217221985797792, 19.579882542972616, 0.0 ], [ -99.217222026557963, 19.579882384053395, 0.0 ], [ -99.217229744427442, 19.579870565279318, 0.0 ], [ -99.217246004064322, 19.579870545697606, 0.0 ], [ -99.217289866460462, 19.5798784319195, 0.0 ], [ -99.217367422972217, 19.579890579031943, 0.0 ], [ -99.217434547468116, 19.579897346418004, 0.0 ], [ -99.217485281928504, 19.5799027219518, 0.0 ], [ -99.217536387721907, 19.579907708429911, 0.0 ], [ -99.217587567893148, 19.579911988105543, 0.0 ], [ -99.217625941633187, 19.579909782983009, 0.0 ], [ -99.217674229094484, 19.579910658725691, 0.0 ], [ -99.217717098559334, 19.579912942004174, 0.0 ], [ -99.217776719127613, 19.579914271043577, 0.0 ], [ -99.217836829274134, 19.579913264456376, 0.0 ], [ -99.217895461897697, 19.579912726637055, 0.0 ], [ -99.2179532975602, 19.57991233434003, 0.0 ], [ -99.218011989369259, 19.579908274455505, 0.0 ], [ -99.218085637857442, 19.579903156750067, 0.0 ], [ -99.218145476733355, 19.579898288244333, 0.0 ], [ -99.218199992278258, 19.579890632983759, 0.0 ], [ -99.218228176798164, 19.579886464290116, 0.0 ], [ -99.218595525896731, 19.579848133708175, 0.0 ], [ -99.21884284040658, 19.57982635169185, 0.0 ], [ -99.219028568183049, 19.579806745642045, 0.0 ], [ -99.219189173398433, 19.579791606459452, 0.0 ], [ -99.219199378640056, 19.57979170273876, 0.0 ], [ -99.219200728734265, 19.579796335231627, 0.0 ], [ -99.219192650204675, 19.579812150370582, 0.0 ], [ -99.219150301882166, 19.579815030922791, 0.0 ], [ -99.219108742930814, 19.579819776161646, 0.0 ], [ -99.219067555828119, 19.579823816048506, 0.0 ], [ -99.219025251739509, 19.57982820882404, 0.0 ], [ -99.21898332045356, 19.57983260204081, 0.0 ], [ -99.218940941465277, 19.579836607197567, 0.0 ], [ -99.218894094162408, 19.579841747399261, 0.0 ], [ -99.218847917569605, 19.579847203975984, 0.0 ], [ -99.218800996319189, 19.579851956553426, 0.0 ], [ -99.218754520810208, 19.579856354325379, 0.0 ], [ -99.218707598124269, 19.579860753531214, 0.0 ], [ -99.218661048716228, 19.579865504717759, 0.0 ], [ -99.218623286909491, 19.579869187002121, 0.0 ], [ -99.218585600852279, 19.579873186387609, 0.0 ], [ -99.218548213273763, 19.579877926442776, 0.0 ], [ -99.218547853416752, 19.579877974387962, 0.0 ] ] ] ] } },
{ "type": "Feature", "properties": { "ETAPA": "TERCERA", "tipo": "Camellon", "M2": 794.13, "ha": 0.07935028124, "Donantes": null, "LAT": 19.579737364, "LONG_": -99.222755445000004, "Shape__Are": 899.265625, "Shape__Len": 614.85193587399999, "Colonia": "Cerro Grande", "Identifica": 233, "m2_1": 793.503 }, "geometry": { "type": "MultiPolygon", "coordinates": [ [ [ [ -99.221444532818552, 19.579573563419597, 0.0 ], [ -99.221450442529388, 19.579571454650861, 0.0 ], [ -99.221620677242683, 19.579572413089885, 0.0 ], [ -99.221871984393871, 19.579588449267089, 0.0 ], [ -99.22210407953385, 19.579607310768154, 0.0 ], [ -99.222306130617952, 19.579634615053102, 0.0 ], [ -99.222526423783421, 19.579670302662279, 0.0 ], [ -99.222808839020644, 19.579734867466051, 0.0 ], [ -99.223093730273447, 19.579808301819867, 0.0 ], [ -99.223291406521724, 19.579878574681874, 0.0 ], [ -99.22344966176864, 19.579946094144571, 0.0 ], [ -99.223790838158607, 19.580102584184527, 0.0 ], [ -99.224020602998706, 19.580217181705837, 0.0 ], [ -99.22406806381764, 19.5802435785927, 0.0 ], [ -99.224042441736714, 19.580250469041683, 0.0 ], [ -99.223936325136549, 19.580200474247228, 0.0 ], [ -99.223551753261518, 19.580017886107122, 0.0 ], [ -99.223323491636179, 19.579921032232981, 0.0 ], [ -99.223047431690304, 19.579820501152433, 0.0 ], [ -99.222945405435837, 19.579795876121732, 0.0 ], [ -99.222433803523188, 19.579677888944722, 0.0 ], [ -99.222020830477149, 19.57962189034507, 0.0 ], [ -99.22180697026603, 19.579606275337081, 0.0 ], [ -99.221539903864752, 19.579595862461236, 0.0 ], [ -99.221447394648905, 19.579594575043217, 0.0 ], [ -99.2214433099644, 19.579580102963341, 0.0 ], [ -99.221444532818552, 19.579573563419597, 0.0 ] ] ] ] } },
{ "type": "Feature", "properties": { "ETAPA": "TERCERA", "tipo": "Camellon", "M2": 59.19, "ha": 0.00591416218, "Donantes": null, "LAT": 19.58042777, "LONG_": -99.22442369, "Shape__Are": 67.0234375, "Shape__Len": 70.580947822900001, "Colonia": "Cerro Grande", "Identifica": 234, "m2_1": 59.1416 }, "geometry": { "type": "MultiPolygon", "coordinates": [ [ [ [ -99.224560685588614, 19.580505848339669, 0.0 ], [ -99.224288851935043, 19.580370454091121, 0.0 ], [ -99.224288922141966, 19.580367936083405, 0.0 ], [ -99.224300320308529, 19.58035770919032, 0.0 ], [ -99.224530359469881, 19.5804688266381, 0.0 ], [ -99.224560685588614, 19.580505848339669, 0.0 ] ] ] ] } },
{ "type": "Feature", "properties": { "ETAPA": "CUARTA", "tipo": "Area Verde", "M2": 1804.69, "ha": 0.18032705236, "Donantes": null, "LAT": 19.573837239, "LONG_": -99.220779598999997, "Shape__Are": 2043.48046875, "Shape__Len": 270.76283292400001, "Colonia": "Mayorazgos de Los Gigantes", "Identifica": 440, "m2_1": 1803.27 }, "geometry": { "type": "MultiPolygon", "coordinates": [ [ [ [ -99.220333630817294, 19.573702471529451, 0.0 ], [ -99.220394644622246, 19.573771738237898, 0.0 ], [ -99.2204672670035, 19.573830083277613, 0.0 ], [ -99.220532292456355, 19.573867726159861, 0.0 ], [ -99.220656925369241, 19.573912064993944, 0.0 ], [ -99.22073460084313, 19.573728294658391, 0.0 ], [ -99.220983631132455, 19.573735834798239, 0.0 ], [ -99.221017419195789, 19.573913715969223, 0.0 ], [ -99.220241513750196, 19.574015265918792, 0.0 ], [ -99.220139221899814, 19.574027231782114, 0.0 ], [ -99.220066678953913, 19.574006251757165, 0.0 ], [ -99.220333630817294, 19.573702471529451, 0.0 ] ] ] ] } },
{ "type": "Feature", "properties": { "ETAPA": "CUARTA", "tipo": "Area Verde", "M2": 2370.21, "ha": 0.23683427411, "Donantes": null, "LAT": 19.570930586, "LONG_": -99.221237122000005, "Shape__Are": 2683.73046875, "Shape__Len": 221.48978192199999, "Colonia": "Las Arboledas", "Identifica": 363, "m2_1": 2368.34 }, "geometry": { "type": "MultiPolygon", "coordinates": [ [ [ [ -99.221596878270148, 19.570872187414395, 0.0 ], [ -99.221531348254274, 19.571160670675781, 0.0 ], [ -99.220866805874749, 19.570993250307666, 0.0 ], [ -99.220967821460775, 19.570695110396638, 0.0 ], [ -99.221596878270148, 19.570872187414395, 0.0 ] ] ] ] } },
{ "type": "Feature", "properties": { "ETAPA": "SEGUNDA", "tipo": "Area Verde", "M2": 24118.7, "ha": 2.4099731066399999, "Donantes": null, "LAT": 19.570930586, "LONG_": -99.221237122000005, "Shape__Are": 27309.1933594, "Shape__Len": 1625.7766714500001, "Colonia": "Las Arboledas", "Identifica": 230, "m2_1": 24099.7 }, "geometry": { "type": "MultiPolygon", "coordinates": [ [ [ [ -99.219886269785178, 19.570969789120429, 0.0 ], [ -99.219885111411187, 19.570969477839533, 0.0 ], [ -99.219883965115088, 19.570969128694678, 0.0 ], [ -99.219882832271253, 19.570968742105364, 0.0 ], [ -99.219881714243328, 19.570968318535918, 0.0 ], [ -99.219880612373316, 19.570967858495383, 0.0 ], [ -99.219879527984645, 19.57096736253629, 0.0 ], [ -99.219878462379668, 19.57096683125452, 0.0 ], [ -99.219877416840419, 19.570966265288359, 0.0 ], [ -99.219876392620819, 19.570965665317484, 0.0 ], [ -99.219875390952609, 19.570965032063004, 0.0 ], [ -99.219874413038468, 19.570964366285569, 0.0 ], [ -99.219873460053549, 19.570963668784991, 0.0 ], [ -99.219872533143047, 19.570962940399113, 0.0 ], [ -99.219871633420126, 19.570962182003136, 0.0 ], [ -99.219870761966291, 19.570961394508082, 0.0 ], [ -99.219869919827161, 19.570960578859967, 0.0 ], [ -99.219869108015132, 19.570959736038862, 0.0 ], [ -99.219868327505836, 19.57095886705714, 0.0 ], [ -99.219867579236151, 19.570957972958713, 0.0 ], [ -99.219866864105285, 19.57095705481785, 0.0 ], [ -99.219866182973007, 19.570956113737413, 0.0 ], [ -99.219865536657593, 19.570955150848086, 0.0 ], [ -99.219864925934388, 19.570954167306496, 0.0 ], [ -99.219864351538121, 19.570953164294455, 0.0 ], [ -99.219863814157776, 19.570952143016836, 0.0 ], [ -99.219863314440289, 19.570951104700384, 0.0 ], [ -99.219862852985614, 19.570950050592753, 0.0 ], [ -99.219862430347121, 19.570948981960029, 0.0 ], [ -99.219862047033317, 19.570947900086288, 0.0 ], [ -99.219861703505003, 19.570946806270957, 0.0 ], [ -99.219861400174423, 19.570945701828236, 0.0 ], [ -99.219861137405545, 19.570944588085013, 0.0 ], [ -99.219860915515369, 19.570943466379287, 0.0 ], [ -99.219860734768943, 19.570942338058433, 0.0 ], [ -99.219860595384574, 19.570941204478117, 0.0 ], [ -99.219860497529268, 19.57094006700018, 0.0 ], [ -99.219962602186072, 19.570503008094629, 0.0 ], [ -99.219962980943635, 19.570501340707217, 0.0 ], [ -99.219963419675423, 19.570499686581918, 0.0 ], [ -99.219963917868526, 19.570498047656358, 0.0 ], [ -99.219964474939871, 19.570496425850237, 0.0 ], [ -99.219965090235519, 19.57049482306358, 0.0 ], [ -99.219965763035944, 19.570493241173587, 0.0 ], [ -99.219966492552402, 19.570491682033449, 0.0 ], [ -99.21996727793055, 19.570490147469286, 0.0 ], [ -99.219968118250648, 19.570488639278846, 0.0 ], [ -99.219969012527997, 19.57048715922889, 0.0 ], [ -99.219969959715243, 19.570485709052871, 0.0 ], [ -99.219970958702916, 19.570484290449695, 0.0 ], [ -99.219972008320568, 19.570482905081036, 0.0 ], [ -99.219973107339186, 19.570481554569525, 0.0 ], [ -99.21997425447077, 19.570480240497396, 0.0 ], [ -99.219975448371272, 19.570478964403762, 0.0 ], [ -99.219976687643936, 19.570477727783523, 0.0 ], [ -99.219977970835203, 19.570476532085088, 0.0 ], [ -99.219979296442261, 19.570475378709247, 0.0 ], [ -99.21998066291367, 19.570474269006983, 0.0 ], [ -99.219982068646814, 19.570473204278031, 0.0 ], [ -99.219983511996929, 19.57047218576972, 0.0 ], [ -99.219984991272455, 19.570471214675251, 0.0 ], [ -99.21998650473968, 19.570470292131898, 0.0 ], [ -99.219988050627094, 19.570469419220622, 0.0 ], [ -99.219989627123695, 19.570468596963522, 0.0 ], [ -99.219991232382554, 19.570467826324077, 0.0 ], [ -99.219992864523533, 19.570467108204856, 0.0 ], [ -99.21999452163405, 19.57046644344728, 0.0 ], [ -99.219996201772886, 19.570465832829758, 0.0 ], [ -99.219997902973617, 19.570465277067761, 0.0 ], [ -99.219999623242032, 19.570464776812027, 0.0 ], [ -99.220001360563131, 19.570464332648879, 0.0 ], [ -99.220003112902276, 19.570463945098385, 0.0 ], [ -99.220004878206751, 19.57046361461456, 0.0 ], [ -99.220006654407882, 19.570463341584581, 0.0 ], [ -99.220008439426806, 19.570463126328274, 0.0 ], [ -99.220010231171429, 19.570462969097669, 0.0 ], [ -99.22001202754241, 19.570462870077044, 0.0 ], [ -99.220013826436727, 19.570462829382461, 0.0 ], [ -99.220015625746072, 19.570462847061407, 0.0 ], [ -99.220017423363871, 19.570462923093231, 0.0 ], [ -99.220019217183591, 19.570463057388917, 0.0 ], [ -99.220021005105039, 19.570463249791089, 0.0 ], [ -99.220320500246999, 19.570527948855929, 0.0 ], [ -99.221905589513412, 19.570893193306858, 0.0 ], [ -99.221939734573482, 19.570900377441308, 0.0 ], [ -99.221962721578549, 19.57091194247355, 0.0 ], [ -99.22198226352117, 19.570929437403873, 0.0 ], [ -99.222159177728756, 19.571133121106591, 0.0 ], [ -99.222181747442121, 19.571152301043611, 0.0 ], [ -99.222218163798928, 19.57116119644229, 0.0 ], [ -99.222225160818894, 19.571160902552212, 0.0 ], [ -99.222676958134386, 19.57126536896309, 0.0 ], [ -99.224074993278919, 19.571593574585233, 0.0 ], [ -99.224744861450873, 19.571760942930815, 0.0 ], [ -99.225792477028094, 19.572018202334647, 0.0 ], [ -99.226398537093715, 19.572174419475626, 0.0 ], [ -99.22660823940852, 19.572236093639635, 0.0 ], [ -99.226610476573782, 19.572237094224931, 0.0 ], [ -99.226612675903851, 19.572238167528216, 0.0 ], [ -99.226614834768341, 19.57223931226601, 0.0 ], [ -99.226616950585623, 19.572240527069297, 0.0 ], [ -99.226619020825936, 19.572241810485849, 0.0 ], [ -99.226621043013608, 19.572243160980566, 0.0 ], [ -99.226623014731231, 19.572244576938953, 0.0 ], [ -99.226624933619775, 19.572246056667549, 0.0 ], [ -99.226626797385961, 19.572247598397031, 0.0 ], [ -99.226628603800961, 19.572249200283945, 0.0 ], [ -99.226630350703502, 19.572250860412662, 0.0 ], [ -99.226632036005881, 19.572252576798274, 0.0 ], [ -99.226633657693142, 19.572254347388121, 0.0 ], [ -99.226635213824935, 19.572256170065081, 0.0 ], [ -99.226636702540901, 19.572258042649864, 0.0 ], [ -99.22663812206136, 19.572259962903026, 0.0 ], [ -99.226639470688625, 19.572261928528427, 0.0 ], [ -99.226640746810133, 19.572263937175695, 0.0 ], [ -99.226641948899768, 19.572265986442936, 0.0 ], [ -99.226643075520087, 19.572268073879659, 0.0 ], [ -99.226644125324526, 19.572270196989869, 0.0 ], [ -99.226645097056476, 19.57227235323478, 0.0 ], [ -99.226645989555124, 19.572274540036016, 0.0 ], [ -99.22664680175248, 19.572276754778674, 0.0 ], [ -99.226647532677546, 19.572278994814393, 0.0 ], [ -99.226648181456994, 19.572281257464734, 0.0 ], [ -99.226648747314798, 19.572283540023836, 0.0 ], [ -99.226649229573553, 19.5722858397625, 0.0 ], [ -99.226649627656613, 19.572288153930749, 0.0 ], [ -99.226649941088681, 19.572290479761371, 0.0 ], [ -99.22665016949523, 19.572292814473133, 0.0 ], [ -99.226650312602246, 19.572295155274333, 0.0 ], [ -99.226650370238119, 19.57229749936581, 0.0 ], [ -99.226650342335532, 19.57229984394467, 0.0 ], [ -99.226650228926829, 19.572302186207455, 0.0 ], [ -99.226650030148562, 19.572304523353072, 0.0 ], [ -99.226649746236902, 19.572306852587079, 0.0 ], [ -99.226649377532354, 19.572309171124072, 0.0 ], [ -99.226648924475157, 19.572311476191722, 0.0 ], [ -99.226648387607781, 19.572313765033776, 0.0 ], [ -99.226647767572629, 19.572316034913108, 0.0 ], [ -99.226647065109859, 19.572318283115504, 0.0 ], [ -99.226646281059345, 19.572320506952895, 0.0 ], [ -99.226645416359915, 19.572322703765753, 0.0 ], [ -99.226644472044597, 19.572324870927307, 0.0 ], [ -99.226643449243511, 19.572327005846152, 0.0 ], [ -99.226642349178249, 19.572329105969438, 0.0 ], [ -99.226641173164964, 19.572331168785897, 0.0 ], [ -99.226639922610389, 19.572333191828886, 0.0 ], [ -99.226638599009306, 19.572335172679256, 0.0 ], [ -99.226637203944534, 19.572337108968377, 0.0 ], [ -99.22663573908514, 19.57233899838095, 0.0 ], [ -99.22663420618106, 19.572340838657606, 0.0 ], [ -99.226632607065795, 19.572342627597831, 0.0 ], [ -99.22663094365268, 19.572344363062324, 0.0 ], [ -99.226629217929755, 19.572346042976275, 0.0 ], [ -99.226627431960367, 19.572347665330433, 0.0 ], [ -99.226625587880804, 19.572349228184986, 0.0 ], [ -99.22662368789635, 19.572350729671253, 0.0 ], [ -99.22662173427797, 19.572352167993607, 0.0 ], [ -99.226619729362241, 19.572353541432381, 0.0 ], [ -99.226617675546706, 19.572354848345046, 0.0 ], [ -99.226615575287354, 19.572356087168924, 0.0 ], [ -99.226613431095927, 19.572357256422606, 0.0 ], [ -99.226611245535295, 19.572358354707976, 0.0 ], [ -99.226609021219488, 19.572359380711791, 0.0 ], [ -99.226606760807627, 19.572360333206969, 0.0 ], [ -99.226604467004449, 19.572361211054982, 0.0 ], [ -99.226602142550732, 19.572362013205677, 0.0 ], [ -99.226599790227766, 19.572362738700029, 0.0 ], [ -99.226597412847113, 19.572363386670503, 0.0 ], [ -99.226595013251156, 19.572363956342457, 0.0 ], [ -99.226592594310858, 19.572364447034424, 0.0 ], [ -99.226590158917986, 19.57236485815972, 0.0 ], [ -99.226587709984713, 19.572365189226758, 0.0 ], [ -99.226585250439712, 19.572365439839825, 0.0 ], [ -99.226582783223094, 19.572365609698974, 0.0 ], [ -99.226580311285801, 19.572365698601288, 0.0 ], [ -99.226577837583335, 19.57236570644023, 0.0 ], [ -99.22657536507468, 19.572365633206633, 0.0 ], [ -99.226572896714529, 19.572365478988146, 0.0 ], [ -99.226570435456409, 19.572365243968971, 0.0 ], [ -99.226567984242351, 19.572364928430144, 0.0 ], [ -99.226565546003542, 19.572364532749162, 0.0 ], [ -99.226563123655964, 19.572364057399017, 0.0 ], [ -99.226560720095719, 19.572363502948015, 0.0 ], [ -99.226008795610056, 19.57222656177218, 0.0 ], [ -99.225236546285302, 19.572081217274821, 0.0 ], [ -99.224780854246646, 19.571991824261364, 0.0 ], [ -99.224158676553373, 19.571864868400755, 0.0 ], [ -99.22315968640612, 19.571636761333959, 0.0 ], [ -99.222186006496798, 19.571410087071776, 0.0 ], [ -99.220787842914731, 19.571121586785292, 0.0 ], [ -99.220778395172999, 19.571162624162305, 0.0 ], [ -99.220208352372325, 19.571039445097412, 0.0 ], [ -99.219887438843656, 19.570970062163457, 0.0 ], [ -99.219886269785178, 19.570969789120429, 0.0 ] ] ] ] } },
{ "type": "Feature", "properties": { "ETAPA": "CUARTA", "tipo": "Area Verde", "M2": 5874.15, "ha": 0.58695279554000002, "Donantes": null, "LAT": 19.570809669, "LONG_": -99.22040251, "Shape__Are": 6651.1542968800004, "Shape__Len": 347.65879910799998, "Colonia": "Las Arboledas", "Identifica": 409, "m2_1": 5869.53 }, "geometry": { "type": "MultiPolygon", "coordinates": [ [ [ [ -99.220866805874749, 19.570993250307666, 0.0 ], [ -99.220811360687591, 19.571165558627396, 0.0 ], [ -99.219884038200178, 19.57096345064085, 0.0 ], [ -99.219915383877165, 19.570825926331398, 0.0 ], [ -99.2199467011189, 19.570667480249394, 0.0 ], [ -99.219933905826792, 19.570532998556942, 0.0 ], [ -99.219921163260437, 19.570437371570009, 0.0 ], [ -99.220022090203386, 19.570455181514667, 0.0 ], [ -99.220967821460775, 19.570695110396638, 0.0 ], [ -99.220866805874749, 19.570993250307666, 0.0 ] ] ] ] } },
{ "type": "Feature", "properties": { "ETAPA": "CUARTA", "tipo": "Area Verde", "M2": 8743.35, "ha": 0.87364716062000003, "Donantes": null, "LAT": 19.55869633, "LONG_": -99.215655568000003, "Shape__Are": 9898.4140625, "Shape__Len": 569.03851508499997, "Colonia": "Las Arboledas", "Identifica": 463, "m2_1": 8736.47 }, "geometry": { "type": "MultiPolygon", "coordinates": [ [ [ [ -99.216465037524841, 19.557992973494294, 0.0 ], [ -99.215112692095275, 19.559630079312747, 0.0 ], [ -99.215067260404325, 19.559608613841242, 0.0 ], [ -99.214877938069577, 19.559501241281463, 0.0 ], [ -99.214915555446098, 19.559336212919757, 0.0 ], [ -99.216169623695095, 19.557770958220388, 0.0 ], [ -99.216465037524841, 19.557992973494294, 0.0 ] ] ] ] } },
{ "type": "Feature", "properties": { "ETAPA": "CUARTA", "tipo": "Area Verde", "M2": 8137.72, "ha": 0.81313166661000003, "Donantes": null, "LAT": 19.560828995000001, "LONG_": -99.218823986000004, "Shape__Are": 9213.0136718800004, "Shape__Len": 539.80661281799996, "Colonia": "Las Arboledas", "Identifica": 464, "m2_1": 8131.32 }, "geometry": { "type": "MultiPolygon", "coordinates": [ [ [ [ -99.219252508696243, 19.560041144729563, 0.0 ], [ -99.218695030096072, 19.56189250566171, 0.0 ], [ -99.218414750328549, 19.561677649103956, 0.0 ], [ -99.218896559415327, 19.559826380735089, 0.0 ], [ -99.219252508696243, 19.560041144729563, 0.0 ] ] ] ] } },
{ "type": "Feature", "properties": { "ETAPA": "SEGUNDA", "tipo": "Camellon", "M2": 2372.72, "ha": 0.23708560931, "Donantes": null, "LAT": 19.558691086, "LONG_": -99.217588285000005, "Shape__Are": 2686.171875, "Shape__Len": 680.22294507300001, "Colonia": "Las Arboledas", "Identifica": 82, "m2_1": 2370.86 }, "geometry": { "type": "MultiPolygon", "coordinates": [ [ [ [ -99.216435050807576, 19.557874499400782, 0.0 ], [ -99.216484810408147, 19.557814635936111, 0.0 ], [ -99.216636064580072, 19.557927989215646, 0.0 ], [ -99.217256612614463, 19.5584008418985, 0.0 ], [ -99.217828129573888, 19.558827893783342, 0.0 ], [ -99.218251838904223, 19.559149139268296, 0.0 ], [ -99.218453074089908, 19.559298901512907, 0.0 ], [ -99.218813908687849, 19.559558288781453, 0.0 ], [ -99.218815457007878, 19.559583561814531, 0.0 ], [ -99.218801421713721, 19.55960231585782, 0.0 ], [ -99.218776925905459, 19.559608467036291, 0.0 ], [ -99.218236830344708, 19.559222084856899, 0.0 ], [ -99.217495441268056, 19.558666768753252, 0.0 ], [ -99.216564674769188, 19.557971451055188, 0.0 ], [ -99.216435050807576, 19.557874499400782, 0.0 ] ] ] ] } },
{ "type": "Feature", "properties": { "ETAPA": "SEGUNDA", "tipo": "Camellon", "M2": 393.18, "ha": 0.03928676514, "Donantes": null, "LAT": 19.559763594, "LONG_": -99.219087109, "Shape__Are": 445.123046875, "Shape__Len": 109.590622205, "Colonia": "Las Arboledas", "Identifica": 83, "m2_1": 392.868 }, "geometry": { "type": "MultiPolygon", "coordinates": [ [ [ [ -99.218908314849088, 19.559636666360191, 0.0 ], [ -99.218937937651674, 19.559628142662028, 0.0 ], [ -99.219271651426666, 19.559825131164356, 0.0 ], [ -99.219274429417283, 19.559856293519946, 0.0 ], [ -99.219260246771526, 19.559879566166945, 0.0 ], [ -99.219240279154135, 19.559891984471548, 0.0 ], [ -99.219213389280895, 19.55989382694997, 0.0 ], [ -99.218894244339197, 19.559688077453025, 0.0 ], [ -99.218890077254883, 19.559662048782425, 0.0 ], [ -99.218908314849088, 19.559636666360191, 0.0 ] ] ] ] } },
{ "type": "Feature", "properties": { "ETAPA": "SEGUNDA", "tipo": "Camellon", "M2": 2373.73, "ha": 0.23718648811000001, "Donantes": null, "LAT": 19.560277363000001, "LONG_": -99.220070549, "Shape__Are": 2687.37109375, "Shape__Len": 374.33097390400002, "Colonia": "Las Arboledas", "Identifica": 84, "m2_1": 2371.86 }, "geometry": { "type": "MultiPolygon", "coordinates": [ [ [ [ -99.219378201501698, 19.559897300630674, 0.0 ], [ -99.21941061325164, 19.559887297258864, 0.0 ], [ -99.219524650129785, 19.559933264613765, 0.0 ], [ -99.219624075605239, 19.559979606937155, 0.0 ], [ -99.219723500900088, 19.560026477874612, 0.0 ], [ -99.219822780154956, 19.560073879410961, 0.0 ], [ -99.219921091300876, 19.56012230597252, 0.0 ], [ -99.220019701236296, 19.56017097792423, 0.0 ], [ -99.220117641937634, 19.560220322092423, 0.0 ], [ -99.220215138155282, 19.560270161076975, 0.0 ], [ -99.220312634771744, 19.560320952516047, 0.0 ], [ -99.220418585081219, 19.560376853086343, 0.0 ], [ -99.22050621504907, 19.560423737083632, 0.0 ], [ -99.220602523179167, 19.560476048044755, 0.0 ], [ -99.220698088004525, 19.560529241881184, 0.0 ], [ -99.220786414671593, 19.560586833225511, 0.0 ], [ -99.220762143933555, 19.560603660276783, 0.0 ], [ -99.220743211005583, 19.560623052600484, 0.0 ], [ -99.22072902568199, 19.560645359675664, 0.0 ], [ -99.220717021064559, 19.560677764375537, 0.0 ], [ -99.220381901420765, 19.560516044501409, 0.0 ], [ -99.220142665092894, 19.560391460205814, 0.0 ], [ -99.220048519947028, 19.560342394287495, 0.0 ], [ -99.219715141189752, 19.5601695215381, 0.0 ], [ -99.219369060075621, 19.559987006875183, 0.0 ], [ -99.219353844838025, 19.559963893748993, 0.0 ], [ -99.219354354454055, 19.559929383906667, 0.0 ], [ -99.219378201501698, 19.559897300630674, 0.0 ] ] ] ] } },
{ "type": "Feature", "properties": { "ETAPA": "SEGUNDA", "tipo": "Camellon", "M2": 10130.73, "ha": 1.0122761060400001, "Donantes": null, "LAT": 19.561838364, "LONG_": -99.222075731000004, "Shape__Are": 11469.5253906, "Shape__Len": 765.48210412000003, "Colonia": "Las Arboledas", "Identifica": 85, "m2_1": 10122.8 }, "geometry": { "type": "MultiPolygon", "coordinates": [ [ [ [ -99.220803667371797, 19.560665078355132, 0.0 ], [ -99.220831685297298, 19.560635200937377, 0.0 ], [ -99.220926472237352, 19.560690408159605, 0.0 ], [ -99.221226015680841, 19.560856788107024, 0.0 ], [ -99.221698261786401, 19.56122890604837, 0.0 ], [ -99.221798195294213, 19.561322250184073, 0.0 ], [ -99.222027355866317, 19.561523820666618, 0.0 ], [ -99.222328517238552, 19.561821866074926, 0.0 ], [ -99.222585602113739, 19.562111642165878, 0.0 ], [ -99.222868279511673, 19.562440627073649, 0.0 ], [ -99.223019976358998, 19.562627578603003, 0.0 ], [ -99.223089449943075, 19.562706973393716, 0.0 ], [ -99.223104406919504, 19.562729931223387, 0.0 ], [ -99.223111982865916, 19.562759643599069, 0.0 ], [ -99.223084098611579, 19.562958178645392, 0.0 ], [ -99.223018244673071, 19.562905349743659, 0.0 ], [ -99.222915205240184, 19.562815409897681, 0.0 ], [ -99.222808567984515, 19.56273106747857, 0.0 ], [ -99.222677171403433, 19.562645615962847, 0.0 ], [ -99.222589589865535, 19.562586722711767, 0.0 ], [ -99.222503995484573, 19.562525255919546, 0.0 ], [ -99.222406763033902, 19.56244609256137, 0.0 ], [ -99.222313017775761, 19.56236323049762, 0.0 ], [ -99.222222918156831, 19.562276806902155, 0.0 ], [ -99.222141400723203, 19.562189634370235, 0.0 ], [ -99.222061901274955, 19.562100801013784, 0.0 ], [ -99.221925422836293, 19.561947469564679, 0.0 ], [ -99.221792935920462, 19.561791018926542, 0.0 ], [ -99.221664520733768, 19.561631543898969, 0.0 ], [ -99.221529238385699, 19.561446657707922, 0.0 ], [ -99.221424993178303, 19.56131299255696, 0.0 ], [ -99.221383182131902, 19.561264317714897, 0.0 ], [ -99.221348817201076, 19.561225703749802, 0.0 ], [ -99.221313707676444, 19.561187760338111, 0.0 ], [ -99.221278226941962, 19.561150243020798, 0.0 ], [ -99.221243868356808, 19.561115546600728, 0.0 ], [ -99.221209138568071, 19.561081982070874, 0.0 ], [ -99.221174035076558, 19.561048416184629, 0.0 ], [ -99.221138188948686, 19.561015558804279, 0.0 ], [ -99.22110189809905, 19.560983053503623, 0.0 ], [ -99.221064937113425, 19.560951290056384, 0.0 ], [ -99.221027529501626, 19.560919880498105, 0.0 ], [ -99.220989378818672, 19.560888860435742, 0.0 ], [ -99.220951229592799, 19.560858899509014, 0.0 ], [ -99.220872998743531, 19.560799683983561, 0.0 ], [ -99.220833362443827, 19.560771207835387, 0.0 ], [ -99.22079095013882, 19.560734433009806, 0.0 ], [ -99.220789349910532, 19.560703244390837, 0.0 ], [ -99.220803667371797, 19.560665078355132, 0.0 ] ] ] ] } },
{ "type": "Feature", "properties": { "ETAPA": "SEGUNDA", "tipo": "Camellon", "M2": 2818.08, "ha": 0.28158675975000003, "Donantes": null, "LAT": 19.567203029000002, "LONG_": -99.223611608, "Shape__Are": 3190.7089843799999, "Shape__Len": 327.51697458500001, "Colonia": "Las Arboledas", "Identifica": 127, "m2_1": 2815.87 }, "geometry": { "type": "MultiPolygon", "coordinates": [ [ [ [ -99.223355552310124, 19.566661711311411, 0.0 ], [ -99.223373834166097, 19.566640723582211, 0.0 ], [ -99.224020092832845, 19.567650460586488, 0.0 ], [ -99.223989776857849, 19.567661527507219, 0.0 ], [ -99.223956332122611, 19.567678550722921, 0.0 ], [ -99.223931578284933, 19.567694945164185, 0.0 ], [ -99.223905081004176, 19.567718015340759, 0.0 ], [ -99.223880332114518, 19.56774444694231, 0.0 ], [ -99.223856403088419, 19.567770844086365, 0.0 ], [ -99.223199920286675, 19.566754261818332, 0.0 ], [ -99.22322690133808, 19.566742836316479, 0.0 ], [ -99.2232518267638, 19.566735942733899, 0.0 ], [ -99.223280243230462, 19.566724702515781, 0.0 ], [ -99.223307779853002, 19.56670802306445, 0.0 ], [ -99.223337347208897, 19.566683053196996, 0.0 ], [ -99.223355552310124, 19.566661711311411, 0.0 ] ] ] ] } },
{ "type": "Feature", "properties": { "ETAPA": "SEGUNDA", "tipo": "Camellon", "M2": 1131.87, "ha": 0.11309849148, "Donantes": null, "LAT": 19.567965355999998, "LONG_": -99.224112917, "Shape__Are": 1281.5546875, "Shape__Len": 149.492972544, "Colonia": "Las Arboledas", "Identifica": 128, "m2_1": 1130.98 }, "geometry": { "type": "MultiPolygon", "coordinates": [ [ [ [ -99.223991246560928, 19.567740243993434, 0.0 ], [ -99.224027198106995, 19.567727828975816, 0.0 ], [ -99.224062294458719, 19.567729218234788, 0.0 ], [ -99.224088808351993, 19.5677412958945, 0.0 ], [ -99.224321200905337, 19.568108548471159, 0.0 ], [ -99.224309063504307, 19.568144250044178, 0.0 ], [ -99.224278209165362, 19.56816834100464, 0.0 ], [ -99.224251187166075, 19.568179113334001, 0.0 ], [ -99.224206822241655, 19.568190115058322, 0.0 ], [ -99.224168716594804, 19.56819266566233, 0.0 ], [ -99.224126859429759, 19.568173387581133, 0.0 ], [ -99.223916067385773, 19.567855717332719, 0.0 ], [ -99.223918011300498, 19.567835653828567, 0.0 ], [ -99.223933590355813, 19.567799489378423, 0.0 ], [ -99.223961344544009, 19.567763538456401, 0.0 ], [ -99.223991246560928, 19.567740243993434, 0.0 ] ] ] ] } },
{ "type": "Feature", "properties": { "ETAPA": "SEGUNDA", "tipo": "Camellon", "M2": 10793.65, "ha": 1.0785170258300001, "Donantes": null, "LAT": 19.570176818, "LONG_": -99.225545362000005, "Shape__Are": 12221.34375, "Shape__Len": 1123.8624612399999, "Colonia": "Las Arboledas", "Identifica": 129, "m2_1": 10785.2 }, "geometry": { "type": "MultiPolygon", "coordinates": [ [ [ [ -99.224315100904363, 19.568229032400701, 0.0 ], [ -99.224355387390304, 19.568216101109094, 0.0 ], [ -99.224389855016511, 19.568216406862369, 0.0 ], [ -99.225994805147224, 19.570685418837265, 0.0 ], [ -99.226034712615089, 19.5707473477704, 0.0 ], [ -99.226321679275415, 19.571183950141439, 0.0 ], [ -99.22663288737786, 19.571656175512626, 0.0 ], [ -99.226898837723951, 19.572072009001733, 0.0 ], [ -99.226841502093336, 19.572108911648328, 0.0 ], [ -99.226819341983912, 19.572124063033826, 0.0 ], [ -99.226778443944696, 19.572151220211794, 0.0 ], [ -99.226747965181488, 19.572179284260937, 0.0 ], [ -99.226454883027003, 19.571735029595487, 0.0 ], [ -99.226196113321947, 19.571342237266009, 0.0 ], [ -99.22608012818128, 19.571172475828796, 0.0 ], [ -99.226012793832624, 19.571088047337863, 0.0 ], [ -99.225945536466071, 19.571004077807007, 0.0 ], [ -99.225881104479825, 19.570918304529446, 0.0 ], [ -99.225807562053049, 19.570812209227157, 0.0 ], [ -99.225734066203913, 19.570697384931474, 0.0 ], [ -99.225671711719983, 19.570594676222392, 0.0 ], [ -99.225617089131816, 19.570498231355426, 0.0 ], [ -99.225564326678807, 19.57040107835024, 0.0 ], [ -99.225511266775698, 19.570303889551568, 0.0 ], [ -99.224180573530987, 19.568260604281143, 0.0 ], [ -99.224209149445031, 19.568256970221025, 0.0 ], [ -99.224237354976495, 19.568253690869707, 0.0 ], [ -99.224277757820303, 19.568243883340134, 0.0 ], [ -99.224315100904363, 19.568229032400701, 0.0 ] ] ] ] } },
{ "type": "Feature", "properties": { "ETAPA": "SEGUNDA", "tipo": "Camellon", "M2": 2292.38, "ha": 0.22905825674, "Donantes": null, "LAT": 19.560009968, "LONG_": -99.223867808999998, "Shape__Are": 2595.2636718799999, "Shape__Len": 255.06501156799999, "Colonia": "Las Arboledas", "Identifica": 130, "m2_1": 2290.58 }, "geometry": { "type": "MultiPolygon", "coordinates": [ [ [ [ -99.223877014207673, 19.560459593254635, 0.0 ], [ -99.223663412544312, 19.560438490165446, 0.0 ], [ -99.223663050656171, 19.560436962684541, 0.0 ], [ -99.223828263289334, 19.55963525625484, 0.0 ], [ -99.223844593240102, 19.559609577029924, 0.0 ], [ -99.223875921764659, 19.559591540690526, 0.0 ], [ -99.223924893865231, 19.559587842231295, 0.0 ], [ -99.223963389379989, 19.559590167618076, 0.0 ], [ -99.22400142863772, 19.55959623129856, 0.0 ], [ -99.224037975878204, 19.559607103644844, 0.0 ], [ -99.224072023791749, 19.559623745645773, 0.0 ], [ -99.224107768203339, 19.559658913353555, 0.0 ], [ -99.224072113630484, 19.559723990236101, 0.0 ], [ -99.224041879810017, 19.559781738543368, 0.0 ], [ -99.2240172434513, 19.559841832251458, 0.0 ], [ -99.22399840599634, 19.559903784917882, 0.0 ], [ -99.223888008475527, 19.560411633967153, 0.0 ], [ -99.223877014207673, 19.560459593254635, 0.0 ] ] ] ] } },
{ "type": "Feature", "properties": { "ETAPA": "SEGUNDA", "tipo": "Camellon", "M2": 1264.24, "ha": 0.1263243, "Donantes": null, "LAT": 19.56091325, "LONG_": -99.223660601000006, "Shape__Are": 1431.296875, "Shape__Len": 175.19759697800001, "Colonia": "Las Arboledas", "Identifica": 131, "m2_1": 1263.24 }, "geometry": { "type": "MultiPolygon", "coordinates": [ [ [ [ -99.223743820316898, 19.56120744955351, 0.0 ], [ -99.223609723624634, 19.561139900130168, 0.0 ], [ -99.223514133589788, 19.561129744419826, 0.0 ], [ -99.223495628686635, 19.561133158513918, 0.0 ], [ -99.223502013990668, 19.561097481537669, 0.0 ], [ -99.223532106282477, 19.560965769536967, 0.0 ], [ -99.223564362867364, 19.560853592108515, 0.0 ], [ -99.223603707558624, 19.560743469059123, 0.0 ], [ -99.22363222320736, 19.560664462235827, 0.0 ], [ -99.223655643875972, 19.560627208684441, 0.0 ], [ -99.223674272461011, 19.56060940650946, 0.0 ], [ -99.223704503797663, 19.56060098309451, 0.0 ], [ -99.223744309250989, 19.560611627566271, 0.0 ], [ -99.223765454664857, 19.560633789418379, 0.0 ], [ -99.223775575651629, 19.560656345535119, 0.0 ], [ -99.223782533417946, 19.560700235282887, 0.0 ], [ -99.223772807169738, 19.560792247118798, 0.0 ], [ -99.223756233939056, 19.560920693747686, 0.0 ], [ -99.223748565260408, 19.56107574856226, 0.0 ], [ -99.223743820316898, 19.56120744955351, 0.0 ] ] ] ] } },
{ "type": "Feature", "properties": { "ETAPA": "SEGUNDA", "tipo": "Camellon", "M2": 5012.79, "ha": 0.50088491367, "Donantes": null, "LAT": 19.562020016000002, "LONG_": -99.223471301999993, "Shape__Are": 5675.2480468800004, "Shape__Len": 438.24865194099999, "Colonia": "Las Arboledas", "Identifica": 246, "m2_1": 5008.85 }, "geometry": { "type": "MultiPolygon", "coordinates": [ [ [ [ -99.223481174646352, 19.561213918338687, 0.0 ], [ -99.223496010723935, 19.561206355503511, 0.0 ], [ -99.223540338483303, 19.561197894548858, 0.0 ], [ -99.223620661268939, 19.561211805188748, 0.0 ], [ -99.22373747886941, 19.561253223798452, 0.0 ], [ -99.22372721417554, 19.561312079015021, 0.0 ], [ -99.223709683713537, 19.561495257874356, 0.0 ], [ -99.223682183317379, 19.561601837284414, 0.0 ], [ -99.223454228797237, 19.562836311800176, 0.0 ], [ -99.223436236660518, 19.562876902441555, 0.0 ], [ -99.223382533662459, 19.562875100890203, 0.0 ], [ -99.223208905628752, 19.562722605402893, 0.0 ], [ -99.223226174993584, 19.56267506887043, 0.0 ], [ -99.223252575022741, 19.562414758931169, 0.0 ], [ -99.223366697016147, 19.561848915725605, 0.0 ], [ -99.223460814049233, 19.561364105546552, 0.0 ], [ -99.223478233509141, 19.561230351501568, 0.0 ], [ -99.223481174646352, 19.561213918338687, 0.0 ] ] ] ] } },
{ "type": "Feature", "properties": { "ETAPA": "SEGUNDA", "tipo": "Camellon", "M2": 107.73, "ha": 0.01076473255, "Donantes": null, "LAT": 19.562520272, "LONG_": -99.223113456999997, "Shape__Are": 121.966796875, "Shape__Len": 49.877153441200001, "Colonia": "Las Arboledas", "Identifica": 247, "m2_1": 107.647 }, "geometry": { "type": "MultiPolygon", "coordinates": [ [ [ [ -99.223030231207375, 19.56248278625166, 0.0 ], [ -99.223108565308081, 19.562483156456608, 0.0 ], [ -99.223175543736957, 19.562465794519515, 0.0 ], [ -99.2231417215108, 19.562590526367327, 0.0 ], [ -99.223100805382217, 19.562572363788824, 0.0 ], [ -99.223030231207375, 19.56248278625166, 0.0 ] ] ] ] } },
{ "type": "Feature", "properties": { "ETAPA": "CUARTA", "tipo": "Area Verde", "M2": 3255.41, "ha": 0.32528465433999998, "Donantes": null, "LAT": 19.561242165, "LONG_": -99.225405319000004, "Shape__Are": 3685.5800781200001, "Shape__Len": 305.72687051399998, "Colonia": "Mayorazgos del Bosque", "Identifica": 439, "m2_1": 3252.85 }, "geometry": { "type": "MultiPolygon", "coordinates": [ [ [ [ -99.224968119745753, 19.561659291790733, 0.0 ], [ -99.225246052320514, 19.560966777887906, 0.0 ], [ -99.226001784968958, 19.561100421472837, 0.0 ], [ -99.224968119745753, 19.561659291790733, 0.0 ] ] ] ] } },
{ "type": "Feature", "properties": { "ETAPA": "CUARTA", "tipo": "Area Verde", "M2": 396.43, "ha": 0.03961211439, "Donantes": null, "LAT": 19.599482642000002, "LONG_": -99.267600912000006, "Shape__Are": 449.021484375, "Shape__Len": 115.499143512, "Colonia": "Ampliación Emiliano Zapata I", "Identifica": 306, "m2_1": 396.121 }, "geometry": { "type": "MultiPolygon", "coordinates": [ [ [ [ -99.267719064926027, 19.599298215152817, 0.0 ], [ -99.267568313007544, 19.59967861575177, 0.0 ], [ -99.267477421374565, 19.599640493887772, 0.0 ], [ -99.267660980445456, 19.599264826740473, 0.0 ], [ -99.267719064926027, 19.599298215152817, 0.0 ] ] ] ] } },
{ "type": "Feature", "properties": { "ETAPA": "CUARTA", "tipo": "Area Verde", "M2": 3358.02, "ha": 0.33553997584, "Donantes": null, "LAT": 19.604783198, "LONG_": -99.265840267000002, "Shape__Are": 3803.8046875, "Shape__Len": 345.28491289900001, "Colonia": "Ampliación Emiliano Zapata I", "Identifica": 365, "m2_1": 3355.4 }, "geometry": { "type": "MultiPolygon", "coordinates": [ [ [ [ -99.266572951105431, 19.604476505962388, 0.0 ], [ -99.266573156972356, 19.604601479415546, 0.0 ], [ -99.266395703883376, 19.604645001995479, 0.0 ], [ -99.266010562182714, 19.604852258347226, 0.0 ], [ -99.265787546311714, 19.604948721102058, 0.0 ], [ -99.265564538059294, 19.605049990254457, 0.0 ], [ -99.265361676208812, 19.605064709169124, 0.0 ], [ -99.265264880106685, 19.604805290801895, 0.0 ], [ -99.266572951105431, 19.604476505962388, 0.0 ] ] ] ] } },
{ "type": "Feature", "properties": { "ETAPA": "CUARTA", "tipo": "Area Verde", "M2": 1109.88, "ha": 0.11090151246, "Donantes": null, "LAT": 19.604893707, "LONG_": -99.266148226, "Shape__Are": 1257.21484375, "Shape__Len": 161.99561252399999, "Colonia": "Ampliación Emiliano Zapata I", "Identifica": 415, "m2_1": 1109.02 }, "geometry": { "type": "MultiPolygon", "coordinates": [ [ [ [ -99.266395703883376, 19.604645001995479, 0.0 ], [ -99.266226740477549, 19.605050138064211, 0.0 ], [ -99.265923957215975, 19.605043412025051, 0.0 ], [ -99.265943619132187, 19.604881213776299, 0.0 ], [ -99.266205690569024, 19.604747254053279, 0.0 ], [ -99.266395703883376, 19.604645001995479, 0.0 ] ] ] ] } },
{ "type": "Feature", "properties": { "ETAPA": "TERCERA", "tipo": "Camellon", "M2": 14495.43, "ha": 1.44840810066, "Donantes": null, "LAT": 19.598446328000001, "LONG_": -99.24853774, "Shape__Are": 16418.5332031, "Shape__Len": 1779.98697896, "Colonia": "Revolución", "Identifica": 251, "m2_1": 14484.1 }, "geometry": { "type": "MultiPolygon", "coordinates": [ [ [ [ -99.248193734103779, 19.598658309618255, 0.0 ], [ -99.248264161962766, 19.598829715526097, 0.0 ], [ -99.247898394050864, 19.59918769305866, 0.0 ], [ -99.247824186244699, 19.599260320869998, 0.0 ], [ -99.247565948377328, 19.599513903212809, 0.0 ], [ -99.247505985110749, 19.599576097056328, 0.0 ], [ -99.247062482785623, 19.600016053287398, 0.0 ], [ -99.246642828939116, 19.600434606839325, 0.0 ], [ -99.246059319768904, 19.601011182340319, 0.0 ], [ -99.246006823477785, 19.601007234337576, 0.0 ], [ -99.245955043145685, 19.600998142370813, 0.0 ], [ -99.245904538680904, 19.600984002372488, 0.0 ], [ -99.245855857682088, 19.600964969033402, 0.0 ], [ -99.246600384877723, 19.600226189746198, 0.0 ], [ -99.247532259462872, 19.599305694804126, 0.0 ], [ -99.248193734103779, 19.598658309618255, 0.0 ] ] ], [ [ [ -99.251284317074933, 19.595976247739806, 0.0 ], [ -99.251088249800929, 19.596103607678632, 0.0 ], [ -99.250903913047779, 19.596241022349325, 0.0 ], [ -99.250640814226614, 19.596489039072221, 0.0 ], [ -99.250143104992503, 19.596978369363153, 0.0 ], [ -99.249759349387872, 19.59734704287013, 0.0 ], [ -99.24867176254179, 19.59843462971552, 0.0 ], [ -99.248264161962766, 19.598829715526097, 0.0 ], [ -99.248193734103779, 19.598658309618255, 0.0 ], [ -99.250453963790491, 19.596453009615935, 0.0 ], [ -99.251168687657213, 19.595768449945009, 0.0 ], [ -99.251284317074933, 19.595976247739806, 0.0 ] ] ] ] } },
{ "type": "Feature", "properties": { "ETAPA": "CUARTA", "tipo": "Area Verde", "M2": 11619.55, "ha": 1.1610406285399999, "Donantes": null, "LAT": 19.563116786999998, "LONG_": -99.218225644, "Shape__Are": 13155.2929688, "Shape__Len": 664.30102355099996, "Colonia": "Mayorazgos de las Concordia", "Identifica": 465, "m2_1": 11610.4 }, "geometry": { "type": "MultiPolygon", "coordinates": [ [ [ [ -99.218725637824122, 19.562143530436362, 0.0 ], [ -99.218077848663512, 19.564375177859432, 0.0 ], [ -99.217926519668239, 19.564389707015021, 0.0 ], [ -99.217827902430372, 19.564210496190228, 0.0 ], [ -99.217751977974203, 19.564024084737728, 0.0 ], [ -99.218377087716462, 19.561806812200572, 0.0 ], [ -99.218725637824122, 19.562143530436362, 0.0 ] ] ] ] } },
{ "type": "Feature", "properties": { "ETAPA": "CUARTA", "tipo": "Area Verde", "M2": 316.38, "ha": 0.03161296645, "Donantes": null, "LAT": 19.588072544, "LONG_": -99.274369785000005, "Shape__Are": 358.3046875, "Shape__Len": 77.794690882799998, "Colonia": "Adolfo López Mateos Ampliacion II", "Identifica": 375, "m2_1": 316.13 }, "geometry": { "type": "MultiPolygon", "coordinates": [ [ [ [ -99.274270707368899, 19.588138743776391, 0.0 ], [ -99.274357139568977, 19.587930112674879, 0.0 ], [ -99.274397563131515, 19.587964482295487, 0.0 ], [ -99.274468400026663, 19.588081057757833, 0.0 ], [ -99.274383811177699, 19.5881863927188, 0.0 ], [ -99.274270707368899, 19.588138743776391, 0.0 ] ] ] ] } },
{ "type": "Feature", "properties": { "ETAPA": "CUARTA", "tipo": "Area Verde", "M2": 758.13, "ha": 0.07575367973, "Donantes": null, "LAT": 19.603486915000001, "LONG_": -99.258755616000002, "Shape__Are": 858.755859375, "Shape__Len": 126.15656192900001, "Colonia": "Ampliación Emiliano Zapata II", "Identifica": 376, "m2_1": 757.537 }, "geometry": { "type": "MultiPolygon", "coordinates": [ [ [ [ -99.258935100809481, 19.603590687994576, 0.0 ], [ -99.258749044724809, 19.603682771524159, 0.0 ], [ -99.258586510813046, 19.603337259158792, 0.0 ], [ -99.258739351539106, 19.603301174036517, 0.0 ], [ -99.258935100809481, 19.603590687994576, 0.0 ] ] ] ] } },
{ "type": "Feature", "properties": { "ETAPA": "CUARTA", "tipo": "Area Verde", "M2": 204.32, "ha": 0.02041619122, "Donantes": null, "LAT": 19.597486948, "LONG_": -99.262562415999994, "Shape__Are": 231.42578125, "Shape__Len": 65.1017511, "Colonia": "Ampliación Emiliano Zapata II", "Identifica": 430, "m2_1": 204.162 }, "geometry": { "type": "MultiPolygon", "coordinates": [ [ [ [ -99.26248903710291, 19.597569324013993, 0.0 ], [ -99.262457388408961, 19.597500627414707, 0.0 ], [ -99.262624361195719, 19.597392786962153, 0.0 ], [ -99.262659221851948, 19.597497344600697, 0.0 ], [ -99.26248903710291, 19.597569324013993, 0.0 ] ] ] ] } },
{ "type": "Feature", "properties": { "ETAPA": "CUARTA", "tipo": "Area Verde", "M2": 547.98, "ha": 0.05475492333, "Donantes": null, "LAT": 19.538831198, "LONG_": -99.248086787000005, "Shape__Are": 620.224609375, "Shape__Len": 164.67391613300001, "Colonia": "Ampliación San Martin de Porres", "Identifica": 332, "m2_1": 547.549 }, "geometry": { "type": "MultiPolygon", "coordinates": [ [ [ [ -99.248357033772805, 19.538913753479001, 0.0 ], [ -99.248181764545777, 19.538985125982222, 0.0 ], [ -99.248043805796712, 19.5388619027499, 0.0 ], [ -99.247937552807983, 19.538778086404399, 0.0 ], [ -99.247757574395806, 19.53859090038295, 0.0 ], [ -99.248186460714436, 19.538841832342083, 0.0 ], [ -99.248357033772805, 19.538913753479001, 0.0 ] ] ] ] } },
{ "type": "Feature", "properties": { "ETAPA": "CUARTA", "tipo": "Area Verde", "M2": 988.89, "ha": 0.09881156545, "Donantes": null, "LAT": 19.590237522, "LONG_": -99.272393913000002, "Shape__Are": 1119.9589843799999, "Shape__Len": 154.381262961, "Colonia": "Los Olivos", "Identifica": 373, "m2_1": 988.116 }, "geometry": { "type": "MultiPolygon", "coordinates": [ [ [ [ -99.272421960055794, 19.590475593256606, 0.0 ], [ -99.272300037740962, 19.590355610212601, 0.0 ], [ -99.272249159394718, 19.590259553267892, 0.0 ], [ -99.27220437017975, 19.590177661300277, 0.0 ], [ -99.272212337241882, 19.590114525541409, 0.0 ], [ -99.272251007897594, 19.590071507848545, 0.0 ], [ -99.272506616226352, 19.590148301965758, 0.0 ], [ -99.272614012138945, 19.590185562365143, 0.0 ], [ -99.272606154779055, 19.590263132090229, 0.0 ], [ -99.272587598986306, 19.590320491104414, 0.0 ], [ -99.272451295326519, 19.590287615699474, 0.0 ], [ -99.272421960055794, 19.590475593256606, 0.0 ] ] ] ] } },
{ "type": "Feature", "properties": { "ETAPA": "CUARTA", "tipo": "Area Verde", "M2": 1922.74, "ha": 0.19212438357, "Donantes": null, "LAT": 19.590326588, "LONG_": -99.273055481, "Shape__Are": 2177.59375, "Shape__Len": 232.04484205700001, "Colonia": "Los Olivos", "Identifica": 383, "m2_1": 1921.24 }, "geometry": { "type": "MultiPolygon", "coordinates": [ [ [ [ -99.272587598986306, 19.590320491104414, 0.0 ], [ -99.272606154779055, 19.590263132090229, 0.0 ], [ -99.272614012138945, 19.590185562365143, 0.0 ], [ -99.27288675702826, 19.590212168665694, 0.0 ], [ -99.272955065474932, 19.590224572507815, 0.0 ], [ -99.273078188911839, 19.590210824214136, 0.0 ], [ -99.273186973875852, 19.590209322845624, 0.0 ], [ -99.273373850113344, 19.590273118415286, 0.0 ], [ -99.273425449938856, 19.590291686260123, 0.0 ], [ -99.273416436828072, 19.590352446789577, 0.0 ], [ -99.273441199253597, 19.590363950417977, 0.0 ], [ -99.273414558176853, 19.590514986656277, 0.0 ], [ -99.272730855751888, 19.590354184443822, 0.0 ], [ -99.272587598986306, 19.590320491104414, 0.0 ] ] ] ] } },
{ "type": "Feature", "properties": { "ETAPA": "CUARTA", "tipo": "Area Verde", "M2": 321.73, "ha": 0.03214787175, "Donantes": null, "LAT": 19.592352355, "LONG_": -99.272122175000007, "Shape__Are": 364.384765625, "Shape__Len": 78.840717047300004, "Colonia": "Los Olivos", "Identifica": 445, "m2_1": 321.479 }, "geometry": { "type": "MultiPolygon", "coordinates": [ [ [ [ -99.272199668217894, 19.592267702517983, 0.0 ], [ -99.27218110217629, 19.592479338457395, 0.0 ], [ -99.272109157383497, 19.592454341036461, 0.0 ], [ -99.272056104217668, 19.592411382205967, 0.0 ], [ -99.272036911356793, 19.59225001530217, 0.0 ], [ -99.272199668217894, 19.592267702517983, 0.0 ] ] ] ] } },
{ "type": "Feature", "properties": { "ETAPA": "TERCERA", "tipo": "Camellon", "M2": 85.38, "ha": 0.00853089774, "Donantes": null, "LAT": 19.592549283, "LONG_": -99.272053384000003, "Shape__Are": 96.6953125, "Shape__Len": 38.436099853100004, "Colonia": "Los Olivos", "Identifica": 222, "m2_1": 85.309 }, "geometry": { "type": "MultiPolygon", "coordinates": [ [ [ [ -99.272041347352669, 19.592499304936698, 0.0 ], [ -99.272106947021257, 19.592537033017905, 0.0 ], [ -99.272123225128411, 19.59254728246993, 0.0 ], [ -99.272116357194506, 19.592565505874369, 0.0 ], [ -99.272083858260402, 19.59257909795247, 0.0 ], [ -99.272017361719236, 19.592594142327201, 0.0 ], [ -99.272002548537017, 19.592575951638789, 0.0 ], [ -99.272004952684711, 19.592540455937044, 0.0 ], [ -99.272016725407511, 19.592508682107876, 0.0 ], [ -99.272041347352669, 19.592499304936698, 0.0 ] ] ] ] } },
{ "type": "Feature", "properties": { "ETAPA": "TERCERA", "tipo": "Camellon", "M2": 243.46, "ha": 0.02432733213, "Donantes": null, "LAT": 19.591163169000001, "LONG_": -99.272380341000002, "Shape__Are": 275.736328125, "Shape__Len": 241.649426877, "Colonia": "Los Olivos", "Identifica": 223, "m2_1": 243.273 }, "geometry": { "type": "MultiPolygon", "coordinates": [ [ [ [ -99.27241779992265, 19.591613769614007, 0.0 ], [ -99.272421550932464, 19.591646687517862, 0.0 ], [ -99.272413187536287, 19.59165463917202, 0.0 ], [ -99.272398401105931, 19.591652326507926, 0.0 ], [ -99.272392917228032, 19.591614507711039, 0.0 ], [ -99.272388837765376, 19.591532788695908, 0.0 ], [ -99.27238478030074, 19.591464145675342, 0.0 ], [ -99.272367955628042, 19.591128864350154, 0.0 ], [ -99.272343995006366, 19.590652325967042, 0.0 ], [ -99.272354580428527, 19.590647172965735, 0.0 ], [ -99.272365430287707, 19.590652760588856, 0.0 ], [ -99.272369503427058, 19.590730743613737, 0.0 ], [ -99.272372655480609, 19.590847022116197, 0.0 ], [ -99.272382290238127, 19.59100905692646, 0.0 ], [ -99.272395048821465, 19.59127055823452, 0.0 ], [ -99.272406210584734, 19.591461544791976, 0.0 ], [ -99.27241779992265, 19.591613769614007, 0.0 ] ] ] ] } },
{ "type": "Feature", "properties": { "ETAPA": "TERCERA", "tipo": "Camellon", "M2": 40.95, "ha": 0.00409226995, "Donantes": null, "LAT": 19.590036642000001, "LONG_": -99.272127050999998, "Shape__Are": 46.384765625, "Shape__Len": 30.943712511600001, "Colonia": "Los Olivos", "Identifica": 224, "m2_1": 40.9227 }, "geometry": { "type": "MultiPolygon", "coordinates": [ [ [ [ -99.272084930970095, 19.589991443549867, 0.0 ], [ -99.272161126393172, 19.590030790146578, 0.0 ], [ -99.272171241010085, 19.590038713897684, 0.0 ], [ -99.272170022096816, 19.590046421255842, 0.0 ], [ -99.272131651137983, 19.590084072761641, 0.0 ], [ -99.272084710095072, 19.590006621419345, 0.0 ], [ -99.272079519012181, 19.589996355228291, 0.0 ], [ -99.272084930970095, 19.589991443549867, 0.0 ] ] ] ] } },
{ "type": "Feature", "properties": { "ETAPA": "TERCERA", "tipo": "Camellon", "M2": 252.8, "ha": 0.02526062229, "Donantes": null, "LAT": 19.589500875, "LONG_": -99.271354416999998, "Shape__Are": 286.306640625, "Shape__Len": 273.19837992499998, "Colonia": "Los Olivos", "Identifica": 225, "m2_1": 252.606 }, "geometry": { "type": "MultiPolygon", "coordinates": [ [ [ [ -99.271923654753607, 19.589903190135864, 0.0 ], [ -99.271923537448004, 19.589906692821174, 0.0 ], [ -99.271920952498121, 19.589907864222408, 0.0 ], [ -99.271915774757105, 19.589905537025331, 0.0 ], [ -99.271894563211063, 19.589891558979197, 0.0 ], [ -99.271751509731544, 19.589797907414919, 0.0 ], [ -99.271489799960904, 19.589614069713257, 0.0 ], [ -99.270959698133439, 19.589227256134006, 0.0 ], [ -99.270954265853817, 19.589220025778843, 0.0 ], [ -99.270954743362324, 19.58921091853821, 0.0 ], [ -99.270959416214254, 19.589206008003806, 0.0 ], [ -99.270964587278186, 19.589204365728875, 0.0 ], [ -99.270981845383503, 19.589211578311559, 0.0 ], [ -99.271044000521428, 19.589253047995697, 0.0 ], [ -99.271260103457436, 19.589420843440294, 0.0 ], [ -99.271573882100839, 19.589655272692521, 0.0 ], [ -99.271733228823251, 19.589768513894978, 0.0 ], [ -99.271845705446282, 19.58984633353921, 0.0 ], [ -99.271923654753607, 19.589903190135864, 0.0 ] ] ] ] } },
{ "type": "Feature", "properties": { "ETAPA": "TERCERA", "tipo": "Camellon", "M2": 239.33, "ha": 0.02391424633, "Donantes": null, "LAT": 19.588735275000001, "LONG_": -99.270181696999998, "Shape__Are": 271.052734375, "Shape__Len": 334.20804221100002, "Colonia": "Los Olivos", "Identifica": 226, "m2_1": 239.142 }, "geometry": { "type": "MultiPolygon", "coordinates": [ [ [ [ -99.270806366906569, 19.589101045912273, 0.0 ], [ -99.270809337026165, 19.589109213972407, 0.0 ], [ -99.270806635922312, 19.589114588542937, 0.0 ], [ -99.270802455029155, 19.589119031333535, 0.0 ], [ -99.270798516213091, 19.589120905253694, 0.0 ], [ -99.270785700615505, 19.589118355993637, 0.0 ], [ -99.270735881326303, 19.589087141723258, 0.0 ], [ -99.270623412002095, 19.58901305736789, 0.0 ], [ -99.270441406128271, 19.588903118154253, 0.0 ], [ -99.270134604496704, 19.588713975547034, 0.0 ], [ -99.269883054341349, 19.588563043821605, 0.0 ], [ -99.269554052708855, 19.58835712138578, 0.0 ], [ -99.269566358000532, 19.588349163968733, 0.0 ], [ -99.269843080872533, 19.588526210547254, 0.0 ], [ -99.270155787696382, 19.58871114180323, 0.0 ], [ -99.270350133526989, 19.588834138844803, 0.0 ], [ -99.270535582215743, 19.588940336977576, 0.0 ], [ -99.270806366906569, 19.589101045912273, 0.0 ] ] ] ] } },
{ "type": "Feature", "properties": { "ETAPA": "CUARTA", "tipo": "Area Verde", "M2": 3430.94, "ha": 0.34282575142, "Donantes": null, "LAT": 19.579346495, "LONG_": -99.255743014000004, "Shape__Are": 3885.1816406200001, "Shape__Len": 557.68795849200001, "Colonia": "Lomas Lindas 2da.Sección", "Identifica": 302, "m2_1": 3428.26 }, "geometry": { "type": "MultiPolygon", "coordinates": [ [ [ [ -99.256120282619349, 19.578627614911145, 0.0 ], [ -99.255922484857734, 19.579174849653718, 0.0 ], [ -99.255799814876042, 19.5793722857461, 0.0 ], [ -99.255740004575472, 19.579438124582946, 0.0 ], [ -99.255494371312167, 19.57964769003301, 0.0 ], [ -99.255122809190325, 19.579988941361577, 0.0 ], [ -99.254710265514674, 19.580339216259475, 0.0 ], [ -99.254609225506158, 19.580255671959932, 0.0 ], [ -99.254710040010622, 19.580195753239686, 0.0 ], [ -99.25539650826839, 19.579579085766408, 0.0 ], [ -99.255667354387811, 19.579360518255619, 0.0 ], [ -99.255749167528862, 19.579249815953322, 0.0 ], [ -99.255786861719429, 19.579157109096744, 0.0 ], [ -99.255899509838031, 19.578604017668212, 0.0 ], [ -99.255934140123983, 19.578568102700885, 0.0 ], [ -99.255965706732596, 19.578588979651983, 0.0 ], [ -99.256041429793669, 19.57861577156903, 0.0 ], [ -99.256120282619349, 19.578627614911145, 0.0 ] ] ] ] } },
{ "type": "Feature", "properties": { "ETAPA": "SEGUNDA", "tipo": "Area Verde", "M2": 865.3, "ha": 0.08646226545000001, "Donantes": null, "LAT": 19.57605557, "LONG_": -99.258333018000002, "Shape__Are": 979.8203125, "Shape__Len": 163.929725641, "Colonia": "Lomas Lindas 2da.Sección", "Identifica": 86, "m2_1": 864.623 }, "geometry": { "type": "MultiPolygon", "coordinates": [ [ [ [ -99.258262370630192, 19.576303672732426, 0.0 ], [ -99.258250775869087, 19.575758571958627, 0.0 ], [ -99.258250998036843, 19.575757759718595, 0.0 ], [ -99.258251443554499, 19.575756876556937, 0.0 ], [ -99.258251814809356, 19.575756134705404, 0.0 ], [ -99.258252260608216, 19.575755428048211, 0.0 ], [ -99.25825270623811, 19.575754615488169, 0.0 ], [ -99.258253375611474, 19.575753979112871, 0.0 ], [ -99.258254045097161, 19.575753413339235, 0.0 ], [ -99.258254714470468, 19.575752776963817, 0.0 ], [ -99.258255532986595, 19.575752246277766, 0.0 ], [ -99.25825635161506, 19.575751786193464, 0.0 ], [ -99.258257095925828, 19.575751432118501, 0.0 ], [ -99.258257989322843, 19.575751148431983, 0.0 ], [ -99.258258957263877, 19.575750899939621, 0.0 ], [ -99.25825977617346, 19.575750616359716, 0.0 ], [ -99.258260744339964, 19.575750509070925, 0.0 ], [ -99.258261712562131, 19.575750437083091, 0.0 ], [ -99.258262532034053, 19.575750506511937, 0.0 ], [ -99.258263500537453, 19.575750611028464, 0.0 ], [ -99.258264469153104, 19.575750786146518, 0.0 ], [ -99.258265288794803, 19.575750961478072, 0.0 ], [ -99.258266257691602, 19.575751313100625, 0.0 ], [ -99.258267003183704, 19.575751700344004, 0.0 ], [ -99.258267897705409, 19.57575212267497, 0.0 ], [ -99.258268643309762, 19.575752580520092, 0.0 ], [ -99.258269314594742, 19.575753144374438, 0.0 ], [ -99.258270060311418, 19.57575367282125, 0.0 ], [ -99.258270657334478, 19.57575437798576, 0.0 ], [ -99.258271254245216, 19.575755012548516, 0.0 ], [ -99.258271702463176, 19.575755823828956, 0.0 ], [ -99.258304326031435, 19.575801350660079, 0.0 ], [ -99.258336800587074, 19.57584684239723, 0.0 ], [ -99.258369275161584, 19.575892334128127, 0.0 ], [ -99.258401675435593, 19.575937931862221, 0.0 ], [ -99.258434075840654, 19.57598360019167, 0.0 ], [ -99.258466401832081, 19.576029303922489, 0.0 ], [ -99.25848494959385, 19.576055567816795, 0.0 ], [ -99.258426226962698, 19.576102765873451, 0.0 ], [ -99.258442042616267, 19.576133565365101, 0.0 ], [ -99.258272926199496, 19.576368242664355, 0.0 ], [ -99.258262370630192, 19.576303672732426, 0.0 ] ] ] ] } },
{ "type": "Feature", "properties": { "ETAPA": "SEGUNDA", "tipo": "Camellon", "M2": 10773.71, "ha": 1.0765289832, "Donantes": null, "LAT": 19.575048443, "LONG_": -99.257564904999995, "Shape__Are": 12199.5019531, "Shape__Len": 1697.6801463100001, "Colonia": "Lomas Lindas 2da.Sección", "Identifica": 119, "m2_1": 10765.3 }, "geometry": { "type": "MultiPolygon", "coordinates": [ [ [ [ -99.257262115337895, 19.574644580421424, 0.0 ], [ -99.257177642272708, 19.57450506714893, 0.0 ], [ -99.256913896557663, 19.574098683838688, 0.0 ], [ -99.256643240378921, 19.573683436895344, 0.0 ], [ -99.256171087157341, 19.572965391111556, 0.0 ], [ -99.255907839192503, 19.572559005505195, 0.0 ], [ -99.255669796416583, 19.572201152033166, 0.0 ], [ -99.255656925308486, 19.572162409061374, 0.0 ], [ -99.255676115971227, 19.572146970787575, 0.0 ], [ -99.255699268785492, 19.572144602967509, 0.0 ], [ -99.255745737416106, 19.572162731447001, 0.0 ], [ -99.255854559881243, 19.572324765467464, 0.0 ], [ -99.2560685127374, 19.572662079817409, 0.0 ], [ -99.256087028271239, 19.57269110855794, 0.0 ], [ -99.256382861927733, 19.57315490810733, 0.0 ], [ -99.256469962557901, 19.57329146155168, 0.0 ], [ -99.256606207273819, 19.573507271372844, 0.0 ], [ -99.256741906578526, 19.573722216109154, 0.0 ], [ -99.256872909309436, 19.573929722701255, 0.0 ], [ -99.256971419891229, 19.574085761587718, 0.0 ], [ -99.257058931458431, 19.574222288834829, 0.0 ], [ -99.257131671336623, 19.574335770025336, 0.0 ], [ -99.257193997253211, 19.574415170154431, 0.0 ], [ -99.257258166501103, 19.574508567373758, 0.0 ], [ -99.257544702545914, 19.574871110329692, 0.0 ], [ -99.257671159642527, 19.575019466573391, 0.0 ], [ -99.258165737702512, 19.575579162289682, 0.0 ], [ -99.258201687197726, 19.576495836240927, 0.0 ], [ -99.258181255463967, 19.576660250260403, 0.0 ], [ -99.258113564117679, 19.576849950015788, 0.0 ], [ -99.257981701870563, 19.576965021168569, 0.0 ], [ -99.257867548629207, 19.577062320829985, 0.0 ], [ -99.257465022317092, 19.577382325248927, 0.0 ], [ -99.257186560552839, 19.577641441661008, 0.0 ], [ -99.256970595656398, 19.577852367406475, 0.0 ], [ -99.256854642060958, 19.578058013499128, 0.0 ], [ -99.256835559612895, 19.578142101059193, 0.0 ], [ -99.256799116121528, 19.578152893991017, 0.0 ], [ -99.256745370818194, 19.578127752373401, 0.0 ], [ -99.256698521984632, 19.57810166692208, 0.0 ], [ -99.256699969784975, 19.578082517772618, 0.0 ], [ -99.256798848984189, 19.577984306586071, 0.0 ], [ -99.257193410293993, 19.577611076753517, 0.0 ], [ -99.257501363195644, 19.577307086027744, 0.0 ], [ -99.257679481093589, 19.577154588985298, 0.0 ], [ -99.257817146239162, 19.57697039343363, 0.0 ], [ -99.257910451232945, 19.576775987150491, 0.0 ], [ -99.257955381741183, 19.576525609724868, 0.0 ], [ -99.257941110352704, 19.576226748703025, 0.0 ], [ -99.257772879555318, 19.575779600991513, 0.0 ], [ -99.25760757028047, 19.5753100328103, 0.0 ], [ -99.257495768794413, 19.575026255008112, 0.0 ], [ -99.257428209570563, 19.574941647158123, 0.0 ], [ -99.257364626310732, 19.574845183352473, 0.0 ], [ -99.257358654471531, 19.574836123262994, 0.0 ], [ -99.257262115337895, 19.574644580421424, 0.0 ] ] ] ] } },
{ "type": "Feature", "properties": { "ETAPA": "CUARTA", "tipo": "Area Verde", "M2": 8638.77, "ha": 0.86320102393999998, "Donantes": null, "LAT": 19.551781113000001, "LONG_": -99.249570647, "Shape__Are": 9779.1816406199996, "Shape__Len": 528.64650663099997, "Colonia": "Las Alamedas I,II, III", "Identifica": 345, "m2_1": 8632.01 }, "geometry": { "type": "MultiPolygon", "coordinates": [ [ [ [ -99.249452323029246, 19.552323073054733, 0.0 ], [ -99.249142100552888, 19.551722661785952, 0.0 ], [ -99.249258559076054, 19.551616753335992, 0.0 ], [ -99.249359902047729, 19.551573352992854, 0.0 ], [ -99.248993714685483, 19.550848044030026, 0.0 ], [ -99.248978392740639, 19.550775964402028, 0.0 ], [ -99.249054456801261, 19.55078066624441, 0.0 ], [ -99.249420075500325, 19.551135858716925, 0.0 ], [ -99.249734828407895, 19.551385373007811, 0.0 ], [ -99.249922946307578, 19.551716776192183, 0.0 ], [ -99.250161903193813, 19.552134629629517, 0.0 ], [ -99.249715855581258, 19.552236187969825, 0.0 ], [ -99.249626999999649, 19.552157000000133, 0.0 ], [ -99.249639894332802, 19.552298780292055, 0.0 ], [ -99.249452323029246, 19.552323073054733, 0.0 ] ] ] ] } },
{ "type": "Feature", "properties": { "ETAPA": "CUARTA", "tipo": "Area Verde", "M2": 3343.45, "ha": 0.33408301297999998, "Donantes": null, "LAT": 19.554432007, "LONG_": -99.252566864000002, "Shape__Are": 3784.9375, "Shape__Len": 289.22063996200001, "Colonia": "Las Alamedas I,II, III", "Identifica": 346, "m2_1": 3340.83 }, "geometry": { "type": "MultiPolygon", "coordinates": [ [ [ [ -99.252928723006846, 19.553991986000206, 0.0 ], [ -99.252989509594642, 19.553953447139907, 0.0 ], [ -99.253019962832198, 19.553972631329252, 0.0 ], [ -99.253015132106739, 19.554126452940491, 0.0 ], [ -99.253010316361596, 19.554289887955452, 0.0 ], [ -99.252959850591765, 19.554443773493539, 0.0 ], [ -99.252909264866261, 19.554520751766205, 0.0 ], [ -99.252833281339591, 19.554568925304739, 0.0 ], [ -99.252640682273181, 19.554622068715268, 0.0 ], [ -99.252498654113609, 19.554588620369834, 0.0 ], [ -99.25229064144186, 19.554512003688235, 0.0 ], [ -99.252112977638689, 19.554387277256975, 0.0 ], [ -99.252153407656522, 19.554300699956357, 0.0 ], [ -99.25235115928335, 19.554300423718448, 0.0 ], [ -99.25260461218366, 19.554252002217034, 0.0 ], [ -99.25279211032209, 19.554179639132439, 0.0 ], [ -99.252928723006846, 19.553991986000206, 0.0 ] ] ] ] } },
{ "type": "Feature", "properties": { "ETAPA": "CUARTA", "tipo": "Area Verde", "M2": 1826.07, "ha": 0.18246409035, "Donantes": null, "LAT": 19.552665211000001, "LONG_": -99.250638921000004, "Shape__Are": 2067.1503906200001, "Shape__Len": 217.385866518, "Colonia": "Las Alamedas I,II, III", "Identifica": 374, "m2_1": 1824.64 }, "geometry": { "type": "MultiPolygon", "coordinates": [ [ [ [ -99.250408050273776, 19.552945614658341, 0.0 ], [ -99.25037439770702, 19.552997654086862, 0.0 ], [ -99.25036353422216, 19.552922183786531, 0.0 ], [ -99.250386386811414, 19.552790696624804, 0.0 ], [ -99.250409200721919, 19.552659431799917, 0.0 ], [ -99.250437903755625, 19.552603371185906, 0.0 ], [ -99.250493332231471, 19.552545354251301, 0.0 ], [ -99.250520577993868, 19.55252474039942, 0.0 ], [ -99.250590805362378, 19.552492418723837, 0.0 ], [ -99.250661267644787, 19.552480589612639, 0.0 ], [ -99.250744615672488, 19.552477990822229, 0.0 ], [ -99.250803718092484, 19.552481397966318, 0.0 ], [ -99.250872527690362, 19.552495088748305, 0.0 ], [ -99.250903966709529, 19.55250729233866, 0.0 ], [ -99.250942447192728, 19.552528053434454, 0.0 ], [ -99.250970053955768, 19.552561532292877, 0.0 ], [ -99.250972326453549, 19.552606264675891, 0.0 ], [ -99.250957448796584, 19.55263683050439, 0.0 ], [ -99.250917919449407, 19.552668503134264, 0.0 ], [ -99.250836787855647, 19.552706519957397, 0.0 ], [ -99.250675889245073, 19.552781914026735, 0.0 ], [ -99.25050070358661, 19.55286400249625, 0.0 ], [ -99.250408050273776, 19.552945614658341, 0.0 ] ] ], [ [ [ -99.25037439770702, 19.552997654086862, 0.0 ], [ -99.250374975778257, 19.55300167003071, 0.0 ], [ -99.250341603609826, 19.553048365963228, 0.0 ], [ -99.25037439770702, 19.552997654086862, 0.0 ] ] ] ] } },
{ "type": "Feature", "properties": { "ETAPA": "PRIMERA", "tipo": "Camellon", "M2": 325.01, "ha": 0.03247542852, "Donantes": null, "LAT": 19.557142199000001, "LONG_": -99.248388137999996, "Shape__Are": 367.9375, "Shape__Len": 129.27248857000001, "Colonia": "Las Alamedas I,II, III", "Identifica": 66, "m2_1": 324.754 }, "geometry": { "type": "MultiPolygon", "coordinates": [ [ [ [ -99.248474317835132, 19.557104481796401, 0.0 ], [ -99.248523395053923, 19.557205597049343, 0.0 ], [ -99.248463243136626, 19.55719162462421, 0.0 ], [ -99.248321961999906, 19.557172690218906, 0.0 ], [ -99.247982699264028, 19.557169570578118, 0.0 ], [ -99.248036906557445, 19.557153954168971, 0.0 ], [ -99.248094492730885, 19.557140187507493, 0.0 ], [ -99.248122610645169, 19.55713358253578, 0.0 ], [ -99.248160285590174, 19.557125870336947, 0.0 ], [ -99.248188828039289, 19.55712071250997, 0.0 ], [ -99.24822218660546, 19.557115486304365, 0.0 ], [ -99.248250855211296, 19.557111784617916, 0.0 ], [ -99.248274882668454, 19.557109109593778, 0.0 ], [ -99.248298998093205, 19.557106917476826, 0.0 ], [ -99.248323015089483, 19.557105195419673, 0.0 ], [ -99.248366451968053, 19.557103206261484, 0.0 ], [ -99.248400369763331, 19.557102618282567, 0.0 ], [ -99.248429267815951, 19.557102872530464, 0.0 ], [ -99.248474317835132, 19.557104481796401, 0.0 ] ] ] ] } },
{ "type": "Feature", "properties": { "ETAPA": "PRIMERA", "tipo": "Camellon", "M2": 83.32, "ha": 0.0083252001, "Donantes": null, "LAT": 19.557339244000001, "LONG_": -99.248497526999998, "Shape__Are": 94.326171875, "Shape__Len": 128.579720014, "Colonia": "Las Alamedas I,II, III", "Identifica": 67, "m2_1": 83.252 }, "geometry": { "type": "MultiPolygon", "coordinates": [ [ [ [ -99.248221824911383, 19.557299687574403, 0.0 ], [ -99.24822253511411, 19.557299668523925, 0.0 ], [ -99.248223155797845, 19.5572997110486, 0.0 ], [ -99.24845087165086, 19.557325403824226, 0.0 ], [ -99.248450959374026, 19.557325414548018, 0.0 ], [ -99.248451189176535, 19.557325446765276, 0.0 ], [ -99.248773793371399, 19.557376834674301, 0.0 ], [ -99.248774919379031, 19.55737711153672, 0.0 ], [ -99.248775977565714, 19.557377569537366, 0.0 ], [ -99.24877693578334, 19.557378194761004, 0.0 ], [ -99.248777764917591, 19.557378968212287, 0.0 ], [ -99.248778439777865, 19.557379866391774, 0.0 ], [ -99.248778939860074, 19.557380862011009, 0.0 ], [ -99.24877924997196, 19.55738192482076, 0.0 ], [ -99.248779360691145, 19.557383022530416, 0.0 ], [ -99.248779268652456, 19.557384121789408, 0.0 ], [ -99.248778976654208, 19.557385189199593, 0.0 ], [ -99.248778493566277, 19.557386192330949, 0.0 ], [ -99.248777834066345, 19.557387100705803, 0.0 ], [ -99.248777018192115, 19.557387886725994, 0.0 ], [ -99.248776070730912, 19.557388526510223, 0.0 ], [ -99.248775020469154, 19.557389000620727, 0.0 ], [ -99.248773899316021, 19.557389294652875, 0.0 ], [ -99.248772741334591, 19.557389399673205, 0.0 ], [ -99.248771581706592, 19.557389312491154, 0.0 ], [ -99.248449131010432, 19.557337948767408, 0.0 ], [ -99.248221579142225, 19.557312274742074, 0.0 ], [ -99.2482204499114, 19.557312052207628, 0.0 ], [ -99.248219377964361, 19.557311648687072, 0.0 ], [ -99.248218395319739, 19.557311076233006, 0.0 ], [ -99.248217531328166, 19.557310351944135, 0.0 ], [ -99.248216811794677, 19.557309497454028, 0.0 ], [ -99.248216258211471, 19.557308538285138, 0.0 ], [ -99.248215887114782, 19.557307503086953, 0.0 ], [ -99.248215709587001, 19.557306422779348, 0.0 ], [ -99.248215730930951, 19.557305329629955, 0.0 ], [ -99.24821595050976, 19.557304256289974, 0.0 ], [ -99.248216361763895, 19.55730323481858, 0.0 ], [ -99.248216952411596, 19.557302295725886, 0.0 ], [ -99.248217704809036, 19.557301467061627, 0.0 ], [ -99.248218596483952, 19.557300773576809, 0.0 ], [ -99.24821960080223, 19.557300235985267, 0.0 ], [ -99.24822068776642, 19.557299870344064, 0.0 ], [ -99.248221824911383, 19.557299687574403, 0.0 ] ] ] ] } },
{ "type": "Feature", "properties": { "ETAPA": "PRIMERA", "tipo": "Camellon", "M2": 124.67, "ha": 0.01245716765, "Donantes": null, "LAT": 19.557042786, "LONG_": -99.252834003999993, "Shape__Are": 141.1328125, "Shape__Len": 191.420558204, "Colonia": "Las Alamedas I,II, III", "Identifica": 69, "m2_1": 124.572 }, "geometry": { "type": "MultiPolygon", "coordinates": [ [ [ [ -99.253212086872225, 19.556866525912106, 0.0 ], [ -99.253213245197628, 19.556866532008279, 0.0 ], [ -99.25321438496124, 19.556866727884003, 0.0 ], [ -99.253215471825726, 19.556867107637796, 0.0 ], [ -99.253216473044787, 19.556867659828438, 0.0 ], [ -99.253217358453952, 19.556868367819607, 0.0 ], [ -99.253218101376888, 19.556869210280688, 0.0 ], [ -99.253218679431995, 19.556870161830169, 0.0 ], [ -99.253219075202793, 19.55687119379941, 0.0 ], [ -99.253219276765833, 19.556872275097476, 0.0 ], [ -99.253219278047766, 19.556873373146765, 0.0 ], [ -99.253219079010705, 19.556874454865085, 0.0 ], [ -99.253218685651007, 19.556875487662481, 0.0 ], [ -99.253218109819244, 19.556876440422641, 0.0 ], [ -99.253217368865435, 19.556877284440759, 0.0 ], [ -99.253216485111835, 19.556877994288218, 0.0 ], [ -99.253215485184541, 19.556878548578624, 0.0 ], [ -99.252458232182391, 19.557218457390924, 0.0 ], [ -99.252457141491107, 19.557218840502149, 0.0 ], [ -99.252455997191944, 19.557219038262971, 0.0 ], [ -99.25245483405152, 19.557219044665047, 0.0 ], [ -99.252453687406842, 19.557218859513672, 0.0 ], [ -99.252452592096418, 19.557218488434344, 0.0 ], [ -99.252451581397409, 19.557217942700998, 0.0 ], [ -99.252450686017824, 19.557217238894271, 0.0 ], [ -99.252449933160449, 19.557216398397156, 0.0 ], [ -99.252449345699077, 19.557215446745779, 0.0 ], [ -99.252448941481475, 19.557214412853206, 0.0 ], [ -99.252448732788451, 19.557213328131205, 0.0 ], [ -99.25244872596123, 19.557212225535835, 0.0 ], [ -99.252448921206479, 19.557211138566316, 0.0 ], [ -99.252449312593441, 19.557210100246877, 0.0 ], [ -99.252449888229393, 19.557209142123831, 0.0 ], [ -99.252450630626811, 19.557208293306882, 0.0 ], [ -99.252451517228948, 19.557207579584826, 0.0 ], [ -99.252452521099869, 19.55720702264211, 0.0 ], [ -99.253209774060707, 19.556867113853674, 0.0 ], [ -99.253210518200831, 19.556866830219377, 0.0 ], [ -99.253211292870176, 19.556866633290063, 0.0 ], [ -99.253212086872225, 19.556866525912106, 0.0 ] ] ] ] } },
{ "type": "Feature", "properties": { "ETAPA": "PRIMERA", "tipo": "Camellon", "M2": 400.2, "ha": 0.03998902437, "Donantes": null, "LAT": 19.556225154, "LONG_": -99.25464727000001, "Shape__Are": 453.0546875, "Shape__Len": 609.24397433299998, "Colonia": "Las Alamedas I,II, III", "Identifica": 70, "m2_1": 399.89 }, "geometry": { "type": "MultiPolygon", "coordinates": [ [ [ [ -99.255872332825447, 19.555668292460894, 0.0 ], [ -99.255873490564312, 19.555668298505637, 0.0 ], [ -99.25587462977991, 19.555668494138356, 0.0 ], [ -99.255875716183553, 19.555668873471305, 0.0 ], [ -99.255876717079218, 19.555669425087615, 0.0 ], [ -99.255877602342892, 19.555670132385483, 0.0 ], [ -99.255878345330473, 19.555670974077405, 0.0 ], [ -99.255878923681124, 19.555671924831021, 0.0 ], [ -99.255879319987301, 19.555672956031792, 0.0 ], [ -99.255879522322033, 19.555674036643772, 0.0 ], [ -99.255879524596565, 19.555675134144028, 0.0 ], [ -99.255879326740811, 19.555676215501169, 0.0 ], [ -99.255878934710665, 19.555677248169694, 0.0 ], [ -99.255878360304493, 19.555678201069714, 0.0 ], [ -99.255877620810466, 19.555679045521909, 0.0 ], [ -99.255876738484275, 19.555679756110845, 0.0 ], [ -99.255875739882896, 19.555680311449976, 0.0 ], [ -99.255042097696389, 19.556055914582778, 0.0 ], [ -99.253423835727972, 19.556780034200798, 0.0 ], [ -99.253422744508455, 19.55678041605438, 0.0 ], [ -99.253421599920941, 19.556780612500091, 0.0 ], [ -99.253420436737386, 19.556780617570173, 0.0 ], [ -99.253419290293039, 19.556780431110514, 0.0 ], [ -99.25341819541471, 19.556780058785485, 0.0 ], [ -99.253417185364256, 19.556779511905869, 0.0 ], [ -99.253416290824589, 19.556778807085109, 0.0 ], [ -99.253415538971538, 19.556777965734472, 0.0 ], [ -99.253414952644746, 19.556777013413214, 0.0 ], [ -99.253414549655091, 19.556775979051057, 0.0 ], [ -99.253414342246714, 19.556774894070742, 0.0 ], [ -99.253414336718436, 19.556773791432391, 0.0 ], [ -99.253414533239294, 19.556772704632376, 0.0 ], [ -99.253414925838996, 19.556771666686043, 0.0 ], [ -99.253415502591565, 19.556770709125043, 0.0 ], [ -99.253416245975345, 19.556769861038227, 0.0 ], [ -99.253417133406629, 19.556769148189467, 0.0 ], [ -99.253418137928804, 19.556768592234143, 0.0 ], [ -99.255036384567561, 19.556044479918395, 0.0 ], [ -99.255870011467337, 19.555668884063337, 0.0 ], [ -99.255870758217128, 19.555668598650062, 0.0 ], [ -99.255871535769145, 19.555668400489377, 0.0 ], [ -99.255872332825447, 19.555668292460894, 0.0 ] ] ] ] } },
{ "type": "Feature", "properties": { "ETAPA": "SEGUNDA", "tipo": "Camellon", "M2": 7223.91, "ha": 0.72182485656999995, "Donantes": null, "LAT": 19.551412944, "LONG_": -99.24026495, "Shape__Are": 8177.578125, "Shape__Len": 807.476706304, "Colonia": "Las Alamedas I,II, III", "Identifica": 133, "m2_1": 7218.25 }, "geometry": { "type": "MultiPolygon", "coordinates": [ [ [ [ -99.239980061605976, 19.550881300225477, 0.0 ], [ -99.240048159022194, 19.550878818663499, 0.0 ], [ -99.240108717962499, 19.550895475621886, 0.0 ], [ -99.240156722230822, 19.550950406301361, 0.0 ], [ -99.240412228275602, 19.551461754349642, 0.0 ], [ -99.240488009641851, 19.551538167544049, 0.0 ], [ -99.240720721437526, 19.551984986699175, 0.0 ], [ -99.240746050587717, 19.552056684888257, 0.0 ], [ -99.240763632880643, 19.552118651007945, 0.0 ], [ -99.241030963905914, 19.552641509590057, 0.0 ], [ -99.241100044786933, 19.552778043320533, 0.0 ], [ -99.241278753040618, 19.553157298451318, 0.0 ], [ -99.241278873907135, 19.553238594489073, 0.0 ], [ -99.241509068061049, 19.553685415865335, 0.0 ], [ -99.241529335434578, 19.553745165372149, 0.0 ], [ -99.24152185749432, 19.553804951986081, 0.0 ], [ -99.241496680724481, 19.553836069495045, 0.0 ], [ -99.24144871783173, 19.553809831920269, 0.0 ], [ -99.241380420048912, 19.553678414675023, 0.0 ], [ -99.241253710546417, 19.553434388274511, 0.0 ], [ -99.241153519228462, 19.553255104493243, 0.0 ], [ -99.24105979359669, 19.55307270236213, 0.0 ], [ -99.240754658021061, 19.552448638319348, 0.0 ], [ -99.240694175212099, 19.552328756249196, 0.0 ], [ -99.240628790256125, 19.552203488263459, 0.0 ], [ -99.240120705106833, 19.551443228550969, 0.0 ], [ -99.239844082297296, 19.55103211797983, 0.0 ], [ -99.239844004564304, 19.550979514642943, 0.0 ], [ -99.239861589705768, 19.550931669979793, 0.0 ], [ -99.239911992461543, 19.550902910248041, 0.0 ], [ -99.239980061605976, 19.550881300225477, 0.0 ] ] ] ] } },
{ "type": "Feature", "properties": { "ETAPA": "SEGUNDA", "tipo": "Camellon", "M2": 823.9, "ha": 0.08232504024, "Donantes": null, "LAT": 19.554410711, "LONG_": -99.241977851000001, "Shape__Are": 932.6875, "Shape__Len": 300.185280073, "Colonia": "Las Alamedas I,II, III", "Identifica": 134, "m2_1": 823.25 }, "geometry": { "type": "MultiPolygon", "coordinates": [ [ [ [ -99.241644826244908, 19.553936868856475, 0.0 ], [ -99.241677475394468, 19.553922371161079, 0.0 ], [ -99.241706106629437, 19.553970645342044, 0.0 ], [ -99.241741511511137, 19.554032765624687, 0.0 ], [ -99.24179712694162, 19.554116378418655, 0.0 ], [ -99.241883067159534, 19.554238207607195, 0.0 ], [ -99.242011972379075, 19.554417364718283, 0.0 ], [ -99.242396124573801, 19.554926146134459, 0.0 ], [ -99.242358336199331, 19.554957280688697, 0.0 ], [ -99.24206517990504, 19.55457749470585, 0.0 ], [ -99.241913111033043, 19.554369622491397, 0.0 ], [ -99.241744492609044, 19.554155909997974, 0.0 ], [ -99.241630070432763, 19.554002406961171, 0.0 ], [ -99.241622995248534, 19.55396980013926, 0.0 ], [ -99.241644826244908, 19.553936868856475, 0.0 ] ] ] ] } },
{ "type": "Feature", "properties": { "ETAPA": "PRIMERA", "tipo": "Camellon", "M2": 553.19, "ha": 0.05527587697, "Donantes": null, "LAT": 19.557158479000002, "LONG_": -99.246149267000007, "Shape__Are": 626.265625, "Shape__Len": 840.48250320299996, "Colonia": "Las Alamedas I,II, III", "Identifica": 135, "m2_1": 552.759 }, "geometry": { "type": "MultiPolygon", "coordinates": [ [ [ [ -99.244291337816307, 19.556882143113473, 0.0 ], [ -99.244292371385498, 19.556882139658232, 0.0 ], [ -99.244293393147274, 19.556882287372151, 0.0 ], [ -99.244294378644938, 19.556882582719492, 0.0 ], [ -99.244512323881906, 19.556966014372762, 0.0 ], [ -99.244616392750871, 19.556997992973034, 0.0 ], [ -99.244748569281668, 19.557027835910812, 0.0 ], [ -99.244870857350904, 19.557042773765158, 0.0 ], [ -99.245109325528475, 19.55706631349253, 0.0 ], [ -99.245109394179565, 19.557066320629009, 0.0 ], [ -99.245591529466196, 19.557109137412308, 0.0 ], [ -99.246052794088683, 19.557143392516107, 0.0 ], [ -99.24605290659639, 19.557143402303716, 0.0 ], [ -99.24662058533572, 19.557194784365432, 0.0 ], [ -99.246620653031869, 19.557194790598931, 0.0 ], [ -99.247442317610549, 19.557261156176928, 0.0 ], [ -99.248006951638729, 19.557299687331369, 0.0 ], [ -99.248008040640272, 19.557299848170182, 0.0 ], [ -99.248009086861373, 19.557300176730703, 0.0 ], [ -99.248010061764376, 19.557300664050302, 0.0 ], [ -99.248010938754504, 19.557301296835881, 0.0 ], [ -99.248011693909817, 19.55730205782659, 0.0 ], [ -99.248012306630912, 19.557302926263851, 0.0 ], [ -99.248012760204631, 19.557303878458427, 0.0 ], [ -99.248013042257668, 19.557304888436526, 0.0 ], [ -99.248013145096792, 19.557305928647967, 0.0 ], [ -99.248013065916624, 19.55730697071759, 0.0 ], [ -99.248012806876588, 19.557307986220128, 0.0 ], [ -99.248012375043913, 19.557308947454736, 0.0 ], [ -99.248011782196201, 19.557309828200598, 0.0 ], [ -99.248011044506896, 19.557310604432956, 0.0 ], [ -99.248010182097289, 19.557311254977655, 0.0 ], [ -99.248009218493337, 19.557311762089174, 0.0 ], [ -99.248008179979777, 19.557312111934419, 0.0 ], [ -99.248007094884969, 19.55731229497043, 0.0 ], [ -99.248005992809354, 19.557312306204288, 0.0 ], [ -99.247441294857069, 19.557273770616469, 0.0 ], [ -99.247441229070745, 19.557273766188125, 0.0 ], [ -99.246619452873716, 19.557207390817574, 0.0 ], [ -99.246619385177581, 19.55720738458405, 0.0 ], [ -99.246051726417633, 19.557156004299014, 0.0 ], [ -99.245590417900729, 19.557121745637843, 0.0 ], [ -99.245590317788896, 19.557121737640578, 0.0 ], [ -99.245108080443742, 19.557078911052194, 0.0 ], [ -99.245108011792695, 19.557078903915713, 0.0 ], [ -99.244869391993845, 19.55705534902938, 0.0 ], [ -99.244869229900956, 19.557055331175142, 0.0 ], [ -99.244746511791078, 19.557040340583974, 0.0 ], [ -99.244746138002085, 19.557040285060793, 0.0 ], [ -99.244745818538732, 19.557040220426959, 0.0 ], [ -99.244613038335615, 19.557010240941551, 0.0 ], [ -99.244612667347567, 19.557010146554969, 0.0 ], [ -99.244612527145705, 19.557010105174303, 0.0 ], [ -99.244507989013911, 19.556977982614331, 0.0 ], [ -99.244507548346235, 19.556977830484545, 0.0 ], [ -99.244289381795824, 19.556894314176663, 0.0 ], [ -99.244288386433738, 19.5568938379012, 0.0 ], [ -99.244287488613452, 19.556893211180213, 0.0 ], [ -99.244286713396988, 19.556892451508013, 0.0 ], [ -99.244286082423926, 19.55689158009006, 0.0 ], [ -99.24428561330663, 19.556890621251306, 0.0 ], [ -99.244285319140715, 19.556889601756609, 0.0 ], [ -99.244285208136745, 19.556888550064301, 0.0 ], [ -99.244285283394944, 19.556887495531413, 0.0 ], [ -99.244285542812207, 19.556886467594115, 0.0 ], [ -99.244285979149097, 19.556885494946428, 0.0 ], [ -99.244286580224426, 19.556884604738823, 0.0 ], [ -99.244287329261283, 19.55688382182041, 0.0 ], [ -99.244288205348667, 19.556883168045861, 0.0 ], [ -99.244289184033534, 19.556882661664552, 0.0 ], [ -99.24429023799631, 19.556882316811613, 0.0 ], [ -99.244291337816307, 19.556882143113473, 0.0 ] ] ] ] } },
{ "type": "Feature", "properties": { "ETAPA": "PRIMERA", "tipo": "Camellon", "M2": 176.97, "ha": 0.01768285031, "Donantes": null, "LAT": 19.556985176000001, "LONG_": -99.248429556000005, "Shape__Are": 200.34375, "Shape__Len": 83.695555287100007, "Colonia": "Las Alamedas I,II, III", "Identifica": 72, "m2_1": 176.829 }, "geometry": { "type": "MultiPolygon", "coordinates": [ [ [ [ -99.24842491800176, 19.55692557091584, 0.0 ], [ -99.24842491800176, 19.55692557091584, 0.0 ], [ -99.248458652287354, 19.556962157163301, 0.0 ], [ -99.248483593625849, 19.556997235470131, 0.0 ], [ -99.248504010546426, 19.557034852186881, 0.0 ], [ -99.248504010546426, 19.557034852186881, 0.0 ], [ -99.248210804944534, 19.557054512577793, 0.0 ], [ -99.248210804944534, 19.557054512577793, 0.0 ], [ -99.248206446592761, 19.557004524145992, 0.0 ], [ -99.248253908156428, 19.557020754088388, 0.0 ], [ -99.24830435732359, 19.557020695110786, 0.0 ], [ -99.248351771907153, 19.557004354590664, 0.0 ], [ -99.248390492102288, 19.55697368283435, 0.0 ], [ -99.248390492102288, 19.55697368283435, 0.0 ], [ -99.248411489436009, 19.556943647262916, 0.0 ], [ -99.24842491800176, 19.55692557091584, 0.0 ] ] ] ] } },
{ "type": "Feature", "properties": { "ETAPA": "PRIMERA", "tipo": "Camellon", "M2": 821.97, "ha": 0.0821321807, "Donantes": null, "LAT": 19.557588179, "LONG_": -99.250082639, "Shape__Are": 930.546875, "Shape__Len": 671.57659113199998, "Colonia": "Las Alamedas I,II, III", "Identifica": 68, "m2_1": 821.322 }, "geometry": { "type": "MultiPolygon", "coordinates": [ [ [ [ -99.249516996309296, 19.557471830817089, 0.0 ], [ -99.249456222790172, 19.557462374319691, 0.0 ], [ -99.249441458548191, 19.557436070080957, 0.0 ], [ -99.249413837030318, 19.557411550356008, 0.0 ], [ -99.249386229642113, 19.557396217728563, 0.0 ], [ -99.249360304537021, 19.557384062931067, 0.0 ], [ -99.249450909167223, 19.557400545266756, 0.0 ], [ -99.249534060103628, 19.557417921235086, 0.0 ], [ -99.249681364642896, 19.557461179747158, 0.0 ], [ -99.24992499121187, 19.557535997607378, 0.0 ], [ -99.250153097133094, 19.557589676518358, 0.0 ], [ -99.250299627587736, 19.557614208002327, 0.0 ], [ -99.250506555698351, 19.557646075946426, 0.0 ], [ -99.250741068238014, 19.5576782586982, 0.0 ], [ -99.250879125835922, 19.557684075609703, 0.0 ], [ -99.251053782302293, 19.557679794176543, 0.0 ], [ -99.251210566297416, 19.557664840265545, 0.0 ], [ -99.251319090242418, 19.557647792636686, 0.0 ], [ -99.251459403788516, 19.557611533053027, 0.0 ], [ -99.251615740074911, 19.557558151094838, 0.0 ], [ -99.251816241335277, 19.557474701638554, 0.0 ], [ -99.252238972748813, 19.557301210797103, 0.0 ], [ -99.252240076422581, 19.557300866904399, 0.0 ], [ -99.252241226289485, 19.557300709673477, 0.0 ], [ -99.252242387496736, 19.557300743869728, 0.0 ], [ -99.252243524850101, 19.557300968456598, 0.0 ], [ -99.252244603877656, 19.55730137662734, 0.0 ], [ -99.252245591875379, 19.557301956010505, 0.0 ], [ -99.252246458898739, 19.557302689045944, 0.0 ], [ -99.252247178669407, 19.557303553516093, 0.0 ], [ -99.252247729370779, 19.557304523219845, 0.0 ], [ -99.252248094312279, 19.557305568766775, 0.0 ], [ -99.252248262433767, 19.557306658467532, 0.0 ], [ -99.252248228639132, 19.55730775929451, 0.0 ], [ -99.252247993952466, 19.557308837883106, 0.0 ], [ -99.252247565486655, 19.557309861542524, 0.0 ], [ -99.252246956228575, 19.557310799246885, 0.0 ], [ -99.252246184643099, 19.557311622575494, 0.0 ], [ -99.252245274117897, 19.557312306574087, 0.0 ], [ -99.252244252248332, 19.557312830511705, 0.0 ], [ -99.251844863694885, 19.557482026183344, 0.0 ], [ -99.251620906168498, 19.557569819785986, 0.0 ], [ -99.251620490758739, 19.557569976706198, 0.0 ], [ -99.25153268786697, 19.557606134115947, 0.0 ], [ -99.25144811543646, 19.55763381327473, 0.0 ], [ -99.251393339760085, 19.557646256826192, 0.0 ], [ -99.251322274346975, 19.557660083134294, 0.0 ], [ -99.251322112342137, 19.557660123122851, 0.0 ], [ -99.251321610085981, 19.557660220518663, 0.0 ], [ -99.251212526662059, 19.557677355683225, 0.0 ], [ -99.251212331273095, 19.557677383970031, 0.0 ], [ -99.251212104418869, 19.557677409589431, 0.0 ], [ -99.251054873365476, 19.557692406597674, 0.0 ], [ -99.251054384350468, 19.557692436196362, 0.0 ], [ -99.250879388496088, 19.55769672533151, 0.0 ], [ -99.250879215945929, 19.557696727378548, 0.0 ], [ -99.250740588856502, 19.557696731975462, 0.0 ], [ -99.250740065445967, 19.557696712820771, 0.0 ], [ -99.25073970312306, 19.557696676271991, 0.0 ], [ -99.250499892496819, 19.557676120008281, 0.0 ], [ -99.250388417199801, 19.5576621406017, 0.0 ], [ -99.250344798972932, 19.557658314226124, 0.0 ], [ -99.250292600317039, 19.557649906174493, 0.0 ], [ -99.250157620302346, 19.557622178525406, 0.0 ], [ -99.250141213677708, 19.557618667747825, 0.0 ], [ -99.249922042593425, 19.557561014657818, 0.0 ], [ -99.249516996309296, 19.557471830817089, 0.0 ] ] ] ] } },
{ "type": "Feature", "properties": { "ETAPA": "CUARTA", "tipo": "Area Verde", "M2": 3491.95, "ha": 0.34892266909000003, "Donantes": null, "LAT": 19.584763289000001, "LONG_": -99.267721568, "Shape__Are": 3954.5390625, "Shape__Len": 338.56695486699999, "Colonia": "El Tunel", "Identifica": 444, "m2_1": 3489.23 }, "geometry": { "type": "MultiPolygon", "coordinates": [ [ [ [ -99.268014058215726, 19.584546730858762, 0.0 ], [ -99.267983300588497, 19.584551383643479, 0.0 ], [ -99.267857051435769, 19.584829178660051, 0.0 ], [ -99.267724221993262, 19.585067212504271, 0.0 ], [ -99.267677414136287, 19.585265778551868, 0.0 ], [ -99.267537105999892, 19.585334221755293, 0.0 ], [ -99.267397412771089, 19.585207429886069, 0.0 ], [ -99.267869041139321, 19.584063186445938, 0.0 ], [ -99.268014058215726, 19.584546730858762, 0.0 ] ] ] ] } },
{ "type": "Feature", "properties": { "ETAPA": "CUARTA", "tipo": "Area Verde", "M2": 808.0, "ha": 0.08073730865000001, "Donantes": null, "LAT": 19.590602176000001, "LONG_": -99.271341233000001, "Shape__Are": 915.107421875, "Shape__Len": 132.68014505799999, "Colonia": "Rinconada Adolfo López Mateos", "Identifica": 311, "m2_1": 807.373 }, "geometry": { "type": "MultiPolygon", "coordinates": [ [ [ [ -99.271524791488176, 19.590715098690335, 0.0 ], [ -99.271435443380085, 19.590692279139621, 0.0 ], [ -99.271429436579339, 19.590720980787157, 0.0 ], [ -99.271294688821399, 19.590705402658354, 0.0 ], [ -99.271117355118534, 19.590569379527683, 0.0 ], [ -99.271123258695667, 19.590478988942507, 0.0 ], [ -99.271333721123526, 19.590511668838854, 0.0 ], [ -99.271413977175129, 19.590528763607246, 0.0 ], [ -99.271573023721032, 19.590591647848658, 0.0 ], [ -99.271524791488176, 19.590715098690335, 0.0 ] ] ] ] } },
{ "type": "Feature", "properties": { "ETAPA": "CUARTA", "tipo": "Area Verde", "M2": 1230.86, "ha": 0.12299041409, "Donantes": null, "LAT": 19.535070747, "LONG_": -99.288283524999997, "Shape__Are": 1393.0644531200001, "Shape__Len": 154.30229657300001, "Colonia": "El Risco", "Identifica": 290, "m2_1": 1229.9 }, "geometry": { "type": "MultiPolygon", "coordinates": [ [ [ [ -99.288544944057151, 19.535122803365574, 0.0 ], [ -99.288260765073105, 19.535293500561412, 0.0 ], [ -99.28804224707028, 19.534945708929982, 0.0 ], [ -99.288268091067792, 19.534874574658119, 0.0 ], [ -99.288544944057151, 19.535122803365574, 0.0 ] ] ] ] } },
{ "type": "Feature", "properties": { "ETAPA": "CUARTA", "tipo": "Area Verde", "M2": 3314.58, "ha": 0.33119737766000001, "Donantes": null, "LAT": 19.602714577, "LONG_": -99.216604496000002, "Shape__Are": 3754.4902343799999, "Shape__Len": 287.45439562299998, "Colonia": "San José del Jaral", "Identifica": 460, "m2_1": 3311.97 }, "geometry": { "type": "MultiPolygon", "coordinates": [ [ [ [ -99.216602144204842, 19.602243084247821, 0.0 ], [ -99.216912248973117, 19.60277144801158, 0.0 ], [ -99.216795687618017, 19.602843688741554, 0.0 ], [ -99.216699549670139, 19.603016845487687, 0.0 ], [ -99.216547740646575, 19.603281396340659, 0.0 ], [ -99.21640515623227, 19.602858578236273, 0.0 ], [ -99.216455549239427, 19.602613376127106, 0.0 ], [ -99.216404417111931, 19.602305808868842, 0.0 ], [ -99.216602144204842, 19.602243084247821, 0.0 ] ] ] ] } },
{ "type": "Feature", "properties": { "ETAPA": "PRIMERA", "tipo": "Camellon", "M2": 298.67, "ha": 0.02984349273, "Donantes": null, "LAT": 19.522116989000001, "LONG_": -99.267236316999998, "Shape__Are": 337.974609375, "Shape__Len": 637.97283113200001, "Colonia": "Nuevo Madín", "Identifica": 92, "m2_1": 298.435 }, "geometry": { "type": "MultiPolygon", "coordinates": [ [ [ [ -99.267824314221699, 19.521206248377947, 0.0 ], [ -99.267825104961943, 19.521206262249049, 0.0 ], [ -99.267825882391818, 19.521206399934492, 0.0 ], [ -99.267826625096419, 19.521206657641475, 0.0 ], [ -99.267827312618437, 19.521207028271519, 0.0 ], [ -99.267827926019521, 19.52120750161539, 0.0 ], [ -99.267828448402483, 19.521208064634639, 0.0 ], [ -99.267828865378888, 19.521208701820445, 0.0 ], [ -99.267829165461976, 19.521209395621518, 0.0 ], [ -99.267829340386427, 19.521210126926828, 0.0 ], [ -99.267829385334537, 19.521210875591954, 0.0 ], [ -99.267829299067515, 19.521211620994738, 0.0 ], [ -99.267829083961445, 19.521212342602571, 0.0 ], [ -99.267828745941543, 19.521213020538706, 0.0 ], [ -99.26776664722054, 19.521314750889427, 0.0 ], [ -99.267766381938173, 19.521315138069937, 0.0 ], [ -99.267766213577687, 19.521315345268587, 0.0 ], [ -99.267683414326356, 19.521411501435029, 0.0 ], [ -99.267683202160441, 19.521411732194952, 0.0 ], [ -99.267683119373558, 19.521411813651408, 0.0 ], [ -99.267616727420517, 19.521475779770846, 0.0 ], [ -99.267568357935858, 19.521531039071622, 0.0 ], [ -99.267530302057537, 19.521597255037353, 0.0 ], [ -99.267502403490283, 19.52166922073194, 0.0 ], [ -99.267475842351004, 19.521761018153452, 0.0 ], [ -99.267475796843215, 19.521761165525422, 0.0 ], [ -99.267434396810145, 19.521887325844471, 0.0 ], [ -99.267434139933357, 19.521887944510212, 0.0 ], [ -99.26743378972958, 19.521888520542458, 0.0 ], [ -99.267390910093084, 19.521948442949785, 0.0 ], [ -99.267390814991174, 19.521948570513381, 0.0 ], [ -99.267346447704128, 19.522005720722152, 0.0 ], [ -99.267346170879321, 19.522006045563085, 0.0 ], [ -99.267256013806815, 19.52210216361031, 0.0 ], [ -99.267170524222465, 19.522196629965698, 0.0 ], [ -99.267129324458011, 19.522260424934533, 0.0 ], [ -99.26712925790271, 19.522260524440924, 0.0 ], [ -99.267072073304121, 19.522344079117836, 0.0 ], [ -99.267033835772025, 19.522425858024032, 0.0 ], [ -99.266995536775397, 19.52252304525679, 0.0 ], [ -99.266966046254211, 19.522632832547352, 0.0 ], [ -99.266912777156833, 19.522852385124718, 0.0 ], [ -99.266863265340319, 19.523060438762879, 0.0 ], [ -99.266863241666115, 19.523060532783504, 0.0 ], [ -99.266790029504946, 19.523340215029897, 0.0 ], [ -99.266790014346753, 19.523340271082162, 0.0 ], [ -99.266761920578304, 19.523440607991542, 0.0 ], [ -99.266761747925727, 19.523441106190131, 0.0 ], [ -99.266761673857829, 19.523441274389292, 0.0 ], [ -99.266735059911113, 19.523498410001107, 0.0 ], [ -99.266734872731831, 19.523498768146091, 0.0 ], [ -99.266703814143838, 19.523551735172852, 0.0 ], [ -99.266703508934924, 19.523552190188902, 0.0 ], [ -99.26670317883098, 19.523552575655824, 0.0 ], [ -99.266652472417761, 19.523605585208283, 0.0 ], [ -99.266651897290288, 19.52360609471263, 0.0 ], [ -99.266651241555152, 19.523606507508354, 0.0 ], [ -99.266650523101447, 19.523606812334304, 0.0 ], [ -99.266649761527717, 19.523607000874676, 0.0 ], [ -99.266648977610188, 19.523607067985889, 0.0 ], [ -99.266648192734195, 19.523607011837544, 0.0 ], [ -99.266647428312794, 19.523606833961011, 0.0 ], [ -99.266646705197758, 19.523606539208981, 0.0 ], [ -99.266646043116012, 19.523606135622249, 0.0 ], [ -99.266645460130931, 19.523605634210949, 0.0 ], [ -99.266644972145443, 19.523605048653614, 0.0 ], [ -99.26664459247155, 19.523604394924288, 0.0 ], [ -99.266644331466964, 19.523603690857179, 0.0 ], [ -99.266644196253438, 19.523602955659211, 0.0 ], [ -99.266644190517724, 19.523602209386684, 0.0 ], [ -99.266644314416936, 19.523601472398425, 0.0 ], [ -99.266644564570811, 19.523600764799497, 0.0 ], [ -99.266644934156588, 19.523600105893397, 0.0 ], [ -99.266645413089748, 19.523599513655302, 0.0 ], [ -99.266695751271868, 19.52354688872423, 0.0 ], [ -99.266726425869635, 19.523494575647032, 0.0 ], [ -99.266752803321381, 19.523437947366304, 0.0 ], [ -99.266780793810554, 19.523337980227648, 0.0 ], [ -99.266853976623764, 19.523058410088098, 0.0 ], [ -99.266903483720469, 19.522850377244779, 0.0 ], [ -99.26695676608513, 19.522630770427696, 0.0 ], [ -99.26695679260429, 19.522630668269482, 0.0 ], [ -99.266986364600001, 19.522520576309876, 0.0 ], [ -99.266986518241552, 19.522520110672758, 0.0 ], [ -99.267024960571518, 19.522422561746442, 0.0 ], [ -99.267024990946254, 19.522422485790017, 0.0 ], [ -99.267025067862718, 19.522422311260598, 0.0 ], [ -99.267063511500638, 19.522340091041535, 0.0 ], [ -99.267063688225292, 19.522339751889579, 0.0 ], [ -99.267063870751286, 19.52233946333677, 0.0 ], [ -99.267121221750244, 19.522255665318678, 0.0 ], [ -99.267162595494995, 19.522191600789153, 0.0 ], [ -99.267162799939015, 19.522191310396419, 0.0 ], [ -99.2671630425057, 19.522191018139829, 0.0 ], [ -99.267248799433162, 19.522096255879994, 0.0 ], [ -99.267248855567104, 19.522096195248469, 0.0 ], [ -99.267338906078749, 19.522000191229662, 0.0 ], [ -99.267383070781293, 19.521943302494307, 0.0 ], [ -99.26742550538161, 19.521884001595293, 0.0 ], [ -99.267466671173608, 19.521758554651225, 0.0 ], [ -99.267493263596677, 19.521666651450648, 0.0 ], [ -99.267493386903979, 19.521666287977084, 0.0 ], [ -99.267521479090504, 19.521593823149743, 0.0 ], [ -99.267521518006419, 19.521593724587827, 0.0 ], [ -99.267521766893623, 19.521593219949811, 0.0 ], [ -99.267560212435114, 19.521526324723606, 0.0 ], [ -99.267560535699232, 19.521525840760731, 0.0 ], [ -99.267560727842593, 19.521525605511943, 0.0 ], [ -99.267609519716885, 19.521469862103661, 0.0 ], [ -99.267609708101674, 19.521469659393983, 0.0 ], [ -99.267609790888613, 19.521469577937559, 0.0 ], [ -99.267676173326677, 19.521405621775575, 0.0 ], [ -99.267758587302239, 19.52130991261518, 0.0 ], [ -99.267820495916382, 19.521208494328508, 0.0 ], [ -99.267820939818876, 19.521207887371393, 0.0 ], [ -99.267821482104893, 19.521207357115969, 0.0 ], [ -99.267822108276448, 19.521206917738112, 0.0 ], [ -99.26782280159351, 19.521206580984607, 0.0 ], [ -99.26782354352018, 19.521206355858347, 0.0 ], [ -99.267824314221699, 19.521206248377947, 0.0 ] ] ] ] } },
{ "type": "Feature", "properties": { "ETAPA": "SEGUNDA", "tipo": "Camellon", "M2": 1465.94, "ha": 0.14647846952, "Donantes": null, "LAT": 19.55712083, "LONG_": -99.215513465000001, "Shape__Are": 1659.5644531200001, "Shape__Len": 403.71250806500001, "Colonia": "Las Arboledas", "Identifica": 255, "m2_1": 1464.78 }, "geometry": { "type": "MultiPolygon", "coordinates": [ [ [ [ -99.21623964975565, 19.557602152674455, 0.0 ], [ -99.216198985096952, 19.557656666891543, 0.0 ], [ -99.21543166065814, 19.557113882092821, 0.0 ], [ -99.214826110841827, 19.556661266755739, 0.0 ], [ -99.214823458798648, 19.556638577054574, 0.0 ], [ -99.214826994855983, 19.556625316839586, 0.0 ], [ -99.21483288828486, 19.556612056624672, 0.0 ], [ -99.214850568571421, 19.55660351115289, 0.0 ], [ -99.214869427543761, 19.556606163195767, 0.0 ], [ -99.215421641828613, 19.557005737673091, 0.0 ], [ -99.215994483114983, 19.557429475208629, 0.0 ], [ -99.21623964975565, 19.557602152674455, 0.0 ] ] ] ] } },
{ "type": "Feature", "properties": { "ETAPA": "SEGUNDA", "tipo": "Camellon", "M2": 2539.05, "ha": 0.25370460557000002, "Donantes": null, "LAT": 19.555606010999998, "LONG_": -99.213489093999996, "Shape__Are": 2874.3261718799999, "Shape__Len": 699.32470978000003, "Colonia": "Las Arboledas", "Identifica": 256, "m2_1": 2537.05 }, "geometry": { "type": "MultiPolygon", "coordinates": [ [ [ [ -99.214785151511492, 19.55654280883542, 0.0 ], [ -99.21478603552562, 19.556560194450675, 0.0 ], [ -99.214778079396865, 19.556580232108825, 0.0 ], [ -99.214766881881545, 19.556587893566313, 0.0 ], [ -99.214748317580842, 19.556587009551944, 0.0 ], [ -99.214733878679965, 19.556580821451675, 0.0 ], [ -99.214573282743231, 19.556460300831343, 0.0 ], [ -99.212931962803651, 19.555235056969629, 0.0 ], [ -99.212352933417705, 19.554813971477092, 0.0 ], [ -99.212375917789842, 19.554798648562034, 0.0 ], [ -99.212390651362412, 19.554784799004199, 0.0 ], [ -99.212397723477025, 19.554773896160796, 0.0 ], [ -99.21239713413371, 19.554753858502661, 0.0 ], [ -99.212401259534332, 19.554736472887438, 0.0 ], [ -99.212489071623935, 19.554802184619327, 0.0 ], [ -99.21315856514363, 19.555301358044474, 0.0 ], [ -99.213611180481166, 19.555658499833868, 0.0 ], [ -99.213951525997757, 19.555906613189212, 0.0 ], [ -99.214511107068944, 19.556341842911106, 0.0 ], [ -99.214785151511492, 19.55654280883542, 0.0 ] ] ] ] } },
{ "type": "Feature", "properties": { "ETAPA": "SEGUNDA", "tipo": "Camellon", "M2": 927.54, "ha": 0.09268099503, "Donantes": null, "LAT": 19.554488981, "LONG_": -99.211984983999997, "Shape__Are": 1050.0234375, "Shape__Len": 205.46454657800001, "Colonia": "Las Arboledas", "Identifica": 257, "m2_1": 926.81 }, "geometry": { "type": "MultiPolygon", "coordinates": [ [ [ [ -99.212275434827475, 19.554756510545587, 0.0 ], [ -99.211650142024695, 19.55430978863745, 0.0 ], [ -99.211632461738134, 19.554270892006887, 0.0 ], [ -99.211647195310746, 19.554240246176768, 0.0 ], [ -99.211680787854775, 19.554212547061091, 0.0 ], [ -99.21231904620106, 19.554667519769662, 0.0 ], [ -99.212337610502658, 19.554695808228217, 0.0 ], [ -99.212334958459422, 19.554715845886371, 0.0 ], [ -99.212325823644946, 19.554735588873143, 0.0 ], [ -99.212303723286027, 19.554749733102398, 0.0 ], [ -99.212275434827475, 19.554756510545587, 0.0 ] ] ] ] } },
{ "type": "Feature", "properties": { "ETAPA": "SEGUNDA", "tipo": "Camellon", "M2": 1158.69, "ha": 0.1157773681, "Donantes": null, "LAT": 19.553993709, "LONG_": -99.211134873000006, "Shape__Are": 1311.6875, "Shape__Len": 234.08562383200001, "Colonia": "Las Arboledas", "Identifica": 258, "m2_1": 1157.77 }, "geometry": { "type": "MultiPolygon", "coordinates": [ [ [ [ -99.211541408261979, 19.554229343333379, 0.0 ], [ -99.211311564536345, 19.554116189499101, 0.0 ], [ -99.210952654718156, 19.553998910264664, 0.0 ], [ -99.210824177968973, 19.55397180049189, 0.0 ], [ -99.210692754504876, 19.553925242403825, 0.0 ], [ -99.21068096764715, 19.553912866203092, 0.0 ], [ -99.210672879502013, 19.553896425342518, 0.0 ], [ -99.210827933905108, 19.553936087639908, 0.0 ], [ -99.210869422741155, 19.55386627951226, 0.0 ], [ -99.211085993546746, 19.553915076238972, 0.0 ], [ -99.211337053616276, 19.553986386728187, 0.0 ], [ -99.211515035167906, 19.554079502904369, 0.0 ], [ -99.211591649743156, 19.554126650335292, 0.0 ], [ -99.21159695382957, 19.554157885508335, 0.0 ], [ -99.21157514814233, 19.554199728853231, 0.0 ], [ -99.211541408261979, 19.554229343333379, 0.0 ] ] ] ] } },
{ "type": "Feature", "properties": { "ETAPA": "PRIMERA", "tipo": "Camellon", "M2": 82.31, "ha": 0.00822483784, "Donantes": null, "LAT": 19.518687079, "LONG_": -99.251045583000007, "Shape__Are": 93.138671875, "Shape__Len": 136.629832792, "Colonia": "Lomas de Bellavista", "Identifica": 4, "m2_1": 82.2484 }, "geometry": { "type": "MultiPolygon", "coordinates": [ [ [ [ -99.251281977803501, 19.518775138273941, 0.0 ], [ -99.251283156489293, 19.518781179038555, 0.0 ], [ -99.251278441746194, 19.518787661810379, 0.0 ], [ -99.251267244230945, 19.518788251153229, 0.0 ], [ -99.251094566765687, 19.518714288620952, 0.0 ], [ -99.250726080125958, 19.518559291441651, 0.0 ], [ -99.250728879504521, 19.518553250677176, 0.0 ], [ -99.250909807770199, 19.518625739852187, 0.0 ], [ -99.251281977803501, 19.518775138273941, 0.0 ] ] ] ] } },
{ "type": "Feature", "properties": { "ETAPA": "PRIMERA", "tipo": "Camellon", "M2": 549.63, "ha": 0.0549197348, "Donantes": null, "LAT": 19.519449573, "LONG_": -99.255394726000006, "Shape__Are": 621.939453125, "Shape__Len": 514.10183378199997, "Colonia": "Fuentes de Satelite", "Identifica": 5, "m2_1": 549.197 }, "geometry": { "type": "MultiPolygon", "coordinates": [ [ [ [ -99.254267588867975, 19.519679926940928, 0.0 ], [ -99.254460303992218, 19.519652227825233, 0.0 ], [ -99.254554009510713, 19.519629243452716, 0.0 ], [ -99.25481390972395, 19.519556754277577, 0.0 ], [ -99.25502342111983, 19.519498114660358, 0.0 ], [ -99.255190205157035, 19.519468058173235, 0.0 ], [ -99.255462481570518, 19.519426804171047, 0.0 ], [ -99.255707648212081, 19.519410302570286, 0.0 ], [ -99.255958708281639, 19.519409123884415, 0.0 ], [ -99.256524182781661, 19.519469531530337, 0.0 ], [ -99.256512395923934, 19.519493694588746, 0.0 ], [ -99.256083354301865, 19.519440064386, 0.0 ], [ -99.255878262977433, 19.519429456214034, 0.0 ], [ -99.255677297052785, 19.519430634899887, 0.0 ], [ -99.255232343173176, 19.519480139702353, 0.0 ], [ -99.255046110821155, 19.519513142903975, 0.0 ], [ -99.254809489652558, 19.519581506678872, 0.0 ], [ -99.254488887121539, 19.519664014682924, 0.0 ], [ -99.254396949631243, 19.519679337597982, 0.0 ], [ -99.254269798904133, 19.5196965758775, 0.0 ], [ -99.254265673503497, 19.519688325077006, 0.0 ], [ -99.254267588867975, 19.519679926940928, 0.0 ] ] ] ] } },
{ "type": "Feature", "properties": { "ETAPA": "TERCERA", "tipo": "Camellon", "M2": 1397.7823249200001, "ha": 0.13977823249, "Donantes": null, "LAT": 19.585055, "LONG_": -99.255219, "Shape__Are": 1345.51953125, "Shape__Len": 218.530606998, "Colonia": null, "Identifica": 468, "m2_1": 1187.19 }, "geometry": { "type": "MultiPolygon", "coordinates": [ [ [ [ -99.255374631899898, 19.585020528560481, 0.0 ], [ -99.255398771781273, 19.585192366518207, 0.0 ], [ -99.25539608957169, 19.585306082712808, 0.0 ], [ -99.255331716555347, 19.585349042143267, 0.0 ], [ -99.255221745985835, 19.585288393532252, 0.0 ], [ -99.255146644134058, 19.585139298933186, 0.0 ], [ -99.255146644134058, 19.584962406856899, 0.0 ], [ -99.255245885867211, 19.584927028418285, 0.0 ], [ -99.255353174228048, 19.584871433713413, 0.0 ], [ -99.255422911662592, 19.584803203822055, 0.0 ], [ -99.255484602469409, 19.584702122448466, 0.0 ], [ -99.255519471187114, 19.584601041011304, 0.0 ], [ -99.255559704322081, 19.584608622121401, 0.0 ], [ -99.255479238051237, 19.584782987552376, 0.0 ], [ -99.25539608957169, 19.584891649971901, 0.0 ], [ -99.255374631899898, 19.585020528560481, 0.0 ] ] ] ] } },
{ "type": "Feature", "properties": { "ETAPA": "SEGUNDA", "tipo": "Camellon", "M2": 322.329300843, "ha": 0.03223293008, "Donantes": null, "LAT": 19.5724, "LONG_": -99.2521, "Shape__Are": 334.595703125, "Shape__Len": 71.916881246399996, "Colonia": null, "Identifica": 467, "m2_1": 295.27 }, "geometry": { "type": "MultiPolygon", "coordinates": [ [ [ [ -99.252153747010411, 19.572515741988617, 0.0 ], [ -99.252075962949064, 19.572476569976114, 0.0 ], [ -99.252061210799297, 19.57238938062395, 0.0 ], [ -99.252081327367264, 19.572335045206625, 0.0 ], [ -99.252110831666769, 19.572280709770961, 0.0 ], [ -99.252155088115217, 19.572294609535287, 0.0 ], [ -99.252191297936776, 19.572376744481989, 0.0 ], [ -99.252218120026768, 19.572426025429898, 0.0 ], [ -99.252212755608582, 19.572496787790232, 0.0 ], [ -99.252184592414707, 19.572510687535893, 0.0 ], [ -99.252180569100389, 19.572510687535889, 0.0 ], [ -99.252153747010411, 19.572515741988617, 0.0 ] ] ] ] } },
{ "type": "Feature", "properties": { "ETAPA": "TERCERA", "tipo": "Area Verde", "M2": 141.23283095599999, "ha": 0.0141232831, "Donantes": null, "LAT": 19.5753726, "LONG_": -99.2326922, "Shape__Are": 164.95703125, "Shape__Len": 63.473593534300001, "Colonia": null, "Identifica": 469, "m2_1": 145.564 }, "geometry": { "type": "MultiPolygon", "coordinates": [ [ [ [ -99.232739087211854, 19.575393324120583, 0.0 ], [ -99.23259485528547, 19.575395708160702, 0.0 ], [ -99.232746678399991, 19.575219282315985, 0.0 ], [ -99.232739087211854, 19.575393324120583, 0.0 ] ] ] ] } },
{ "type": "Feature", "properties": { "ETAPA": "SEGUNDA", "tipo": "Camellon", "M2": 161.33675644300001, "ha": 0.01613367564, "Donantes": null, "LAT": 19.5619443, "LONG_": -99.267014, "Shape__Are": 149.6796875, "Shape__Len": 60.754209499300003, "Colonia": null, "Identifica": 470, "m2_1": 132.103 }, "geometry": { "type": "MultiPolygon", "coordinates": [ [ [ [ -99.267081629059277, 19.561830742715365, 0.0 ], [ -99.267089966720476, 19.561872253965834, 0.0 ], [ -99.267086689796557, 19.561892735274519, 0.0 ], [ -99.267079098608406, 19.56194042206775, 0.0 ], [ -99.267053794755697, 19.561961880988939, 0.0 ], [ -99.267018369428342, 19.561980955668918, 0.0 ], [ -99.266972822461099, 19.561988108538252, 0.0 ], [ -99.266912093116659, 19.561997645954094, 0.0 ], [ -99.267081629059277, 19.561830742715365, 0.0 ] ] ] ] } },
{ "type": "Feature", "properties": { "ETAPA": "PRIMERA", "tipo": "Camellon", "M2": 1278.66, "ha": 0.127866, "Donantes": null, "LAT": 19.589030889, "LONG_": -99.305925595999994, "Shape__Are": 4344.41796875, "Shape__Len": 1439.1529561899999, "Colonia": "Condado de Sayavedra 5ta sección", "Identifica": 273, "m2_1": 1253.76 }, "geometry": { "type": "MultiPolygon", "coordinates": [ [ [ [ -99.30700032954951, 19.589324016785394, 0.0 ], [ -99.306463959930142, 19.589183895211171, 0.0 ], [ -99.306147192163948, 19.589105513654349, 0.0 ], [ -99.306214834546623, 19.589084229013476, 0.0 ], [ -99.306215429471564, 19.589084379439889, 0.0 ], [ -99.30689770304339, 19.58925227348649, 0.0 ], [ -99.307004133388276, 19.589251158305107, 0.0 ], [ -99.30700032954951, 19.589324016785394, 0.0 ] ] ], [ [ [ -99.307278484837269, 19.589195117971865, 0.0 ], [ -99.30739575721438, 19.589194918082807, 0.0 ], [ -99.307482566529899, 19.589240536069692, 0.0 ], [ -99.30753788301088, 19.589308623731373, 0.0 ], [ -99.307560620061579, 19.589345944949731, 0.0 ], [ -99.307525208287956, 19.589380563349639, 0.0 ], [ -99.307296592114696, 19.589389359119178, 0.0 ], [ -99.307150682125467, 19.589358785729694, 0.0 ], [ -99.307078702893961, 19.589338360328533, 0.0 ], [ -99.307068669213464, 19.589244043411714, 0.0 ], [ -99.307278484837269, 19.589195117971865, 0.0 ] ] ] ] } },
{ "type": "Feature", "properties": { "ETAPA": "PRIMERA", "tipo": "Camellon", "M2": 1278.66, "ha": 0.127866, "Donantes": null, "LAT": 19.589030889, "LONG_": -99.305925595999994, "Shape__Are": 4344.41796875, "Shape__Len": 1439.1529561899999, "Colonia": "Condado de Sayavedra 5ta sección", "Identifica": 273, "m2_1": 1274.42 }, "geometry": { "type": "MultiPolygon", "coordinates": [ [ [ [ -99.305212000094087, 19.587376608006402, 0.0 ], [ -99.305282491379145, 19.58735442709316, 0.0 ], [ -99.30519301321101, 19.587528200409906, 0.0 ], [ -99.305013808245533, 19.587870347747806, 0.0 ], [ -99.304920590830307, 19.588084391475746, 0.0 ], [ -99.304894239676699, 19.588220800078854, 0.0 ], [ -99.304899451885206, 19.588372099313169, 0.0 ], [ -99.304950969276859, 19.588516782237473, 0.0 ], [ -99.30499447277893, 19.58859236268021, 0.0 ], [ -99.305057722848218, 19.588687523710185, 0.0 ], [ -99.305153465672007, 19.588767685726381, 0.0 ], [ -99.305241268422748, 19.58881797312451, 0.0 ], [ -99.305635687800617, 19.588937791030446, 0.0 ], [ -99.306214834546623, 19.589084229013476, 0.0 ], [ -99.306147192163948, 19.589105513654349, 0.0 ], [ -99.305819151230537, 19.589024341976227, 0.0 ], [ -99.305383351892516, 19.588910198564879, 0.0 ], [ -99.305225569385811, 19.58885442570806, 0.0 ], [ -99.305123943507724, 19.588790151691036, 0.0 ], [ -99.305024239418827, 19.588699722357646, 0.0 ], [ -99.304926413205109, 19.588559787777434, 0.0 ], [ -99.304862030115046, 19.58838617259034, 0.0 ], [ -99.304846093718083, 19.588296535505169, 0.0 ], [ -99.304851767504331, 19.588169501871636, 0.0 ], [ -99.304866428345775, 19.588105031063456, 0.0 ], [ -99.304890912283653, 19.588023731638994, 0.0 ], [ -99.304999900805058, 19.587811529250587, 0.0 ], [ -99.305179593194524, 19.587466579098972, 0.0 ], [ -99.305212000094087, 19.587376608006402, 0.0 ] ] ] ] } },
{ "type": "Feature", "properties": { "ETAPA": null, "tipo": null, "M2": 480.48482749111002, "ha": 0.04804848275, "Donantes": null, "LAT": 19.5305823805, "LONG_": -99.251928679000002, "Shape__Are": 0.0, "Shape__Len": 0.0, "Colonia": "BellaVista", "Identifica": 471, "m2_1": 480.109 }, "geometry": { "type": "MultiPolygon", "coordinates": [ [ [ [ -99.252207196265147, 19.530411618741102, 0.0 ], [ -99.251646794496835, 19.530799591781051, 0.0 ], [ -99.251516666405138, 19.530885139543866, 0.0 ], [ -99.251508156666162, 19.530881630749807, 0.0 ], [ -99.251507270235024, 19.530874111905113, 0.0 ], [ -99.251510815959605, 19.530868765170897, 0.0 ], [ -99.25189446335807, 19.530586724690192, 0.0 ], [ -99.251923538299565, 19.530561995998966, 0.0 ], [ -99.251947649226608, 19.530525237126643, 0.0 ], [ -99.252127062889855, 19.530310030469895, 0.0 ], [ -99.252207196265147, 19.530411618741102, 0.0 ] ] ] ] } },
{ "type": "Feature", "properties": { "ETAPA": null, "tipo": null, "M2": 1611.58753049234, "ha": 0.16115875305, "Donantes": null, "LAT": 19.55222868277, "LONG_": -99.312981037729998, "Shape__Are": 0.0, "Shape__Len": 0.0, "Colonia": "Prado Largo", "Identifica": 472, "m2_1": 0.0 }, "geometry": { "type": "MultiPolygon", "coordinates": [ [ [ [ -99.313135041806078, 19.55242224166701, 0.0 ], [ -99.313090426964422, 19.552398217659711, 0.0 ], [ -99.313041988089779, 19.552397016488417, 0.0 ], [ -99.312999922773429, 19.552415034544296, 0.0 ], [ -99.312966780422798, 19.552440259810492, 0.0 ], [ -99.312693993299803, 19.552332151624388, 0.0 ], [ -99.312677422157478, 19.552305725177128, 0.0 ], [ -99.313086602341784, 19.551992211366489, 0.0 ], [ -99.313251039664991, 19.552157976966107, 0.0 ], [ -99.313194952724047, 19.552267286499909, 0.0 ], [ -99.313135041806078, 19.55242224166701, 0.0 ] ] ] ] } },
{ "type": "Feature", "properties": { "ETAPA": null, "tipo": null, "M2": 293.60169650008999, "ha": 0.02936016965, "Donantes": "COLEGIO BADEN PAWELL", "LAT": 19.560702933360002, "LONG_": -99.224403623290002, "Shape__Are": 0.0, "Shape__Len": 0.0, "Colonia": "Mayorazgos del Bosque", "Identifica": 473, "m2_1": 0.0 }, "geometry": { "type": "MultiPolygon", "coordinates": [ [ [ [ -99.223895777386687, 19.560590141049051, 0.0 ], [ -99.2239039312541, 19.56058216019014, 0.0 ], [ -99.223922210810585, 19.560582137518168, 0.0 ], [ -99.223947564203286, 19.560586264719756, 0.0 ], [ -99.224037041842195, 19.560607640061626, 0.0 ], [ -99.224174057857851, 19.560637273635223, 0.0 ], [ -99.2243469140126, 19.560675641941838, 0.0 ], [ -99.224898272182543, 19.560796365402915, 0.0 ], [ -99.224891975619144, 19.56082548379635, 0.0 ], [ -99.224816391193428, 19.560804784688305, 0.0 ], [ -99.224603795985985, 19.5607583800148, 0.0 ], [ -99.224404851561175, 19.560713344338645, 0.0 ], [ -99.224218098092436, 19.560671527807134, 0.0 ], [ -99.22405523575577, 19.560633840082364, 0.0 ], [ -99.223949916771716, 19.560613177509936, 0.0 ], [ -99.223905062626827, 19.560607226206553, 0.0 ], [ -99.223895777386687, 19.560590141049051, 0.0 ] ] ] ] } }
]
}
