{
"type": "FeatureCollection",
"name": "REGIONES PMDU 2022",
"crs": { "type": "name", "properties": { "name": "urn:ogc:def:crs:OGC:1.3:CRS84" } },
"features": [
{ "type": "Feature", "properties": { "MUNICIPI_2": "ATIZAPÁN DE ZARAGOZA", "NOM_ENT": "REGIÓN III" }, "geometry": { "type": "MultiPolygon", "coordinates": [ [ [ [ -99.282140032432096, 19.554294550906942 ], [ -99.282300204999942, 19.553863274000044 ], [ -99.282888919855438, 19.553836043922939 ], [ -99.284823602999964, 19.553746542000084 ], [ -99.289336979999987, 19.553556370000059 ], [ -99.289662546999892, 19.55360251700008 ], [ -99.291844901999951, 19.554197866000088 ], [ -99.294549925952481, 19.554918827438158 ], [ -99.294946690999893, 19.555024572000093 ], [ -99.295779818999932, 19.555396581000036 ], [ -99.295784792864623, 19.555378566876854 ], [ -99.295786422911803, 19.555372663242839 ], [ -99.295887288999921, 19.555007350000075 ], [ -99.296106284, 19.554441515000043 ], [ -99.296505890999939, 19.553713156000118 ], [ -99.297150643999871, 19.553355198000077 ], [ -99.298233090999943, 19.552804857000194 ], [ -99.298593863589488, 19.552629280686556 ], [ -99.299009972999897, 19.552503790000131 ], [ -99.299328665378866, 19.552506244987651 ], [ -99.299610444999956, 19.55259604600008 ], [ -99.299894683999895, 19.551956182 ], [ -99.299624667999879, 19.551723126000088 ], [ -99.299417178999974, 19.551509834000051 ], [ -99.299231672980767, 19.551336861632791 ], [ -99.29919054299998, 19.551311408000117 ], [ -99.298517261000015, 19.550894734000028 ], [ -99.298121129999842, 19.550585601000066 ], [ -99.297702979999954, 19.550112000000151 ], [ -99.297736743000058, 19.549713488000165 ], [ -99.29779313099985, 19.549701990000035 ], [ -99.297987617902834, 19.549662333755901 ], [ -99.298053236999948, 19.549655209000061 ], [ -99.29854296099991, 19.549549097000124 ], [ -99.2988420249999, 19.549235853000084 ], [ -99.299116199000068, 19.549300404000078 ], [ -99.299142928999856, 19.549286525000092 ], [ -99.299168020999971, 19.549282241000132 ], [ -99.299437351999799, 19.549236259000132 ], [ -99.299821699999967, 19.549170641000064 ], [ -99.300983995, 19.54941080200015 ], [ -99.301115488999855, 19.549378794000067 ], [ -99.301567178999875, 19.549116902000108 ], [ -99.301823389999882, 19.548968349000059 ], [ -99.301891752999964, 19.548919991000247 ], [ -99.302009593999927, 19.548242341000094 ], [ -99.302011930999882, 19.548228905000126 ], [ -99.302013388057915, 19.548220527290098 ], [ -99.301897682999908, 19.547767015000126 ], [ -99.301899288881074, 19.547749571853313 ], [ -99.301897638999989, 19.547743105000077 ], [ -99.302012656999921, 19.546493766000111 ], [ -99.30215565899978, 19.545833032000143 ], [ -99.302275679319905, 19.545174727693798 ], [ -99.30227907399987, 19.545156108000075 ], [ -99.301955461999938, 19.544658381000037 ], [ -99.301445749, 19.543991784000145 ], [ -99.300833462999961, 19.543376343000059 ], [ -99.300832535999945, 19.542875758000076 ], [ -99.300774095999955, 19.54269510800005 ], [ -99.300675182999782, 19.542389340000195 ], [ -99.300409264999914, 19.542106728000039 ], [ -99.299813006999898, 19.541473032000134 ], [ -99.299367689999869, 19.541251288000108 ], [ -99.298844253, 19.541085292000037 ], [ -99.298555499999864, 19.540923543000083 ], [ -99.298237003999816, 19.540539358000029 ], [ -99.297982059, 19.540150435000101 ], [ -99.297504575367796, 19.539948136865917 ], [ -99.297547234412079, 19.539449172433716 ], [ -99.297564828, 19.539243387000294 ], [ -99.29758588499989, 19.538416909000016 ], [ -99.297587675198415, 19.538416616609208 ], [ -99.297585840999943, 19.538392998000091 ], [ -99.297943007999933, 19.538334663000132 ], [ -99.298754983999984, 19.538601324000027 ], [ -99.300234155999931, 19.539073023000139 ], [ -99.301333093, 19.539441458000038 ], [ -99.302232851999932, 19.540234351000013 ], [ -99.30292368, 19.540828744000105 ], [ -99.303104995999945, 19.540841247000181 ], [ -99.304109435999877, 19.541672720000093 ], [ -99.305163198999949, 19.542275406000186 ], [ -99.305545235999844, 19.541903539000064 ], [ -99.306098109639677, 19.542534771332004 ], [ -99.306092246572277, 19.542423003802565 ], [ -99.305958650024806, 19.539876207506687 ], [ -99.305952753474983, 19.539744202887505 ], [ -99.305951712999985, 19.53972091000005 ], [ -99.306373331999907, 19.539459540000109 ], [ -99.307091382999872, 19.53930883000012 ], [ -99.308507229800043, 19.539011653924263 ], [ -99.308513122571355, 19.539034336499562 ], [ -99.309364211999977, 19.542310296000057 ], [ -99.309394961734796, 19.542431083483148 ], [ -99.309450272515093, 19.542649154763726 ], [ -99.309500095999965, 19.542845591000102 ], [ -99.310049305999939, 19.545193925000092 ], [ -99.310803135999905, 19.548214681000015 ], [ -99.312874079999958, 19.549689341000033 ], [ -99.312865480792027, 19.549699931455301 ], [ -99.312614405, 19.550009146000075 ], [ -99.312627043245044, 19.550018090564674 ], [ -99.312614450999902, 19.550033057000142 ], [ -99.314031467926853, 19.551035921736073 ], [ -99.31381152299987, 19.551261886000091 ], [ -99.313824506125883, 19.551272504897788 ], [ -99.313811568999839, 19.551285796000119 ], [ -99.315034455999978, 19.552280570000107 ], [ -99.315116187999877, 19.552352832000075 ], [ -99.315438355000012, 19.552123862000052 ], [ -99.317790019999975, 19.553501037000103 ], [ -99.318161685999868, 19.55355383800006 ], [ -99.318819471999888, 19.554028763000044 ], [ -99.318829251999929, 19.554035823999982 ], [ -99.320604897999957, 19.555333065000056 ], [ -99.32093902699998, 19.555577166000042 ], [ -99.320968017999988, 19.555598346000099 ], [ -99.323696728999863, 19.557594987000122 ], [ -99.323674127999894, 19.557652206000157 ], [ -99.324471281999948, 19.558162587000066 ], [ -99.324602497999919, 19.558083778000022 ], [ -99.326738490999901, 19.559557749000103 ], [ -99.330304918999914, 19.562197351000087 ], [ -99.331247049999945, 19.562874464000153 ], [ -99.331746434999872, 19.563184094000086 ], [ -99.337741225985368, 19.567552564993175 ], [ -99.336348272676958, 19.569027233345981 ], [ -99.336231350743688, 19.569612265429985 ], [ -99.336177254398379, 19.569766502212808 ], [ -99.336077899344062, 19.569929130082802 ], [ -99.335881636241965, 19.570225957023531 ], [ -99.335352322898174, 19.571017361846639 ], [ -99.333837797540824, 19.57280899472919 ], [ -99.331444502719904, 19.576619947501865 ], [ -99.333823438072287, 19.578921871967374 ], [ -99.334705425723556, 19.579184955563289 ], [ -99.334793506239066, 19.579419593969455 ], [ -99.334758075125379, 19.579494026945941 ], [ -99.334493899425127, 19.57996070563588 ], [ -99.334556491115507, 19.580045665610445 ], [ -99.334274351881675, 19.580540172362486 ], [ -99.334525200170646, 19.580843126119166 ], [ -99.334469060359297, 19.580949904682836 ], [ -99.334232201479551, 19.580991913897595 ], [ -99.334144543933334, 19.581074781044954 ], [ -99.3341664318895, 19.581484961161248 ], [ -99.334202069935316, 19.581605746813157 ], [ -99.334162166346673, 19.581904419189414 ], [ -99.33380817753185, 19.582159632242814 ], [ -99.333725406094501, 19.582363978926988 ], [ -99.333745408299478, 19.582603870396699 ], [ -99.33393853192787, 19.582775141640397 ], [ -99.333992318130399, 19.582892013229092 ], [ -99.333949840815706, 19.582980855005719 ], [ -99.333811938692008, 19.58305544676211 ], [ -99.333664209771754, 19.583065159258808 ], [ -99.333516066043529, 19.582995654147069 ], [ -99.333061540379347, 19.58280623650835 ], [ -99.332933590697635, 19.582827163835049 ], [ -99.332663953731256, 19.583190454973067 ], [ -99.33226626817445, 19.583524574387535 ], [ -99.332211127406424, 19.583940710982226 ], [ -99.332139531899216, 19.584033528026147 ], [ -99.331866197276696, 19.584189178248192 ], [ -99.331684983199054, 19.584302974640774 ], [ -99.331754136561358, 19.584561379459576 ], [ -99.331626131005365, 19.584798451794189 ], [ -99.331308238198176, 19.584915929533491 ], [ -99.330989945760507, 19.584936509229909 ], [ -99.330773563768233, 19.5850382271577 ], [ -99.330781372393488, 19.585215454414573 ], [ -99.330863795025209, 19.585385894470324 ], [ -99.330977543412175, 19.585562647166995 ], [ -99.330830592917991, 19.585737638862707 ], [ -99.330718925191462, 19.585832291066122 ], [ -99.330526995464041, 19.586692122043921 ], [ -99.330314723502411, 19.58699360447234 ], [ -99.330093075109644, 19.587821061032873 ], [ -99.329441522249354, 19.588369741318633 ], [ -99.329225148702903, 19.588344182277314 ], [ -99.32906508558996, 19.588376804275512 ], [ -99.328976940523589, 19.5884303990143 ], [ -99.328790481127896, 19.588456374326014 ], [ -99.328725792560832, 19.588520920570428 ], [ -99.328706584669419, 19.588742960037859 ], [ -99.328800478630328, 19.588943900680842 ], [ -99.328752410850555, 19.58906073626353 ], [ -99.328478797010234, 19.589213318384299 ], [ -99.3281754319095, 19.589174782194839 ], [ -99.328116777474676, 19.589199258984372 ], [ -99.328056680481694, 19.589229917871833 ], [ -99.327968872584961, 19.589388728253311 ], [ -99.327963905195915, 19.589521254770645 ], [ -99.328172463232363, 19.589597643605718 ], [ -99.328169963570588, 19.589640692229228 ], [ -99.328063544531915, 19.589649668934854 ], [ -99.327723476417546, 19.590054305758795 ], [ -99.327378936972181, 19.590268135888799 ], [ -99.327192118427561, 19.590391266874171 ], [ -99.327171975790861, 19.590521309522575 ], [ -99.327500071069039, 19.591021549987005 ], [ -99.327507959249729, 19.591146334631265 ], [ -99.327437499056302, 19.59119990192313 ], [ -99.326997592972688, 19.591199958371785 ], [ -99.326619295556242, 19.591109456369306 ], [ -99.326141701848314, 19.590973272309931 ], [ -99.325874041587369, 19.591024804420691 ], [ -99.325810642432231, 19.591070179847485 ], [ -99.325562010615698, 19.591521637906208 ], [ -99.325529753263453, 19.591582598215844 ], [ -99.325532711170041, 19.591638127872169 ], [ -99.325346960667716, 19.591945044759264 ], [ -99.325189972173675, 19.592169048541301 ], [ -99.325146789392349, 19.59224208292423 ], [ -99.325051108871904, 19.592341233055862 ], [ -99.324958070471141, 19.592426601488498 ], [ -99.324869394383185, 19.592477746173714 ], [ -99.324729321593907, 19.59252259605681 ], [ -99.324265248207752, 19.592673064875626 ], [ -99.323707584170947, 19.592861082077174 ], [ -99.323586479387188, 19.592907830030676 ], [ -99.323218362621418, 19.593124040605996 ], [ -99.322569615908805, 19.593529955667318 ], [ -99.322454898574065, 19.593772804905129 ], [ -99.322467488171341, 19.593864731921801 ], [ -99.322481020772116, 19.593977692644074 ], [ -99.322466432789639, 19.594096087903825 ], [ -99.322393559883409, 19.59419316251747 ], [ -99.321803032313838, 19.594237356594462 ], [ -99.321727954527091, 19.594301408306276 ], [ -99.321673735617765, 19.594370333466792 ], [ -99.321717023551571, 19.594497440062284 ], [ -99.321762831816301, 19.594619767906241 ], [ -99.321532099967584, 19.594932656002204 ], [ -99.321131118757251, 19.595149028514275 ], [ -99.320897492628546, 19.5952376238562 ], [ -99.320684167151839, 19.595315538117521 ], [ -99.320593730871209, 19.595369165407526 ], [ -99.320504219727283, 19.595454712356076 ], [ -99.320373408122535, 19.595691986859787 ], [ -99.320324785154128, 19.595673968570733 ], [ -99.32018200651703, 19.595652088844815 ], [ -99.320113634985958, 19.595632356918014 ], [ -99.320085027088879, 19.595612391696189 ], [ -99.320057739751704, 19.595588990973777 ], [ -99.31994327580145, 19.595444448747926 ], [ -99.319895372450759, 19.595391462249061 ], [ -99.319839934920708, 19.595346093729674 ], [ -99.319770789862815, 19.595311208918172 ], [ -99.319586902374141, 19.595247894749555 ], [ -99.318640658607066, 19.594964072402846 ], [ -99.318376688812535, 19.594886034484148 ], [ -99.318338816231261, 19.594885772422046 ], [ -99.318261154969136, 19.594894735976805 ], [ -99.318074521913232, 19.594935094723652 ], [ -99.317963387887957, 19.594965748145896 ], [ -99.317927079103768, 19.594977139147801 ], [ -99.317717056244916, 19.595051502492659 ], [ -99.317606182979205, 19.595087804258302 ], [ -99.317532879912136, 19.59510243053273 ], [ -99.317494833023531, 19.59510521045155 ], [ -99.317456702301826, 19.595106572606412 ], [ -99.317417193276114, 19.595106259011409 ], [ -99.317230250773122, 19.595068733044304 ], [ -99.317054284998576, 19.594997782344521 ], [ -99.317017075720116, 19.594986632880705 ], [ -99.316931354809412, 19.594966303983597 ], [ -99.316886480076676, 19.594957157914436 ], [ -99.316767769937869, 19.594925953976773 ], [ -99.316621897453729, 19.594878854612588 ], [ -99.316517601136098, 19.594841250498565 ], [ -99.316412015820774, 19.594796892532152 ], [ -99.316314154586621, 19.594746337841016 ], [ -99.316249455647323, 19.594702014666595 ], [ -99.31616663422831, 19.59462772044494 ], [ -99.316142835055928, 19.594602041101112 ], [ -99.3161174768683, 19.594571490838884 ], [ -99.316095886685346, 19.594542191011236 ], [ -99.316006468553269, 19.594405237651749 ], [ -99.315790591054522, 19.594413265759155 ], [ -99.315725724603141, 19.594425197954987 ], [ -99.315625727042146, 19.594474990662498 ], [ -99.31405473478668, 19.593562665686658 ], [ -99.313741902879642, 19.593392854930837 ], [ -99.313100124584011, 19.594007584358177 ], [ -99.312968712731148, 19.593988215826634 ], [ -99.312042918099323, 19.59381227448916 ], [ -99.311755661542335, 19.593703771771771 ], [ -99.310892583271766, 19.593511983513771 ], [ -99.31029562032532, 19.593342360085401 ], [ -99.309480191341052, 19.593153702875853 ], [ -99.30375570473727, 19.590213696548037 ], [ -99.302729134838714, 19.590106566947977 ], [ -99.300820102907906, 19.588897132367006 ], [ -99.297613455780905, 19.586867409388098 ], [ -99.296374418033366, 19.586052511396918 ], [ -99.293708093433509, 19.584384788304551 ], [ -99.291374500226965, 19.582807508490703 ], [ -99.290945827024373, 19.582538509655532 ], [ -99.290813919556712, 19.58245107234027 ], [ -99.290661689031324, 19.582572867046679 ], [ -99.289285059826753, 19.581373592795781 ], [ -99.286459835523289, 19.578912249297918 ], [ -99.286335691999881, 19.578804092000183 ], [ -99.28220975099994, 19.582616262000069 ], [ -99.2821750479999, 19.582664078000033 ], [ -99.280751149999929, 19.581256008000192 ], [ -99.285220315999879, 19.577021384000066 ], [ -99.285233025822819, 19.577009471808296 ], [ -99.285259004999901, 19.576985123000032 ], [ -99.284931590999932, 19.576663964000044 ], [ -99.284658047999898, 19.576395646000151 ], [ -99.283844828999904, 19.575597951000045 ], [ -99.283088548999956, 19.574856097000119 ], [ -99.282875857999883, 19.574647463000154 ], [ -99.282464715107906, 19.574244711630453 ], [ -99.278329567999933, 19.570193798000169 ], [ -99.277301795999946, 19.569183316000125 ], [ -99.276905229978311, 19.56879341555079 ], [ -99.277030131008246, 19.568542601738187 ], [ -99.27735728212177, 19.568087799036654 ], [ -99.277792255411029, 19.567833528955731 ], [ -99.278304286102326, 19.567515972813897 ], [ -99.279139094145265, 19.567441470113923 ], [ -99.281148436294217, 19.567262129661014 ], [ -99.281312948394728, 19.567171587857842 ], [ -99.281522290674843, 19.567110270453547 ], [ -99.28202377012073, 19.565995088489895 ], [ -99.282191411189871, 19.565622287998433 ], [ -99.282418959412979, 19.56540573774458 ], [ -99.28259477304556, 19.565230588623429 ], [ -99.282870676012109, 19.564945589311218 ], [ -99.283023029714741, 19.564550671495581 ], [ -99.283000885694292, 19.563729215314844 ], [ -99.282934440208706, 19.563660029757582 ], [ -99.282932316938997, 19.563452280504652 ], [ -99.282932799538102, 19.563451316363388 ], [ -99.283137896824755, 19.563041569763584 ], [ -99.283309775943351, 19.562417243427401 ], [ -99.28330984843744, 19.562407856648466 ], [ -99.283310160837217, 19.562406721896906 ], [ -99.2833122463107, 19.562136811037142 ], [ -99.283221491485961, 19.561941376445052 ], [ -99.282920036661054, 19.561292209425197 ], [ -99.282819603996103, 19.561172568106443 ], [ -99.28256235014409, 19.56024908669465 ], [ -99.282533690047387, 19.56014620287548 ], [ -99.282649192473485, 19.559884661902601 ], [ -99.282727297586177, 19.559282099320953 ], [ -99.282726980357566, 19.559276994838179 ], [ -99.28272768251307, 19.559271577787687 ], [ -99.28271893333276, 19.559130795794132 ], [ -99.28271839587272, 19.559122147579945 ], [ -99.282752782314603, 19.559052313267806 ], [ -99.282733470979053, 19.558864461477462 ], [ -99.281605208571818, 19.557633850557412 ], [ -99.281606113444894, 19.55762389606484 ], [ -99.281605593568997, 19.557623329023773 ], [ -99.281649762588557, 19.557137435555262 ], [ -99.28172100860354, 19.556846968499787 ], [ -99.281850401517687, 19.556319437494963 ], [ -99.282016515281271, 19.555830165221938 ], [ -99.282126865653538, 19.555512519419679 ], [ -99.282187085778787, 19.555175340584157 ], [ -99.282195331287397, 19.555022005980288 ], [ -99.282216930472529, 19.554620321095065 ], [ -99.282217491274508, 19.55460989171177 ], [ -99.282057620966413, 19.554526111488332 ], [ -99.282054617059174, 19.554524537284923 ], [ -99.282140032432096, 19.554294550906942 ] ] ] ] } },
{ "type": "Feature", "properties": { "MUNICIPI_2": "ATIZAPÁN DE ZARAGOZA", "NOM_ENT": "REGIÓN I" }, "geometry": { "type": "MultiPolygon", "coordinates": [ [ [ [ -99.217111686030563, 19.566529157078151 ], [ -99.217297216612238, 19.56700403219558 ], [ -99.218054547999785, 19.566763489000049 ], [ -99.218055144766979, 19.566765084101572 ], [ -99.218447339999827, 19.567813377000089 ], [ -99.218983029999862, 19.569300521000059 ], [ -99.219438769999869, 19.570523686000119 ], [ -99.219591331999965, 19.571241934000096 ], [ -99.219693892896373, 19.572006215394428 ], [ -99.219722239999882, 19.572217456 ], [ -99.219792266316944, 19.572799804536004 ], [ -99.219840939999884, 19.573204579000052 ], [ -99.219925752999885, 19.573847718000088 ], [ -99.21988252999985, 19.573943522000064 ], [ -99.219783375999981, 19.574106386000061 ], [ -99.219635925, 19.574225593000097 ], [ -99.219564727999966, 19.574441154000024 ], [ -99.219544370999984, 19.574683063999959 ], [ -99.219449973581661, 19.575074337200771 ], [ -99.219406545999803, 19.575254342000111 ], [ -99.219678964999872, 19.575351651000105 ], [ -99.220123986999909, 19.575500321000106 ], [ -99.22023125899986, 19.575526093000079 ], [ -99.220395261999982, 19.575547471000085 ], [ -99.220721712999989, 19.575570399000135 ], [ -99.221190554999893, 19.575573702000128 ], [ -99.221765501999897, 19.575586830000081 ], [ -99.222241295000117, 19.575570497000069 ], [ -99.222814328999164, 19.575508358000171 ], [ -99.223711163000033, 19.575285899000075 ], [ -99.223991750999886, 19.57529245900016 ], [ -99.224634235999972, 19.575351388000144 ], [ -99.226134780998265, 19.575436530000012 ], [ -99.227311142062206, 19.575491028675142 ], [ -99.228538031000014, 19.575547860000086 ], [ -99.228936200999968, 19.575500588000093 ], [ -99.229499808999819, 19.575406544000096 ], [ -99.229786433999863, 19.575377321000058 ], [ -99.230153586999876, 19.575349726000159 ], [ -99.230142192999864, 19.574612084000087 ], [ -99.230782927999854, 19.57462009200006 ], [ -99.230782926999865, 19.574710443000058 ], [ -99.230903710999883, 19.574712801000018 ], [ -99.230903710999925, 19.57473407900002 ], [ -99.231152129999856, 19.574739756 ], [ -99.23113635699994, 19.574626375000136 ], [ -99.23191461, 19.574623262000088 ], [ -99.231921568000075, 19.574486371000042 ], [ -99.232780588999347, 19.575008923999832 ], [ -99.232754373999981, 19.575613503000138 ], [ -99.232500522999871, 19.575608208000144 ], [ -99.232500522999956, 19.575625694000088 ], [ -99.232313848, 19.575630836000112 ], [ -99.232312755999914, 19.575683294000068 ], [ -99.232171929999822, 19.575687408000075 ], [ -99.232180824999858, 19.576131107000069 ], [ -99.232102223999988, 19.576270245000067 ], [ -99.231972308999772, 19.577454952999961 ], [ -99.231826303999966, 19.578687690000077 ], [ -99.23182402699986, 19.578708071000079 ], [ -99.231631222386341, 19.578747777344276 ], [ -99.231615670999872, 19.578750980000077 ], [ -99.231713586999845, 19.578940853000177 ], [ -99.23212075099984, 19.578815462000144 ], [ -99.232337943999937, 19.579410544000051 ], [ -99.232232801661908, 19.57950115388871 ], [ -99.232078194999886, 19.579634391000116 ], [ -99.231994514999883, 19.579487971000109 ], [ -99.231647838999905, 19.579591216000154 ], [ -99.231773593999876, 19.579909310000055 ], [ -99.231719568999836, 19.580070497000175 ], [ -99.231007448999904, 19.580068016000052 ], [ -99.231003945013356, 19.580869740000011 ], [ -99.231308223932771, 19.580874737598322 ], [ -99.231754165999931, 19.580882061000139 ], [ -99.231852696999894, 19.580905276000088 ], [ -99.231877136999898, 19.581086603000127 ], [ -99.231770548999904, 19.581099374000136 ], [ -99.231905340999845, 19.581691448000097 ], [ -99.231901717718245, 19.581783416547459 ], [ -99.231885839999848, 19.582186434000022 ], [ -99.231858307999929, 19.582500267000093 ], [ -99.231973305999873, 19.582619291000057 ], [ -99.232058199999955, 19.582753316000083 ], [ -99.232096058, 19.58283762200011 ], [ -99.232128180999965, 19.582930022000056 ], [ -99.232188983999933, 19.583150515000096 ], [ -99.231868911999953, 19.58324130800008 ], [ -99.231558833999827, 19.583302236000172 ], [ -99.23145259299983, 19.583623913000093 ], [ -99.231450284108632, 19.583641512541313 ], [ -99.231439972999837, 19.583720109000211 ], [ -99.231418175999877, 19.583976689000096 ], [ -99.231315834475382, 19.584142021526812 ], [ -99.23129771899994, 19.584171287000132 ], [ -99.231274772653961, 19.584209289584116 ], [ -99.231119898999921, 19.584465783000088 ], [ -99.230996502999929, 19.584513879000102 ], [ -99.230761298999866, 19.583987957000016 ], [ -99.229888763711031, 19.583919623337188 ], [ -99.229753006999914, 19.583908991000119 ], [ -99.229759399929819, 19.5839330953096 ], [ -99.229739753999951, 19.583909840000135 ], [ -99.230077929999837, 19.585251579000126 ], [ -99.230257446999929, 19.585896216000027 ], [ -99.230358106306952, 19.585943280351955 ], [ -99.230663005999887, 19.586085839000077 ], [ -99.231115010999915, 19.586196709000145 ], [ -99.231149058000057, 19.586316302000132 ], [ -99.232451605999941, 19.586915861000076 ], [ -99.232572346999973, 19.586971288000079 ], [ -99.232553122432321, 19.5870230035158 ], [ -99.232469200999802, 19.587248758000076 ], [ -99.232401155829123, 19.587523874791103 ], [ -99.23228108, 19.588009357000033 ], [ -99.232206484999892, 19.588769809000073 ], [ -99.232168092833419, 19.589016195812761 ], [ -99.232137072325159, 19.589215281708668 ], [ -99.232219376999879, 19.589197185000064 ], [ -99.232464562999965, 19.589144505000064 ], [ -99.233045755999967, 19.589024792000128 ], [ -99.236389741449699, 19.588052434955522 ], [ -99.236374463078732, 19.587949243968154 ], [ -99.236109836999859, 19.586674108000146 ], [ -99.236068126, 19.586337578000034 ], [ -99.235940353659672, 19.585973630127647 ], [ -99.235938678999844, 19.585968860000055 ], [ -99.235941204129659, 19.585966573305868 ], [ -99.236137454999906, 19.585795604000086 ], [ -99.237609221999861, 19.585028095 ], [ -99.237706690999971, 19.584796213000118 ], [ -99.237838493999945, 19.584633813000064 ], [ -99.237847846672921, 19.584634433780344 ], [ -99.23800967499993, 19.58464517500007 ], [ -99.23823974499993, 19.584795510000024 ], [ -99.238496914999942, 19.585082543000031 ], [ -99.239187775428221, 19.58538199250215 ], [ -99.239243181999839, 19.585406008000046 ], [ -99.239938665999858, 19.58610961200003 ], [ -99.240308488999872, 19.586510051000094 ], [ -99.240947606999825, 19.587123342000066 ], [ -99.241055346594905, 19.58722876943623 ], [ -99.241099788999875, 19.587365653000102 ], [ -99.24110311317655, 19.587365849600996 ], [ -99.241213296595603, 19.587372720085757 ], [ -99.241616980000032, 19.587394624000151 ], [ -99.241650990778581, 19.587399970646715 ], [ -99.241724787435714, 19.587404565073907 ], [ -99.241894811993689, 19.587415150335044 ], [ -99.241957153785975, 19.587215284820207 ], [ -99.241959756999904, 19.58720693900009 ], [ -99.241959768496912, 19.587206912930487 ], [ -99.241959999221962, 19.58720638976018 ], [ -99.242188832999858, 19.586687506 ], [ -99.242754903999923, 19.585870976000091 ], [ -99.243173936999824, 19.584841431000122 ], [ -99.243498323999916, 19.58429174 ], [ -99.243948769999932, 19.584643395000072 ], [ -99.244708259000035, 19.585620361000064 ], [ -99.244929056, 19.586102107000098 ], [ -99.245194052, 19.586704303000069 ], [ -99.24514185, 19.587756529 ], [ -99.245133646999903, 19.588799426000044 ], [ -99.245003636999982, 19.590143766000089 ], [ -99.245200324999928, 19.59084802600006 ], [ -99.245915561999951, 19.591644280000029 ], [ -99.246297833000057, 19.59217215300011 ], [ -99.246442680999891, 19.592549131000059 ], [ -99.246291211999917, 19.592642039000101 ], [ -99.2466037657275, 19.593155960750774 ], [ -99.246820728999921, 19.593512704000055 ], [ -99.247087167999865, 19.593445131000124 ], [ -99.247252879949428, 19.593995769832212 ], [ -99.247253248736243, 19.593996995113503 ], [ -99.247256467999989, 19.594007691000026 ], [ -99.247304927101951, 19.594176642770144 ], [ -99.247319450998788, 19.59422727999608 ], [ -99.247661297000022, 19.594280961000063 ], [ -99.248266794999921, 19.594276541000081 ], [ -99.248781362999978, 19.594204100000105 ], [ -99.249398042999829, 19.59408847800011 ], [ -99.249666573999846, 19.593984095000053 ], [ -99.250116639999845, 19.59380414200006 ], [ -99.251050777, 19.593411907000071 ], [ -99.251954616999896, 19.593008949000083 ], [ -99.252204156999838, 19.592861550000098 ], [ -99.252571189, 19.59282875700012 ], [ -99.253218275999927, 19.592802743000032 ], [ -99.256024449999913, 19.5928008630001 ], [ -99.256386650999872, 19.592813409000044 ], [ -99.256721063666618, 19.5928031669932 ], [ -99.257333929701474, 19.592784395223777 ], [ -99.257496852250313, 19.592779404639224 ], [ -99.257542005800985, 19.592778884791503 ], [ -99.257979183000018, 19.592778260000106 ], [ -99.258401683999864, 19.592723856000092 ], [ -99.258783177999959, 19.592663533000067 ], [ -99.259454742999978, 19.592563937 ], [ -99.260387904, 19.592368318000023 ], [ -99.261037299999899, 19.592211961000029 ], [ -99.261469201999915, 19.592121671000076 ], [ -99.261704307245054, 19.59209479884365 ], [ -99.261866484999928, 19.592076262000052 ], [ -99.262202345118965, 19.592075773896447 ], [ -99.262762111999891, 19.592074959000065 ], [ -99.263254164000088, 19.592128040000084 ], [ -99.263743232999943, 19.592285732000104 ], [ -99.264112415999918, 19.59241371000012 ], [ -99.264431215999892, 19.5925865940001 ], [ -99.264633283713621, 19.592730778603229 ], [ -99.264728002999959, 19.59279836500011 ], [ -99.264791858417723, 19.592843606947604 ], [ -99.26498058699994, 19.592977322000035 ], [ -99.265141661999863, 19.593123537000096 ], [ -99.265275139187636, 19.59326574122689 ], [ -99.265290142999817, 19.593281726000043 ], [ -99.26533162059539, 19.593321461833071 ], [ -99.265741824999893, 19.59371443900012 ], [ -99.266935844999935, 19.594890267000093 ], [ -99.267694405813486, 19.595595174649276 ], [ -99.267852538422304, 19.595742121172371 ], [ -99.267899198999913, 19.595785481000075 ], [ -99.267924137049505, 19.595808973523788 ], [ -99.26899840499992, 19.596820962000027 ], [ -99.26906818167005, 19.596880051501056 ], [ -99.269699518999957, 19.597414688000082 ], [ -99.270261740331406, 19.597886800045583 ], [ -99.270410104999911, 19.598011385000092 ], [ -99.270715457650198, 19.598234581557563 ], [ -99.270940573268575, 19.598399127623054 ], [ -99.270783428489892, 19.598500066199961 ], [ -99.269503202840028, 19.599383713061869 ], [ -99.269378946466887, 19.599680849714201 ], [ -99.269325584450698, 19.599816281353981 ], [ -99.268964233319352, 19.600726743516887 ], [ -99.268239429800943, 19.602578793023131 ], [ -99.267275840838764, 19.605055521984585 ], [ -99.267258382921497, 19.605050231405666 ], [ -99.267139859600761, 19.605410728140846 ], [ -99.266793208997285, 19.606279045054517 ], [ -99.266463066899561, 19.607119675460524 ], [ -99.266244444115046, 19.607694677421815 ], [ -99.265156149562017, 19.607930798173896 ], [ -99.265054665040608, 19.607948634736889 ], [ -99.264603051456461, 19.608025072083905 ], [ -99.264195826164183, 19.608094587741302 ], [ -99.263379701333278, 19.608232726798512 ], [ -99.261117419153223, 19.608508547118639 ], [ -99.259643756219049, 19.608690358027989 ], [ -99.258266861110926, 19.608764808528154 ], [ -99.2560494337839, 19.608530447492701 ], [ -99.255465736751475, 19.608467300372315 ], [ -99.255224079276601, 19.608441644287353 ], [ -99.255072196849142, 19.608422688262007 ], [ -99.254879170231916, 19.60840568718945 ], [ -99.254430656772627, 19.608357527594656 ], [ -99.253967659719166, 19.60835000958366 ], [ -99.253175680489932, 19.608341069671408 ], [ -99.252141443312794, 19.607582928118401 ], [ -99.250803192024435, 19.606589582638126 ], [ -99.250004792072588, 19.606679978874265 ], [ -99.24737209577745, 19.606979576857675 ], [ -99.245218283049297, 19.608900034850507 ], [ -99.245130562661785, 19.608982951395625 ], [ -99.243583638475073, 19.610358568924156 ], [ -99.24354968435199, 19.610320807560601 ], [ -99.242560119011245, 19.611204400591106 ], [ -99.242337243371495, 19.611201692130415 ], [ -99.242076426918231, 19.61142719650276 ], [ -99.24188224387504, 19.611596333008499 ], [ -99.242033902357363, 19.611724622145022 ], [ -99.241409644882523, 19.612226459442805 ], [ -99.240146532165838, 19.611673143811146 ], [ -99.239948162260575, 19.611578754415106 ], [ -99.239497486021875, 19.611350944394946 ], [ -99.239259490813311, 19.61122365160718 ], [ -99.239215076502418, 19.611265567356394 ], [ -99.239181510166134, 19.611250236341295 ], [ -99.237867874455532, 19.610678360762897 ], [ -99.236536490747724, 19.610414075646322 ], [ -99.235558447604177, 19.610279521685356 ], [ -99.234249962872283, 19.609999360400238 ], [ -99.234125122195437, 19.609969490849547 ], [ -99.232356047395498, 19.609527381039403 ], [ -99.229378512198409, 19.608511575174763 ], [ -99.228804815213223, 19.608315727630782 ], [ -99.228110004853747, 19.608079491516762 ], [ -99.226519935368032, 19.607546974568042 ], [ -99.226502932722497, 19.607579381947996 ], [ -99.220762657377122, 19.604871952748695 ], [ -99.220436384833448, 19.604819010183299 ], [ -99.220160252391366, 19.604836801004272 ], [ -99.219997408731274, 19.604709136683098 ], [ -99.219774994104938, 19.604650921299385 ], [ -99.219241425401037, 19.604631101494494 ], [ -99.218901104115076, 19.604619643288736 ], [ -99.218201565192459, 19.604560868987168 ], [ -99.217854467659237, 19.604464340533589 ], [ -99.217080707812912, 19.604319852146013 ], [ -99.21661071531426, 19.603500373383884 ], [ -99.216545972871259, 19.603294899229574 ], [ -99.216467038177356, 19.603115840189798 ], [ -99.216601838534771, 19.60283870290252 ], [ -99.216570562376901, 19.602649894382964 ], [ -99.216368996952582, 19.602252476932872 ], [ -99.216077507326801, 19.601786328320323 ], [ -99.216113617474463, 19.601531649227397 ], [ -99.215997372600555, 19.601265165152192 ], [ -99.215663733188833, 19.600924820358273 ], [ -99.215203876764463, 19.600589058350408 ], [ -99.214852393477017, 19.60042284910665 ], [ -99.214583968718657, 19.600318142201417 ], [ -99.214254192061489, 19.600311072657881 ], [ -99.214106395226139, 19.600252298763785 ], [ -99.213866494935829, 19.600057427748524 ], [ -99.213772690546023, 19.599796574522319 ], [ -99.213682471342324, 19.599596677270458 ], [ -99.213321455328426, 19.598618835816193 ], [ -99.213172587243051, 19.598152823309555 ], [ -99.213071376481949, 19.597958379906409 ], [ -99.213147045296012, 19.597831622686932 ], [ -99.213108574340566, 19.59771422905218 ], [ -99.212916733821402, 19.597592309242746 ], [ -99.21272771338586, 19.597217193154382 ], [ -99.21175726285621, 19.59608903202226 ], [ -99.211797932557772, 19.59563368508476 ], [ -99.212040669525933, 19.595312584486489 ], [ -99.212977769266317, 19.593892663032733 ], [ -99.213264403333866, 19.593456286510481 ], [ -99.213288593603394, 19.593433665266925 ], [ -99.21337591759513, 19.593273154289598 ], [ -99.213706352746257, 19.592791539952554 ], [ -99.214104593948335, 19.592174288722436 ], [ -99.214497906269116, 19.591509597938444 ], [ -99.2146774425931, 19.591211161546134 ], [ -99.214895983025698, 19.590844900595631 ], [ -99.215293640579873, 19.590010758114715 ], [ -99.216509595127221, 19.588170261793081 ], [ -99.216837140882191, 19.58782420089377 ], [ -99.21699562656886, 19.587548380089018 ], [ -99.217139899961012, 19.587340354165182 ], [ -99.217259640583237, 19.587112024309778 ], [ -99.217379663890341, 19.586881434767434 ], [ -99.217465867793294, 19.586673478566762 ], [ -99.217527539145436, 19.586445218541904 ], [ -99.217531329749391, 19.586214769056326 ], [ -99.217510809125358, 19.58598660815338 ], [ -99.217446333604343, 19.585688463062091 ], [ -99.217328117236377, 19.585275160236332 ], [ -99.217194369950889, 19.584656282964165 ], [ -99.216954433760876, 19.584130163157141 ], [ -99.216733756543164, 19.583601760580159 ], [ -99.216455458438048, 19.583120871412827 ], [ -99.216205926960811, 19.582617354646146 ], [ -99.215917720995265, 19.582068698492968 ], [ -99.215683285683639, 19.581657792720499 ], [ -99.215555916158308, 19.581382314617123 ], [ -99.215306485544914, 19.580878796343175 ], [ -99.215130937122026, 19.580580782751799 ], [ -99.214779368487001, 19.579987014838323 ], [ -99.214681333023634, 19.579756686429764 ], [ -99.214471026808212, 19.579345750204983 ], [ -99.214329108845561, 19.579025103108322 ], [ -99.214241303729494, 19.578887392181169 ], [ -99.214153683675761, 19.578817458972143 ], [ -99.213876909459074, 19.578612194112299 ], [ -99.213667858087362, 19.578499478533203 ], [ -99.213483248317829, 19.578339289192378 ], [ -99.213380826691306, 19.578179002460029 ], [ -99.213258674936895, 19.577950960997192 ], [ -99.213194240297625, 19.577675406646375 ], [ -99.213072187150431, 19.577583865691711 ], [ -99.213024202495163, 19.577526639446297 ], [ -99.212833532227748, 19.577202955284296 ], [ -99.212288045456589, 19.576276921914392 ], [ -99.2122261897496, 19.5753804857533 ], [ -99.212168595029652, 19.574545791725871 ], [ -99.212135710369722, 19.574069205147929 ], [ -99.212372735788506, 19.574029918569178 ], [ -99.215234119645316, 19.573055042958469 ], [ -99.21473396964447, 19.571772374842972 ], [ -99.214469119745431, 19.571131057733332 ], [ -99.214243707473997, 19.570534878718547 ], [ -99.21412945819101, 19.570006345550517 ], [ -99.213981593224062, 19.56943492603413 ], [ -99.213773560988486, 19.56849531683504 ], [ -99.21360194707772, 19.568059481152893 ], [ -99.21341574719608, 19.567623662527495 ], [ -99.213141345857892, 19.566959761678255 ], [ -99.212755907119103, 19.566318583961102 ], [ -99.213622340211614, 19.566315301279129 ], [ -99.214702451029524, 19.566402131148259 ], [ -99.216910887045927, 19.566553120836282 ], [ -99.217061045325323, 19.566552940311855 ], [ -99.217111686030563, 19.566529157078151 ] ] ] ] } },
{ "type": "Feature", "properties": { "MUNICIPI_2": "ATIZAPÁN DE ZARAGOZA", "NOM_ENT": "REGIÓN V" }, "geometry": { "type": "MultiPolygon", "coordinates": [ [ [ [ -99.241055346594905, 19.58722876943623 ], [ -99.240754118028917, 19.586541365005129 ], [ -99.240508708352593, 19.58598133422861 ], [ -99.240193239999854, 19.585261421000073 ], [ -99.240091562708983, 19.585049459866852 ], [ -99.239685514999863, 19.584202988000087 ], [ -99.239420645999914, 19.583670308000084 ], [ -99.238994989618007, 19.582728061199496 ], [ -99.238986428999823, 19.582709111000103 ], [ -99.23861848699994, 19.581917005000019 ], [ -99.238314334999913, 19.581270817000135 ], [ -99.237953758999879, 19.580494922000081 ], [ -99.237723149999894, 19.57997378200011 ], [ -99.237470588999926, 19.579487435000072 ], [ -99.237270662866393, 19.579023174345192 ], [ -99.237257136999872, 19.578991765000115 ], [ -99.237158619999846, 19.57850521400006 ], [ -99.237020567999878, 19.577735976000028 ], [ -99.236845107826454, 19.576748864574597 ], [ -99.236843061999949, 19.57673735500008 ], [ -99.236618823999876, 19.575548757000046 ], [ -99.23650300999995, 19.574934764000073 ], [ -99.236352792999952, 19.574202622000044 ], [ -99.23623945699994, 19.573609483000109 ], [ -99.236138342999951, 19.57301401100009 ], [ -99.235938802999925, 19.572139755000041 ], [ -99.235902697595193, 19.571980955186284 ], [ -99.236014443999949, 19.571882060000107 ], [ -99.236287811999929, 19.571557248000047 ], [ -99.236497716999963, 19.571306680000149 ], [ -99.236604904999894, 19.571037706000045 ], [ -99.236809752999903, 19.570673586000048 ], [ -99.236960908999961, 19.570376743000097 ], [ -99.237109089999933, 19.569718370000025 ], [ -99.237196776999781, 19.569491137000043 ], [ -99.237301764999941, 19.569391346000042 ], [ -99.237302491230096, 19.569388898693443 ], [ -99.237569390999951, 19.568489474000071 ], [ -99.237861387, 19.566828182000137 ], [ -99.237927545073717, 19.566451772030288 ], [ -99.237937217153046, 19.56639674206296 ], [ -99.237942190999689, 19.566368443000425 ], [ -99.238256293912031, 19.566125800327804 ], [ -99.238463591999874, 19.565965663000057 ], [ -99.239124173999855, 19.565443345000098 ], [ -99.239590613999937, 19.565078875000072 ], [ -99.239921436508425, 19.564813668558301 ], [ -99.2401205299998, 19.564654063000027 ], [ -99.240325607999935, 19.564455640000133 ], [ -99.240447584999913, 19.564274711000138 ], [ -99.240503576999942, 19.564112409000082 ], [ -99.24052046099979, 19.563957112000026 ], [ -99.240737931999902, 19.563873391000065 ], [ -99.241006797999958, 19.56382436400002 ], [ -99.241251161999955, 19.563740607000074 ], [ -99.241252331584946, 19.563739970588379 ], [ -99.241725086999921, 19.563482727000082 ], [ -99.242120730999844, 19.56319714000005 ], [ -99.242272164999918, 19.563097283000079 ], [ -99.242372925999859, 19.563038319000039 ], [ -99.242387454999886, 19.562993715000079 ], [ -99.242388571759022, 19.562994283067855 ], [ -99.24243996200002, 19.563020424000097 ], [ -99.242603458999795, 19.563048897000069 ], [ -99.243448887999989, 19.562984635000095 ], [ -99.243652123999908, 19.562948151000164 ], [ -99.243651104999856, 19.563055529000067 ], [ -99.243648980999964, 19.563212122000113 ], [ -99.243645757999872, 19.563423523000097 ], [ -99.243652069999911, 19.56369754800016 ], [ -99.243652583999904, 19.564039808000157 ], [ -99.243643409999876, 19.564216544000097 ], [ -99.243606700970474, 19.564296928988913 ], [ -99.243564004999826, 19.564390424000099 ], [ -99.243566163999915, 19.564484151000055 ], [ -99.243568038278681, 19.564517857094678 ], [ -99.243565582999892, 19.564520070000174 ], [ -99.243656358999857, 19.56566501000006 ], [ -99.243672245999903, 19.565940900000047 ], [ -99.243687855571039, 19.566211973552367 ], [ -99.243690702360496, 19.566270163146989 ], [ -99.243699929999877, 19.566458784000588 ], [ -99.24368416499992, 19.566711300999668 ], [ -99.243637448999976, 19.566915370000054 ], [ -99.243567720999891, 19.567111243000305 ], [ -99.243517819999894, 19.56747666499971 ], [ -99.243538692021417, 19.56771372204317 ], [ -99.243539399999918, 19.567721763000083 ], [ -99.24358916999978, 19.56772868800012 ], [ -99.243860776821521, 19.567768452625092 ], [ -99.244064612999949, 19.567798295 ], [ -99.244077642544426, 19.567759821400088 ], [ -99.244088954999938, 19.567726418000102 ], [ -99.24442645799985, 19.56779317000013 ], [ -99.244385166999933, 19.56797399300007 ], [ -99.244833662999767, 19.568057949 ], [ -99.244905421999988, 19.567630294000118 ], [ -99.245778600999927, 19.567849272000135 ], [ -99.245749690210701, 19.567963141947626 ], [ -99.245704307999887, 19.568141887000056 ], [ -99.245764806994956, 19.56815089491327 ], [ -99.246705893999859, 19.568291014000064 ], [ -99.247741234533919, 19.568548964409871 ], [ -99.24837889799997, 19.568707832000118 ], [ -99.248884, 19.568906324000164 ], [ -99.249774619999926, 19.569339557000092 ], [ -99.249713899425274, 19.569386879586663 ], [ -99.249668741999898, 19.569422073000062 ], [ -99.249783066331418, 19.569479584605112 ], [ -99.249822565694572, 19.569499454992243 ], [ -99.250611275, 19.569896217000075 ], [ -99.250850310999937, 19.570017720000095 ], [ -99.251048536999932, 19.570163223000044 ], [ -99.251171954, 19.570340353000113 ], [ -99.251496479999858, 19.570557672000117 ], [ -99.251600473999972, 19.570633213000082 ], [ -99.252033372999847, 19.570932608000085 ], [ -99.252227844999936, 19.571242214000083 ], [ -99.252668623999924, 19.571585455000122 ], [ -99.252834945999908, 19.571756414000038 ], [ -99.252869038999975, 19.571895581000028 ], [ -99.25286825777151, 19.571944022994742 ], [ -99.252865403999891, 19.572120978000076 ], [ -99.25289806599983, 19.57225857600001 ], [ -99.253033443000021, 19.572420926000113 ], [ -99.253140216999981, 19.572464881000034 ], [ -99.253567811999858, 19.57228351300007 ], [ -99.253846362999823, 19.572167246000049 ], [ -99.253963753281184, 19.572140150371311 ], [ -99.254149433999771, 19.572097292000041 ], [ -99.254203231239316, 19.572089143697116 ], [ -99.254489210999949, 19.572045828000086 ], [ -99.254809561999963, 19.572080139000011 ], [ -99.255464983999858, 19.572181184000044 ], [ -99.255626284999821, 19.572136922000059 ], [ -99.255775287999953, 19.572046328000049 ], [ -99.256165, 19.572650649000035 ], [ -99.256778810979668, 19.572294827986784 ], [ -99.25744745600052, 19.571907215999499 ], [ -99.257647703999879, 19.571753973000074 ], [ -99.257813527000053, 19.571658501000154 ], [ -99.257954097999971, 19.571598330000061 ], [ -99.257957183361597, 19.571616973911176 ], [ -99.257989069999809, 19.571809655000155 ], [ -99.258020315999858, 19.572096642 ], [ -99.258058020999854, 19.572185438000052 ], [ -99.258131342000027, 19.572392631000067 ], [ -99.258009911000016, 19.572848478 ], [ -99.258076110999937, 19.573239474000061 ], [ -99.258219043999972, 19.573943798000077 ], [ -99.258136082053724, 19.574122898133957 ], [ -99.25801923799996, 19.574375143000097 ], [ -99.257947736304558, 19.574912492271142 ], [ -99.257935839999917, 19.575001895000053 ], [ -99.25797955, 19.575210466 ], [ -99.258202631899167, 19.575548590449905 ], [ -99.258230826, 19.575584009000082 ], [ -99.258508512000063, 19.57601315300008 ], [ -99.258729234, 19.576343311000162 ], [ -99.258737327231998, 19.576355390262304 ], [ -99.259342149999853, 19.576941362000106 ], [ -99.259378357834166, 19.577223758739152 ], [ -99.259652698058915, 19.577719695336615 ], [ -99.259652719999863, 19.577719735000091 ], [ -99.259905643303227, 19.57806620975169 ], [ -99.260115591999877, 19.578353813000049 ], [ -99.260617181503946, 19.578987590803738 ], [ -99.261410359999857, 19.579989789 ], [ -99.261524090999984, 19.580103295000036 ], [ -99.261560168123964, 19.580120253778002 ], [ -99.261678348999908, 19.580175807000074 ], [ -99.261979534999867, 19.580271112000045 ], [ -99.261988580328278, 19.580274353490143 ], [ -99.262196623999884, 19.580348908000133 ], [ -99.262332965999803, 19.580443945000109 ], [ -99.262490978999779, 19.5805616100001 ], [ -99.262491040272508, 19.580561685124913 ], [ -99.263128069933586, 19.581342727278152 ], [ -99.263128178999906, 19.581342861000145 ], [ -99.263287416999873, 19.581526538000059 ], [ -99.263400217525785, 19.581566976854312 ], [ -99.263423860999808, 19.581575453000035 ], [ -99.263545039330509, 19.581614954749391 ], [ -99.264039790999973, 19.581776233000109 ], [ -99.264249975999888, 19.581779287000046 ], [ -99.264590162876885, 19.581729664636374 ], [ -99.264623237999828, 19.581724840000053 ], [ -99.264665744402024, 19.581722119764773 ], [ -99.264956051999874, 19.581703541000017 ], [ -99.265224278999895, 19.581751589000113 ], [ -99.265453749999836, 19.581855612 ], [ -99.265679652999921, 19.581998924000111 ], [ -99.265861546999972, 19.582179444000086 ], [ -99.26612660399995, 19.582414591000092 ], [ -99.266348049999962, 19.58258455900005 ], [ -99.266386448120485, 19.582595379096297 ], [ -99.26659638699995, 19.58265453700005 ], [ -99.266856528735204, 19.582701824684978 ], [ -99.267919303000212, 19.582895008000186 ], [ -99.267984358117857, 19.582906805225669 ], [ -99.267995001486696, 19.582908735313072 ], [ -99.268358712999841, 19.582974691000093 ], [ -99.268578120999905, 19.58300853000005 ], [ -99.268998950999986, 19.583069432000038 ], [ -99.269473728999969, 19.583130322000052 ], [ -99.269736086999927, 19.583154283000074 ], [ -99.27004473400136, 19.583213355000357 ], [ -99.270394902998348, 19.583265458999914 ], [ -99.270782707, 19.583335830000099 ], [ -99.271034790999806, 19.583427110000169 ], [ -99.271353374999762, 19.583591445000113 ], [ -99.271425961737677, 19.583647609994184 ], [ -99.271767645999944, 19.58391199200004 ], [ -99.27212797100826, 19.584206744007073 ], [ -99.273522380999907, 19.585376432000078 ], [ -99.274241716999811, 19.585966841000044 ], [ -99.274659612999969, 19.586328221000116 ], [ -99.274932547999981, 19.586641441000129 ], [ -99.275037770999916, 19.586860984000051 ], [ -99.275064803922803, 19.586935975673722 ], [ -99.275127489999917, 19.587109872000035 ], [ -99.275642278999882, 19.58904649000009 ], [ -99.275702764999863, 19.589192903000029 ], [ -99.2757891629998, 19.589365749000056 ], [ -99.275864753999883, 19.589491821000088 ], [ -99.276091568999831, 19.589812703000039 ], [ -99.277023831999941, 19.590840869000075 ], [ -99.277358963000026, 19.591225491000078 ], [ -99.277622150999875, 19.591507771000092 ], [ -99.277905667999946, 19.591777313000115 ], [ -99.278082383999845, 19.591907595000134 ], [ -99.278267428999882, 19.59202688400012 ], [ -99.27859927399993, 19.592224989000069 ], [ -99.279176412899673, 19.592503856595304 ], [ -99.276383243268768, 19.594821132524029 ], [ -99.276052367473184, 19.595031152783207 ], [ -99.274045352976131, 19.59632366896048 ], [ -99.273916102557124, 19.596490939047541 ], [ -99.273731690121139, 19.596606246839208 ], [ -99.273465499403713, 19.596777113389873 ], [ -99.273447540089307, 19.596787319929671 ], [ -99.273430596585129, 19.596818010937209 ], [ -99.273404591354449, 19.596848693095382 ], [ -99.27333465199888, 19.596946219095035 ], [ -99.27326487677918, 19.597013926282823 ], [ -99.273186131668226, 19.597076185970156 ], [ -99.27309852408581, 19.597128845474202 ], [ -99.273013200856482, 19.597168303818968 ], [ -99.272841591081701, 19.597224535322471 ], [ -99.272731530608979, 19.597246598574745 ], [ -99.272653720055132, 19.597296629535233 ], [ -99.272245297630008, 19.597564312371279 ], [ -99.271501443201501, 19.598041477226882 ], [ -99.271187275277398, 19.598240663311461 ], [ -99.270940573268575, 19.598399127623054 ], [ -99.270715457650198, 19.598234581557644 ], [ -99.270410104999911, 19.598011385000092 ], [ -99.270261740331406, 19.597886800045583 ], [ -99.269699518999957, 19.597414688000082 ], [ -99.26906818167005, 19.596880051501056 ], [ -99.26899840499992, 19.596820962000027 ], [ -99.267924137049505, 19.595808973523788 ], [ -99.267899198999913, 19.595785481000075 ], [ -99.267852538422304, 19.595742121172371 ], [ -99.267694405813486, 19.595595174649276 ], [ -99.266935844999921, 19.594890267000157 ], [ -99.265741824999893, 19.59371443900012 ], [ -99.26533162059539, 19.593321461833071 ], [ -99.265290142999817, 19.593281726000043 ], [ -99.265275139187636, 19.59326574122689 ], [ -99.265141661999863, 19.593123537000157 ], [ -99.26498058699994, 19.592977322000035 ], [ -99.264791858417723, 19.592843606947604 ], [ -99.264728002999959, 19.59279836500011 ], [ -99.264633283713621, 19.592730778603229 ], [ -99.264431215999892, 19.5925865940001 ], [ -99.264112415999918, 19.59241371000023 ], [ -99.263743232999943, 19.592285732000104 ], [ -99.263254164000088, 19.592128040000084 ], [ -99.262762111999891, 19.592074959000065 ], [ -99.262202345118965, 19.592075773896447 ], [ -99.261866484999928, 19.592076262000052 ], [ -99.261704307245054, 19.59209479884365 ], [ -99.261469201999915, 19.592121671000076 ], [ -99.261037299999899, 19.592211961000029 ], [ -99.260387904, 19.592368318000023 ], [ -99.259454742999978, 19.592563937 ], [ -99.258783177999959, 19.592663533000067 ], [ -99.258401683999864, 19.592723856000092 ], [ -99.257979183000018, 19.592778260000106 ], [ -99.257542005800985, 19.592778884791503 ], [ -99.257496852250313, 19.592779404639224 ], [ -99.257333929701474, 19.592784395223777 ], [ -99.256721063666618, 19.5928031669932 ], [ -99.256386650999872, 19.592813409000044 ], [ -99.256024449999913, 19.5928008630001 ], [ -99.253218275999927, 19.592802743000032 ], [ -99.252571189, 19.59282875700012 ], [ -99.252204156999838, 19.592861550000162 ], [ -99.251954616999896, 19.593008949000083 ], [ -99.251050777, 19.593411907000071 ], [ -99.250116639999845, 19.59380414200006 ], [ -99.249666573999846, 19.593984095000053 ], [ -99.249398042999829, 19.59408847800011 ], [ -99.248781362999978, 19.594204100000105 ], [ -99.248266794999921, 19.594276541000081 ], [ -99.247661297000022, 19.594280961000063 ], [ -99.247319450998788, 19.59422727999608 ], [ -99.247304927101951, 19.594176642770144 ], [ -99.247256467999989, 19.594007691000026 ], [ -99.247253248736243, 19.593996995113503 ], [ -99.247252879949428, 19.593995769832212 ], [ -99.247087167999865, 19.593445131000124 ], [ -99.246820728999921, 19.593512704000055 ], [ -99.2466037657275, 19.593155960750774 ], [ -99.246291211999917, 19.592642039000101 ], [ -99.246442680999891, 19.592549131000059 ], [ -99.246297833000057, 19.59217215300011 ], [ -99.245915561999951, 19.591644280000029 ], [ -99.245200324999928, 19.59084802600006 ], [ -99.245003636999982, 19.590143766000089 ], [ -99.245133646999903, 19.588799426000044 ], [ -99.24514185, 19.587756529 ], [ -99.245194052, 19.586704303000069 ], [ -99.244929056, 19.586102107000098 ], [ -99.244708259000035, 19.585620361000064 ], [ -99.243948769999932, 19.584643395000072 ], [ -99.243498323999916, 19.58429174 ], [ -99.243173936999824, 19.584841431000122 ], [ -99.242754903999923, 19.585870976000091 ], [ -99.242188832999858, 19.586687506 ], [ -99.241959999221962, 19.58720638976018 ], [ -99.241959768496912, 19.587206912930487 ], [ -99.241959756999904, 19.58720693900009 ], [ -99.241957153785975, 19.587215284820207 ], [ -99.241894811993689, 19.587415150335044 ], [ -99.241724787435714, 19.587404565073907 ], [ -99.241650990778581, 19.587399970646715 ], [ -99.241616980000032, 19.587394624000151 ], [ -99.241213296595603, 19.587372720085757 ], [ -99.24110311317655, 19.587365849600996 ], [ -99.241099788999875, 19.587365653000102 ], [ -99.241055346594905, 19.58722876943623 ] ] ] ] } },
{ "type": "Feature", "properties": { "MUNICIPI_2": "ATIZAPÁN DE ZARAGOZA", "NOM_ENT": "REGIÓN II" }, "geometry": { "type": "MultiPolygon", "coordinates": [ [ [ [ -99.224819808311835, 19.545909021964658 ], [ -99.22484791136479, 19.545957140117984 ], [ -99.224953095642775, 19.54616581362189 ], [ -99.225013048780923, 19.546221020652148 ], [ -99.225059327799386, 19.546296506762239 ], [ -99.225100156408487, 19.54636261011299 ], [ -99.225113218548259, 19.546383563503412 ], [ -99.225163602933634, 19.546466281371401 ], [ -99.225210702664867, 19.546543002690534 ], [ -99.225221973732758, 19.546561274289051 ], [ -99.225249218345098, 19.546605367532493 ], [ -99.225263027130353, 19.546627836403982 ], [ -99.225282135506376, 19.546658807086612 ], [ -99.225314082699697, 19.546711189600817 ], [ -99.225377235704897, 19.546817472863157 ], [ -99.225412019982954, 19.546874723714584 ], [ -99.225417021133964, 19.54688248394984 ], [ -99.225426202572791, 19.546897934051213 ], [ -99.225459792551703, 19.546953209067468 ], [ -99.225548522384955, 19.546921821831429 ], [ -99.225650053568145, 19.546937686161439 ], [ -99.225678026442807, 19.547024138886496 ], [ -99.225697923246955, 19.547085925920733 ], [ -99.225700413643082, 19.547093790500263 ], [ -99.225705477733499, 19.547109780727173 ], [ -99.225734142721251, 19.547157824941294 ], [ -99.225786485003781, 19.547235480889682 ], [ -99.225794841741035, 19.547256973297053 ], [ -99.22580584278964, 19.547285267327631 ], [ -99.225820492640011, 19.547322914703095 ], [ -99.225839998910985, 19.547372523824098 ], [ -99.225857565237291, 19.547418675970228 ], [ -99.225872810741393, 19.547456888317747 ], [ -99.225876312179508, 19.547465837888414 ], [ -99.225905921373155, 19.547541534387864 ], [ -99.225939105785386, 19.547626427070945 ], [ -99.225943217087831, 19.547637259206805 ], [ -99.225952783683525, 19.547661569664363 ], [ -99.22595607232364, 19.547669671820227 ], [ -99.225972363429577, 19.547709802327827 ], [ -99.225987608594821, 19.547747731803526 ], [ -99.225998744983173, 19.547775958776477 ], [ -99.226002630848257, 19.547785767290435 ], [ -99.226028640109789, 19.547851536508574 ], [ -99.226047399297002, 19.54789920446748 ], [ -99.226058010676567, 19.54792485561871 ], [ -99.226071838221912, 19.54796063332174 ], [ -99.226084541453943, 19.547991329067631 ], [ -99.226103673455384, 19.54803903270151 ], [ -99.22611966857157, 19.548080138665995 ], [ -99.22614156556601, 19.548134333789978 ], [ -99.226162193259967, 19.548186800801247 ], [ -99.22618476358538, 19.548243254348389 ], [ -99.226200831572172, 19.548283264917913 ], [ -99.226201504285456, 19.548285100411981 ], [ -99.226214661197659, 19.548320490346939 ], [ -99.226229987839176, 19.548362762017796 ], [ -99.226232605565798, 19.54837098429774 ], [ -99.226245195035219, 19.548404823272676 ], [ -99.226252938947638, 19.548425640448514 ], [ -99.226261761864421, 19.548450481391576 ], [ -99.226280900616118, 19.548502950252001 ], [ -99.22628724319776, 19.548520335991256 ], [ -99.226304599178889, 19.548567909883467 ], [ -99.226321570215347, 19.548614238945117 ], [ -99.226339438423196, 19.548663390970827 ], [ -99.226368445654529, 19.548743240677219 ], [ -99.226379884082988, 19.548774679928787 ], [ -99.226386911168689, 19.548793451095598 ], [ -99.226396854523145, 19.548820549898629 ], [ -99.226425962658595, 19.548972697079289 ], [ -99.226639992254675, 19.549017260739472 ], [ -99.226640814985913, 19.549019342755972 ], [ -99.226645311410465, 19.549039670562639 ], [ -99.226648086523028, 19.549053398936081 ], [ -99.226703711314158, 19.549081959225237 ], [ -99.226722073226341, 19.549164364362856 ], [ -99.226729041692877, 19.549194361459172 ], [ -99.226745528881963, 19.549268154794152 ], [ -99.22675586975042, 19.549313610113185 ], [ -99.226759318192236, 19.549329596910997 ], [ -99.226771609753811, 19.549384792664128 ], [ -99.226781202718186, 19.549427812521049 ], [ -99.226785472848377, 19.549445810845977 ], [ -99.226788545503652, 19.54945960933205 ], [ -99.22679641516585, 19.549495289621479 ], [ -99.226797389867926, 19.549499700303869 ], [ -99.226798439010778, 19.549504853741254 ], [ -99.226799393158501, 19.549508881276878 ], [ -99.226804582962416, 19.549530792409016 ], [ -99.226815377120801, 19.549580659059977 ], [ -99.226825646829283, 19.549628372830529 ], [ -99.226831114596322, 19.549650676725697 ], [ -99.226831340328616, 19.549652582364065 ], [ -99.226834562066742, 19.549665957726098 ], [ -99.22683963682617, 19.549688760961725 ], [ -99.22685989365101, 19.549779771524527 ], [ -99.226862892507199, 19.549793959599963 ], [ -99.226878624991073, 19.549860375986537 ], [ -99.226883197667433, 19.549881338996357 ], [ -99.22688559450549, 19.549891079773154 ], [ -99.226893618498451, 19.549930747928965 ], [ -99.226897141719462, 19.549947017489679 ], [ -99.226911981742447, 19.55001396456667 ], [ -99.226920076156787, 19.550050808542387 ], [ -99.226925919747273, 19.55007530074371 ], [ -99.226926595090362, 19.550079006004658 ], [ -99.226933114520648, 19.550107556816169 ], [ -99.226936187102694, 19.55012128480929 ], [ -99.226940085585198, 19.550139354085143 ], [ -99.226942708559335, 19.550151282455356 ], [ -99.226944666784078, 19.55016026466685 ], [ -99.226948854765112, 19.550179480384887 ], [ -99.226955373167257, 19.550207290155321 ], [ -99.226958072983635, 19.550220312819896 ], [ -99.226962343746649, 19.550238734073506 ], [ -99.226967665013021, 19.550262591622168 ], [ -99.226969911147549, 19.550272264808477 ], [ -99.226984598283622, 19.55033550234441 ], [ -99.22699374298638, 19.550377604579804 ], [ -99.226994567802961, 19.550381169577641 ], [ -99.226997192759271, 19.550394509537231 ], [ -99.227003338440781, 19.550422318869785 ], [ -99.227017503206, 19.550485560673138 ], [ -99.227024845200347, 19.550516723067513 ], [ -99.227038636504858, 19.550579435764604 ], [ -99.227055200330028, 19.550653970905945 ], [ -99.227055877555841, 19.550659018171004 ], [ -99.227066664313853, 19.55070348334209 ], [ -99.227069736920569, 19.550717212235661 ], [ -99.227075888208006, 19.550749010527518 ], [ -99.227095454767252, 19.550840451180377 ], [ -99.22709665295217, 19.550845144440149 ], [ -99.227098905154122, 19.550857779973388 ], [ -99.227108120470589, 19.550897163755668 ], [ -99.227134577367323, 19.55101644894097 ], [ -99.227141549500104, 19.551048951993522 ], [ -99.22715421479262, 19.551105347362807 ], [ -99.227159909383019, 19.551130262676136 ], [ -99.227160735293751, 19.551134603957156 ], [ -99.227169502558439, 19.551173282502095 ], [ -99.227174145616601, 19.551191350833683 ], [ -99.227174894191521, 19.551194244470711 ], [ -99.227188310518628, 19.551254592616779 ], [ -99.227197529440062, 19.551296519424021 ], [ -99.227199553381482, 19.551306118781511 ], [ -99.227204054997031, 19.551329376384587 ], [ -99.227211869300845, 19.551364194578554 ], [ -99.227219792965741, 19.551399499733357 ], [ -99.227245125647826, 19.551513702044538 ], [ -99.2272470754003, 19.551522736676759 ], [ -99.227265434898655, 19.551603694897683 ], [ -99.227269334936878, 19.551622822403576 ], [ -99.227274072893678, 19.551645330532171 ], [ -99.227274283061703, 19.551646327058059 ], [ -99.227275968789812, 19.551654706833485 ], [ -99.227283882875099, 19.55169404253623 ], [ -99.227298132307723, 19.551764484949629 ], [ -99.22730075889578, 19.551778955439694 ], [ -99.227305410094544, 19.551802812912975 ], [ -99.227308479727171, 19.551814388266731 ], [ -99.22731838035979, 19.551810739282274 ], [ -99.227418883074819, 19.552098032488285 ], [ -99.22742158241708, 19.552110666548582 ], [ -99.22745156758171, 19.552249432986699 ], [ -99.227452627918282, 19.552255743151274 ], [ -99.227466513186116, 19.552338337268644 ], [ -99.227480782142166, 19.552423289579878 ], [ -99.227490395720082, 19.55248074700156 ], [ -99.227492651044983, 19.552495571305116 ], [ -99.227493475931993, 19.552499170640424 ], [ -99.227508803022971, 19.552594958886246 ], [ -99.227513463877656, 19.552625664641951 ], [ -99.227523286860034, 19.552685594342986 ], [ -99.227523830127652, 19.552688911172051 ], [ -99.227534200939573, 19.552755405623422 ], [ -99.227537280158032, 19.552773793113751 ], [ -99.227540360975524, 19.552792640589544 ], [ -99.227542469410494, 19.552809440583491 ], [ -99.227551859368489, 19.5528664753454 ], [ -99.227555765400979, 19.552890510874434 ], [ -99.227556892425042, 19.552897463490556 ], [ -99.227566126735809, 19.552950227521315 ], [ -99.22756710291624, 19.552955662097226 ], [ -99.227574328073075, 19.552996482537669 ], [ -99.227575735824075, 19.553004437916066 ], [ -99.227576111586529, 19.553006590979688 ], [ -99.227580008260929, 19.553032105890342 ], [ -99.227581523631244, 19.55304202579493 ], [ -99.227588440845579, 19.553088261643033 ], [ -99.227592273323296, 19.553112862081257 ], [ -99.227595354635341, 19.553132732552637 ], [ -99.22760888213368, 19.553219097371887 ], [ -99.227612056869901, 19.553240324191105 ], [ -99.227612339794931, 19.553242215296148 ], [ -99.227622712178103, 19.553309097426641 ], [ -99.227625045486477, 19.553327168652654 ], [ -99.227636922100643, 19.55340485181522 ], [ -99.227638876540965, 19.553417875403589 ], [ -99.227639627623219, 19.553421863425573 ], [ -99.227649260088953, 19.553492700209578 ], [ -99.22765392564132, 19.553527395824425 ], [ -99.227655529960799, 19.553551108012378 ], [ -99.227656664098859, 19.553567882120404 ], [ -99.227659330268864, 19.55361052294792 ], [ -99.227660928621603, 19.553634737604749 ], [ -99.227662376569228, 19.553659786574151 ], [ -99.227662454734229, 19.553661141134242 ], [ -99.227663285227393, 19.55366872942972 ], [ -99.227663287752861, 19.553670529613534 ], [ -99.227669064181569, 19.553753656266434 ], [ -99.227669451139505, 19.553763787252372 ], [ -99.227676818127577, 19.55381256465742 ], [ -99.227679569771084, 19.553833223574809 ], [ -99.227682162453121, 19.553852695219906 ], [ -99.227671886841648, 19.553854155012058 ], [ -99.227674017407296, 19.553922722096733 ], [ -99.227674694338461, 19.553944522302054 ], [ -99.22767589071357, 19.554000896827961 ], [ -99.227677129552831, 19.554034537614207 ], [ -99.227677513441279, 19.554042479822417 ], [ -99.227677705308494, 19.554050812674454 ], [ -99.227679098844931, 19.55411113796352 ], [ -99.227681035974982, 19.554111135521172 ], [ -99.227684976021379, 19.554212374798283 ], [ -99.227685357879494, 19.554218869268151 ], [ -99.227686245224703, 19.554267653936151 ], [ -99.22768781498479, 19.55432515762422 ], [ -99.227688592918426, 19.554348278922667 ], [ -99.227687162226971, 19.554390571561463 ], [ -99.227691397910164, 19.554436846023638 ], [ -99.227691400436058, 19.554438646207327 ], [ -99.227692583151992, 19.554485277868505 ], [ -99.2276925856779, 19.554487078052148 ], [ -99.227694211932473, 19.554531167022684 ], [ -99.22768928170909, 19.554574205113877 ], [ -99.227679856585581, 19.554651209323534 ], [ -99.227676396277815, 19.554679912748327 ], [ -99.227671611457353, 19.554719915099156 ], [ -99.227669260339184, 19.554739450812725 ], [ -99.227667783712633, 19.554751725935741 ], [ -99.227666972974589, 19.55475822281241 ], [ -99.2276649857086, 19.554774816496931 ], [ -99.227663292459596, 19.554788974317173 ], [ -99.227658654468783, 19.554827635379226 ], [ -99.227657099455897, 19.554840438366298 ], [ -99.227653868798157, 19.554867037667915 ], [ -99.227649772075708, 19.554919817583972 ], [ -99.227644479643502, 19.554969704429706 ], [ -99.227644115476764, 19.554975141597161 ], [ -99.227639630304196, 19.555016732287402 ], [ -99.227632048193513, 19.555080353864437 ], [ -99.227630576344495, 19.555092640728777 ], [ -99.227630239597659, 19.555118304658205 ], [ -99.227629547777667, 19.555165403185455 ], [ -99.227629151893368, 19.555192403773532 ], [ -99.227639080015749, 19.555433821410499 ], [ -99.227752835460052, 19.555546140830881 ], [ -99.227757012332248, 19.555550477880079 ], [ -99.227825417850283, 19.555628477390268 ], [ -99.227832734119247, 19.55563696030438 ], [ -99.227968518083387, 19.555806814379103 ], [ -99.228411496521431, 19.555960809440588 ], [ -99.228527798051601, 19.556001239681539 ], [ -99.228573972694647, 19.556017291152365 ], [ -99.228604031189505, 19.55602774023528 ], [ -99.228632229360556, 19.556014979400878 ], [ -99.228762704270096, 19.555989962177737 ], [ -99.22922313140549, 19.556104601043824 ], [ -99.229794068011813, 19.556164875647163 ], [ -99.230108764255689, 19.556234512248096 ], [ -99.230500838642257, 19.55628145683924 ], [ -99.230786328308241, 19.556326277567596 ], [ -99.231120345594505, 19.556373295004793 ], [ -99.231541655434441, 19.556397607209945 ], [ -99.231982568361119, 19.556397041281155 ], [ -99.232715055295586, 19.556441678315242 ], [ -99.232699458999789, 19.556485010000053 ], [ -99.232646514999772, 19.556586791000111 ], [ -99.232536122999932, 19.556754112000071 ], [ -99.232470343129862, 19.556827248415082 ], [ -99.232400297999874, 19.556905127000093 ], [ -99.232221341000013, 19.557019882000066 ], [ -99.231746332999933, 19.557310378000196 ], [ -99.231473130999944, 19.557448085000047 ], [ -99.231322666999915, 19.557501973000107 ], [ -99.231128402999985, 19.55755282500008 ], [ -99.230997350999843, 19.557555732000061 ], [ -99.230880822844696, 19.557568087527752 ], [ -99.230874009, 19.557568810000106 ], [ -99.230809613999853, 19.557588364000026 ], [ -99.230780795999934, 19.55760997300014 ], [ -99.230646798999828, 19.557864962000135 ], [ -99.230607068, 19.558067558000101 ], [ -99.230608494999871, 19.558253622000084 ], [ -99.230611344999872, 19.558410622000174 ], [ -99.230618791999888, 19.558505057000147 ], [ -99.230008939372169, 19.55853508349923 ], [ -99.229993512999911, 19.558535843000097 ], [ -99.229983139813115, 19.558541580428709 ], [ -99.22998147753151, 19.558542499839604 ], [ -99.229945199999918, 19.558562565000084 ], [ -99.229931470999873, 19.55870404800006 ], [ -99.229890789999772, 19.559046857000105 ], [ -99.229866505999794, 19.559301910000023 ], [ -99.229907435999849, 19.559710165000144 ], [ -99.229958245999939, 19.560233478000029 ], [ -99.229993529999888, 19.560560137000042 ], [ -99.229983654999984, 19.561026091000048 ], [ -99.230861988622934, 19.560988086595675 ], [ -99.230875151999854, 19.560987517000086 ], [ -99.230853912999876, 19.560486483000119 ], [ -99.231475848144825, 19.560633606596937 ], [ -99.232091421999911, 19.560779223000125 ], [ -99.232578655999944, 19.561274548 ], [ -99.232721764999951, 19.561481947000086 ], [ -99.232697322999783, 19.561667538000073 ], [ -99.232689927772, 19.561732722342146 ], [ -99.232689338999876, 19.561737912000151 ], [ -99.232638481, 19.561825158000076 ], [ -99.232519586752034, 19.562617085424375 ], [ -99.232485625848696, 19.562858377031432 ], [ -99.23468143552779, 19.563341362745234 ], [ -99.235449866999943, 19.56350752200002 ], [ -99.235756435999917, 19.562344448999959 ], [ -99.235206501420393, 19.562231774735988 ], [ -99.234455636999883, 19.562082931000035 ], [ -99.234656681227492, 19.561064421478232 ], [ -99.234708181285541, 19.560803515147732 ], [ -99.23524042199989, 19.560346690000092 ], [ -99.233833993999838, 19.559536097000066 ], [ -99.234195451999852, 19.558975444000161 ], [ -99.234562783000015, 19.558784525000103 ], [ -99.2346438269999, 19.55866488600001 ], [ -99.23463513099982, 19.558563598000056 ], [ -99.234600068, 19.557963951998836 ], [ -99.234681397999935, 19.557304388000055 ], [ -99.234850828, 19.556972919000078 ], [ -99.234977567999792, 19.556678987000097 ], [ -99.234988650735488, 19.556660986656514 ], [ -99.235010575354792, 19.556625377142105 ], [ -99.235049275915202, 19.556562520445464 ], [ -99.235376937524634, 19.556562093613714 ], [ -99.235904577084014, 19.556608849678842 ], [ -99.235857674776383, 19.55569164767234 ], [ -99.235747241987582, 19.55514053016125 ], [ -99.235689781434118, 19.554566750715555 ], [ -99.235609127578769, 19.553579555103934 ], [ -99.235561062070573, 19.553303986883698 ], [ -99.23544066136931, 19.552845512089458 ], [ -99.235286294008503, 19.552432266844772 ], [ -99.235069319453942, 19.551903880157607 ], [ -99.234934117992012, 19.551558387718128 ], [ -99.234790007369597, 19.550984720415421 ], [ -99.236150856418902, 19.550802204541895 ], [ -99.236949967841213, 19.550713046367072 ], [ -99.237700585614959, 19.550644281925287 ], [ -99.239224450036986, 19.550435995977743 ], [ -99.239051596426194, 19.550214072451258 ], [ -99.239166562999941, 19.55020083300013 ], [ -99.239276601122597, 19.550350965204331 ], [ -99.239503322999852, 19.550219094000056 ], [ -99.239495011999978, 19.549801740000099 ], [ -99.239491174999927, 19.549706839000116 ], [ -99.23947618899993, 19.549336223000044 ], [ -99.239471335999895, 19.548612692000145 ], [ -99.239524402999933, 19.548563484000102 ], [ -99.239586248, 19.548559273000102 ], [ -99.239658595, 19.548587256000157 ], [ -99.23994444799996, 19.548803208000091 ], [ -99.240208278999759, 19.549011731000071 ], [ -99.240314207999987, 19.549124529000061 ], [ -99.241588150999888, 19.548786438000036 ], [ -99.241625767999963, 19.548368642000096 ], [ -99.241570977000023, 19.548362565000094 ], [ -99.241574340780716, 19.548322224496239 ], [ -99.241624990999796, 19.547714794000093 ], [ -99.242138208999776, 19.547391008000066 ], [ -99.242418057999842, 19.547690547000148 ], [ -99.242703046002632, 19.547783712002438 ], [ -99.243044508000011, 19.548072061000045 ], [ -99.243759206999925, 19.547198482000081 ], [ -99.243954418999905, 19.547140476000145 ], [ -99.245323819999925, 19.546794547000154 ], [ -99.245934024, 19.546607655000113 ], [ -99.247180795999967, 19.546420547000018 ], [ -99.248553600922904, 19.54608230500904 ], [ -99.251256742999928, 19.545416250000098 ], [ -99.251157023999866, 19.544843198000059 ], [ -99.252322674999832, 19.544702681000071 ], [ -99.252359614325556, 19.544817311227799 ], [ -99.252468697999944, 19.545155819000087 ], [ -99.252782126999946, 19.545401591000072 ], [ -99.254105146999933, 19.545711532000109 ], [ -99.255669711999957, 19.546159899000056 ], [ -99.256268832999794, 19.54633408100009 ], [ -99.256405830999896, 19.546258384000108 ], [ -99.257271192999895, 19.546562844000135 ], [ -99.257764121999983, 19.546771841000115 ], [ -99.258207757999855, 19.546936970000054 ], [ -99.255036277999892, 19.549283343000113 ], [ -99.255072305017649, 19.549381312609402 ], [ -99.255777861999789, 19.551299934000088 ], [ -99.25618541599988, 19.551129556000081 ], [ -99.2561873171136, 19.551135246781978 ], [ -99.256337914377625, 19.551586042322786 ], [ -99.256341414999866, 19.551596520999986 ], [ -99.256244700999972, 19.55201085100008 ], [ -99.256061150999926, 19.55295743200011 ], [ -99.255948645999979, 19.553452604000057 ], [ -99.255897336999851, 19.553825807000049 ], [ -99.255765189467411, 19.554629767578756 ], [ -99.255737465000024, 19.55479843700008 ], [ -99.25569456599996, 19.554786981000035 ], [ -99.255584512426609, 19.554781698436621 ], [ -99.255584169999906, 19.554781682000204 ], [ -99.255449116999884, 19.554827313000054 ], [ -99.255319592999811, 19.555003505000119 ], [ -99.25530329484431, 19.555015451390815 ], [ -99.255275104000063, 19.555036115000075 ], [ -99.255154489999853, 19.555123697000067 ], [ -99.255013356508556, 19.555171330833982 ], [ -99.255008167999861, 19.555173082000163 ], [ -99.255294339999921, 19.555744463000085 ], [ -99.25538736299994, 19.55590027800006 ], [ -99.252468813999883, 19.557212209000081 ], [ -99.252411445829225, 19.557263387918532 ], [ -99.252368773999862, 19.557301456000133 ], [ -99.252238195371092, 19.557357253873363 ], [ -99.252209313746263, 19.557369595333221 ], [ -99.251729852999873, 19.557571538000118 ], [ -99.251665996999876, 19.557596741000086 ], [ -99.25152314599984, 19.557653122000037 ], [ -99.251354213999889, 19.557696396000093 ], [ -99.251306322999767, 19.557703413000098 ], [ -99.251107077999805, 19.557732606000059 ], [ -99.25081701399985, 19.557737791000044 ], [ -99.250662538999975, 19.557728055000105 ], [ -99.250640515285411, 19.557726666947161 ], [ -99.250557184999977, 19.55772141500011 ], [ -99.250277151, 19.557688328000058 ], [ -99.249777540000025, 19.557569467000093 ], [ -99.249565583999924, 19.557519548000148 ], [ -99.248773416999768, 19.557424998000091 ], [ -99.248256230999885, 19.55735876100006 ], [ -99.248051919999853, 19.557359041000073 ], [ -99.247937779999887, 19.557350289000095 ], [ -99.247837493999967, 19.557342598 ], [ -99.246795633999923, 19.557260338000024 ], [ -99.246747108, 19.557256820000081 ], [ -99.246149987235526, 19.557213533397242 ], [ -99.246018660999752, 19.55720401300011 ], [ -99.245546273999921, 19.557163352 ], [ -99.245335012999888, 19.557145167000073 ], [ -99.245009570999983, 19.557107352000067 ], [ -99.244777474999893, 19.557081365000023 ], [ -99.244631139, 19.557055261000123 ], [ -99.244330982999898, 19.556959389000063 ], [ -99.24415156977237, 19.556902083060777 ], [ -99.243964743999925, 19.556934417000086 ], [ -99.243883957999884, 19.556976708000022 ], [ -99.243883447741041, 19.556977447722709 ], [ -99.243850617999883, 19.557025041000145 ], [ -99.243833605999853, 19.557143037000088 ], [ -99.244007480978496, 19.55740164407316 ], [ -99.243903226359961, 19.557757785915825 ], [ -99.243737369999849, 19.558330021000113 ], [ -99.243610481999781, 19.558650292000038 ], [ -99.243310037999805, 19.559048144000101 ], [ -99.243129290999917, 19.559321838000137 ], [ -99.243109964443903, 19.559333377842979 ], [ -99.242925169999822, 19.55944371800009 ], [ -99.242473346999901, 19.559717146000068 ], [ -99.242436910000407, 19.559739549999822 ], [ -99.241809380999825, 19.560125393000057 ], [ -99.24146376899985, 19.560373940000076 ], [ -99.241320821999963, 19.560539870000156 ], [ -99.240957814999959, 19.560924891000088 ], [ -99.240901100334852, 19.560985044477562 ], [ -99.240900519999869, 19.560985660000096 ], [ -99.240960347999888, 19.561020608000035 ], [ -99.241286412000051, 19.561472083000158 ], [ -99.242387454999886, 19.562993715000079 ], [ -99.242372925999859, 19.563038319000039 ], [ -99.242272164999918, 19.563097283000079 ], [ -99.242120730999844, 19.56319714000005 ], [ -99.241725086999921, 19.563482727000082 ], [ -99.241252331584946, 19.563739970588379 ], [ -99.241251161999955, 19.563740607000074 ], [ -99.241006797999958, 19.56382436400002 ], [ -99.240737931999902, 19.563873391000065 ], [ -99.24052046099979, 19.563957112000026 ], [ -99.240503576999942, 19.564112409000082 ], [ -99.240447584999913, 19.56427471100022 ], [ -99.240325607999935, 19.564455640000133 ], [ -99.2401205299998, 19.564654063000027 ], [ -99.239921436508425, 19.564813668558301 ], [ -99.239590613999937, 19.565078875000072 ], [ -99.239124173999855, 19.565443345000098 ], [ -99.238463591999874, 19.565965663000057 ], [ -99.238256293913153, 19.566125800329175 ], [ -99.237942190999689, 19.566368443000425 ], [ -99.237937217153046, 19.56639674206296 ], [ -99.237927545073717, 19.566451772030288 ], [ -99.237861387, 19.566828182000137 ], [ -99.237569390999951, 19.568489474000071 ], [ -99.237302491230096, 19.569388898693443 ], [ -99.237301764999941, 19.569391346000042 ], [ -99.237196776999781, 19.569491137000043 ], [ -99.237109089999933, 19.569718370000025 ], [ -99.236960908999961, 19.570376743000097 ], [ -99.236809752999903, 19.570673586000048 ], [ -99.236604904999894, 19.571037706000148 ], [ -99.236497716999963, 19.571306680000149 ], [ -99.236287811999929, 19.571557248000047 ], [ -99.236014443999949, 19.571882060000107 ], [ -99.235902697595193, 19.571980955186348 ], [ -99.235938802999925, 19.572139755000041 ], [ -99.236138342999951, 19.57301401100009 ], [ -99.23623945699994, 19.573609483000109 ], [ -99.236352792999952, 19.574202622000044 ], [ -99.23650300999995, 19.574934764000126 ], [ -99.236618823999876, 19.575548757000046 ], [ -99.236843061999949, 19.57673735500008 ], [ -99.23684510782644, 19.576748864574661 ], [ -99.237020567999878, 19.577735976000028 ], [ -99.237158619999846, 19.57850521400006 ], [ -99.237257136999872, 19.578991765000115 ], [ -99.237270662866393, 19.579023174345192 ], [ -99.237470588999926, 19.579487435000072 ], [ -99.237723149999894, 19.57997378200011 ], [ -99.237953758999879, 19.580494922000081 ], [ -99.238314334999913, 19.581270817000135 ], [ -99.23861848699994, 19.581917005000019 ], [ -99.238986428999823, 19.582709111000103 ], [ -99.238994989618007, 19.582728061199496 ], [ -99.239420645999914, 19.583670308000084 ], [ -99.239685514999863, 19.584202988000087 ], [ -99.240091562708983, 19.585049459866852 ], [ -99.240193239999854, 19.585261421000073 ], [ -99.240508708352593, 19.58598133422861 ], [ -99.240754118028917, 19.586541365005129 ], [ -99.241055346594905, 19.58722876943623 ], [ -99.240947606999825, 19.587123342000066 ], [ -99.240308488999872, 19.586510051000094 ], [ -99.239938665999858, 19.58610961200003 ], [ -99.239243181999839, 19.585406008000046 ], [ -99.239187775428221, 19.58538199250215 ], [ -99.238496914999942, 19.585082543000031 ], [ -99.23823974499993, 19.584795510000024 ], [ -99.23800967499993, 19.58464517500007 ], [ -99.237847846672921, 19.584634433780344 ], [ -99.237838493999945, 19.584633813000064 ], [ -99.237706690999971, 19.584796213000118 ], [ -99.237609221999861, 19.585028095 ], [ -99.236137454999906, 19.585795604000086 ], [ -99.235941204129659, 19.585966573305992 ], [ -99.235938678999844, 19.585968860000055 ], [ -99.235940353659672, 19.585973630127647 ], [ -99.236068126, 19.586337578000034 ], [ -99.236109836999859, 19.586674108000146 ], [ -99.236374463078732, 19.587949243968154 ], [ -99.236389741449699, 19.588052434955522 ], [ -99.233045755999967, 19.589024792000245 ], [ -99.232464562999965, 19.589144505000064 ], [ -99.232219376999879, 19.589197185000064 ], [ -99.23213707240798, 19.589215281690432 ], [ -99.232168092833419, 19.589016195812761 ], [ -99.232206484999892, 19.588769809000073 ], [ -99.23228108, 19.588009357000033 ], [ -99.232401155829123, 19.587523874791103 ], [ -99.232469200999802, 19.587248758000076 ], [ -99.232553122432321, 19.5870230035158 ], [ -99.232572346999973, 19.586971288000079 ], [ -99.232451605999941, 19.586915861000076 ], [ -99.231149058000057, 19.586316302000132 ], [ -99.231115010999915, 19.586196709000145 ], [ -99.230663005999887, 19.586085839000077 ], [ -99.230358106306952, 19.585943280352101 ], [ -99.230257446999929, 19.585896216000027 ], [ -99.230077929999837, 19.585251579000126 ], [ -99.229739753999951, 19.583909840000135 ], [ -99.229759399929819, 19.5839330953096 ], [ -99.229753006999914, 19.583908991000182 ], [ -99.229888763711031, 19.583919623337188 ], [ -99.230761298999866, 19.583987957000016 ], [ -99.230996502999929, 19.584513879000102 ], [ -99.231119898999921, 19.584465783000088 ], [ -99.231274772653961, 19.584209289584116 ], [ -99.23129771899994, 19.584171287000132 ], [ -99.231315834475382, 19.584142021526812 ], [ -99.231418175999877, 19.583976689000096 ], [ -99.231439972999837, 19.583720109000211 ], [ -99.231450284108632, 19.583641512541313 ], [ -99.23145259299983, 19.583623913000093 ], [ -99.231558833999827, 19.583302236000172 ], [ -99.231868911999953, 19.58324130800008 ], [ -99.232188983999933, 19.583150515000096 ], [ -99.232128180999965, 19.582930022000056 ], [ -99.232096058, 19.58283762200011 ], [ -99.232058199999955, 19.582753316000083 ], [ -99.231973305999873, 19.582619291000057 ], [ -99.231858307999929, 19.582500267000093 ], [ -99.231885839999848, 19.582186434000022 ], [ -99.231901717718102, 19.581783416547459 ], [ -99.231905340999845, 19.581691448000097 ], [ -99.231770548999904, 19.581099374000136 ], [ -99.231877136999898, 19.581086603000127 ], [ -99.231852696999894, 19.580905276000088 ], [ -99.231754165999931, 19.580882061000139 ], [ -99.231308223932771, 19.580874737598322 ], [ -99.231003945013356, 19.580869740000011 ], [ -99.231007448999904, 19.580068016000052 ], [ -99.231719568999836, 19.580070497000236 ], [ -99.231773593999876, 19.579909310000055 ], [ -99.231647838999905, 19.579591216000154 ], [ -99.231994514999883, 19.579487971000109 ], [ -99.232078194999886, 19.579634391000116 ], [ -99.232232801661908, 19.57950115388871 ], [ -99.232337943999937, 19.579410544000051 ], [ -99.23212075099984, 19.578815462000243 ], [ -99.231713586999845, 19.578940853000177 ], [ -99.231615670999872, 19.578750980000077 ], [ -99.231631222386341, 19.578747777344276 ], [ -99.23182402699986, 19.578708071000079 ], [ -99.231826303999966, 19.578687690000077 ], [ -99.231972308999786, 19.577454952999897 ], [ -99.232102223999988, 19.576270245000067 ], [ -99.232180824999858, 19.576131107000069 ], [ -99.232171929999822, 19.575687408000075 ], [ -99.232312755999899, 19.575683294000171 ], [ -99.232313848, 19.575630836000112 ], [ -99.232500522999956, 19.575625694000088 ], [ -99.232500522999871, 19.575608208000144 ], [ -99.232754373999981, 19.575613503000138 ], [ -99.232780588999347, 19.575008923999832 ], [ -99.231921568000075, 19.574486371000042 ], [ -99.23191461, 19.574623262000088 ], [ -99.23113635699994, 19.574626375000136 ], [ -99.231152129999856, 19.574739756 ], [ -99.230903710999925, 19.57473407900002 ], [ -99.230903710999883, 19.574712801000018 ], [ -99.230782926999865, 19.574710443000058 ], [ -99.230782927999854, 19.57462009200006 ], [ -99.230142192999864, 19.574612084000087 ], [ -99.230153586999876, 19.575349726000159 ], [ -99.229786433999863, 19.575377321000058 ], [ -99.229499808999819, 19.575406544000096 ], [ -99.228936200999968, 19.575500588000093 ], [ -99.228538031000014, 19.575547860000086 ], [ -99.227311142062206, 19.575491028675142 ], [ -99.226134780998265, 19.575436530000012 ], [ -99.224634235999972, 19.575351388000144 ], [ -99.223991750999886, 19.57529245900016 ], [ -99.223711163000033, 19.575285899000075 ], [ -99.222814328999021, 19.575508358000238 ], [ -99.222241295000117, 19.575570497000069 ], [ -99.221765501999897, 19.575586830000081 ], [ -99.221190554999893, 19.575573702000128 ], [ -99.220721712999989, 19.575570399000135 ], [ -99.220395261999982, 19.575547471000085 ], [ -99.22023125899986, 19.575526093000079 ], [ -99.220123986999909, 19.57550032100027 ], [ -99.219678964999872, 19.575351651000105 ], [ -99.219406545999803, 19.575254342000111 ], [ -99.219449973581661, 19.575074337200771 ], [ -99.219544370999984, 19.574683064000098 ], [ -99.219564727999966, 19.574441154000024 ], [ -99.219635925, 19.574225593000097 ], [ -99.219783375999981, 19.574106386000061 ], [ -99.21988252999985, 19.573943522000064 ], [ -99.219925752999885, 19.573847718000088 ], [ -99.219840939999884, 19.573204579000116 ], [ -99.219792266316944, 19.572799804536004 ], [ -99.219722239999882, 19.572217456 ], [ -99.219693892896373, 19.572006215394428 ], [ -99.219591331999965, 19.571241934000096 ], [ -99.219438769999869, 19.570523686000119 ], [ -99.218983029999862, 19.569300521000059 ], [ -99.218447339999827, 19.567813377000089 ], [ -99.218055144766979, 19.566765084101572 ], [ -99.218054547999785, 19.566763489000049 ], [ -99.217297216612238, 19.56700403219558 ], [ -99.217270982876798, 19.566936885793751 ], [ -99.217111686030563, 19.566529157078151 ], [ -99.21716232671136, 19.566505373832108 ], [ -99.217239304281776, 19.566392317753532 ], [ -99.217392116371187, 19.565953835593099 ], [ -99.217444276737623, 19.565748179284046 ], [ -99.217477429969264, 19.565587731240075 ], [ -99.217442669213455, 19.565402513056213 ], [ -99.217315377868402, 19.565106702101293 ], [ -99.217124404647905, 19.564670892961377 ], [ -99.216913355903969, 19.564122144242809 ], [ -99.216717648289134, 19.563708932991446 ], [ -99.216633983031073, 19.563548189711632 ], [ -99.216254096680174, 19.563098955921856 ], [ -99.215680987795693, 19.56242122092668 ], [ -99.213863295492629, 19.560573041549215 ], [ -99.213280795889929, 19.559244086029313 ], [ -99.212959383571402, 19.558510783042507 ], [ -99.212339681757967, 19.557044249138784 ], [ -99.211970967695507, 19.556115909041271 ], [ -99.211245112043301, 19.555112081315691 ], [ -99.210555925772269, 19.554277093476639 ], [ -99.210420128143554, 19.554115593035483 ], [ -99.210535963070427, 19.553861402665774 ], [ -99.210827933904724, 19.553936087639858 ], [ -99.210999334402374, 19.553647693246472 ], [ -99.211672050900631, 19.553431679846934 ], [ -99.212194008630945, 19.553726006803704 ], [ -99.214568186051707, 19.55549711341417 ], [ -99.2147118260269, 19.555604264770565 ], [ -99.217054511160882, 19.557386025482334 ], [ -99.217091845408035, 19.55732189956224 ], [ -99.218653502129683, 19.558688557859835 ], [ -99.220511434856817, 19.559597070555768 ], [ -99.221059483604364, 19.559295988122621 ], [ -99.221099516492714, 19.559133812349437 ], [ -99.219900889522151, 19.558401268534016 ], [ -99.219581754657781, 19.558220049862733 ], [ -99.219472952116988, 19.558158266819394 ], [ -99.219422531976292, 19.55808203307777 ], [ -99.219926036670785, 19.557394194947943 ], [ -99.220064775425485, 19.557204662564448 ], [ -99.220143227815484, 19.557037817654624 ], [ -99.220540233031869, 19.556483438304188 ], [ -99.220757489808179, 19.556180058279246 ], [ -99.221116924941271, 19.555678135594231 ], [ -99.221532294138285, 19.55505504942953 ], [ -99.221446429225196, 19.554440875832437 ], [ -99.221178741215127, 19.553225006073493 ], [ -99.221109062051966, 19.552908512135268 ], [ -99.223884726433951, 19.55184031063374 ], [ -99.224322053279593, 19.551735243528476 ], [ -99.22464272076887, 19.551701882154941 ], [ -99.2250591447701, 19.551500898656528 ], [ -99.225468430768458, 19.55077749867991 ], [ -99.225641335986836, 19.550060241450481 ], [ -99.225704268932645, 19.549799177118231 ], [ -99.225735012872278, 19.548857559777485 ], [ -99.225570974314678, 19.548203062634627 ], [ -99.2254410395593, 19.547855664946347 ], [ -99.225203129688055, 19.5474368455384 ], [ -99.224852986855851, 19.546769032527095 ], [ -99.22469372435306, 19.546318250988808 ], [ -99.224758619580768, 19.546183262008217 ], [ -99.22474211431917, 19.546013683383336 ], [ -99.224819808311835, 19.545909021964658 ] ] ] ] } },
{ "type": "Feature", "properties": { "MUNICIPI_2": "ATIZAPÁN DE ZARAGOZA", "NOM_ENT": "REGIÓN VI" }, "geometry": { "type": "MultiPolygon", "coordinates": [ [ [ [ -99.264750483044239, 19.526913893961218 ], [ -99.264575080131621, 19.527082833022071 ], [ -99.264426488285963, 19.527244029590999 ], [ -99.264331241727788, 19.52731363249179 ], [ -99.264168538431036, 19.527378923534108 ], [ -99.26400927720006, 19.527415541879854 ], [ -99.263876704039987, 19.527415735429837 ], [ -99.263732480182298, 19.527402714713137 ], [ -99.26359404815986, 19.527388983938007 ], [ -99.263293400162965, 19.52735594302457 ], [ -99.2631259109273, 19.527338545126256 ], [ -99.262999096999934, 19.52730454900011 ], [ -99.262928313032475, 19.52723679598456 ], [ -99.262907083000016, 19.527216475000106 ], [ -99.262787143999958, 19.527118519000133 ], [ -99.262710305999988, 19.527065706 ], [ -99.262710157499669, 19.527065640321538 ], [ -99.262616209832458, 19.527024089226874 ], [ -99.262567121639393, 19.527001381577968 ], [ -99.262508972999854, 19.526974482000085 ], [ -99.26244839935093, 19.52691172236381 ], [ -99.262435525215466, 19.526873621525407 ], [ -99.262414512700602, 19.526811435216434 ], [ -99.262368273947203, 19.526623509484164 ], [ -99.262322755571176, 19.526521585281852 ], [ -99.26227100725481, 19.526438322620034 ], [ -99.262263874701176, 19.526426846728445 ], [ -99.262180206273214, 19.526345428806266 ], [ -99.262141428506482, 19.526313290736805 ], [ -99.262122372106788, 19.526297497351287 ], [ -99.262073481689001, 19.526267798097305 ], [ -99.262011486992876, 19.526249443490229 ], [ -99.261997887155459, 19.526226367858406 ], [ -99.261800310056387, 19.525996208198482 ], [ -99.261641276876631, 19.525788585270575 ], [ -99.261439037903287, 19.525559476926968 ], [ -99.261274792176835, 19.52537340894251 ], [ -99.260975844980649, 19.525050764579944 ], [ -99.260787201683641, 19.524980999285894 ], [ -99.260623263415823, 19.52491314034895 ], [ -99.260395582305378, 19.524818896005925 ], [ -99.260295272963688, 19.524750682845426 ], [ -99.260084691271913, 19.524579016763099 ], [ -99.259858875412547, 19.524394931053056 ], [ -99.259813339698397, 19.524357810133438 ], [ -99.259801923999902, 19.524348504000024 ], [ -99.259317115125825, 19.523943483385878 ], [ -99.259314910999748, 19.523941642000157 ], [ -99.25918618407735, 19.523809889936672 ], [ -99.259107609692066, 19.523723695281006 ], [ -99.259107582999803, 19.523723666000087 ], [ -99.259079431999879, 19.523692785000147 ], [ -99.258910944999883, 19.523592826000037 ], [ -99.258625542539207, 19.523602984635797 ], [ -99.258521040643259, 19.523619652114284 ], [ -99.258283648030286, 19.523640324832868 ], [ -99.257852463720468, 19.523708718457655 ], [ -99.257612045111543, 19.523787606952077 ], [ -99.257457115999955, 19.523854259000096 ], [ -99.257106029940473, 19.524205460858031 ], [ -99.25691119721256, 19.52441043740896 ], [ -99.256807165999973, 19.524517437000082 ], [ -99.256591475098588, 19.524592238074902 ], [ -99.256446437429261, 19.524622598276025 ], [ -99.25633142599996, 19.524644821000074 ], [ -99.256078385088415, 19.52464524284704 ], [ -99.255974273693553, 19.524712245647482 ], [ -99.255891904407491, 19.524828815113729 ], [ -99.255876794046159, 19.524850199357907 ], [ -99.255847129363715, 19.525078428039539 ], [ -99.255927952170964, 19.525378797125491 ], [ -99.255901786455198, 19.525952689784273 ], [ -99.256020865351886, 19.526456339295596 ], [ -99.25601497316795, 19.526709386312099 ], [ -99.256076790270598, 19.526984930167625 ], [ -99.256095263263987, 19.527215349921104 ], [ -99.256046142698338, 19.527375827926459 ], [ -99.256091811999909, 19.527800679000109 ], [ -99.256078682999885, 19.527917462000111 ], [ -99.256070932631545, 19.527949427257585 ], [ -99.256065550999907, 19.52797162300007 ], [ -99.256031334999847, 19.528067723000191 ], [ -99.256010181441766, 19.528087122638816 ], [ -99.255964952999861, 19.528128601000052 ], [ -99.255814243999922, 19.528169191000128 ], [ -99.255612911999933, 19.528160563000082 ], [ -99.255549089999903, 19.527914877000125 ], [ -99.254297849999915, 19.528280370000108 ], [ -99.253439423000032, 19.528497871000052 ], [ -99.253053952999863, 19.528555731000068 ], [ -99.253063288791495, 19.528614498074603 ], [ -99.253079445406442, 19.528716200859062 ], [ -99.253079711872573, 19.528717878210792 ], [ -99.253115960999835, 19.528946059000099 ], [ -99.253099778000021, 19.528993001000099 ], [ -99.252824276999888, 19.528930328000062 ], [ -99.252811233999893, 19.528948658000097 ], [ -99.252810451999849, 19.52895487200006 ], [ -99.252804546999826, 19.528955085000103 ], [ -99.252791296999945, 19.528955514000142 ], [ -99.252752003999916, 19.528955150000122 ], [ -99.252707933999872, 19.528955212000099 ], [ -99.252630753, 19.528940363000054 ], [ -99.25256000099985, 19.528940713000065 ], [ -99.252488007999858, 19.528949245000067 ], [ -99.252382175999898, 19.528954772000109 ], [ -99.252251112999957, 19.528975448000075 ], [ -99.252156447999852, 19.528999862000028 ], [ -99.252025298999925, 19.529033684000101 ], [ -99.25194039199998, 19.529055581000058 ], [ -99.251661256999881, 19.529123244000083 ], [ -99.251564582999919, 19.529188746000077 ], [ -99.25159299099991, 19.529369660000167 ], [ -99.251652478999915, 19.529494494000065 ], [ -99.251859730999911, 19.52993712000011 ], [ -99.251812707999989, 19.530013928000113 ], [ -99.251823185629917, 19.530050362366964 ], [ -99.251722693999881, 19.530054223000146 ], [ -99.251520200999892, 19.53009172400008 ], [ -99.251437762999956, 19.530110503000063 ], [ -99.251394278999967, 19.530120408000126 ], [ -99.251316515999989, 19.530146402000131 ], [ -99.251266084999841, 19.530160206000122 ], [ -99.251179706999864, 19.530181873000089 ], [ -99.251102932000066, 19.530211354000077 ], [ -99.250962424999912, 19.530279084000075 ], [ -99.250927884999967, 19.530187889000061 ], [ -99.250876417999891, 19.530094969000039 ], [ -99.250844053999941, 19.530036537000136 ], [ -99.25071930499989, 19.529811311000103 ], [ -99.250654453999971, 19.52981620100006 ], [ -99.250458416000015, 19.529830982000114 ], [ -99.250329039999883, 19.529840736000033 ], [ -99.250220556999977, 19.529859226000116 ], [ -99.249756270999981, 19.530028767000044 ], [ -99.249265149999886, 19.5304568490001 ], [ -99.249339121, 19.530688237000124 ], [ -99.249342098999932, 19.530797867000064 ], [ -99.249335744999854, 19.530817189000086 ], [ -99.249360911999986, 19.53083417700007 ], [ -99.250076586, 19.531287518000067 ], [ -99.250259801999945, 19.531464616000054 ], [ -99.250655836999897, 19.531800382000061 ], [ -99.250970098000053, 19.532060645000108 ], [ -99.251043327999966, 19.532161715000061 ], [ -99.25042498799985, 19.532909700000069 ], [ -99.249631597999795, 19.532421132000028 ], [ -99.249561623999952, 19.532509851000079 ], [ -99.249425003999832, 19.532599703000091 ], [ -99.249409021999938, 19.532611461000084 ], [ -99.249298776000018, 19.532629638000049 ], [ -99.248948508999916, 19.533168865000086 ], [ -99.248172104999938, 19.533169986000114 ], [ -99.248286234999966, 19.534168774000044 ], [ -99.248286000999897, 19.534168762000046 ], [ -99.248600056999905, 19.534559695000027 ], [ -99.248602518000013, 19.534562706000127 ], [ -99.248513109999962, 19.534817183000058 ], [ -99.249555719999933, 19.535718937000087 ], [ -99.249114654701344, 19.53636001742278 ], [ -99.249105131892904, 19.536405394582278 ], [ -99.249039374099027, 19.536718736528186 ], [ -99.249165980103768, 19.536830491699224 ], [ -99.249247390999983, 19.536902353000123 ], [ -99.248924062999947, 19.537502065000119 ], [ -99.248948182999897, 19.538235521000143 ], [ -99.248955357999819, 19.53893571 ], [ -99.249376421999898, 19.539607336000088 ], [ -99.249689094999809, 19.540096789000096 ], [ -99.249834164999868, 19.540280423000109 ], [ -99.249842133999834, 19.540366749000089 ], [ -99.249980975999918, 19.540498596000049 ], [ -99.250091599999877, 19.540514983000055 ], [ -99.250455174999928, 19.540583205000146 ], [ -99.251796114999934, 19.540830520000085 ], [ -99.251733900999866, 19.540892204000045 ], [ -99.251682749113996, 19.540942921114869 ], [ -99.253216219999899, 19.542485787000086 ], [ -99.252106814139779, 19.543416423334669 ], [ -99.252154967216271, 19.543531488958823 ], [ -99.252191530999909, 19.543610134000065 ], [ -99.252286681000086, 19.544163667000131 ], [ -99.25232214896343, 19.544694803575933 ], [ -99.252322674999832, 19.544702681000071 ], [ -99.251157023999866, 19.544843198000059 ], [ -99.251256742999928, 19.545416250000098 ], [ -99.248553600922904, 19.54608230500904 ], [ -99.247180795999967, 19.546420547000018 ], [ -99.245934024, 19.546607655000113 ], [ -99.245323819999925, 19.546794547000154 ], [ -99.243954418999905, 19.547140476000241 ], [ -99.243759206999925, 19.547198482000081 ], [ -99.243044508000011, 19.548072061000045 ], [ -99.242703046002632, 19.547783712002438 ], [ -99.242418057999842, 19.547690547000148 ], [ -99.242138208999776, 19.547391008000066 ], [ -99.241624990999796, 19.547714794000093 ], [ -99.241574340780716, 19.548322224496239 ], [ -99.241570977000023, 19.548362565000094 ], [ -99.241625767999963, 19.548368642000096 ], [ -99.241588150999888, 19.548786438000036 ], [ -99.240314207999987, 19.549124529000061 ], [ -99.240208278999759, 19.549011731000071 ], [ -99.23994444799996, 19.548803208000091 ], [ -99.239658595, 19.548587256000157 ], [ -99.239586248, 19.548559273000102 ], [ -99.239524402999905, 19.548563484000166 ], [ -99.239471335999895, 19.548612692000145 ], [ -99.23947618899993, 19.549336223000044 ], [ -99.239491174999927, 19.549706839000116 ], [ -99.239495011999978, 19.549801740000099 ], [ -99.239503322999852, 19.550219094000056 ], [ -99.239276601122597, 19.550350965204331 ], [ -99.239166562999941, 19.55020083300013 ], [ -99.239051596426194, 19.550214072451258 ], [ -99.239224450036986, 19.550435995977743 ], [ -99.237700585614959, 19.550644281925287 ], [ -99.236949967841213, 19.550713046367072 ], [ -99.236150856418902, 19.550802204541895 ], [ -99.234790007369597, 19.550984720415421 ], [ -99.234934117992012, 19.551558387718128 ], [ -99.235069319453942, 19.551903880157607 ], [ -99.235286294008503, 19.552432266844772 ], [ -99.23544066136931, 19.552845512089458 ], [ -99.235561062070573, 19.553303986883698 ], [ -99.235609127578769, 19.553579555103934 ], [ -99.235689781434118, 19.554566750715555 ], [ -99.235747241987582, 19.55514053016125 ], [ -99.235857674776383, 19.55569164767234 ], [ -99.235904577084014, 19.556608849678842 ], [ -99.235376937524634, 19.556562093613714 ], [ -99.235049275915202, 19.556562520445464 ], [ -99.235010575354792, 19.556625377142105 ], [ -99.234988650735488, 19.556660986656514 ], [ -99.234977567999792, 19.556678987000161 ], [ -99.234850828, 19.556972919000152 ], [ -99.234681397999935, 19.557304388000055 ], [ -99.234600068, 19.557963951998836 ], [ -99.23463513099982, 19.558563598000056 ], [ -99.2346438269999, 19.558664885999967 ], [ -99.234562783000015, 19.558784525000103 ], [ -99.234195451999852, 19.558975444000161 ], [ -99.233833993999838, 19.559536097000066 ], [ -99.23524042199989, 19.560346690000092 ], [ -99.234708181285541, 19.560803515147732 ], [ -99.234656681227492, 19.561064421478232 ], [ -99.234455636999883, 19.562082931000035 ], [ -99.235206501420393, 19.562231774735988 ], [ -99.235756435999917, 19.562344448999959 ], [ -99.235449866999943, 19.56350752200002 ], [ -99.23468143552779, 19.563341362745234 ], [ -99.232485625848696, 19.562858377031496 ], [ -99.232519586752034, 19.562617085424375 ], [ -99.232638481, 19.561825158000076 ], [ -99.232689338999876, 19.561737912000151 ], [ -99.232689927772, 19.561732722342146 ], [ -99.232697322999783, 19.561667538000137 ], [ -99.232721764999951, 19.561481947000086 ], [ -99.232578655999944, 19.561274548 ], [ -99.232091421999911, 19.560779223000125 ], [ -99.231475848144825, 19.560633606596998 ], [ -99.230853912999876, 19.560486483000119 ], [ -99.230875151999854, 19.560987517000086 ], [ -99.230861988622934, 19.560988086595735 ], [ -99.229983654999984, 19.561026091000048 ], [ -99.229993529999888, 19.560560137000042 ], [ -99.229958245999939, 19.560233478000029 ], [ -99.229907435999849, 19.559710165000144 ], [ -99.229866505999794, 19.559301910000023 ], [ -99.229890789999772, 19.559046857000105 ], [ -99.229931470999873, 19.55870404800006 ], [ -99.229945199999918, 19.558562565000084 ], [ -99.22998147753151, 19.558542499839604 ], [ -99.229983139813115, 19.558541580428709 ], [ -99.229993512999911, 19.558535843000097 ], [ -99.230008939372169, 19.55853508349923 ], [ -99.230618791999888, 19.558505057000215 ], [ -99.230611344999872, 19.558410622000174 ], [ -99.230608494999871, 19.558253622000084 ], [ -99.230607068, 19.558067558000101 ], [ -99.230646798999828, 19.557864962000135 ], [ -99.230780795999934, 19.55760997300014 ], [ -99.230809613999853, 19.557588364000026 ], [ -99.230874009, 19.557568810000106 ], [ -99.230880822844696, 19.557568087527752 ], [ -99.230997350999843, 19.557555732000061 ], [ -99.231128402999985, 19.557552824999988 ], [ -99.231322666999915, 19.557501973000107 ], [ -99.231473130999944, 19.557448085000047 ], [ -99.231746332999933, 19.557310378000196 ], [ -99.232221341000013, 19.557019882000066 ], [ -99.232400297999874, 19.556905127000093 ], [ -99.232470343129862, 19.556827248415082 ], [ -99.232536122999932, 19.556754112000071 ], [ -99.232646514999772, 19.556586791000111 ], [ -99.232699458999789, 19.556485010000053 ], [ -99.232715055295586, 19.556441678315242 ], [ -99.231982568361119, 19.556397041281155 ], [ -99.231541655434441, 19.556397607209945 ], [ -99.231120345594505, 19.556373295004793 ], [ -99.230786328308241, 19.556326277567596 ], [ -99.230500838642257, 19.55628145683924 ], [ -99.230108764255689, 19.556234512248096 ], [ -99.229794068011813, 19.556164875647163 ], [ -99.22922313140549, 19.556104601043824 ], [ -99.228762704270096, 19.555989962177737 ], [ -99.228632229360556, 19.556014979400878 ], [ -99.228604031189505, 19.55602774023528 ], [ -99.228573972694647, 19.556017291152365 ], [ -99.228527798051601, 19.556001239681599 ], [ -99.228411496521431, 19.555960809440588 ], [ -99.227968518083387, 19.555806814379103 ], [ -99.227832734119247, 19.55563696030438 ], [ -99.227825417850283, 19.555628477390325 ], [ -99.227757012332248, 19.555550477880146 ], [ -99.227752835460052, 19.555546140830881 ], [ -99.227639080015749, 19.555433821410499 ], [ -99.227629151893368, 19.555192403773532 ], [ -99.227629547777667, 19.555165403185519 ], [ -99.227630239597659, 19.555118304658205 ], [ -99.227630576344495, 19.555092640728777 ], [ -99.227632048193513, 19.555080353864437 ], [ -99.227639630304196, 19.555016732287402 ], [ -99.227644115476764, 19.554975141597161 ], [ -99.227644479643502, 19.554969704429816 ], [ -99.227649772075708, 19.554919817584032 ], [ -99.227653868798157, 19.554867037667915 ], [ -99.227657099455897, 19.554840438366298 ], [ -99.227658654468783, 19.554827635379226 ], [ -99.227663292459596, 19.554788974317241 ], [ -99.2276649857086, 19.554774816496931 ], [ -99.227666972974589, 19.55475822281241 ], [ -99.227667783712633, 19.554751725935741 ], [ -99.227669260339184, 19.554739450812725 ], [ -99.227671611457353, 19.554719915099156 ], [ -99.227676396277815, 19.554679912748327 ], [ -99.227679856585581, 19.554651209323534 ], [ -99.22768928170909, 19.554574205113877 ], [ -99.227694211932473, 19.554531167022684 ], [ -99.2276925856779, 19.554487078052148 ], [ -99.227692583151992, 19.554485277868505 ], [ -99.227691400436058, 19.554438646207327 ], [ -99.227691397910164, 19.554436846023638 ], [ -99.227687162226971, 19.554390571561527 ], [ -99.227688592918426, 19.554348278922667 ], [ -99.22768781498479, 19.55432515762422 ], [ -99.227686245224703, 19.554267653936151 ], [ -99.227685357879494, 19.554218869268151 ], [ -99.227684976021379, 19.554212374798283 ], [ -99.227681035974982, 19.554111135521172 ], [ -99.227679098844931, 19.55411113796352 ], [ -99.227677705308494, 19.554050812674454 ], [ -99.227677513441279, 19.554042479822417 ], [ -99.227677129552831, 19.554034537614207 ], [ -99.22767589071357, 19.554000896827961 ], [ -99.227674694338461, 19.553944522302054 ], [ -99.227674017407296, 19.553922722096733 ], [ -99.227671886841648, 19.553854155012058 ], [ -99.227682162453121, 19.553852695219906 ], [ -99.227679569771084, 19.553833223574809 ], [ -99.227676818127577, 19.55381256465742 ], [ -99.227669451139505, 19.553763787252372 ], [ -99.227669064181569, 19.553753656266434 ], [ -99.227663287752861, 19.553670529613534 ], [ -99.227663285227393, 19.55366872942972 ], [ -99.227662454734229, 19.553661141134242 ], [ -99.227662376569228, 19.553659786574151 ], [ -99.227660928621603, 19.553634737604749 ], [ -99.227659330268864, 19.55361052294792 ], [ -99.227656664098859, 19.553567882120404 ], [ -99.227655529960799, 19.553551108012378 ], [ -99.22765392564132, 19.553527395824425 ], [ -99.227649260088953, 19.553492700209578 ], [ -99.227639627623219, 19.553421863425633 ], [ -99.227638876540965, 19.553417875403589 ], [ -99.227636922100643, 19.55340485181522 ], [ -99.227625045486477, 19.553327168652654 ], [ -99.227622712178103, 19.553309097426641 ], [ -99.227612339794931, 19.553242215296148 ], [ -99.227612056869901, 19.553240324191105 ], [ -99.22760888213368, 19.553219097371887 ], [ -99.227595354635341, 19.553132732552637 ], [ -99.227592273323296, 19.553112862081257 ], [ -99.227588440845579, 19.553088261643033 ], [ -99.227581523631244, 19.55304202579493 ], [ -99.227580008260929, 19.553032105890342 ], [ -99.227576111586529, 19.553006590979688 ], [ -99.227575735824075, 19.553004437916133 ], [ -99.227574328073075, 19.552996482537669 ], [ -99.22756710291624, 19.552955662097226 ], [ -99.227566126735809, 19.552950227521315 ], [ -99.227556892425042, 19.552897463490556 ], [ -99.227555765400979, 19.552890510874434 ], [ -99.227551859368489, 19.5528664753454 ], [ -99.227542469410494, 19.552809440583491 ], [ -99.227540360975524, 19.552792640589608 ], [ -99.227537280158032, 19.552773793113751 ], [ -99.227534200939573, 19.552755405623422 ], [ -99.227523830127652, 19.552688911172051 ], [ -99.227523286860034, 19.552685594342986 ], [ -99.227513463877656, 19.552625664641951 ], [ -99.227508803022971, 19.552594958886246 ], [ -99.227493475931993, 19.552499170640424 ], [ -99.227492651044983, 19.552495571305116 ], [ -99.227490395720082, 19.55248074700156 ], [ -99.227480782142166, 19.552423289579878 ], [ -99.227466513186116, 19.552338337268644 ], [ -99.227452627918282, 19.552255743151274 ], [ -99.22745156758171, 19.552249432986699 ], [ -99.22742158241708, 19.552110666548582 ], [ -99.227418883074819, 19.552098032488285 ], [ -99.22731838035979, 19.551810739282274 ], [ -99.227308479727171, 19.551814388266731 ], [ -99.227305410094544, 19.551802812912975 ], [ -99.22730075889578, 19.551778955439694 ], [ -99.227298132307723, 19.551764484949629 ], [ -99.227283882875099, 19.55169404253623 ], [ -99.227275968789812, 19.551654706833485 ], [ -99.227274283061703, 19.551646327058059 ], [ -99.227274072893678, 19.551645330532171 ], [ -99.227269334936878, 19.551622822403576 ], [ -99.227265434898655, 19.551603694897683 ], [ -99.2272470754003, 19.551522736676759 ], [ -99.227245125647826, 19.551513702044538 ], [ -99.227219792965741, 19.551399499733357 ], [ -99.227211869300845, 19.551364194578554 ], [ -99.227204054997031, 19.551329376384587 ], [ -99.227199553381482, 19.551306118781511 ], [ -99.227197529440062, 19.551296519424021 ], [ -99.227188310518628, 19.551254592616779 ], [ -99.227174894191521, 19.551194244470711 ], [ -99.227174145616601, 19.551191350833683 ], [ -99.227169502558439, 19.551173282502095 ], [ -99.227160735293751, 19.551134603957156 ], [ -99.227159909383019, 19.551130262676136 ], [ -99.22715421479262, 19.551105347362807 ], [ -99.227141549500104, 19.551048951993522 ], [ -99.227134577367323, 19.55101644894097 ], [ -99.227108120470589, 19.550897163755668 ], [ -99.227098905154122, 19.550857779973388 ], [ -99.22709665295217, 19.550845144440149 ], [ -99.227095454767252, 19.550840451180377 ], [ -99.227075888208006, 19.550749010527518 ], [ -99.227069736920569, 19.550717212235661 ], [ -99.227066664313853, 19.55070348334209 ], [ -99.227055877555841, 19.550659018171004 ], [ -99.227055200330028, 19.550653970905945 ], [ -99.227038636504858, 19.550579435764604 ], [ -99.227024845200347, 19.550516723067513 ], [ -99.227017503206, 19.550485560673138 ], [ -99.227003338440781, 19.550422318869785 ], [ -99.226997192759271, 19.550394509537302 ], [ -99.226994567802961, 19.550381169577641 ], [ -99.22699374298638, 19.550377604579804 ], [ -99.226984598283622, 19.550335502344453 ], [ -99.226969911147549, 19.550272264808477 ], [ -99.226967665013021, 19.550262591622168 ], [ -99.226962343746649, 19.550238734073506 ], [ -99.226958072983635, 19.550220312819896 ], [ -99.226955373167257, 19.550207290155388 ], [ -99.226948854765112, 19.550179480384887 ], [ -99.226944666784078, 19.55016026466685 ], [ -99.226942708559335, 19.550151282455356 ], [ -99.226940085585198, 19.550139354085143 ], [ -99.226936187102694, 19.55012128480929 ], [ -99.226933114520648, 19.550107556816169 ], [ -99.226926595090362, 19.550079006004761 ], [ -99.226925919747273, 19.55007530074371 ], [ -99.226920076156787, 19.550050808542387 ], [ -99.226911981742447, 19.55001396456667 ], [ -99.226897141719462, 19.549947017489679 ], [ -99.226893618498451, 19.549930747928965 ], [ -99.22688559450549, 19.549891079773218 ], [ -99.226883197667433, 19.549881338996357 ], [ -99.226878624991073, 19.549860375986537 ], [ -99.226862892507199, 19.549793959600063 ], [ -99.22685989365101, 19.549779771524527 ], [ -99.22683963682617, 19.549688760961725 ], [ -99.226834562066742, 19.549665957726098 ], [ -99.226831340328616, 19.549652582364065 ], [ -99.226831114596322, 19.549650676725754 ], [ -99.226825646829283, 19.549628372830611 ], [ -99.226815377120801, 19.549580659059977 ], [ -99.226804582962416, 19.549530792409016 ], [ -99.226799393158501, 19.549508881276878 ], [ -99.226798439010778, 19.549504853741254 ], [ -99.226797389867926, 19.549499700303869 ], [ -99.22679641516585, 19.549495289621479 ], [ -99.226788545503652, 19.54945960933205 ], [ -99.226785472848377, 19.549445810845977 ], [ -99.226781202718186, 19.549427812521049 ], [ -99.226771609753811, 19.549384792664128 ], [ -99.226759318192236, 19.549329596910997 ], [ -99.22675586975042, 19.549313610113185 ], [ -99.226745528881963, 19.549268154794152 ], [ -99.226729041692877, 19.549194361459172 ], [ -99.226722073226341, 19.549164364362856 ], [ -99.226703711314158, 19.549081959225237 ], [ -99.226648086523028, 19.549053398936081 ], [ -99.226645311410465, 19.549039670562696 ], [ -99.226640814985913, 19.549019342755972 ], [ -99.226639992254675, 19.549017260739472 ], [ -99.226425962658595, 19.548972697079289 ], [ -99.226396854523145, 19.548820549898629 ], [ -99.226386911168689, 19.548793451095669 ], [ -99.226379884082988, 19.548774679928787 ], [ -99.226368445654529, 19.548743240677219 ], [ -99.226339438423196, 19.548663390970827 ], [ -99.226321570215347, 19.548614238945117 ], [ -99.226304599178889, 19.548567909883467 ], [ -99.22628724319776, 19.548520335991256 ], [ -99.226280900616118, 19.548502950252001 ], [ -99.226261761864421, 19.548450481391576 ], [ -99.226252938947638, 19.548425640448514 ], [ -99.226245195035219, 19.548404823272676 ], [ -99.226232605565798, 19.54837098429774 ], [ -99.226229987839176, 19.548362762017796 ], [ -99.226214661197659, 19.548320490346939 ], [ -99.226201504285456, 19.548285100412045 ], [ -99.226200831572172, 19.548283264917913 ], [ -99.22618476358538, 19.548243254348389 ], [ -99.226162193259967, 19.54818680080135 ], [ -99.22614156556601, 19.548134333789978 ], [ -99.22611966857157, 19.548080138665995 ], [ -99.226103673455384, 19.54803903270151 ], [ -99.226084541453943, 19.547991329067631 ], [ -99.226071838221912, 19.54796063332174 ], [ -99.226058010676567, 19.547924855618792 ], [ -99.226047399297002, 19.54789920446748 ], [ -99.226028640109789, 19.547851536508652 ], [ -99.226002630848257, 19.547785767290435 ], [ -99.225998744983173, 19.547775958776477 ], [ -99.225987608594821, 19.547747731803526 ], [ -99.225972363429577, 19.547709802327827 ], [ -99.22595607232364, 19.547669671820227 ], [ -99.225952783683525, 19.547661569664363 ], [ -99.225943217087831, 19.547637259206805 ], [ -99.225939105785386, 19.547626427070945 ], [ -99.225905921373155, 19.547541534387864 ], [ -99.225876312179508, 19.547465837888414 ], [ -99.225872810741393, 19.547456888317747 ], [ -99.225857565237291, 19.547418675970228 ], [ -99.225839998910985, 19.547372523824098 ], [ -99.225820492640011, 19.547322914703095 ], [ -99.22580584278964, 19.547285267327631 ], [ -99.225794841741035, 19.547256973297117 ], [ -99.225786485003781, 19.547235480889682 ], [ -99.225734142721251, 19.547157824941294 ], [ -99.225705477733499, 19.547109780727173 ], [ -99.225700413643082, 19.547093790500263 ], [ -99.225697923246955, 19.547085925920733 ], [ -99.225678026442807, 19.547024138886496 ], [ -99.225650053568145, 19.546937686161439 ], [ -99.225548522384955, 19.546921821831429 ], [ -99.225459792551703, 19.546953209067468 ], [ -99.225426202572791, 19.546897934051213 ], [ -99.225417021133964, 19.546882483949904 ], [ -99.225412019982954, 19.546874723714584 ], [ -99.225377235704897, 19.546817472863157 ], [ -99.225314082699697, 19.546711189600817 ], [ -99.225282135506376, 19.546658807086612 ], [ -99.225263027130353, 19.546627836403982 ], [ -99.225249218345098, 19.546605367532493 ], [ -99.225221973732758, 19.546561274289118 ], [ -99.225210702664867, 19.546543002690534 ], [ -99.225163602933634, 19.546466281371401 ], [ -99.225113218548259, 19.546383563503412 ], [ -99.225100156408487, 19.54636261011299 ], [ -99.225059327799386, 19.546296506762239 ], [ -99.225013048780923, 19.546221020652148 ], [ -99.224953095642775, 19.54616581362189 ], [ -99.22484791136479, 19.545957140117984 ], [ -99.224819808311835, 19.545909021964658 ], [ -99.224974282761949, 19.545700929186658 ], [ -99.225356601797031, 19.545066920042494 ], [ -99.228422295342583, 19.545148055718268 ], [ -99.228974936526171, 19.545184114575267 ], [ -99.230402079552604, 19.54520482103359 ], [ -99.230950754363079, 19.545133784431798 ], [ -99.231350354727454, 19.545050741484985 ], [ -99.231991944841567, 19.543881999763101 ], [ -99.232782444404634, 19.542460354912382 ], [ -99.233096455836375, 19.541899888312816 ], [ -99.233009749590877, 19.541653106119615 ], [ -99.232896000881382, 19.541555315245724 ], [ -99.23219192449136, 19.541220001463319 ], [ -99.231388615069278, 19.540837423235381 ], [ -99.23024200348172, 19.540269362271996 ], [ -99.229361015475874, 19.539832890381916 ], [ -99.228735172272238, 19.53952152803225 ], [ -99.22851544885836, 19.539401330656865 ], [ -99.229939210923689, 19.537163344626507 ], [ -99.230218814383235, 19.533195348281801 ], [ -99.23229622999979, 19.533291426281266 ], [ -99.234284976844179, 19.530234787411398 ], [ -99.234528064280951, 19.530382620318132 ], [ -99.234762865073591, 19.530393023047697 ], [ -99.235173445942294, 19.529812765417656 ], [ -99.235543854314329, 19.529289277635726 ], [ -99.235931821994654, 19.528565944872962 ], [ -99.236233274364722, 19.527989046445683 ], [ -99.236461137447549, 19.527552975003047 ], [ -99.236396710326787, 19.527317171690104 ], [ -99.236043460444463, 19.52723954276399 ], [ -99.235981623679038, 19.527089482965103 ], [ -99.236004948366556, 19.526460032540996 ], [ -99.236017633621799, 19.52566660840338 ], [ -99.237159885849053, 19.525977476224995 ], [ -99.238081091782817, 19.526478219463726 ], [ -99.238635466740021, 19.526906619233436 ], [ -99.239070598371242, 19.527124625220541 ], [ -99.2396495773136, 19.527414697825424 ], [ -99.24033498998412, 19.527279709463254 ], [ -99.241292897458138, 19.527433139497969 ], [ -99.242033964696176, 19.526666865317729 ], [ -99.241750459398546, 19.52492016479788 ], [ -99.241685679542186, 19.524521044954106 ], [ -99.242088071414855, 19.524345172880608 ], [ -99.242490939801371, 19.524489025436878 ], [ -99.243100607367168, 19.524653226647533 ], [ -99.243536449163429, 19.524860039812204 ], [ -99.24384421461599, 19.525137161872141 ], [ -99.244360302913336, 19.52547406563902 ], [ -99.244930036949455, 19.525424288658989 ], [ -99.245244112335214, 19.525436528469832 ], [ -99.245941866536768, 19.525257895303962 ], [ -99.246158877381006, 19.524834736519782 ], [ -99.246465656560019, 19.524552126654175 ], [ -99.246865255555861, 19.524184007444347 ], [ -99.247488242179173, 19.523996013339048 ], [ -99.247781314524119, 19.523500552167224 ], [ -99.24777158581729, 19.522749304291168 ], [ -99.247848141810962, 19.522262100258089 ], [ -99.247914493644544, 19.521748752869872 ], [ -99.247759594323597, 19.521556400827809 ], [ -99.246978949507621, 19.521418290886672 ], [ -99.246269071261892, 19.521327666465755 ], [ -99.245065458887794, 19.521139609826996 ], [ -99.245079482813878, 19.520455583467321 ], [ -99.245421298884651, 19.51979890726728 ], [ -99.246435252178941, 19.519260858521857 ], [ -99.247752458069485, 19.518561534960551 ], [ -99.249238398116788, 19.518400632986665 ], [ -99.250104183668583, 19.518306877402317 ], [ -99.250733763663533, 19.518569569573682 ], [ -99.253218324860967, 19.519606222530246 ], [ -99.253307262159538, 19.519643329653064 ], [ -99.254727064213853, 19.51955204079341 ], [ -99.255291268317492, 19.519492473733379 ], [ -99.255867947652007, 19.519479904467026 ], [ -99.256776674515137, 19.51962566980929 ], [ -99.257510232409828, 19.520334820398968 ], [ -99.257584050332852, 19.520406181700483 ], [ -99.257845577071436, 19.521087557701264 ], [ -99.25812968597242, 19.521868111575746 ], [ -99.259222655190754, 19.521355937503671 ], [ -99.259779499047795, 19.520294747778173 ], [ -99.260411883440909, 19.518669799923188 ], [ -99.261221195129735, 19.518144018030039 ], [ -99.262186387307537, 19.517597421725586 ], [ -99.262619122153197, 19.517238638935066 ], [ -99.26408062639787, 19.517298387771799 ], [ -99.265397748448322, 19.517352223852452 ], [ -99.267170918287917, 19.517408286912925 ], [ -99.266022297961811, 19.518467625877555 ], [ -99.266044727368637, 19.519404883846633 ], [ -99.265978706402692, 19.519630761727328 ], [ -99.26594347345376, 19.519751304139728 ], [ -99.265870355715819, 19.520001461114788 ], [ -99.265313844862519, 19.521170128613722 ], [ -99.265378755837091, 19.521529230836478 ], [ -99.26581645772454, 19.521814469765026 ], [ -99.266203563991397, 19.522048846571543 ], [ -99.266319378698881, 19.522572247555992 ], [ -99.266256951054729, 19.522975936724659 ], [ -99.266161186395834, 19.523595196326227 ], [ -99.265879643156993, 19.524102486968442 ], [ -99.264956742606472, 19.52472300034594 ], [ -99.263865204376913, 19.525047417549303 ], [ -99.262940793588811, 19.525275617780121 ], [ -99.26308587710875, 19.525589699383197 ], [ -99.263467821448202, 19.526432768896061 ], [ -99.264009813159177, 19.527016541746161 ], [ -99.264750483044239, 19.526913893961218 ] ] ] ] } },
{ "type": "Feature", "properties": { "MUNICIPI_2": "ATIZAPÁN DE ZARAGOZA", "NOM_ENT": "REGIÓN VIII" }, "geometry": { "type": "MultiPolygon", "coordinates": [ [ [ [ -99.256341414999866, 19.551596520999986 ], [ -99.256337914377625, 19.551586042322786 ], [ -99.2561873171136, 19.551135246781978 ], [ -99.25618541599988, 19.551129556000141 ], [ -99.255777861999789, 19.551299934000088 ], [ -99.255072305017649, 19.549381312609402 ], [ -99.255036277999892, 19.549283343000113 ], [ -99.258207757999855, 19.546936970000054 ], [ -99.257764121999983, 19.546771841000115 ], [ -99.257271192999895, 19.546562844000135 ], [ -99.256405830999896, 19.546258384000108 ], [ -99.256268832999794, 19.54633408100009 ], [ -99.255669711999957, 19.546159899000056 ], [ -99.254105146999933, 19.545711532000109 ], [ -99.252782126999946, 19.545401591000072 ], [ -99.252468697999944, 19.545155819000087 ], [ -99.252359614325556, 19.544817311227799 ], [ -99.252322674999832, 19.544702681000071 ], [ -99.25232214896343, 19.544694803575933 ], [ -99.252286681000086, 19.544163667000131 ], [ -99.252191530999909, 19.543610134000065 ], [ -99.252154967216271, 19.543531488958749 ], [ -99.252106814139779, 19.543416423334669 ], [ -99.253216219999899, 19.542485787000086 ], [ -99.251682749123475, 19.540942921124454 ], [ -99.251733900999866, 19.540892204000045 ], [ -99.251796114999934, 19.540830520000085 ], [ -99.250455174999928, 19.540583205000146 ], [ -99.250091599999877, 19.540514983000055 ], [ -99.249980975999918, 19.540498596000049 ], [ -99.249842133999834, 19.540366749000206 ], [ -99.249834164999868, 19.540280423000109 ], [ -99.249689094999809, 19.540096789000096 ], [ -99.249376421999898, 19.539607336000088 ], [ -99.248955357999819, 19.53893571 ], [ -99.248948182999897, 19.538235521000143 ], [ -99.248924062999947, 19.537502065000119 ], [ -99.249247390999983, 19.536902353000123 ], [ -99.249165980119585, 19.536830491713186 ], [ -99.249039374099027, 19.536718736528186 ], [ -99.249105131892904, 19.536405394582278 ], [ -99.249114654701344, 19.53636001742278 ], [ -99.249555719999933, 19.535718937000087 ], [ -99.248513109999962, 19.534817183000058 ], [ -99.248602518000013, 19.534562706000127 ], [ -99.248600056999905, 19.534559695000087 ], [ -99.248286000999869, 19.534168762000149 ], [ -99.248286234999966, 19.534168774000044 ], [ -99.248172104999938, 19.533169986000114 ], [ -99.248948508999916, 19.533168865000086 ], [ -99.249298776000018, 19.532629638000049 ], [ -99.249409021999938, 19.532611461000084 ], [ -99.249425003999832, 19.532599703000091 ], [ -99.249561623999952, 19.532509851000079 ], [ -99.249631597999795, 19.532421132000028 ], [ -99.25042498799985, 19.532909700000069 ], [ -99.251043327999966, 19.532161715000061 ], [ -99.250970098000053, 19.532060645000108 ], [ -99.250655836999897, 19.531800382000061 ], [ -99.250259801999945, 19.531464616000054 ], [ -99.250076586, 19.531287518000067 ], [ -99.249360911999986, 19.53083417700007 ], [ -99.249335744999854, 19.530817189000086 ], [ -99.249342098999932, 19.530797867000064 ], [ -99.249339121, 19.530688237000124 ], [ -99.249265149999886, 19.5304568490001 ], [ -99.249756270999981, 19.530028767000044 ], [ -99.250220556999977, 19.529859226000184 ], [ -99.250329039999883, 19.529840736000033 ], [ -99.250458416000015, 19.529830982000114 ], [ -99.250654453999971, 19.52981620100006 ], [ -99.25071930499989, 19.529811311000159 ], [ -99.250844053999941, 19.530036537000136 ], [ -99.250876417999891, 19.530094969000039 ], [ -99.250927884999967, 19.530187889000061 ], [ -99.250962424999912, 19.530279084000075 ], [ -99.251102932000066, 19.530211354000077 ], [ -99.251179706999864, 19.530181873000089 ], [ -99.251266084999841, 19.530160206000122 ], [ -99.251316515999989, 19.530146402000131 ], [ -99.251394278999967, 19.530120408000176 ], [ -99.251437762999956, 19.530110503000063 ], [ -99.251520200999892, 19.53009172400008 ], [ -99.251722693999881, 19.530054223000146 ], [ -99.251823185629917, 19.530050362366964 ], [ -99.251812707999989, 19.530013928000113 ], [ -99.251859730999911, 19.52993712000011 ], [ -99.251652478999915, 19.529494494000065 ], [ -99.25159299099991, 19.529369660000167 ], [ -99.251564582999919, 19.529188746000077 ], [ -99.251661256999881, 19.529123244000083 ], [ -99.25194039199998, 19.529055581000058 ], [ -99.252025298999925, 19.529033684000101 ], [ -99.252156447999852, 19.528999862000028 ], [ -99.252251112999957, 19.528975448000075 ], [ -99.252382175999898, 19.528954772000109 ], [ -99.252488007999858, 19.528949245000067 ], [ -99.25256000099985, 19.528940713000065 ], [ -99.252630753, 19.528940363000054 ], [ -99.252707933999872, 19.528955212000099 ], [ -99.252752003999916, 19.528955150000122 ], [ -99.252791296999945, 19.528955514000241 ], [ -99.252804546999826, 19.528955085000209 ], [ -99.252810451999849, 19.52895487200006 ], [ -99.252811233999893, 19.528948658000097 ], [ -99.252824276999888, 19.528930328000062 ], [ -99.253099778000021, 19.528993001000099 ], [ -99.253115960999835, 19.528946059000099 ], [ -99.253079711872573, 19.528717878210792 ], [ -99.253079445406442, 19.528716200859062 ], [ -99.253063288791495, 19.528614498074603 ], [ -99.253053952999863, 19.528555731000068 ], [ -99.253439423000032, 19.528497871000052 ], [ -99.254297849999915, 19.528280370000108 ], [ -99.255549089999903, 19.527914877000125 ], [ -99.255612911999933, 19.528160563000082 ], [ -99.255814243999922, 19.528169191000128 ], [ -99.255964952999861, 19.528128601000052 ], [ -99.256010181441766, 19.528087122638816 ], [ -99.256031334999847, 19.528067723000191 ], [ -99.256065550999907, 19.52797162300007 ], [ -99.256070932631545, 19.527949427257688 ], [ -99.256078682999885, 19.527917462000111 ], [ -99.256091811999909, 19.527800679000109 ], [ -99.256046142698338, 19.527375827926459 ], [ -99.256095263263987, 19.527215349921104 ], [ -99.256076790270598, 19.526984930167686 ], [ -99.25601497316795, 19.526709386312099 ], [ -99.256020865351886, 19.526456339295596 ], [ -99.255901786455198, 19.525952689784273 ], [ -99.255927952170964, 19.525378797125491 ], [ -99.255847129363715, 19.525078428039599 ], [ -99.255876794046159, 19.524850199357907 ], [ -99.255891904407491, 19.524828815113729 ], [ -99.255974273693553, 19.524712245647482 ], [ -99.256078385088401, 19.524645242847122 ], [ -99.25633142599996, 19.524644821000074 ], [ -99.256446437429048, 19.524622598275172 ], [ -99.256591475098588, 19.524592238074902 ], [ -99.256807165999973, 19.524517437000082 ], [ -99.25691119721219, 19.524410437408715 ], [ -99.257106029931251, 19.524205460867037 ], [ -99.257457115999955, 19.523854259000096 ], [ -99.257612045120808, 19.523787606948101 ], [ -99.257852463720468, 19.523708718457655 ], [ -99.258283648030286, 19.523640324832868 ], [ -99.258521040643259, 19.523619652114284 ], [ -99.258625542539207, 19.523602984635797 ], [ -99.258910944999883, 19.523592826000037 ], [ -99.259079431999879, 19.523692785000147 ], [ -99.259107582999803, 19.523723666000087 ], [ -99.259107609692066, 19.523723695281006 ], [ -99.25918618407735, 19.523809889936771 ], [ -99.259314910999748, 19.523941642000157 ], [ -99.259317115125825, 19.523943483385878 ], [ -99.259344774267532, 19.523969187258444 ], [ -99.259454416868479, 19.524071078925072 ], [ -99.259536999368223, 19.524147823312607 ], [ -99.25956019612174, 19.524169380167745 ], [ -99.259813339698397, 19.524357810133438 ], [ -99.259858875412547, 19.524394931053056 ], [ -99.260084691274315, 19.524579016760431 ], [ -99.260281217486508, 19.524739224849316 ], [ -99.260295272963688, 19.524750682845426 ], [ -99.260395582305378, 19.524818896005925 ], [ -99.260623263415823, 19.52491314034895 ], [ -99.260787201683641, 19.524980999285894 ], [ -99.260975844980649, 19.525050764579944 ], [ -99.261274792176835, 19.525373408942588 ], [ -99.261439037903287, 19.525559476926968 ], [ -99.261641276876631, 19.525788585270575 ], [ -99.261800310056387, 19.525996208198482 ], [ -99.261997887155459, 19.526226367858406 ], [ -99.262011486992876, 19.526249443490229 ], [ -99.262073481689001, 19.526267798097305 ], [ -99.262122372106788, 19.526297497351287 ], [ -99.262141428506482, 19.526313290736805 ], [ -99.262180206273214, 19.526345428806334 ], [ -99.262263874701176, 19.526426846728445 ], [ -99.26227100725481, 19.526438322620034 ], [ -99.262322755571176, 19.526521585281852 ], [ -99.262368273947203, 19.526623509484164 ], [ -99.262414512700587, 19.526811435216537 ], [ -99.262435525215466, 19.526873621525407 ], [ -99.26244839935093, 19.52691172236381 ], [ -99.262508972999854, 19.526974482000085 ], [ -99.262567121639393, 19.527001381577968 ], [ -99.262616209832458, 19.527024089226874 ], [ -99.262710157499669, 19.527065640321538 ], [ -99.262710305999988, 19.527065706 ], [ -99.262787143999958, 19.527118519000133 ], [ -99.262907083000016, 19.527216475000106 ], [ -99.262928313032475, 19.52723679598456 ], [ -99.262999096999934, 19.52730454900011 ], [ -99.263125910921261, 19.5273385451368 ], [ -99.263293400162965, 19.52735594302457 ], [ -99.26359404815986, 19.527388983938007 ], [ -99.263732480182298, 19.527402714713137 ], [ -99.263876704039987, 19.527415735429837 ], [ -99.26400927720006, 19.527415541879854 ], [ -99.264168538431036, 19.527378923534108 ], [ -99.264331241727788, 19.52731363249179 ], [ -99.264426488285963, 19.527244029590999 ], [ -99.264750483044239, 19.526913893961218 ], [ -99.265044553320962, 19.526873138372856 ], [ -99.26579842695341, 19.526768655314871 ], [ -99.266389816117112, 19.526661784293026 ], [ -99.267048726978459, 19.526425805143308 ], [ -99.268427338487342, 19.525932790875789 ], [ -99.269033796059375, 19.525506367118368 ], [ -99.269998642737775, 19.524876711200573 ], [ -99.271294711122991, 19.524013087980485 ], [ -99.27263778352318, 19.523297222747505 ], [ -99.272661213551729, 19.529525111120559 ], [ -99.278311462726691, 19.533097142096789 ], [ -99.278527243641307, 19.533027284357079 ], [ -99.278820164851297, 19.533216240582295 ], [ -99.278839009202642, 19.53317441533212 ], [ -99.279090771493216, 19.533264865069405 ], [ -99.279270373227234, 19.533196458998006 ], [ -99.279730230387415, 19.533728839409253 ], [ -99.279970149697903, 19.533898789231657 ], [ -99.280761445439325, 19.534204140015671 ], [ -99.280917045574583, 19.534113060257834 ], [ -99.280844509916548, 19.53373846608125 ], [ -99.281107584575864, 19.534078464874447 ], [ -99.281107935077813, 19.534078472742156 ], [ -99.281107774440954, 19.534073478476142 ], [ -99.281055071458113, 19.533913152382926 ], [ -99.280992836695205, 19.53375284108969 ], [ -99.280978664618672, 19.533660233114347 ], [ -99.280998525261396, 19.533569831497893 ], [ -99.281051973240707, 19.533499711070533 ], [ -99.28112942825878, 19.533476997926957 ], [ -99.281211675099044, 19.533524314618536 ], [ -99.281278922767683, 19.533662025353422 ], [ -99.28136054663949, 19.533844899048674 ], [ -99.281403639731437, 19.533960054646549 ], [ -99.281480458798029, 19.534120343076463 ], [ -99.281581532161383, 19.534305445634025 ], [ -99.281615132775258, 19.53444320864342 ], [ -99.281628963177283, 19.534558409770277 ], [ -99.281594657305234, 19.534673685900483 ], [ -99.281561020609374, 19.534725901606979 ], [ -99.281561364426722, 19.534726506845928 ], [ -99.281948640891059, 19.53480409366135 ], [ -99.282332038561947, 19.534906446425104 ], [ -99.282364001180795, 19.534922912988904 ], [ -99.282470985329567, 19.534814652278268 ], [ -99.282602545898314, 19.534606593955637 ], [ -99.282738465324073, 19.534493417974755 ], [ -99.282889171741047, 19.53433277411931 ], [ -99.283010585628233, 19.534264805999467 ], [ -99.283200293606356, 19.534058915449211 ], [ -99.283321792172018, 19.533875724317571 ], [ -99.283419046505401, 19.533782941846688 ], [ -99.283554797013252, 19.533737543562996 ], [ -99.283651926901612, 19.533737391154197 ], [ -99.283762685547842, 19.533899884594874 ], [ -99.283790782493568, 19.534105433866358 ], [ -99.283804283246141, 19.534358450674468 ], [ -99.28385682549991, 19.534588813482138 ], [ -99.283933949581595, 19.534703914993901 ], [ -99.284049268203432, 19.534911586421629 ], [ -99.284063477701437, 19.535024527473425 ], [ -99.284033844132196, 19.535139796699184 ], [ -99.283980268942997, 19.535300288893051 ], [ -99.28391674090021, 19.53543820402933 ], [ -99.283829096814401, 19.535576157018099 ], [ -99.283803378950665, 19.535694814476638 ], [ -99.284017578328687, 19.535752448403379 ], [ -99.284272852074153, 19.535748131684176 ], [ -99.28428844215702, 19.535738102293973 ], [ -99.284399943212236, 19.535670148839035 ], [ -99.284502003544944, 19.535599950910328 ], [ -99.284584717812535, 19.535532042656907 ], [ -99.284779230823816, 19.535348735592319 ], [ -99.284905410642196, 19.535280758697493 ], [ -99.285089640041619, 19.535212690154449 ], [ -99.285215406370597, 19.535235084395598 ], [ -99.285281407187711, 19.535272189809771 ], [ -99.285351953824332, 19.535215428297942 ], [ -99.28574054468838, 19.535452844127057 ], [ -99.286244220577444, 19.536209414281522 ], [ -99.286295370983154, 19.536259423213718 ], [ -99.286301459694585, 19.536250037407878 ], [ -99.286368012626895, 19.536152783478361 ], [ -99.286507123736087, 19.536012488434707 ], [ -99.286637211450127, 19.535944504142609 ], [ -99.286816584350063, 19.535987145631029 ], [ -99.28695767103666, 19.536102144279997 ], [ -99.287060013980806, 19.536192352424329 ], [ -99.287239446625193, 19.53621465999074 ], [ -99.287345358820488, 19.536167047017152 ], [ -99.287494832282519, 19.536119364689078 ], [ -99.287663619640981, 19.536051318094604 ], [ -99.287779047004534, 19.53605043443541 ], [ -99.287780147834766, 19.536047479708341 ], [ -99.288295584678337, 19.535827852325578 ], [ -99.288295629182329, 19.535827837473878 ], [ -99.288271074412762, 19.535770201074659 ], [ -99.288120253301102, 19.535702663578213 ], [ -99.287858945294118, 19.535682746576832 ], [ -99.28761156537351, 19.535615362425141 ], [ -99.287523436497267, 19.535477687365994 ], [ -99.287570932428594, 19.535384981848129 ], [ -99.287706111146363, 19.535339581362301 ], [ -99.287996220360839, 19.535314267357919 ], [ -99.288218366530913, 19.535289061286736 ], [ -99.288406132419382, 19.535173539131762 ], [ -99.288529924602628, 19.534942896309616 ], [ -99.288625200909266, 19.534757484283254 ], [ -99.288783758020543, 19.534619415711973 ], [ -99.288928874183057, 19.53464177645095 ], [ -99.289016959563313, 19.534754598961779 ], [ -99.289081996180215, 19.534984940176027 ], [ -99.289078739891238, 19.535190538671923 ], [ -99.289132895884407, 19.535305674649656 ], [ -99.289249457018414, 19.535350673470898 ], [ -99.289429160146867, 19.535418163774509 ], [ -99.289459607279127, 19.535601115617062 ], [ -99.289426736574129, 19.535716390863236 ], [ -99.289297808639319, 19.535899597893906 ], [ -99.289255119789232, 19.536014888823583 ], [ -99.289328486602798, 19.53610514204604 ], [ -99.289604709695368, 19.536149884943395 ], [ -99.289856486612237, 19.53616981469558 ], [ -99.290030731946359, 19.536169535141671 ], [ -99.290271862226362, 19.536099110742366 ], [ -99.290401903966497, 19.536006271900373 ], [ -99.290536656648115, 19.535936018056898 ], [ -99.290681693353903, 19.535913192168042 ], [ -99.290763257271692, 19.535843023699702 ], [ -99.290815803403063, 19.535750309227073 ], [ -99.290901670980219, 19.535634948441764 ], [ -99.291026157329838, 19.535474340101516 ], [ -99.291160597176045, 19.535336308305435 ], [ -99.291271640581058, 19.535333870108616 ], [ -99.291383436321823, 19.535378875226545 ], [ -99.291455838780294, 19.53535616581436 ], [ -99.291498606975608, 19.535286059577516 ], [ -99.291487548026453, 19.535125669493436 ], [ -99.291418770075026, 19.534990224415903 ], [ -99.291441780788617, 19.534852372050192 ], [ -99.291552552123377, 19.534804748791721 ], [ -99.291644494774516, 19.534782007782653 ], [ -99.291740641567372, 19.534711815342828 ], [ -99.291844051113472, 19.534917241642706 ], [ -99.29185064414213, 19.534939848260557 ], [ -99.291856424265688, 19.534932723926723 ], [ -99.292131107140818, 19.534594160601653 ], [ -99.29213471191494, 19.534592780208957 ], [ -99.292095325838631, 19.534340722742154 ], [ -99.292030615865656, 19.534135234046826 ], [ -99.291994706465303, 19.533884513460102 ], [ -99.292056044717512, 19.533699154480239 ], [ -99.292214175939094, 19.533538490947741 ], [ -99.29239827689571, 19.533560785876119 ], [ -99.292544549164887, 19.53369610518487 ], [ -99.292556167002232, 19.533901679647226 ], [ -99.292543482603136, 19.534109552707996 ], [ -99.292520880921245, 19.534315182548315 ], [ -99.292534584141364, 19.534385795205637 ], [ -99.292534701494617, 19.534385708618693 ], [ -99.292649971320174, 19.534368493084944 ], [ -99.294048401682133, 19.534166407899701 ], [ -99.294232873947166, 19.534443820856186 ], [ -99.294350099065383, 19.534502228933686 ], [ -99.294654423225111, 19.534411446645354 ], [ -99.29492643904814, 19.534088640459313 ], [ -99.295223038234852, 19.533958322001055 ], [ -99.295589250239473, 19.533671684483526 ], [ -99.295740187509111, 19.533419792556149 ], [ -99.295848193087181, 19.533006170066841 ], [ -99.295782274864749, 19.532662869458093 ], [ -99.295788385074147, 19.532249413690224 ], [ -99.295689919915134, 19.531515313132484 ], [ -99.295716869689144, 19.531239638498228 ], [ -99.295773895542993, 19.531149174524078 ], [ -99.295913366558949, 19.53105631631734 ], [ -99.296029498958788, 19.531055206766609 ], [ -99.29601680855869, 19.530992472478381 ], [ -99.296359106799883, 19.530883716438037 ], [ -99.296679559290808, 19.531315972030594 ], [ -99.297912149717675, 19.53109755416796 ], [ -99.297916934928082, 19.531133175277326 ], [ -99.297928490865374, 19.531131468083863 ], [ -99.298255678199737, 19.531659603101854 ], [ -99.298571851264256, 19.531247483234292 ], [ -99.298573121901342, 19.531247259820553 ], [ -99.298613701330169, 19.53110383870651 ], [ -99.298558516199222, 19.530898336619316 ], [ -99.298460563093428, 19.530760683123827 ], [ -99.298420985576413, 19.530645525874423 ], [ -99.298545966462441, 19.530552689574492 ], [ -99.298652572208411, 19.530575106141022 ], [ -99.298764039142796, 19.530597514609774 ], [ -99.298850184301273, 19.530482149619306 ], [ -99.298916325021622, 19.530321632337969 ], [ -99.299021076846017, 19.530113606568086 ], [ -99.299121108329985, 19.529930440479241 ], [ -99.299186506118616, 19.529677294392364 ], [ -99.299175493770505, 19.529494312017867 ], [ -99.299065778442412, 19.529128492346992 ], [ -99.298976573709425, 19.528875602013805 ], [ -99.299023596779222, 19.528737708959088 ], [ -99.299195979985384, 19.528506978515829 ], [ -99.299339474185899, 19.528323740351009 ], [ -99.299573599108925, 19.527977684689002 ], [ -99.299653537012617, 19.527701921631024 ], [ -99.29966870428305, 19.527243265266236 ], [ -99.299786223248347, 19.526827365268783 ], [ -99.299943227969706, 19.526528881580646 ], [ -99.300131470008807, 19.526329487969278 ], [ -99.300095212208731, 19.526268432145923 ], [ -99.301034621957655, 19.524850952396211 ], [ -99.302402136841266, 19.523550326173694 ], [ -99.302992735969866, 19.523363081857809 ], [ -99.303044202736814, 19.523157402256771 ], [ -99.303067572217387, 19.523064733116108 ], [ -99.303168705506337, 19.523017118962866 ], [ -99.303308963167467, 19.522994291075591 ], [ -99.303424404161959, 19.522901467427577 ], [ -99.303515307593116, 19.522786092218041 ], [ -99.303567514155603, 19.522670781930803 ], [ -99.303604439437791, 19.522487719254098 ], [ -99.304167084999975, 19.522724344000064 ], [ -99.304266381999938, 19.523539948000124 ], [ -99.304726720999952, 19.52397486900006 ], [ -99.304952967999924, 19.524706827000081 ], [ -99.305032315999838, 19.525309251000014 ], [ -99.305024225999929, 19.526208466000131 ], [ -99.305473138056371, 19.527082914169327 ], [ -99.30652757138796, 19.531106453707743 ], [ -99.306705492067891, 19.531714068604618 ], [ -99.306742289722038, 19.531846071401468 ], [ -99.306849193240566, 19.532417095775866 ], [ -99.307383591376436, 19.533984886936427 ], [ -99.307459403578193, 19.534522273857505 ], [ -99.30748754354569, 19.535146205422681 ], [ -99.307563011641051, 19.53521095628906 ], [ -99.307570927817437, 19.535262237596388 ], [ -99.307601516482066, 19.53544735826161 ], [ -99.30764255409926, 19.535652367362975 ], [ -99.307656074513375, 19.535720930236764 ], [ -99.307710054327472, 19.535926559950823 ], [ -99.307768876105982, 19.536150633920908 ], [ -99.307901463004129, 19.536636104682287 ], [ -99.307944738260545, 19.536794557610968 ], [ -99.30794426288017, 19.53680155222391 ], [ -99.307929842999883, 19.536796256000073 ], [ -99.307974479404365, 19.536960952259527 ], [ -99.307998148192482, 19.53705206106131 ], [ -99.308197847399413, 19.537820763378328 ], [ -99.308507229800043, 19.539011653924263 ], [ -99.307091382999872, 19.53930883000012 ], [ -99.306373331999907, 19.539459540000109 ], [ -99.305951712999985, 19.53972091000005 ], [ -99.305952753474983, 19.539744202887505 ], [ -99.305958650024806, 19.539876207506687 ], [ -99.306092246572277, 19.542423003802565 ], [ -99.306098109639677, 19.542534771332004 ], [ -99.305545235999844, 19.541903539000064 ], [ -99.305163198999949, 19.542275406000108 ], [ -99.304109435999877, 19.541672720000093 ], [ -99.303104995999945, 19.540841247000074 ], [ -99.30292368, 19.540828744000105 ], [ -99.302232851999932, 19.540234351000013 ], [ -99.301333093, 19.539441458000038 ], [ -99.300234155999931, 19.539073023000139 ], [ -99.298754983999984, 19.538601324000027 ], [ -99.297943007999933, 19.538334663000132 ], [ -99.297585840999943, 19.538392998000091 ], [ -99.297587675198415, 19.538416616609208 ], [ -99.29758588499989, 19.538416909000016 ], [ -99.297564828, 19.539243387000152 ], [ -99.297547234412079, 19.539449172433716 ], [ -99.297504575367796, 19.539948136865917 ], [ -99.297982059, 19.540150435000101 ], [ -99.298237003999816, 19.540539358000029 ], [ -99.298555499999864, 19.540923543000083 ], [ -99.298844253, 19.541085292000037 ], [ -99.299367689999869, 19.541251288000108 ], [ -99.299813006999898, 19.541473032000134 ], [ -99.300409264999914, 19.542106728000039 ], [ -99.300675182999797, 19.542389340000085 ], [ -99.300774095999955, 19.54269510800005 ], [ -99.300832535999945, 19.542875758000076 ], [ -99.300833462999961, 19.543376343000059 ], [ -99.301445749, 19.543991784000145 ], [ -99.301955461999938, 19.544658381000037 ], [ -99.30227907399987, 19.545156108000075 ], [ -99.302275679319905, 19.545174727693798 ], [ -99.30215565899978, 19.545833032000075 ], [ -99.302012656999921, 19.546493766000111 ], [ -99.301897638999989, 19.547743105000077 ], [ -99.301899288881074, 19.547749571853313 ], [ -99.301897682999908, 19.547767015000126 ], [ -99.302013388057915, 19.548220527290098 ], [ -99.302011930999882, 19.548228905000126 ], [ -99.302009593999927, 19.548242341000094 ], [ -99.301891752999964, 19.548919991000087 ], [ -99.301823389999882, 19.548968349000059 ], [ -99.301567178999875, 19.549116902000108 ], [ -99.301115488999855, 19.549378794000067 ], [ -99.300983995, 19.54941080200015 ], [ -99.299821699999967, 19.549170641000064 ], [ -99.299437351999799, 19.549236259000132 ], [ -99.299168020999971, 19.549282241000132 ], [ -99.299142928999856, 19.549286525000092 ], [ -99.299116199000068, 19.549300404000078 ], [ -99.2988420249999, 19.549235853000084 ], [ -99.29854296099991, 19.549549097000124 ], [ -99.298053236999948, 19.549655209000061 ], [ -99.297987617902834, 19.549662333755901 ], [ -99.29779313099985, 19.549701990000035 ], [ -99.297736743000058, 19.549713488000098 ], [ -99.297702979999954, 19.550112000000151 ], [ -99.298121129999842, 19.550585601000066 ], [ -99.298517261000015, 19.550894734000028 ], [ -99.29919054299998, 19.551311408000117 ], [ -99.299231672980767, 19.551336861632791 ], [ -99.299417178999974, 19.551509834000051 ], [ -99.299624667999879, 19.551723126000088 ], [ -99.299894683999895, 19.551956182 ], [ -99.299610444999956, 19.55259604600008 ], [ -99.299328665378866, 19.552506244987651 ], [ -99.299009972999897, 19.552503790000131 ], [ -99.298593863589488, 19.552629280686556 ], [ -99.298233090999943, 19.552804857000119 ], [ -99.297150643999871, 19.553355198000077 ], [ -99.296505890999939, 19.553713156000118 ], [ -99.296106284, 19.554441515000043 ], [ -99.295887288999921, 19.555007350000075 ], [ -99.295786422911803, 19.555372663242839 ], [ -99.295784792864623, 19.555378566876854 ], [ -99.295779818999932, 19.555396581000036 ], [ -99.294946690999893, 19.555024572000093 ], [ -99.294549925952481, 19.554918827438158 ], [ -99.291844901999951, 19.554197866000088 ], [ -99.289662546999892, 19.55360251700008 ], [ -99.289336979999987, 19.553556370000059 ], [ -99.284823602999964, 19.553746542000084 ], [ -99.282300204999942, 19.553863274000044 ], [ -99.282140295999909, 19.554286423000093 ], [ -99.28142614587432, 19.554361507004604 ], [ -99.282757805999921, 19.549405269000061 ], [ -99.281784662999812, 19.548976236000122 ], [ -99.279875434999852, 19.547588687000026 ], [ -99.278524342999958, 19.546626683000024 ], [ -99.277180509, 19.546367629000041 ], [ -99.277112316999919, 19.546675451000109 ], [ -99.277079399999849, 19.547339021000056 ], [ -99.277119124999928, 19.548447216000174 ], [ -99.277353962999868, 19.551263047000123 ], [ -99.27730561894117, 19.551361294409407 ], [ -99.277258869999898, 19.551456300000023 ], [ -99.275753124999852, 19.552546483000139 ], [ -99.273884042999896, 19.553844256000076 ], [ -99.273546741337128, 19.553780836729992 ], [ -99.273352455999813, 19.553744307000148 ], [ -99.272697628999879, 19.55359017000006 ], [ -99.270815099113335, 19.553139448027228 ], [ -99.270820731999976, 19.553048467000021 ], [ -99.270249083999914, 19.553299617000068 ], [ -99.270059402522875, 19.55353639427446 ], [ -99.269962351999908, 19.55322010800003 ], [ -99.270014313999866, 19.553102556000113 ], [ -99.269839888999925, 19.552585335000121 ], [ -99.269874859999859, 19.552572952000077 ], [ -99.269591540999912, 19.551938781000111 ], [ -99.269601502569202, 19.551901813716658 ], [ -99.269612048999889, 19.551862676000056 ], [ -99.269117031999869, 19.550414060000115 ], [ -99.26828507299993, 19.547979356000049 ], [ -99.265923858999827, 19.548689566000064 ], [ -99.260678418999888, 19.550267165000026 ], [ -99.259800844996349, 19.550287348001227 ], [ -99.257461461999895, 19.550997029000108 ], [ -99.257197276999989, 19.551359795000103 ], [ -99.257111724532621, 19.551376317728018 ], [ -99.256393683999903, 19.551514991000136 ], [ -99.256341414999866, 19.551596520999986 ] ] ] ] } },
{ "type": "Feature", "properties": { "MUNICIPI_2": "ATIZAPÁN DE ZARAGOZA", "NOM_ENT": "REGIÓN IV" }, "geometry": { "type": "MultiPolygon", "coordinates": [ [ [ [ -99.28142614587432, 19.554361507004604 ], [ -99.281423953339399, 19.554369838127112 ], [ -99.282140032432096, 19.554294550906942 ], [ -99.282054617059174, 19.554524537284923 ], [ -99.282057620966413, 19.554526111488332 ], [ -99.282217491274508, 19.55460989171177 ], [ -99.282216930472529, 19.554620321095065 ], [ -99.282195331287397, 19.555022005980288 ], [ -99.282187085778787, 19.555175340584157 ], [ -99.282126865653538, 19.555512519419679 ], [ -99.282016515281271, 19.555830165221938 ], [ -99.281850401517687, 19.556319437494899 ], [ -99.28172100860354, 19.556846968499677 ], [ -99.281649762588557, 19.557137435555262 ], [ -99.281605593568997, 19.557623329023773 ], [ -99.281606113444894, 19.55762389606484 ], [ -99.281605208571818, 19.557633850557412 ], [ -99.282733470979053, 19.558864461477462 ], [ -99.282752782314603, 19.559052313267806 ], [ -99.28271839587272, 19.559122147579945 ], [ -99.28271893333276, 19.559130795794132 ], [ -99.28272768251307, 19.559271577787619 ], [ -99.282726980357566, 19.559276994838179 ], [ -99.282727297586177, 19.559282099320953 ], [ -99.282649192473485, 19.559884661902601 ], [ -99.282533690047387, 19.56014620287538 ], [ -99.282819603996103, 19.561172568106443 ], [ -99.282920036661054, 19.561292209425197 ], [ -99.283221491485975, 19.561941376444977 ], [ -99.2833122463107, 19.562136811037142 ], [ -99.283310160837217, 19.562406721896906 ], [ -99.28330984843744, 19.562407856648466 ], [ -99.283309775943351, 19.562417243427401 ], [ -99.283137896824755, 19.563041569763584 ], [ -99.282932799538102, 19.563451316363388 ], [ -99.282932316938997, 19.563452280504652 ], [ -99.282934440208706, 19.563660029757582 ], [ -99.283000885694292, 19.563729215314844 ], [ -99.283023029714741, 19.564550671495581 ], [ -99.282870676012109, 19.564945589311218 ], [ -99.28259477304556, 19.565230588623429 ], [ -99.282418959412979, 19.56540573774458 ], [ -99.282191411189871, 19.565622287998433 ], [ -99.28202377012073, 19.565995088489895 ], [ -99.281522290674843, 19.567110270453547 ], [ -99.281312948394728, 19.567171587857842 ], [ -99.281148436294217, 19.567262129661014 ], [ -99.279139094145265, 19.567441470113923 ], [ -99.278304286102326, 19.567515972813897 ], [ -99.277792255411029, 19.567833528955731 ], [ -99.27735728212177, 19.568087799036654 ], [ -99.277030131008246, 19.568542601738187 ], [ -99.276905229978311, 19.56879341555079 ], [ -99.277301795999946, 19.569183316000125 ], [ -99.278329567999933, 19.570193798000091 ], [ -99.282464715107906, 19.574244711630453 ], [ -99.282875857999883, 19.574647463000154 ], [ -99.283088548999956, 19.574856097000119 ], [ -99.283844828999904, 19.575597951000045 ], [ -99.284658047999912, 19.576395646000083 ], [ -99.284931590999932, 19.576663964000044 ], [ -99.285259004999901, 19.576985123000032 ], [ -99.285233025822819, 19.577009471808296 ], [ -99.285220315999879, 19.577021384000066 ], [ -99.280751149999929, 19.581256008000093 ], [ -99.2821750479999, 19.582664078000033 ], [ -99.28220975099994, 19.582616262000069 ], [ -99.286335691999895, 19.578804092000116 ], [ -99.290661689031324, 19.582572867046679 ], [ -99.290238959977714, 19.582911077255151 ], [ -99.284912977109897, 19.587574512175777 ], [ -99.283796245282844, 19.588505466585978 ], [ -99.283047750997014, 19.589215823935568 ], [ -99.280241093730183, 19.591608098888461 ], [ -99.27987616710891, 19.591923305751358 ], [ -99.279176412899673, 19.592503856595304 ], [ -99.27859927399993, 19.592224989000069 ], [ -99.278267428999882, 19.59202688400012 ], [ -99.278082383999845, 19.591907595000134 ], [ -99.277905667999946, 19.591777313000115 ], [ -99.277622150999875, 19.591507771000092 ], [ -99.277358963000026, 19.591225491000078 ], [ -99.277023831999941, 19.590840869000075 ], [ -99.276091568999831, 19.589812703000039 ], [ -99.275864753999883, 19.589491821000149 ], [ -99.2757891629998, 19.589365749000056 ], [ -99.275702764999863, 19.589192903000029 ], [ -99.275642278999882, 19.58904649000009 ], [ -99.275127489999917, 19.587109872000035 ], [ -99.275064803922803, 19.586935975673722 ], [ -99.275037770999916, 19.586860984000051 ], [ -99.274932547999981, 19.586641441000129 ], [ -99.274659612999969, 19.586328221000116 ], [ -99.274241716999811, 19.585966841000044 ], [ -99.273522380999907, 19.585376432000078 ], [ -99.27212797100826, 19.584206744007073 ], [ -99.271767645999944, 19.58391199200004 ], [ -99.271425961737677, 19.583647609994184 ], [ -99.271353374999762, 19.583591445000113 ], [ -99.271034790999792, 19.583427110000308 ], [ -99.270782707, 19.583335830000099 ], [ -99.270394902998348, 19.583265458999914 ], [ -99.27004473400136, 19.583213355000357 ], [ -99.269736086999927, 19.583154283000074 ], [ -99.269473728999969, 19.583130322000052 ], [ -99.268998950999986, 19.583069432000038 ], [ -99.268578120999905, 19.58300853000005 ], [ -99.268358712999841, 19.582974691000093 ], [ -99.267995001486696, 19.582908735313072 ], [ -99.267984358117857, 19.582906805225669 ], [ -99.267919303000212, 19.582895008000293 ], [ -99.266856528735204, 19.582701824684978 ], [ -99.26659638699995, 19.58265453700005 ], [ -99.266386448120485, 19.582595379096297 ], [ -99.266348049999962, 19.58258455900005 ], [ -99.26612660399995, 19.582414591000092 ], [ -99.265861546999972, 19.582179444000086 ], [ -99.265679652999921, 19.581998924000111 ], [ -99.265453749999836, 19.581855612 ], [ -99.265224278999895, 19.581751589000113 ], [ -99.264956051999874, 19.581703541000017 ], [ -99.264665744402024, 19.581722119764773 ], [ -99.264623237999828, 19.581724840000053 ], [ -99.264590162876885, 19.581729664636374 ], [ -99.264249975999888, 19.581779287000046 ], [ -99.264039790999973, 19.581776233000109 ], [ -99.263545039330509, 19.581614954749391 ], [ -99.263423860999808, 19.581575453000035 ], [ -99.263400217525785, 19.581566976854312 ], [ -99.263287416999873, 19.581526538000059 ], [ -99.263128178999906, 19.581342861000145 ], [ -99.263128069933586, 19.581342727278152 ], [ -99.262491040272508, 19.580561685124913 ], [ -99.262490978999779, 19.58056161000022 ], [ -99.262332965999803, 19.580443945000109 ], [ -99.262196623999884, 19.580348908000197 ], [ -99.261988580328278, 19.580274353490317 ], [ -99.261979534999867, 19.580271112000045 ], [ -99.261678348999908, 19.580175807000074 ], [ -99.261560168123964, 19.580120253778002 ], [ -99.261524090999984, 19.580103295000036 ], [ -99.261410359999857, 19.579989789 ], [ -99.260617181503946, 19.578987590803738 ], [ -99.260115591999877, 19.578353813000049 ], [ -99.259905643303227, 19.578066209751743 ], [ -99.259652719999863, 19.577719735000091 ], [ -99.259652698058915, 19.577719695336615 ], [ -99.259378357834166, 19.577223758739152 ], [ -99.259342149999853, 19.576941362000106 ], [ -99.258737327231998, 19.576355390262304 ], [ -99.258729234, 19.576343311000162 ], [ -99.258508512000063, 19.57601315300008 ], [ -99.258230826, 19.575584009000082 ], [ -99.258202631899167, 19.575548590449905 ], [ -99.25797955, 19.575210466 ], [ -99.257935839999917, 19.575001895000053 ], [ -99.257947736304558, 19.574912492271142 ], [ -99.25801923799996, 19.5743751430002 ], [ -99.258136082053724, 19.574122898133957 ], [ -99.258219043999972, 19.573943798000077 ], [ -99.258076110999937, 19.573239474000061 ], [ -99.258009911000016, 19.572848478 ], [ -99.258131342000027, 19.572392631000067 ], [ -99.258058020999854, 19.572185438000052 ], [ -99.258020315999858, 19.572096642 ], [ -99.257989069999809, 19.571809655000155 ], [ -99.257957183361597, 19.571616973911176 ], [ -99.257954097999971, 19.571598330000061 ], [ -99.257813527000053, 19.571658501000154 ], [ -99.257647703999879, 19.571753973000074 ], [ -99.25744745600052, 19.571907215999499 ], [ -99.256778810979668, 19.572294827986784 ], [ -99.256165, 19.572650649000035 ], [ -99.255775287999953, 19.572046328000049 ], [ -99.255626284999821, 19.572136922000059 ], [ -99.255464983999858, 19.572181184000044 ], [ -99.254809561999963, 19.572080139000011 ], [ -99.254489210999949, 19.572045828000086 ], [ -99.254203231239316, 19.572089143697116 ], [ -99.254149433999771, 19.572097292000041 ], [ -99.253963753281184, 19.572140150371311 ], [ -99.253846362999823, 19.572167246000049 ], [ -99.253567811999858, 19.57228351300007 ], [ -99.253140216999981, 19.572464881000034 ], [ -99.253033443000021, 19.572420926000113 ], [ -99.25289806599983, 19.57225857600001 ], [ -99.252865403999891, 19.572120978000076 ], [ -99.25286825777151, 19.571944022994742 ], [ -99.252869038999975, 19.571895581000028 ], [ -99.252834945999908, 19.571756414000038 ], [ -99.252668623999924, 19.571585455000285 ], [ -99.252227844999936, 19.571242214000083 ], [ -99.252033372999847, 19.570932608000085 ], [ -99.251600473999972, 19.570633213000082 ], [ -99.251496479999858, 19.570557672000117 ], [ -99.251171954, 19.570340353000113 ], [ -99.251048536999932, 19.570163223000044 ], [ -99.250850310999937, 19.570017720000095 ], [ -99.250611275, 19.569896217000075 ], [ -99.249822565694572, 19.569499454992243 ], [ -99.249783066331418, 19.569479584605112 ], [ -99.249668741999898, 19.569422073000062 ], [ -99.249713899425274, 19.569386879586663 ], [ -99.249774619999926, 19.569339557000092 ], [ -99.248884, 19.568906324000164 ], [ -99.24837889799997, 19.568707832000118 ], [ -99.247741234533919, 19.568548964409871 ], [ -99.246705893999859, 19.568291014000064 ], [ -99.245764806994956, 19.56815089491327 ], [ -99.245704307999887, 19.568141887000056 ], [ -99.245749690210701, 19.567963141947626 ], [ -99.245778600999927, 19.567849272000288 ], [ -99.244905421999988, 19.567630294000118 ], [ -99.244833662999767, 19.568057949 ], [ -99.244385166999933, 19.56797399300007 ], [ -99.24442645799985, 19.56779317000013 ], [ -99.244088954999938, 19.567726418000102 ], [ -99.244077642544426, 19.567759821400088 ], [ -99.244064612999949, 19.567798295 ], [ -99.243860776821521, 19.567768452625092 ], [ -99.24358916999978, 19.56772868800012 ], [ -99.243539399999918, 19.567721763000083 ], [ -99.243538692021417, 19.56771372204317 ], [ -99.243517819999894, 19.56747666499971 ], [ -99.243567720999891, 19.567111243000305 ], [ -99.243637448999976, 19.566915370000054 ], [ -99.24368416499992, 19.566711300999668 ], [ -99.243699929999877, 19.566458784000588 ], [ -99.243690702360496, 19.566270163146989 ], [ -99.243687855571039, 19.566211973552367 ], [ -99.243672245999903, 19.565940900000047 ], [ -99.243656358999857, 19.56566501000006 ], [ -99.243565582999892, 19.564520070000174 ], [ -99.243568038278681, 19.564517857094678 ], [ -99.243566163999915, 19.564484151000055 ], [ -99.243564004999826, 19.564390424000202 ], [ -99.243606700970474, 19.564296928988913 ], [ -99.243643409999876, 19.564216544000097 ], [ -99.243652583999904, 19.564039808000157 ], [ -99.243652069999911, 19.56369754800016 ], [ -99.243645757999872, 19.563423523000097 ], [ -99.243648980999964, 19.563212122000113 ], [ -99.243651104999856, 19.563055529000067 ], [ -99.243652123999908, 19.562948151000164 ], [ -99.243448887999989, 19.562984635000095 ], [ -99.242603458999795, 19.563048897000069 ], [ -99.24243996200002, 19.563020424000097 ], [ -99.242388571759022, 19.562994283067855 ], [ -99.242387454999886, 19.562993715000079 ], [ -99.241286412000051, 19.561472083000158 ], [ -99.240960347999888, 19.561020608000035 ], [ -99.240900519999869, 19.560985660000096 ], [ -99.240901100334852, 19.560985044477562 ], [ -99.240957814999959, 19.560924891000088 ], [ -99.241320821999963, 19.560539870000333 ], [ -99.24146376899985, 19.560373940000076 ], [ -99.241809380999825, 19.560125393000057 ], [ -99.242436910000407, 19.559739549999822 ], [ -99.242473346999901, 19.559717146000068 ], [ -99.242925169999822, 19.55944371800009 ], [ -99.243109964443903, 19.559333377842979 ], [ -99.243129290999917, 19.559321838000137 ], [ -99.243310037999805, 19.559048144000101 ], [ -99.243610481999781, 19.558650292000038 ], [ -99.243737369999849, 19.558330021000113 ], [ -99.243903226359961, 19.557757785915825 ], [ -99.244007480978496, 19.55740164407316 ], [ -99.243833605999853, 19.557143037000088 ], [ -99.243850617999883, 19.557025041000145 ], [ -99.243883447741041, 19.556977447722769 ], [ -99.243883957999884, 19.556976708000022 ], [ -99.243964743999925, 19.556934417000086 ], [ -99.24415156977237, 19.556902083060777 ], [ -99.244330982999898, 19.556959389000063 ], [ -99.244631139, 19.557055261000123 ], [ -99.244777474999893, 19.557081365000023 ], [ -99.245009570999983, 19.557107352000067 ], [ -99.245335012999888, 19.557145167000172 ], [ -99.245546273999921, 19.557163352 ], [ -99.246018660999752, 19.55720401300011 ], [ -99.246149987235526, 19.557213533397242 ], [ -99.246747108, 19.557256820000081 ], [ -99.246795633999923, 19.557260338000024 ], [ -99.247837493999967, 19.557342598 ], [ -99.247937779999887, 19.557350289000095 ], [ -99.248051919999853, 19.557359041000073 ], [ -99.248256230999885, 19.55735876100006 ], [ -99.248773416999768, 19.557424998000091 ], [ -99.249565583999924, 19.557519548000148 ], [ -99.249777540000025, 19.557569467000093 ], [ -99.250277151, 19.557688328000058 ], [ -99.250557184999977, 19.55772141500011 ], [ -99.250640515285411, 19.557726666947161 ], [ -99.250662538999975, 19.557728055000105 ], [ -99.25081701399985, 19.557737791000044 ], [ -99.251107077999805, 19.557732606000059 ], [ -99.251306322999767, 19.557703413000098 ], [ -99.251354213999889, 19.557696396000093 ], [ -99.25152314599984, 19.557653122000037 ], [ -99.251665996999876, 19.557596741000086 ], [ -99.251729852999873, 19.557571538000118 ], [ -99.252209313746263, 19.557369595333221 ], [ -99.252238195371092, 19.557357253873363 ], [ -99.252368773999862, 19.557301456000133 ], [ -99.252411445829225, 19.557263387918532 ], [ -99.252468813999883, 19.557212209000081 ], [ -99.25538736299994, 19.55590027800006 ], [ -99.255294339999921, 19.555744463000085 ], [ -99.255008167999861, 19.555173082000163 ], [ -99.255013356508556, 19.555171330833982 ], [ -99.255154489999853, 19.555123697000067 ], [ -99.255275104000063, 19.555036115000075 ], [ -99.25530329484431, 19.555015451390815 ], [ -99.255319592999811, 19.555003505000119 ], [ -99.255449116999884, 19.554827313000054 ], [ -99.255584169999906, 19.554781682000204 ], [ -99.255584512426609, 19.554781698436692 ], [ -99.25569456599996, 19.554786981000035 ], [ -99.255737465000024, 19.55479843700008 ], [ -99.255765189467411, 19.554629767578923 ], [ -99.255897336999851, 19.553825807000049 ], [ -99.255948645999979, 19.553452604000057 ], [ -99.256061150999926, 19.55295743200011 ], [ -99.256244700999972, 19.55201085100008 ], [ -99.256341414999866, 19.551596520999986 ], [ -99.256393683999903, 19.551514991000136 ], [ -99.257111724532621, 19.551376317728018 ], [ -99.257197276999989, 19.551359795000103 ], [ -99.257461461999895, 19.550997029000108 ], [ -99.259800844996349, 19.550287348001227 ], [ -99.260678418999888, 19.550267165000026 ], [ -99.265923858999827, 19.548689566000064 ], [ -99.26828507299993, 19.547979356000049 ], [ -99.269117031999869, 19.550414060000115 ], [ -99.269612048999889, 19.551862676000056 ], [ -99.269601502569202, 19.551901813716658 ], [ -99.269591540999912, 19.551938781000111 ], [ -99.269874859999859, 19.552572952000077 ], [ -99.269839888999925, 19.552585335000121 ], [ -99.270014313999866, 19.553102556000113 ], [ -99.269962351999908, 19.55322010800003 ], [ -99.270059402522875, 19.55353639427446 ], [ -99.270249083999914, 19.553299617000068 ], [ -99.270820731999976, 19.553048467000021 ], [ -99.270815099113335, 19.553139448027228 ], [ -99.272697628999879, 19.55359017000006 ], [ -99.273352455999813, 19.553744307000148 ], [ -99.273546741337128, 19.553780836729992 ], [ -99.273884042999896, 19.553844256000076 ], [ -99.275753124999838, 19.552546483000206 ], [ -99.277258869999898, 19.551456300000023 ], [ -99.277305618941313, 19.551361294409514 ], [ -99.277353962999868, 19.551263047000123 ], [ -99.277119124999928, 19.548447216000174 ], [ -99.277079399999849, 19.547339021000056 ], [ -99.277112316999919, 19.546675451000215 ], [ -99.277180509, 19.546367629000041 ], [ -99.278524342999958, 19.546626683000024 ], [ -99.279875434999852, 19.547588687000026 ], [ -99.281784662999812, 19.548976236000122 ], [ -99.282757805999921, 19.549405269000061 ], [ -99.28142614587432, 19.554361507004604 ] ] ] ] } },
{ "type": "Feature", "properties": { "MUNICIPI_2": "ATIZAPÁN DE ZARAGOZA", "NOM_ENT": "REGIÓN VII" }, "geometry": { "type": "MultiPolygon", "coordinates": [ [ [ [ -99.308507229800043, 19.539011653924263 ], [ -99.308197847399413, 19.537820763378328 ], [ -99.307998148192482, 19.537052061061413 ], [ -99.307974479404365, 19.536960952259527 ], [ -99.307929842999883, 19.536796256000073 ], [ -99.30794426288017, 19.53680155222391 ], [ -99.307944738260545, 19.536794557610968 ], [ -99.307901463004129, 19.536636104682287 ], [ -99.307768876105982, 19.536150633920908 ], [ -99.307710054327472, 19.535926559950823 ], [ -99.307656074513375, 19.535720930236764 ], [ -99.30764255409926, 19.535652367362975 ], [ -99.307601516482066, 19.53544735826161 ], [ -99.307570927817437, 19.535262237596388 ], [ -99.307563011641051, 19.53521095628906 ], [ -99.30748754354569, 19.535146205422681 ], [ -99.307459403578193, 19.534522273857505 ], [ -99.307383591376436, 19.533984886936427 ], [ -99.306849193240566, 19.532417095775866 ], [ -99.306742289722038, 19.531846071401468 ], [ -99.306705492067891, 19.531714068604618 ], [ -99.30652757138796, 19.531106453707743 ], [ -99.305473138056371, 19.527082914169327 ], [ -99.305024225999929, 19.526208466000131 ], [ -99.305032315999838, 19.525309251000014 ], [ -99.304952967999924, 19.524706827000081 ], [ -99.304726720999952, 19.52397486900006 ], [ -99.304266381999923, 19.523539948000305 ], [ -99.304167084999975, 19.522724344000064 ], [ -99.303604439437791, 19.522487719254098 ], [ -99.303651040038474, 19.522279788375055 ], [ -99.303636338610971, 19.521705959031063 ], [ -99.303620090721296, 19.521477800250388 ], [ -99.303544809709464, 19.521179703252528 ], [ -99.303489579746795, 19.520951609873293 ], [ -99.303323217284017, 19.520723702905553 ], [ -99.30325919713853, 19.520585994912768 ], [ -99.303423650689368, 19.520608311743249 ], [ -99.303653574753497, 19.52088129726652 ], [ -99.304004724717871, 19.52119926408853 ], [ -99.304145810381357, 19.521314249519563 ], [ -99.304339383539102, 19.521311664580434 ], [ -99.304429586656667, 19.521128512050332 ], [ -99.304409450859367, 19.521013323281739 ], [ -99.304359313528849, 19.520807814285241 ], [ -99.30435744173414, 19.520622557456448 ], [ -99.304365814732975, 19.52046213533114 ], [ -99.304422743203702, 19.520324224154852 ], [ -99.30466454666329, 19.520323816954658 ], [ -99.30497190724158, 19.520619262996149 ], [ -99.305055230351059, 19.520732085857166 ], [ -99.305211227277979, 19.520869637983488 ], [ -99.305374893064879, 19.520776731701901 ], [ -99.305417280645898, 19.520661437458589 ], [ -99.305454860175814, 19.520523558646705 ], [ -99.305540995305108, 19.52040819047518 ], [ -99.305778124385085, 19.520405530414131 ], [ -99.305923558409546, 19.520450469806171 ], [ -99.30633009747109, 19.520470115036304 ], [ -99.306500539297815, 19.520417193431694 ], [ -99.306758810962805, 19.519667578542752 ], [ -99.307966972038983, 19.519491345244585 ], [ -99.307258400587529, 19.517632935092927 ], [ -99.30906295394675, 19.51751167836094 ], [ -99.308956412272849, 19.516703247369357 ], [ -99.311589008784168, 19.517177678932391 ], [ -99.312522051367864, 19.517760758607221 ], [ -99.314015915354148, 19.51741035104142 ], [ -99.314027962476018, 19.517409916087079 ], [ -99.314029228384129, 19.517406899296876 ], [ -99.313993658011185, 19.517199108462261 ], [ -99.313993328459389, 19.517176516361204 ], [ -99.314027214781376, 19.517153864857217 ], [ -99.314195637140244, 19.517060942401699 ], [ -99.31419605979886, 19.517060941667463 ], [ -99.314185005856743, 19.516991164559865 ], [ -99.31473608831908, 19.516890684936811 ], [ -99.31499984099429, 19.517530895860045 ], [ -99.316470070337914, 19.517609190717089 ], [ -99.316950053601659, 19.518068637265575 ], [ -99.317216357678433, 19.517839635299399 ], [ -99.317176909599368, 19.517747074551806 ], [ -99.317050492808718, 19.517679518202129 ], [ -99.316987214776589, 19.517634443782093 ], [ -99.316952536734433, 19.517544133888137 ], [ -99.316980992919497, 19.517474046749992 ], [ -99.317052535937194, 19.51735869874793 ], [ -99.317240678515731, 19.517310924242441 ], [ -99.317352517235662, 19.517380765310651 ], [ -99.317489499040235, 19.517538673573153 ], [ -99.317559000959776, 19.517352257945159 ], [ -99.317966247697328, 19.517531925350596 ], [ -99.318391717628487, 19.51725693853005 ], [ -99.318362039184606, 19.517189212775612 ], [ -99.318303242940985, 19.517096686328287 ], [ -99.318322260467966, 19.517074060193192 ], [ -99.318413854586638, 19.517026454369734 ], [ -99.31849540141279, 19.516958532793698 ], [ -99.318484647541183, 19.516820736465771 ], [ -99.318401312830773, 19.516705660585721 ], [ -99.31826503536854, 19.516615529764341 ], [ -99.318080201871709, 19.51650289156585 ], [ -99.318031127494706, 19.516410347921269 ], [ -99.318082991603887, 19.516272441444961 ], [ -99.318169919662438, 19.516227103217798 ], [ -99.3183524953362, 19.516111559357423 ], [ -99.318520865413774, 19.515993781063859 ], [ -99.318650923495213, 19.515925773983337 ], [ -99.318868647012408, 19.515945723692152 ], [ -99.319073676861905, 19.516150955402107 ], [ -99.31915873244661, 19.516242361719012 ], [ -99.319158612530586, 19.516240514385633 ], [ -99.31900331051672, 19.515713652058075 ], [ -99.32082100674873, 19.515617135661429 ], [ -99.321803350084437, 19.516475341792013 ], [ -99.322227873108588, 19.51684621397802 ], [ -99.323923435212976, 19.516090406028066 ], [ -99.324587713810502, 19.516810746224458 ], [ -99.324815227142423, 19.516718824927111 ], [ -99.325623799208685, 19.516392137657252 ], [ -99.326879751133944, 19.520392617759747 ], [ -99.326989164866632, 19.522168963242375 ], [ -99.327878139316212, 19.526338613910699 ], [ -99.328030576330988, 19.529941321093673 ], [ -99.329685704867344, 19.533751220104168 ], [ -99.328054896172034, 19.53942409186519 ], [ -99.325757290123988, 19.547359501867856 ], [ -99.325751639380627, 19.547364242311147 ], [ -99.325832536385633, 19.547644309381692 ], [ -99.325939469767761, 19.547917486632429 ], [ -99.326126733722859, 19.548143718252707 ], [ -99.326127664893747, 19.548143677649414 ], [ -99.328183031580892, 19.548763147345959 ], [ -99.328183533236967, 19.548764486415788 ], [ -99.328298146587571, 19.548764955008853 ], [ -99.329096798271522, 19.54876350162429 ], [ -99.329382773662687, 19.548900795011093 ], [ -99.329634431668396, 19.549038150569732 ], [ -99.330114155932762, 19.549242866779824 ], [ -99.330521057721242, 19.549357344714608 ], [ -99.330796889688159, 19.549334247184468 ], [ -99.330975868782275, 19.549311326737442 ], [ -99.331053320827735, 19.549333777356942 ], [ -99.331135726778484, 19.549401403987162 ], [ -99.331420996649086, 19.549609814085162 ], [ -99.333219852316304, 19.549920798507934 ], [ -99.333917029511284, 19.550037753470857 ], [ -99.336168309658802, 19.550415397391024 ], [ -99.337350696690919, 19.550609196961965 ], [ -99.338414899372609, 19.550808810351661 ], [ -99.339327122509886, 19.55260478995563 ], [ -99.341695494639225, 19.55214523505305 ], [ -99.343308391430753, 19.55447301632103 ], [ -99.343334251630267, 19.55556625545173 ], [ -99.343582813819964, 19.555853176005293 ], [ -99.343951516874967, 19.556565314759442 ], [ -99.344664765279319, 19.556723944965025 ], [ -99.344853306285017, 19.55652032704851 ], [ -99.344880767013848, 19.556397440627759 ], [ -99.34483710375838, 19.556307153936519 ], [ -99.344817316629218, 19.556237154908533 ], [ -99.344821939166934, 19.556169368517057 ], [ -99.344841190618467, 19.556121887456904 ], [ -99.344899151402586, 19.556076591712259 ], [ -99.345020078888695, 19.556053768167214 ], [ -99.345111972750274, 19.556006148261556 ], [ -99.345208733260861, 19.555960778257749 ], [ -99.345295621709425, 19.555890575307675 ], [ -99.345377604910254, 19.555800048429564 ], [ -99.345382222395614, 19.555730002781157 ], [ -99.345328739943298, 19.555639734984716 ], [ -99.345177966204645, 19.555479616359424 ], [ -99.3451196172648, 19.555387098546213 ], [ -99.345099782085057, 19.555294507111192 ], [ -99.345128809190243, 19.55522667406446 ], [ -99.345167465470951, 19.555204007653437 ], [ -99.345278472236998, 19.555133758606981 ], [ -99.345385147430903, 19.555133554599536 ], [ -99.345472524244741, 19.555203424272136 ], [ -99.345559705660719, 19.555271035022702 ], [ -99.345651843438702, 19.55529345119816 ], [ -99.345767860211282, 19.55524804403754 ], [ -99.345816478964124, 19.555247950933907 ], [ -99.345903517053756, 19.555292969268656 ], [ -99.345976738032149, 19.555385458329539 ], [ -99.346005719664646, 19.555430587840391 ], [ -99.346054339503354, 19.555475679711954 ], [ -99.346155962369139, 19.555475484928333 ], [ -99.346213874347455, 19.55540759633935 ], [ -99.346247328528506, 19.555314902858395 ], [ -99.346271732152715, 19.555269671021009 ], [ -99.346290456013492, 19.555109228214352 ], [ -99.346299839627747, 19.555039173402573 ], [ -99.346332806677253, 19.554718296366151 ], [ -99.346361494128715, 19.554625612002074 ], [ -99.346394899844881, 19.554510326059493 ], [ -99.346438274064226, 19.554465057806315 ], [ -99.346573689168991, 19.554397020395662 ], [ -99.346684694765443, 19.554326770496179 ], [ -99.346786554615505, 19.554303982390188 ], [ -99.346941418087567, 19.554281092401123 ], [ -99.347120448405022, 19.554280748348539 ], [ -99.347256056445417, 19.554303080146376 ], [ -99.347314059419801, 19.554278116823486 ], [ -99.347497561128264, 19.554139949416868 ], [ -99.347594174669055, 19.55402680086754 ], [ -99.347681014118805, 19.55397918939817 ], [ -99.347801988044722, 19.553978956442741 ], [ -99.347889407302745, 19.554023973094349 ], [ -99.347952666031119, 19.554093888030572 ], [ -99.348083803119607, 19.554254042196469 ], [ -99.348214843509083, 19.554369011408124 ], [ -99.34834568524208, 19.554391351575283 ], [ -99.348495782037404, 19.55436846945026 ], [ -99.34867475902351, 19.554343272187815 ], [ -99.3488149881384, 19.554297816332582 ], [ -99.349100396565248, 19.554159450440057 ], [ -99.349288760352238, 19.554066456870949 ], [ -99.349385374537619, 19.553998492415225 ], [ -99.349267705311902, 19.553585276941035 ], [ -99.349160001478509, 19.553239819658316 ], [ -99.348983937706819, 19.552668569186629 ], [ -99.348862183423648, 19.552438360694264 ], [ -99.348609060843444, 19.552072850594467 ], [ -99.348365703273714, 19.551637283539385 ], [ -99.34877670207436, 19.551476083352661 ], [ -99.349044322616592, 19.551934195482474 ], [ -99.349407376918293, 19.551908641662497 ], [ -99.349476425381809, 19.552276766183191 ], [ -99.349863645250664, 19.552228572150437 ], [ -99.350158686566644, 19.552182815291346 ], [ -99.350362160421525, 19.552157568887541 ], [ -99.350497669504435, 19.552134713424746 ], [ -99.350966915704262, 19.552018580260594 ], [ -99.351111957470806, 19.55199570581328 ], [ -99.351165246338894, 19.551995602202975 ], [ -99.351242800108281, 19.552063228945336 ], [ -99.35143247817318, 19.552270711116691 ], [ -99.351592885764944, 19.552475990813829 ], [ -99.351646326539893, 19.552545923568832 ], [ -99.351952689249799, 19.552841288737735 ], [ -99.351994805025825, 19.552885169745188 ], [ -99.35419225740408, 19.552392158892427 ], [ -99.354210861150918, 19.553128925636841 ], [ -99.355138489251729, 19.553078017298994 ], [ -99.35639021185149, 19.554784649657961 ], [ -99.356532012558631, 19.556942869322061 ], [ -99.355263808516554, 19.556320633553078 ], [ -99.353804163384382, 19.556448446750647 ], [ -99.352179471009691, 19.557850176794027 ], [ -99.350472543224967, 19.558484817636455 ], [ -99.350339553566712, 19.558591984874997 ], [ -99.35010226034801, 19.558750006207628 ], [ -99.34980556513888, 19.558911895400346 ], [ -99.349524559171641, 19.559002474382368 ], [ -99.349413996450764, 19.559049510909571 ], [ -99.349319627629498, 19.5590733668528 ], [ -99.349216883276398, 19.559076196287517 ], [ -99.349192928094723, 19.55907275524228 ], [ -99.349130553100991, 19.559004887791748 ], [ -99.349018173406947, 19.558923951886229 ], [ -99.348905105272394, 19.558855313888753 ], [ -99.348776537580818, 19.558800255843625 ], [ -99.348654726177955, 19.558797954430595 ], [ -99.348579718108141, 19.558842418535541 ], [ -99.348283548099246, 19.559063243568424 ], [ -99.347928924883192, 19.559370521209537 ], [ -99.347746803506794, 19.559514304695302 ], [ -99.347583322463493, 19.559570445597796 ], [ -99.347431338536197, 19.559595857395209 ], [ -99.347289129409333, 19.559593340381557 ], [ -99.347161705637149, 19.559619349044969 ], [ -99.346995626526478, 19.559671523555195 ], [ -99.346860884523522, 19.559749563968975 ], [ -99.346763298941909, 19.55983123809121 ], [ -99.346591674093574, 19.56003343081688 ], [ -99.346419203752191, 19.560236326274442 ], [ -99.34633585680217, 19.560401513614909 ], [ -99.346197152641793, 19.560647475888892 ], [ -99.346106877255139, 19.560737576202285 ], [ -99.345988448830155, 19.560837654865164 ], [ -99.345786073384417, 19.560998122274604 ], [ -99.345231638316051, 19.561591577930752 ], [ -99.345049151675241, 19.561747907302088 ], [ -99.344674469859356, 19.562002931571321 ], [ -99.34400103832877, 19.562587114570487 ], [ -99.343479829083833, 19.563073799881607 ], [ -99.343323897365153, 19.56328623021982 ], [ -99.343266123468126, 19.563420792618501 ], [ -99.343168795700279, 19.563553220652015 ], [ -99.343047991758056, 19.563664717463968 ], [ -99.341125667043428, 19.565474702887872 ], [ -99.340429074049098, 19.565451382303795 ], [ -99.33779149971231, 19.567499341263069 ], [ -99.337741225985368, 19.567552564993175 ], [ -99.331746434999872, 19.563184094000086 ], [ -99.331247049999945, 19.562874464000153 ], [ -99.330304918999914, 19.562197351000087 ], [ -99.326738490999901, 19.559557749000103 ], [ -99.324602497999919, 19.558083778000022 ], [ -99.324471281999948, 19.558162587000066 ], [ -99.323674127999894, 19.557652206000157 ], [ -99.323696728999863, 19.557594987000122 ], [ -99.320968017999988, 19.555598346000099 ], [ -99.32093902699998, 19.555577166000042 ], [ -99.320604897999957, 19.555333065000056 ], [ -99.318829251999929, 19.554035823999982 ], [ -99.318819471999888, 19.554028763000044 ], [ -99.318161685999868, 19.55355383800006 ], [ -99.317790019999975, 19.553501037000103 ], [ -99.315438355000012, 19.552123862000052 ], [ -99.315116187999877, 19.552352832000075 ], [ -99.315034455999978, 19.552280570000107 ], [ -99.313811568999839, 19.551285796000119 ], [ -99.313824506125883, 19.551272504897788 ], [ -99.31381152299987, 19.551261886000091 ], [ -99.314031467926853, 19.551035921736073 ], [ -99.312614450999902, 19.550033057000142 ], [ -99.312627043245044, 19.550018090564674 ], [ -99.312614405, 19.550009146000075 ], [ -99.312865480792027, 19.549699931455301 ], [ -99.312874079999958, 19.549689341000033 ], [ -99.310803135999905, 19.548214681000015 ], [ -99.310049305999939, 19.545193925000092 ], [ -99.309500095999965, 19.542845591000102 ], [ -99.309450272515093, 19.542649154763726 ], [ -99.309394961734796, 19.542431083483148 ], [ -99.309364211999977, 19.542310296000057 ], [ -99.308513122571355, 19.539034336499562 ], [ -99.308507229800043, 19.539011653924263 ] ] ] ] } }
]
}
