{
"type": "FeatureCollection",
"name": "VIALIDADES SECUNDARIAS",
"crs": { "type": "name", "properties": { "name": "urn:ogc:def:crs:OGC:1.3:CRS84" } },
"features": [
{ "type": "Feature", "properties": { "NOMBRE": "EL ORO" }, "geometry": { "type": "MultiLineString", "coordinates": [ [ [ -99.254130979993761, 19.556399571966917, 0.0 ], [ -99.253704901852799, 19.555592740037905, 0.0 ] ] ] } },
{ "type": "Feature", "properties": { "NOMBRE": "AV. CONSTITUYENTES" }, "geometry": { "type": "MultiLineString", "coordinates": [ [ [ -99.224554744091677, 19.588467546118068, 0.0 ], [ -99.224751023863007, 19.588474819484045, 0.0 ], [ -99.227091422179711, 19.588636396209257, 0.0 ] ] ] } },
{ "type": "Feature", "properties": { "NOMBRE": "AZAHAR" }, "geometry": { "type": "MultiLineString", "coordinates": [ [ [ -99.220391198234225, 19.59844121833687, 0.0 ], [ -99.220249156962296, 19.598599192784583, 0.0 ], [ -99.220200244181129, 19.598680376323294, 0.0 ], [ -99.220155314576871, 19.598763457627769, 0.0 ], [ -99.220114458450325, 19.598848269730219, 0.0 ], [ -99.220077757916414, 19.598934642184403, 0.0 ], [ -99.220013978260837, 19.599102069706007, 0.0 ], [ -99.219955073104472, 19.599270960794637, 0.0 ], [ -99.219924317940439, 19.599352138733593, 0.0 ], [ -99.219886903520901, 19.599430969729074, 0.0 ], [ -99.219843050508132, 19.599506988832353, 0.0 ], [ -99.219513189605919, 19.599857798650461, 0.0 ], [ -99.21901640721137, 19.600391576455671, 0.0 ] ] ] } },
{ "type": "Feature", "properties": { "NOMBRE": null }, "geometry": { "type": "MultiLineString", "coordinates": [ [ [ -99.220313301788664, 19.601516806371826, 0.0 ], [ -99.21989176046273, 19.601257439081703, 0.0 ], [ -99.219406739402714, 19.600818076119559, 0.0 ], [ -99.21901640721137, 19.600391576455678, 0.0 ], [ -99.218285156016137, 19.599815194874111, 0.0 ], [ -99.217790141646475, 19.599442789075901, 0.0 ] ] ] } },
{ "type": "Feature", "properties": { "NOMBRE": "AZALEA" }, "geometry": { "type": "MultiLineString", "coordinates": [ [ [ -99.219843050508132, 19.599506988832381, 0.0 ], [ -99.219465068385787, 19.599177741252394, 0.0 ], [ -99.21861615419671, 19.598303646590963, 0.0 ], [ -99.217911300761685, 19.59760870286626, 0.0 ], [ -99.217620793864285, 19.597338864507762, 0.0 ], [ -99.217427840989686, 19.597210757598987, 0.0 ], [ -99.217446855367911, 19.596655455277808, 0.0 ], [ -99.217437348178862, 19.596230020751644, 0.0 ], [ -99.217346314925905, 19.59514110760534, 0.0 ] ] ] } },
{ "type": "Feature", "properties": { "NOMBRE": "BLVD. CONDADO DE SAYAVEDRA" }, "geometry": { "type": "MultiLineString", "coordinates": [ [ [ -99.306474872789209, 19.583611058155629, 0.0 ], [ -99.307685848463237, 19.583637688838536, 0.0 ], [ -99.307903828839727, 19.583644968177381, 0.0 ], [ -99.308139893014172, 19.583610133943566, 0.0 ], [ -99.308301008609277, 19.583563472305006, 0.0 ], [ -99.308531605409499, 19.583439699988954, 0.0 ], [ -99.308640195618139, 19.583365869970187, 0.0 ], [ -99.3088063210201, 19.583168324296011, 0.0 ], [ -99.308972252229339, 19.582869159336699, 0.0 ], [ -99.309168391785605, 19.582536467794601, 0.0 ], [ -99.309282877283209, 19.582379657979388, 0.0 ], [ -99.309435178399895, 19.582209632463684, 0.0 ], [ -99.309596418393227, 19.582096976589281, 0.0 ], [ -99.309795515059747, 19.581992624215918, 0.0 ], [ -99.310119497793281, 19.581894034557259, 0.0 ], [ -99.310705728729744, 19.581735216600375, 0.0 ], [ -99.311233965787849, 19.581592038629022, 0.0 ], [ -99.311603346544828, 19.581488585887005, 0.0 ], [ -99.311681539315018, 19.581482473170762, 0.0 ], [ -99.311972913267041, 19.581481969438588, 0.0 ], [ -99.312542932252484, 19.581421206469123, 0.0 ], [ -99.313275626669054, 19.581339835345297, 0.0 ], [ -99.314106701522348, 19.581255898910804, 0.0 ], [ -99.314739777346816, 19.581190237104533, 0.0 ], [ -99.314880965634089, 19.581146951861964, 0.0 ], [ -99.315005698115556, 19.581073807178257, 0.0 ], [ -99.315108938626452, 19.580975593976813, 0.0 ], [ -99.315259931361609, 19.580785242002975, 0.0 ], [ -99.315543030438718, 19.580422503559689, 0.0 ], [ -99.315774569094472, 19.580139954975365, 0.0 ], [ -99.315978387640214, 19.579872996452245, 0.0 ], [ -99.31621494447154, 19.579577287761829, 0.0 ], [ -99.316430106662153, 19.579306722274822, 0.0 ], [ -99.316516837711987, 19.579222156230962, 0.0 ], [ -99.316616357512757, 19.579157423342949, 0.0 ], [ -99.316833759922943, 19.579065584124717, 0.0 ], [ -99.316926395909135, 19.57902836018512, 0.0 ], [ -99.316990002345108, 19.578981623029499, 0.0 ], [ -99.317027110108299, 19.578929552570621, 0.0 ], [ -99.31706100836557, 19.578848795194833, 0.0 ], [ -99.317066498430862, 19.578753741471118, 0.0 ], [ -99.317025920474492, 19.57864382467632, 0.0 ], [ -99.316948807099877, 19.578556089241793, 0.0 ], [ -99.316852856762921, 19.578510827926284, 0.0 ], [ -99.31675696489738, 19.578495454531577, 0.0 ], [ -99.316635296265346, 19.578521371876434, 0.0 ], [ -99.316553421551234, 19.578578900673683, 0.0 ], [ -99.316477923501722, 19.578672283937614, 0.0 ], [ -99.316463599061876, 19.578764962100969, 0.0 ], [ -99.31645376866463, 19.578898280160296, 0.0 ], [ -99.316437692587087, 19.579041332760436, 0.0 ], [ -99.316383464133779, 19.579175326451697, 0.0 ], [ -99.316261724741054, 19.579359172255799, 0.0 ], [ -99.316051337584966, 19.579620643204166, 0.0 ], [ -99.315403530025421, 19.580441487360417, 0.0 ], [ -99.315137766129624, 19.58076761230291, 0.0 ], [ -99.314865603769576, 19.580917288851808, 0.0 ], [ -99.314567720390059, 19.581072748362192, 0.0 ], [ -99.314481496570465, 19.58110015663576, 0.0 ], [ -99.31434531188971, 19.581121913434803, 0.0 ], [ -99.314024484086971, 19.581154034077219, 0.0 ], [ -99.313334400293016, 19.581222661670555, 0.0 ], [ -99.312659446628047, 19.581288391148711, 0.0 ], [ -99.312104055306023, 19.581346738124829, 0.0 ], [ -99.311644013984903, 19.581400614791889, 0.0 ], [ -99.311410970077901, 19.581429709847939, 0.0 ], [ -99.310878441876113, 19.58157122199578, 0.0 ], [ -99.310103854948906, 19.581777707160612, 0.0 ], [ -99.309713554024469, 19.581891713375608, 0.0 ], [ -99.309524563407081, 19.58200393876923, 0.0 ], [ -99.309337127247545, 19.582137680718116, 0.0 ], [ -99.309231380718899, 19.582246893763955, 0.0 ], [ -99.30913478978907, 19.58239482600715, 0.0 ], [ -99.308988388056093, 19.58261600955645, 0.0 ], [ -99.308789240794297, 19.582959226658417, 0.0 ], [ -99.308627586835868, 19.583120181660107, 0.0 ], [ -99.308538437407393, 19.58320210797222, 0.0 ], [ -99.308405419398483, 19.583298455537658, 0.0 ], [ -99.308254199225416, 19.583374749328456, 0.0 ], [ -99.308120250243476, 19.583434963590122, 0.0 ], [ -99.307931138328314, 19.583484900781439, 0.0 ], [ -99.307788648358667, 19.583509054470095, 0.0 ], [ -99.307615241023868, 19.583526087643371, 0.0 ], [ -99.307358520484598, 19.583510385763756, 0.0 ], [ -99.306761936969906, 19.583447440974723, 0.0 ], [ -99.306556020847495, 19.583416229280882, 0.0 ], [ -99.30650701819836, 19.583397796898936, 0.0 ], [ -99.306514030398063, 19.583437237249775, 0.0 ], [ -99.306522186578391, 19.583516435991406, 0.0 ], [ -99.306472028754911, 19.583571804993721, 0.0 ], [ -99.306437417797113, 19.583612511594691, 0.0 ], [ -99.306474626137188, 19.583611252847298, 0.0 ] ] ] } },
{ "type": "Feature", "properties": { "NOMBRE": "MANZANA XXV" }, "geometry": { "type": "MultiLineString", "coordinates": [ [ [ -99.311305898597254, 19.582482892975396, 0.0 ], [ -99.311039272673327, 19.581644810154803, 0.0 ] ] ] } },
{ "type": "Feature", "properties": { "NOMBRE": "CASTILLO DE NOTTINGHAM" }, "geometry": { "type": "MultiLineString", "coordinates": [ [ [ -99.314909207714763, 19.581130390366702, 0.0 ], [ -99.3152065560175, 19.581593623265455, 0.0 ], [ -99.315230863434863, 19.581639488858251, 0.0 ], [ -99.315210819360175, 19.581710298833865, 0.0 ], [ -99.315073732123878, 19.581787051809503, 0.0 ], [ -99.314515272395852, 19.582084516128546, 0.0 ], [ -99.314216677971046, 19.582134770306816, 0.0 ], [ -99.313798980924275, 19.582169928555178, 0.0 ], [ -99.313322782259718, 19.582218577330199, 0.0 ], [ -99.312124220735171, 19.582344989829263, 0.0 ], [ -99.311716628267874, 19.582387777126492, 0.0 ], [ -99.311305898597254, 19.582482892975396, 0.0 ], [ -99.310457906965382, 19.582717043248575, 0.0 ], [ -99.31015939789927, 19.58281319867287, 0.0 ], [ -99.31005656896987, 19.582865022070312, 0.0 ], [ -99.309984067761889, 19.582945485840547, 0.0 ], [ -99.309782936036811, 19.583305444739704, 0.0 ], [ -99.309688362284092, 19.58345289558962, 0.0 ], [ -99.309627896722532, 19.583495081814341, 0.0 ], [ -99.308943909258574, 19.583591896610422, 0.0 ], [ -99.308544414661199, 19.583649965603581, 0.0 ], [ -99.308508050597155, 19.583630899441573, 0.0 ], [ -99.308422153219468, 19.583498448266969, 0.0 ] ] ] } },
{ "type": "Feature", "properties": { "NOMBRE": "PRIV. DE CANTERBURY" }, "geometry": { "type": "MultiLineString", "coordinates": [ [ [ -99.317027110108299, 19.57892955257061, 0.0 ], [ -99.317048344701945, 19.579072943131447, 0.0 ], [ -99.317097300047877, 19.579918689497966, 0.0 ], [ -99.317139592382588, 19.580582130270802, 0.0 ], [ -99.317168961473001, 19.581087186958246, 0.0 ], [ -99.316964499872199, 19.581347572541265, 0.0 ] ] ] } },
{ "type": "Feature", "properties": { "NOMBRE": "CASTILLO DE CANTERBURY" }, "geometry": { "type": "MultiLineString", "coordinates": [ [ [ -99.317087664258267, 19.57975222361387, 0.0 ], [ -99.317226309882045, 19.579744155439798, 0.0 ], [ -99.317339266451071, 19.579713351373147, 0.0 ], [ -99.317414464753554, 19.579660137853185, 0.0 ], [ -99.317459079700328, 19.579576970506015, 0.0 ], [ -99.31748908844061, 19.579442421374775, 0.0 ], [ -99.317547510977349, 19.579067522127843, 0.0 ], [ -99.317559475525428, 19.578993856856897, 0.0 ], [ -99.31759475553055, 19.578974666380205, 0.0 ], [ -99.317630067395342, 19.578971734951626, 0.0 ], [ -99.317684581607523, 19.578984072392551, 0.0 ], [ -99.317787636276051, 19.579049883734566, 0.0 ], [ -99.318193213866692, 19.579373681486565, 0.0 ], [ -99.318332705558205, 19.579495378696052, 0.0 ], [ -99.318426901845029, 19.579674540847677, 0.0 ], [ -99.318499902096789, 19.579850871116442, 0.0 ], [ -99.318512154826365, 19.579924015468936, 0.0 ], [ -99.318504705180445, 19.57998428296526, 0.0 ], [ -99.318486660213694, 19.580044569168663, 0.0 ], [ -99.318281307122817, 19.580298860640941, 0.0 ], [ -99.31812726442223, 19.580475591526668, 0.0 ], [ -99.318071423790187, 19.580558898377305, 0.0 ], [ -99.318050396410925, 19.580642143829266, 0.0 ], [ -99.318049186902911, 19.580797085691191, 0.0 ], [ -99.318091847174912, 19.58093903854731, 0.0 ], [ -99.318218097876695, 19.581254433808773, 0.0 ], [ -99.31834588525804, 19.581581303268319, 0.0 ], [ -99.31841287877107, 19.581781554576011, 0.0 ], [ -99.318253544228938, 19.581833482356604, 0.0 ] ] ] } },
{ "type": "Feature", "properties": { "NOMBRE": "2DA. PRIV. DE CANTERBURY" }, "geometry": { "type": "MultiLineString", "coordinates": [ [ [ -99.317372662602793, 19.579689718842705, 0.0 ], [ -99.317767876685636, 19.579998334739493, 0.0 ], [ -99.317787854736096, 19.580151804660314, 0.0 ], [ -99.317630784389436, 19.5803285404638, 0.0 ] ] ] } },
{ "type": "Feature", "properties": { "NOMBRE": "BLVD. DE LA TORRE" }, "geometry": { "type": "MultiLineString", "coordinates": [ [ [ -99.317063434623577, 19.57880678753563, 0.0 ], [ -99.317136124672288, 19.578283851276822, 0.0 ], [ -99.317185205615331, 19.577904784185844, 0.0 ], [ -99.317229136425865, 19.577665602326235, 0.0 ], [ -99.317255201221428, 19.577578283304909, 0.0 ], [ -99.317323036722939, 19.577437092270635, 0.0 ], [ -99.317453950108174, 19.577301767838676, 0.0 ], [ -99.317708205937564, 19.577029936501809, 0.0 ], [ -99.317840272147933, 19.576839615697189, 0.0 ], [ -99.318007547127365, 19.576594238671245, 0.0 ], [ -99.318052809203152, 19.576520036446105, 0.0 ], [ -99.318108164137357, 19.576447011936629, 0.0 ], [ -99.318169835002337, 19.576378758364214, 0.0 ], [ -99.318244182376759, 19.576342761535301, 0.0 ], [ -99.318369001225534, 19.576316239801557, 0.0 ], [ -99.318667888948681, 19.576292997168558, 0.0 ], [ -99.31902858349676, 19.57627084027904, 0.0 ], [ -99.319107992371784, 19.576243202807799, 0.0 ], [ -99.319179727371917, 19.576161780339085, 0.0 ], [ -99.31941378098395, 19.575881613699611, 0.0 ], [ -99.319515702363361, 19.575757098819597, 0.0 ], [ -99.319632851284041, 19.575679182306953, 0.0 ], [ -99.319776532465141, 19.575623933633231, 0.0 ], [ -99.319932904540707, 19.57560811460413, 0.0 ], [ -99.320156147385561, 19.575602936494672, 0.0 ], [ -99.320283535204595, 19.575600319347746, 0.0 ], [ -99.320535712546189, 19.575556832662713, 0.0 ], [ -99.320941675065967, 19.575465251203255, 0.0 ], [ -99.321293417354994, 19.575382134061513, 0.0 ], [ -99.321419510468971, 19.575362781098399, 0.0 ], [ -99.321531759970156, 19.575358994518385, 0.0 ], [ -99.32225193244436, 19.575339776778659, 0.0 ], [ -99.322505031638258, 19.575337475453939, 0.0 ], [ -99.322602956880161, 19.575361210839283, 0.0 ], [ -99.322764537892866, 19.575427871126276, 0.0 ], [ -99.322872549901518, 19.575449675481877, 0.0 ], [ -99.322984556205128, 19.575450431419696, 0.0 ], [ -99.323735213853908, 19.575411785709569, 0.0 ], [ -99.324014695377599, 19.575398850562674, 0.0 ], [ -99.324169007064938, 19.575362229473722, 0.0 ], [ -99.324356567493652, 19.575300681608695, 0.0 ], [ -99.324559638356362, 19.5751743561372, 0.0 ], [ -99.324970780057683, 19.574899602249133, 0.0 ], [ -99.325495293681328, 19.574552911574536, 0.0 ], [ -99.325861106108633, 19.574318407012335, 0.0 ], [ -99.326033398241336, 19.57419184855862, 0.0 ], [ -99.326125511857242, 19.574085519665815, 0.0 ], [ -99.326196432643655, 19.573977794414791, 0.0 ], [ -99.326226507488968, 19.573880185383519, 0.0 ], [ -99.326247434548677, 19.573749596459201, 0.0 ], [ -99.326250285532666, 19.573662079036872, 0.0 ], [ -99.326234930547045, 19.573553075122192, 0.0 ], [ -99.326169504186396, 19.573382472748559, 0.0 ], [ -99.325977752166864, 19.572863484139635, 0.0 ], [ -99.325833206710456, 19.57248643817476, 0.0 ], [ -99.325700440235622, 19.572137623011031, 0.0 ], [ -99.32563944230364, 19.57191058372219, 0.0 ], [ -99.325595939212903, 19.571602217266651, 0.0 ], [ -99.325557322963178, 19.571214937442651, 0.0 ], [ -99.325599442885974, 19.570834685072519, 0.0 ], [ -99.325691446718935, 19.570172199160734, 0.0 ], [ -99.325725832157289, 19.569960290368542, 0.0 ], [ -99.325770953387362, 19.569818658958145, 0.0 ], [ -99.325841344058148, 19.569698979540007, 0.0 ], [ -99.32594705965208, 19.569584018387808, 0.0 ], [ -99.326154673672718, 19.569463134527489, 0.0 ], [ -99.326735411098269, 19.569237325631935, 0.0 ], [ -99.327244542049655, 19.5690288602779, 0.0 ], [ -99.327538934811798, 19.56891068671629, 0.0 ], [ -99.327652828964062, 19.568849269176084, 0.0 ], [ -99.327708218038552, 19.568796565579941, 0.0 ], [ -99.327771607594229, 19.568708459946986, 0.0 ], [ -99.327810773211979, 19.568616572620016, 0.0 ], [ -99.327828734210996, 19.568517072454945, 0.0 ], [ -99.327825461623561, 19.568395613230059, 0.0 ], [ -99.327775631816436, 19.568203463584517, 0.0 ], [ -99.327676432442928, 19.567838690282347, 0.0 ], [ -99.327658456053157, 19.567680913827104, 0.0 ], [ -99.327665743323323, 19.5675422198767, 0.0 ], [ -99.327728501314937, 19.56739146996949, 0.0 ], [ -99.327811535804287, 19.567288504151005, 0.0 ], [ -99.327942502367037, 19.567187842252732, 0.0 ], [ -99.328277582330941, 19.566983994095487, 0.0 ], [ -99.328489214658674, 19.566856883547754, 0.0 ], [ -99.328605006778147, 19.566737120415613, 0.0 ], [ -99.328677805059016, 19.566562441429685, 0.0 ], [ -99.328699770736179, 19.566198962278591, 0.0 ], [ -99.328713868434477, 19.565687252515165, 0.0 ], [ -99.328747724080543, 19.564967485616815, 0.0 ], [ -99.328787746797701, 19.563872312948291, 0.0 ], [ -99.328811679133338, 19.563732632169462, 0.0 ], [ -99.328863924764477, 19.563623505215666, 0.0 ], [ -99.328914260992732, 19.563567941194897, 0.0 ], [ -99.328970701465522, 19.56353723293196, 0.0 ], [ -99.329075576534819, 19.563508349197868, 0.0 ], [ -99.329279334852501, 19.563481197888652, 0.0 ], [ -99.329503222046739, 19.563429142712302, 0.0 ], [ -99.329652402339207, 19.563356182487819, 0.0 ], [ -99.329757125494737, 19.563252697951025, 0.0 ], [ -99.329805756991661, 19.56318597857647, 0.0 ], [ -99.329847223902448, 19.563110584807514, 0.0 ], [ -99.329862241765014, 19.563053172220574, 0.0 ], [ -99.329879740708478, 19.562975431192612, 0.0 ], [ -99.329873089385131, 19.562805678958604, 0.0 ], [ -99.329829673360464, 19.56254274303453, 0.0 ], [ -99.329786597779901, 19.56244717982068, 0.0 ], [ -99.329682945385741, 19.562332598854244, 0.0 ], [ -99.329474559530411, 19.56219190748206, 0.0 ], [ -99.3291208709649, 19.561921168711997, 0.0 ], [ -99.32866874920488, 19.561620720360924, 0.0 ], [ -99.328049819470763, 19.561172388813958, 0.0 ], [ -99.327962639622598, 19.561094838136309, 0.0 ], [ -99.327909553284655, 19.561037549403995, 0.0 ], [ -99.327809631141093, 19.560895463480872, 0.0 ], [ -99.327750197877094, 19.560817862309985, 0.0 ], [ -99.327518809982152, 19.560526574296119, 0.0 ], [ -99.327221727602208, 19.560179215400272, 0.0 ], [ -99.327124466390146, 19.560105269143346, 0.0 ], [ -99.327041167535768, 19.560075531946641, 0.0 ], [ -99.326899865995117, 19.560051877369599, 0.0 ], [ -99.326810340734994, 19.560061603648908, 0.0 ], [ -99.326722093508749, 19.560079696242752, 0.0 ], [ -99.326599895197404, 19.560148062247041, 0.0 ], [ -99.326524358474458, 19.560215148256223, 0.0 ], [ -99.326451430683775, 19.560325268399431, 0.0 ], [ -99.326308236675828, 19.560614844207617, 0.0 ], [ -99.326177887087255, 19.560852989140262, 0.0 ], [ -99.326093284623227, 19.560927742706507, 0.0 ], [ -99.32603084072116, 19.560983327825284, 0.0 ], [ -99.325960275138925, 19.56101406067819, 0.0 ], [ -99.325740506556969, 19.561106273637638, 0.0 ], [ -99.325018620720385, 19.561371546568772, 0.0 ], [ -99.32493593574506, 19.561396562326177, 0.0 ], [ -99.324851209837163, 19.561410104683119, 0.0 ], [ -99.324689787550327, 19.561416133604634, 0.0 ], [ -99.324405271984247, 19.56142238362364, 0.0 ], [ -99.323748794682217, 19.561686418136627, 0.0 ], [ -99.323073327649468, 19.561957816818605, 0.0 ], [ -99.322939787402305, 19.562032178289286, 0.0 ], [ -99.322786158123876, 19.562152005519948, 0.0 ], [ -99.322466334326222, 19.562415592531337, 0.0 ], [ -99.32238574048057, 19.562477903761852, 0.0 ], [ -99.322272321846512, 19.56252353621646, 0.0 ], [ -99.321764941996207, 19.562654155742514, 0.0 ], [ -99.321642651903687, 19.562678284173487, 0.0 ], [ -99.321560696850156, 19.562690385429118, 0.0 ], [ -99.321501408051375, 19.562684513410034, 0.0 ], [ -99.321382809146641, 19.562662009629065, 0.0 ], [ -99.320726716740296, 19.562530473270417, 0.0 ], [ -99.320276275707613, 19.562435631029604, 0.0 ], [ -99.320201836003378, 19.562421416788311, 0.0 ], [ -99.320179167265678, 19.562438194344207, 0.0 ], [ -99.320162816372374, 19.562460938316246, 0.0 ], [ -99.320161628315049, 19.56249800169271, 0.0 ], [ -99.320189443382773, 19.562532622577734, 0.0 ], [ -99.32034841731334, 19.562563424173959, 0.0 ], [ -99.321107985738792, 19.562723470464427, 0.0 ], [ -99.321438570173584, 19.5627970046332, 0.0 ], [ -99.32166062181831, 19.562836061406781, 0.0 ], [ -99.321917921095363, 19.562841580361603, 0.0 ], [ -99.322099469267656, 19.562807781819792, 0.0 ], [ -99.322226747233458, 19.562754951585624, 0.0 ], [ -99.322377871707218, 19.562643497972218, 0.0 ], [ -99.322593215459648, 19.562480521924041, 0.0 ], [ -99.322963382751396, 19.5621642415467, 0.0 ], [ -99.323120857446995, 19.56207549092348, 0.0 ], [ -99.323298532710595, 19.561997463709009, 0.0 ], [ -99.323859315890019, 19.561769308853034, 0.0 ], [ -99.323985359903773, 19.561730825898639, 0.0 ], [ -99.324176979277169, 19.561688638537131, 0.0 ], [ -99.324710267353751, 19.561587256030577, 0.0 ], [ -99.324925827649821, 19.561534265093123, 0.0 ], [ -99.325253507716496, 19.56141770912922, 0.0 ], [ -99.325490428852348, 19.561325226726691, 0.0 ], [ -99.325868488816695, 19.561175104127038, 0.0 ], [ -99.326071364082978, 19.561086268994408, 0.0 ], [ -99.326139382280004, 19.561043107245936, 0.0 ], [ -99.326232547462197, 19.560961643248135, 0.0 ], [ -99.326300478990746, 19.56087544271556, 0.0 ], [ -99.326365837544117, 19.560764140795108, 0.0 ], [ -99.326403495418063, 19.560675603901384, 0.0 ], [ -99.326439932955239, 19.560607393122407, 0.0 ], [ -99.326507748725717, 19.560463807545247, 0.0 ], [ -99.326576868892175, 19.560341739023453, 0.0 ], [ -99.326618379937031, 19.56028786532417, 0.0 ], [ -99.326692665092409, 19.560225563639136, 0.0 ], [ -99.32676574679445, 19.560191956690375, 0.0 ], [ -99.326851466875866, 19.56017147760101, 0.0 ], [ -99.326963732191913, 19.560180838509922, 0.0 ], [ -99.327103828106573, 19.560231992282489, 0.0 ], [ -99.327218835306041, 19.560350140789499, 0.0 ], [ -99.327450207932316, 19.560634256084885, 0.0 ], [ -99.327695481107014, 19.560931496600496, 0.0 ], [ -99.327863677029796, 19.561157145305547, 0.0 ], [ -99.327919273706556, 19.561208451869049, 0.0 ], [ -99.328014020796147, 19.561285988816717, 0.0 ], [ -99.328370192249025, 19.561538792436394, 0.0 ], [ -99.328463707593457, 19.561630677670536, 0.0 ], [ -99.328516883908051, 19.561732200460941, 0.0 ], [ -99.328539842240033, 19.561858884237967, 0.0 ], [ -99.328543889793622, 19.561989189000382, 0.0 ], [ -99.328526582985319, 19.562120548820154, 0.0 ], [ -99.328531951241771, 19.562155687458677, 0.0 ], [ -99.328559241253956, 19.562179309167671, 0.0 ], [ -99.328584232039731, 19.56218858876856, 0.0 ], [ -99.328613734109211, 19.562183513864831, 0.0 ], [ -99.328661353952512, 19.562156886537846, 0.0 ], [ -99.328746037257986, 19.56212230124672, 0.0 ], [ -99.328847400440736, 19.562103466449432, 0.0 ], [ -99.328938184014461, 19.562091824018019, 0.0 ], [ -99.329031258116018, 19.562090219768216, 0.0 ], [ -99.329148595405513, 19.562112242608052, 0.0 ], [ -99.329229660938566, 19.562159437531349, 0.0 ], [ -99.329490349910657, 19.562344029013815, 0.0 ], [ -99.329638139338442, 19.562455994989328, 0.0 ], [ -99.32970695128688, 19.562555336911405, 0.0 ], [ -99.329725322681043, 19.562658596622132, 0.0 ], [ -99.32974793607913, 19.562863229006318, 0.0 ], [ -99.329750179568478, 19.562974169523518, 0.0 ], [ -99.329724183539724, 19.563090900138391, 0.0 ], [ -99.329687640294054, 19.563158394429966, 0.0 ], [ -99.329614395053852, 19.563235998136118, 0.0 ], [ -99.329539588190883, 19.563289933291593, 0.0 ], [ -99.329471540844736, 19.563318750078132, 0.0 ], [ -99.32941180293021, 19.563340378532498, 0.0 ], [ -99.32934598640162, 19.56334982371467, 0.0 ], [ -99.32913717708891, 19.563373875945135, 0.0 ], [ -99.329009331975229, 19.563394911124821, 0.0 ], [ -99.328917846226517, 19.563433812823607, 0.0 ], [ -99.328831692446983, 19.563489920307248, 0.0 ], [ -99.328781087490981, 19.563537355232583, 0.0 ], [ -99.328743357103832, 19.563589787897339, 0.0 ], [ -99.328707167775434, 19.563655846720103, 0.0 ], [ -99.328688355618127, 19.563708244921912, 0.0 ], [ -99.328674850744548, 19.563765654658177, 0.0 ], [ -99.328670544384522, 19.563881150103725, 0.0 ], [ -99.328669943187819, 19.563957903829085, 0.0 ], [ -99.328639732241314, 19.564526191298988, 0.0 ], [ -99.328620513853963, 19.565000610107358, 0.0 ], [ -99.328603317224335, 19.565476938047347, 0.0 ], [ -99.328582038052375, 19.565930319341458, 0.0 ], [ -99.328562493852246, 19.566244060304427, 0.0 ], [ -99.328534524999185, 19.56638374836653, 0.0 ], [ -99.328389741505916, 19.566636506422338, 0.0 ], [ -99.32824282342024, 19.566831883115125, 0.0 ], [ -99.328107792323806, 19.566918206336464, 0.0 ], [ -99.327749084950256, 19.567163701307177, 0.0 ], [ -99.327650402330278, 19.567262391622375, 0.0 ], [ -99.327588566365947, 19.567370100985805, 0.0 ], [ -99.327547916391993, 19.567476337250664, 0.0 ], [ -99.327519493158562, 19.567641371072245, 0.0 ], [ -99.327527330141663, 19.567774777266902, 0.0 ], [ -99.327568545326812, 19.567948292466323, 0.0 ], [ -99.327667656419479, 19.568311073446964, 0.0 ], [ -99.327698236758678, 19.568464523119545, 0.0 ], [ -99.327690866374567, 19.568562091206072, 0.0 ], [ -99.327650178495489, 19.568649677388077, 0.0 ], [ -99.327562606554437, 19.568754564200102, 0.0 ], [ -99.327468873254972, 19.568806380915291, 0.0 ], [ -99.327121046640229, 19.568946170646075, 0.0 ], [ -99.326531245133907, 19.569179648520095, 0.0 ], [ -99.326051844917799, 19.569371320835149, 0.0 ], [ -99.325968690962171, 19.569415944523421, 0.0 ], [ -99.32587499424487, 19.56948641051666, 0.0 ], [ -99.325757182047766, 19.569607131976223, 0.0 ], [ -99.32568019434791, 19.569707694895193, 0.0 ], [ -99.325628953678262, 19.569816819092498, 0.0 ], [ -99.325594399123716, 19.569944563333628, 0.0 ], [ -99.325536114959945, 19.570314802501926, 0.0 ], [ -99.325486813787506, 19.570636248088515, 0.0 ], [ -99.325396548110163, 19.571206944449393, 0.0 ], [ -99.32536539406145, 19.571395295525637, 0.0 ], [ -99.325362504785915, 19.571526808282332, 0.0 ], [ -99.325384853124447, 19.571664253145411, 0.0 ], [ -99.325546518701955, 19.572088372248018, 0.0 ], [ -99.325790637340518, 19.572745469299292, 0.0 ], [ -99.326003063345681, 19.573321925420327, 0.0 ], [ -99.326109791717244, 19.573583910709164, 0.0 ], [ -99.32612663708808, 19.573681434922491, 0.0 ], [ -99.326122269594123, 19.573767520457256, 0.0 ], [ -99.326086221281159, 19.573905309833751, 0.0 ], [ -99.326022888444882, 19.57402306372316, 0.0 ], [ -99.325938336827136, 19.574126509649631, 0.0 ], [ -99.325779646556498, 19.574243001063248, 0.0 ], [ -99.325406272119707, 19.574480388354903, 0.0 ], [ -99.324886279105954, 19.574817028241526, 0.0 ], [ -99.324531018892841, 19.575031427083125, 0.0 ], [ -99.324293672744815, 19.575173881959678, 0.0 ], [ -99.324151511909278, 19.57523152252362, 0.0 ], [ -99.324027462203645, 19.575263307158124, 0.0 ], [ -99.32390489161719, 19.575277873524275, 0.0 ], [ -99.323753554555196, 19.575288187548029, 0.0 ], [ -99.323296510375329, 19.575316265039103, 0.0 ], [ -99.323151213216804, 19.575319394598157, 0.0 ], [ -99.323046693850699, 19.575277977579788, 0.0 ], [ -99.322937630966081, 19.57523513400524, 0.0 ], [ -99.322805890293907, 19.575205242587725, 0.0 ], [ -99.32237909188558, 19.57522035198787, 0.0 ], [ -99.321504296247383, 19.575246301656584, 0.0 ], [ -99.321322693290625, 19.575259536829151, 0.0 ], [ -99.321186523033148, 19.57528560259292, 0.0 ], [ -99.320920245192269, 19.575342026912548, 0.0 ], [ -99.320496652035246, 19.57544750770937, 0.0 ], [ -99.32024547823211, 19.575488123301628, 0.0 ], [ -99.319786879540843, 19.575496109886057, 0.0 ], [ -99.319655238225195, 19.575516427960189, 0.0 ], [ -99.319555444159406, 19.575568251344265, 0.0 ], [ -99.319378664061574, 19.575724938801553, 0.0 ], [ -99.319049325751791, 19.576041139622983, 0.0 ], [ -99.31896169062108, 19.576118764478675, 0.0 ], [ -99.318860362622985, 19.576160547799745, 0.0 ], [ -99.318703009522167, 19.576190953021424, 0.0 ], [ -99.318194514056941, 19.576226281649056, 0.0 ], [ -99.318065918801381, 19.576256635593946, 0.0 ], [ -99.31799788082995, 19.576294055856479, 0.0 ], [ -99.31794354386335, 19.576371621527418, 0.0 ], [ -99.317750530973044, 19.576742095554998, 0.0 ], [ -99.317667590250394, 19.576898616047632, 0.0 ], [ -99.317593570659611, 19.576973347014096, 0.0 ], [ -99.31751050319501, 19.577065309407967, 0.0 ], [ -99.317321703449451, 19.577269358738064, 0.0 ], [ -99.31724015207935, 19.577362752969158, 0.0 ], [ -99.317194881911519, 19.57743312933119, 0.0 ], [ -99.317157213359309, 19.577520707850532, 0.0 ], [ -99.317124065898511, 19.577598236020094, 0.0 ], [ -99.317089632171886, 19.577791971287855, 0.0 ], [ -99.317061407125422, 19.578064600154914, 0.0 ], [ -99.31701205612552, 19.578370262571962, 0.0 ], [ -99.31698340994771, 19.578427698014675, 0.0 ], [ -99.316942638098041, 19.578476546991773, 0.0 ], [ -99.316885160491196, 19.578496732754452, 0.0 ], [ -99.316756964897394, 19.578495454531573, 0.0 ] ] ] } },
{ "type": "Feature", "properties": { "NOMBRE": "TORRE DE TÁMESIS" }, "geometry": { "type": "MultiLineString", "coordinates": [ [ [ -99.322872549901518, 19.575449675481877, 0.0 ], [ -99.322793018216842, 19.575541953827603, 0.0 ], [ -99.32255436231894, 19.576041511449858, 0.0 ], [ -99.322500970504379, 19.576149203952475, 0.0 ], [ -99.322438461401376, 19.576191398084767, 0.0 ], [ -99.3223718981248, 19.576208732565682, 0.0 ], [ -99.322170594818843, 19.576210526784795, 0.0 ], [ -99.321851260736096, 19.576226877657927, 0.0 ], [ -99.321451584471816, 19.576245283972945, 0.0 ], [ -99.321136387826272, 19.576312794590724, 0.0 ], [ -99.320687595250476, 19.576433145192848, 0.0 ], [ -99.320405102394091, 19.576455166531961, 0.0 ], [ -99.320175565963822, 19.576467529270683, 0.0 ], [ -99.319941050296379, 19.576513375191794, 0.0 ], [ -99.319578304185384, 19.576774642144436, 0.0 ], [ -99.319402001896222, 19.576918417125054, 0.0 ], [ -99.319293758962374, 19.577035769985571, 0.0 ], [ -99.319235945303703, 19.577141078321052, 0.0 ], [ -99.319175914996251, 19.57740180854281, 0.0 ], [ -99.319148518952005, 19.577581185450533, 0.0 ], [ -99.319115973955292, 19.577707968451989, 0.0 ], [ -99.319063106412145, 19.577763056017446, 0.0 ], [ -99.318949629127999, 19.577784776096063, 0.0 ], [ -99.318850468885117, 19.577764228989395, 0.0 ], [ -99.318760792230023, 19.577702220275818, 0.0 ], [ -99.318715266837941, 19.577642524564979, 0.0 ], [ -99.31870863105371, 19.57747516307403, 0.0 ], [ -99.318729605735911, 19.57723721694359, 0.0 ], [ -99.318731928539449, 19.577135593384146, 0.0 ], [ -99.318696160091193, 19.576906116153072, 0.0 ], [ -99.318657692818462, 19.576586979443352, 0.0 ], [ -99.318614639563137, 19.57629713807767, 0.0 ] ] ] } },
{ "type": "Feature", "properties": { "NOMBRE": "CTO. DE TÁMESIS" }, "geometry": { "type": "MultiLineString", "coordinates": [ [ [ -99.321509178003907, 19.576423063191829, 0.0 ], [ -99.321377868124003, 19.576356347871929, 0.0 ], [ -99.321280919272056, 19.576316350979351, 0.0 ], [ -99.321209932341816, 19.576297042460496, 0.0 ] ] ] } },
{ "type": "Feature", "properties": { "NOMBRE": "CTO. DE TÁMESIS" }, "geometry": { "type": "MultiLineString", "coordinates": [ [ [ -99.320585791733848, 19.57644108119651, 0.0 ], [ -99.320524109924776, 19.576541052712887, 0.0 ], [ -99.320500024978486, 19.576608044785928, 0.0 ], [ -99.320510312239705, 19.576707494016532, 0.0 ], [ -99.320516514108775, 19.576782083627361, 0.0 ], [ -99.320440154790546, 19.576948636060695, 0.0 ], [ -99.320257197899465, 19.577299010038697, 0.0 ], [ -99.32009240713117, 19.577651264431719, 0.0 ], [ -99.319987906499705, 19.577875251693449, 0.0 ], [ -99.319869350400666, 19.578135607708184, 0.0 ], [ -99.319837298129514, 19.578256173234383, 0.0 ], [ -99.319809259431949, 19.578365254620081, 0.0 ], [ -99.319807584802746, 19.578539325700174, 0.0 ], [ -99.319848275980377, 19.578705670318751, 0.0 ], [ -99.319913203810387, 19.578881536124619, 0.0 ], [ -99.319988116740817, 19.579003824775207, 0.0 ], [ -99.320056899797223, 19.579087867543503, 0.0 ], [ -99.320159957364183, 19.579154633929711, 0.0 ], [ -99.320305290192579, 19.579167765781964, 0.0 ], [ -99.320458578358569, 19.57912158546387, 0.0 ], [ -99.320569409757042, 19.579037223748408, 0.0 ], [ -99.320696257467773, 19.578887797063047, 0.0 ], [ -99.320935874478224, 19.578613835343894, 0.0 ], [ -99.32106883656202, 19.578495002898876, 0.0 ], [ -99.321142726650578, 19.578457236320169, 0.0 ], [ -99.321274358769301, 19.578431178647804, 0.0 ], [ -99.321431010784153, 19.578428030334315, 0.0 ], [ -99.321648286554378, 19.578464943359361, 0.0 ], [ -99.321717994805738, 19.578506423238704, 0.0 ], [ -99.3217817241717, 19.578585931372604, 0.0 ], [ -99.321929265805025, 19.578779900688023, 0.0 ], [ -99.321996020217554, 19.578858207820112, 0.0 ], [ -99.322103126105787, 19.578930704371306, 0.0 ], [ -99.322232275703598, 19.578924735208506, 0.0 ], [ -99.322335101954721, 19.578874817765652, 0.0 ], [ -99.322639578322068, 19.578742287770204, 0.0 ], [ -99.322770604919327, 19.578665539938456, 0.0 ], [ -99.32283503289166, 19.578588911211313, 0.0 ], [ -99.322981975619214, 19.578397364587524, 0.0 ], [ -99.323108835841893, 19.578255587550231, 0.0 ], [ -99.323134899929727, 19.578169463246663, 0.0 ], [ -99.323138795072609, 19.578098681338613, 0.0 ], [ -99.323126541364147, 19.578026015520503, 0.0 ], [ -99.32304947115658, 19.577834869949669, 0.0 ], [ -99.322968479242505, 19.577701116443368, 0.0 ], [ -99.322962161849318, 19.577569142062433, 0.0 ], [ -99.323002299396805, 19.577456212870619, 0.0 ], [ -99.323064666722331, 19.577358546550521, 0.0 ], [ -99.323193582337069, 19.577235894129107, 0.0 ], [ -99.323465577972087, 19.577009691977615, 0.0 ], [ -99.323594485367281, 19.576883213614632, 0.0 ], [ -99.323679116311055, 19.576818025362453, 0.0 ], [ -99.323757750162329, 19.576781540375912, 0.0 ], [ -99.323836426019525, 19.576766096477705, 0.0 ], [ -99.323969659743014, 19.576784985630404, 0.0 ], [ -99.324173672868753, 19.576876435285385, 0.0 ], [ -99.324263731984956, 19.576918674633756, 0.0 ], [ -99.32436465688977, 19.576928057381597, 0.0 ], [ -99.324480650653172, 19.576903938339818, 0.0 ], [ -99.324558725725055, 19.576840435202335, 0.0 ], [ -99.324646795514298, 19.576729093144941, 0.0 ], [ -99.324738393764136, 19.576616190514113, 0.0 ], [ -99.324821459723978, 19.576525659470839, 0.0 ], [ -99.324989320694073, 19.576452191184085, 0.0 ], [ -99.325148223777958, 19.576440427849413, 0.0 ], [ -99.326063859946444, 19.576398605736411, 0.0 ], [ -99.326206162577336, 19.57641126013106, 0.0 ], [ -99.326275746890644, 19.576391049522471, 0.0 ], [ -99.326314996021623, 19.576339331966448, 0.0 ], [ -99.326333055004099, 19.576287652732727, 0.0 ], [ -99.326317766118109, 19.576211645160342, 0.0 ], [ -99.32628740499635, 19.576167226638429, 0.0 ], [ -99.326207087131053, 19.576118594565216, 0.0 ], [ -99.326022326641919, 19.576067281969866, 0.0 ], [ -99.325499611324986, 19.575913824074508, 0.0 ], [ -99.325384484438857, 19.575866689054845, 0.0 ], [ -99.325310212654401, 19.575813741789659, 0.0 ], [ -99.325225322860774, 19.575749336616958, 0.0 ], [ -99.325113211808713, 19.575696457475754, 0.0 ], [ -99.324930028977562, 19.575676702703703, 0.0 ], [ -99.32481660574426, 19.575724249641762, 0.0 ], [ -99.324653375250278, 19.575842182875245, 0.0 ], [ -99.324370815939432, 19.57608227385743, 0.0 ], [ -99.324284665381754, 19.576144117699219, 0.0 ], [ -99.32420450307535, 19.576172954314451, 0.0 ], [ -99.32410613475075, 19.576180304194498, 0.0 ], [ -99.323980456025907, 19.576154706641383, 0.0 ], [ -99.323612278131961, 19.575965996637922, 0.0 ], [ -99.323497148874878, 19.575917425784674, 0.0 ], [ -99.323366938299543, 19.575896139807533, 0.0 ], [ -99.323197449136217, 19.575912224415344, 0.0 ], [ -99.323123363933092, 19.575952526683665, 0.0 ], [ -99.323032895245902, 19.576126278598, 0.0 ], [ -99.322947087168401, 19.576360276469149, 0.0 ], [ -99.322906437692183, 19.57646938090301, 0.0 ], [ -99.322864231711051, 19.576556968703859, 0.0 ], [ -99.322794758312753, 19.576633128266916, 0.0 ], [ -99.322675370827241, 19.576726592613479, 0.0 ], [ -99.322413957281711, 19.576946557958713, 0.0 ], [ -99.322261287526445, 19.577048689275166, 0.0 ], [ -99.322155396252157, 19.577079005572866, 0.0 ], [ -99.322034283534109, 19.577066310162941, 0.0 ], [ -99.32191764605848, 19.577020610258252, 0.0 ], [ -99.321628194920024, 19.576841798111904, 0.0 ], [ -99.321543277555264, 19.576763044977834, 0.0 ], [ -99.321511761493724, 19.576708071231845, 0.0 ], [ -99.321509341165267, 19.576505314873106, 0.0 ], [ -99.321509178003907, 19.576423063191829, 0.0 ], [ -99.321704722021622, 19.576315595758008, 0.0 ], [ -99.321890811742364, 19.576224852557335, 0.0 ] ] ] } },
{ "type": "Feature", "properties": { "NOMBRE": "CTO. DE TÁMESIS" }, "geometry": { "type": "MultiLineString", "coordinates": [ [ [ -99.32002843258077, 19.576496292698703, 0.0 ], [ -99.320157237256211, 19.576512441729971, 0.0 ], [ -99.320253146665522, 19.576537138378907, 0.0 ], [ -99.320327865931276, 19.576561872602309, 0.0 ], [ -99.320387466395587, 19.576595241409741, 0.0 ], [ -99.320466293793913, 19.576656312176187, 0.0 ], [ -99.320516514108775, 19.576782083627361, 0.0 ] ] ] } },
{ "type": "Feature", "properties": { "NOMBRE": "PRIV. RÍO PRESTON" }, "geometry": { "type": "MultiLineString", "coordinates": [ [ [ -99.324521390046684, 19.574015814957942, 0.0 ], [ -99.324351111148502, 19.574140455526894, 0.0 ], [ -99.324175236797089, 19.574494646383204, 0.0 ], [ -99.324053643601829, 19.574745446404926, 0.0 ], [ -99.324054746337211, 19.574792308919637, 0.0 ], [ -99.324224851758999, 19.575201786150913, 0.0 ] ] ] } },
{ "type": "Feature", "properties": { "NOMBRE": "PRIV. RÍO DEE" }, "geometry": { "type": "MultiLineString", "coordinates": [ [ [ -99.325285884660573, 19.57469132617415, 0.0 ], [ -99.325587539532648, 19.575115120078415, 0.0 ], [ -99.325620391176997, 19.57514375333437, 0.0 ], [ -99.325731338236452, 19.57511964261024, 0.0 ] ] ] } },
{ "type": "Feature", "properties": { "NOMBRE": "PRIV. RÍO LANCASTER" }, "geometry": { "type": "MultiLineString", "coordinates": [ [ [ -99.326023398035986, 19.573371840895891, 0.0 ], [ -99.325206035194029, 19.573648503179733, 0.0 ], [ -99.324784369327674, 19.573453196931553, 0.0 ], [ -99.324561332998101, 19.57292995919267, 0.0 ] ] ] } },
{ "type": "Feature", "properties": { "NOMBRE": "PRIV. RÍO DE LIVERPOOL" }, "geometry": { "type": "MultiLineString", "coordinates": [ [ [ -99.323705504795214, 19.573789366080192, 0.0 ], [ -99.323630104755722, 19.573928660215387, 0.0 ], [ -99.32338386407018, 19.574164380648927, 0.0 ], [ -99.323270767582741, 19.5743754735728, 0.0 ], [ -99.323159152907252, 19.574570782867539, 0.0 ], [ -99.323088307037551, 19.574717241755142, 0.0 ], [ -99.322970751981231, 19.574969946669249, 0.0 ], [ -99.322858146271088, 19.575217099267245, 0.0 ] ] ] } },
{ "type": "Feature", "properties": { "NOMBRE": "CTO. DE CHEVIOT" }, "geometry": { "type": "MultiLineString", "coordinates": [ [ [ -99.328623703283796, 19.564921877044156, 0.0 ], [ -99.328116287162587, 19.564917521025361, 0.0 ], [ -99.328024019421775, 19.564944468462041, 0.0 ], [ -99.327692997599371, 19.565157394758245, 0.0 ], [ -99.327407335803912, 19.565348718750528, 0.0 ], [ -99.32734692120124, 19.565410517355826, 0.0 ], [ -99.327315277133692, 19.565479436912195, 0.0 ], [ -99.327307837135663, 19.565542574058583, 0.0 ], [ -99.32732467362554, 19.565635794378711, 0.0 ], [ -99.327368697779562, 19.56570170744526, 0.0 ], [ -99.327459639907914, 19.565767535384534, 0.0 ], [ -99.32758538641086, 19.565830430854248, 0.0 ], [ -99.327636943358613, 19.565879114638975, 0.0 ], [ -99.327679480311375, 19.56595794198077, 0.0 ], [ -99.327682678308022, 19.566042579249928, 0.0 ], [ -99.32765563559056, 19.566141617702865, 0.0 ], [ -99.327543901357245, 19.566272371690655, 0.0 ], [ -99.327231643497583, 19.566660287757085, 0.0 ], [ -99.327108831816219, 19.566802060378055, 0.0 ], [ -99.32699596715841, 19.566873039896933, 0.0 ], [ -99.326870921199401, 19.566907697489963, 0.0 ], [ -99.326735712004762, 19.566906029477916, 0.0 ], [ -99.326501482645384, 19.566835678361134, 0.0 ], [ -99.326279372961849, 19.566771043541376, 0.0 ], [ -99.325902174395466, 19.56685397708036, 0.0 ], [ -99.325599664134003, 19.566948252136807, 0.0 ], [ -99.325511037639501, 19.567030664034604, 0.0 ], [ -99.325468855607113, 19.567128294843656, 0.0 ], [ -99.325432992385785, 19.567357900065147, 0.0 ], [ -99.325409363735204, 19.567650606865005, 0.0 ], [ -99.32543399049564, 19.567855236106819, 0.0 ], [ -99.325480715546831, 19.568010091705805, 0.0 ], [ -99.325545472173189, 19.568099878281032, 0.0 ], [ -99.325616256002576, 19.56817626409288, 0.0 ], [ -99.325721315280433, 19.568237285316098, 0.0 ], [ -99.325804107371269, 19.568263915599054, 0.0 ], [ -99.325939340769935, 19.568277061276788, 0.0 ], [ -99.326155232928244, 19.568259455699977, 0.0 ], [ -99.326314201844681, 19.568234301447649, 0.0 ], [ -99.326518890863539, 19.568165069078766, 0.0 ], [ -99.326754789398862, 19.56806134889996, 0.0 ], [ -99.327058518311532, 19.567934850335405, 0.0 ], [ -99.327237010234356, 19.567884314797038, 0.0 ], [ -99.327432162143694, 19.567839487370758, 0.0 ], [ -99.327538434831695, 19.567821527854349, 0.0 ] ] ] } },
{ "type": "Feature", "properties": { "NOMBRE": "HULL" }, "geometry": { "type": "MultiLineString", "coordinates": [ [ [ -99.327630078655531, 19.566171525044762, 0.0 ], [ -99.328412535598119, 19.56659671333761, 0.0 ] ] ] } },
{ "type": "Feature", "properties": { "NOMBRE": "PRIV. DE CHEVIOT" }, "geometry": { "type": "MultiLineString", "coordinates": [ [ [ -99.326830947516356, 19.568029630245622, 0.0 ], [ -99.326659883179218, 19.567624776041921, 0.0 ], [ -99.326221322400073, 19.567488084081969, 0.0 ], [ -99.325849476322432, 19.567599341760495, 0.0 ], [ -99.325818119244019, 19.567686073834782, 0.0 ], [ -99.325843524420094, 19.567775692238754, 0.0 ] ] ] } },
{ "type": "Feature", "properties": { "NOMBRE": "CTO. SHEFFIELD" }, "geometry": { "type": "MultiLineString", "coordinates": [ [ [ -99.324396415701628, 19.561425945633161, 0.0 ], [ -99.324354145716299, 19.561303169184313, 0.0 ], [ -99.324291819314752, 19.56116555672212, 0.0 ], [ -99.324223407726365, 19.561012174238709, 0.0 ], [ -99.324194476194208, 19.5609240562538, 0.0 ], [ -99.32417410590152, 19.560828450860772, 0.0 ], [ -99.32416624247719, 19.560680219920716, 0.0 ], [ -99.324212431235068, 19.560442227561818, 0.0 ], [ -99.32425755940227, 19.560304661169273, 0.0 ], [ -99.324268721347821, 19.560210194666897, 0.0 ], [ -99.324263449558686, 19.560096629284683, 0.0 ], [ -99.324203712450441, 19.559866000288, 0.0 ], [ -99.324164319352988, 19.559717825948894, 0.0 ], [ -99.324159026158753, 19.559593500871308, 0.0 ], [ -99.324156211118165, 19.559518570428896, 0.0 ], [ -99.324181369871781, 19.559486006979327, 0.0 ], [ -99.324238847478384, 19.559469644624443, 0.0 ], [ -99.324289289196074, 19.559466684767663, 0.0 ], [ -99.324361987070233, 19.559493333928099, 0.0 ], [ -99.324478175002767, 19.559572507992506, 0.0 ], [ -99.324669144033763, 19.559710845542853, 0.0 ], [ -99.324830815498203, 19.55983010720508, 0.0 ], [ -99.325063234573676, 19.560009495792681, 0.0 ], [ -99.325243092706373, 19.560141157783868, 0.0 ], [ -99.325499741015463, 19.56032719707769, 0.0 ], [ -99.325623013896362, 19.560416878225663, 0.0 ], [ -99.325679596011582, 19.560456945786839, 0.0 ], [ -99.325709916511897, 19.560482714417084, 0.0 ], [ -99.325728106512173, 19.560497027893266, 0.0 ], [ -99.325758386694957, 19.560502711775158, 0.0 ], [ -99.325788628464139, 19.560489267328272, 0.0 ], [ -99.325811761440107, 19.560452881634291, 0.0 ], [ -99.325963517891253, 19.560156117598137, 0.0 ], [ -99.326111264905236, 19.559872750549818, 0.0 ], [ -99.326157565141344, 19.559817194567856, 0.0 ], [ -99.326167600809313, 19.559790396685774, 0.0 ], [ -99.32615038903657, 19.559760778769846, 0.0 ], [ -99.3261231050692, 19.559739786824082, 0.0 ], [ -99.325844237060011, 19.559542311469038, 0.0 ], [ -99.325624976375323, 19.55938394138321, 0.0 ], [ -99.32535621631358, 19.559195054798725, 0.0 ], [ -99.325140986605305, 19.559033807583337, 0.0 ], [ -99.325051025587669, 19.558951717463508, 0.0 ], [ -99.324907554169073, 19.558851551624045, 0.0 ], [ -99.324714562330612, 19.558710348680947, 0.0 ], [ -99.324648894826893, 19.558667427876259, 0.0 ], [ -99.324604478325909, 19.558656030698987, 0.0 ], [ -99.324559073933813, 19.558655155905861, 0.0 ], [ -99.324496532798307, 19.558661963261532, 0.0 ], [ -99.324444111700458, 19.558684055129113, 0.0 ], [ -99.324387706443943, 19.558731977478391, 0.0 ], [ -99.3243425047107, 19.558832482780332, 0.0 ], [ -99.324242153067033, 19.559104286289131, 0.0 ], [ -99.324193579460584, 19.559234191579385, 0.0 ], [ -99.324159558077341, 19.559375802811889, 0.0 ], [ -99.324153126039704, 19.559438938072887, 0.0 ], [ -99.324156492217853, 19.559518286983298, 0.0 ] ] ] } },
{ "type": "Feature", "properties": { "NOMBRE": "CTO. SHEFFIELD" }, "geometry": { "type": "MultiLineString", "coordinates": [ [ [ -99.32421831224039, 19.559168046241378, 0.0 ], [ -99.324275121889215, 19.55930813978382, 0.0 ], [ -99.324361987070233, 19.559493333928099, 0.0 ] ] ] } },
{ "type": "Feature", "properties": { "NOMBRE": "PRIV. CARDIFF" }, "geometry": { "type": "MultiLineString", "coordinates": [ [ [ -99.324077727283779, 19.558377132473282, 0.0 ], [ -99.323969726395163, 19.558481576078535, 0.0 ], [ -99.323905726119065, 19.558641891256208, 0.0 ], [ -99.32382923322254, 19.558862005065485, 0.0 ], [ -99.323776545133697, 19.559003171504873, 0.0 ], [ -99.323729013814642, 19.559200518352938, 0.0 ], [ -99.323647489992055, 19.559427814248266, 0.0 ], [ -99.323578465749065, 19.559598898032053, 0.0 ], [ -99.323559643315122, 19.559646752761644, 0.0 ], [ -99.323554724937424, 19.559710124394684, 0.0 ], [ -99.323573814449759, 19.559796167972372, 0.0 ], [ -99.323610539174126, 19.559871420213309, 0.0 ], [ -99.323685082938567, 19.559938235969913, 0.0 ], [ -99.3237671390294, 19.559977541151515, 0.0 ], [ -99.323844136077511, 19.560009682221271, 0.0 ], [ -99.323890881284484, 19.560050246207211, 0.0 ], [ -99.323912464755324, 19.560121938971399, 0.0 ], [ -99.323940561902845, 19.560297630699214, 0.0 ], [ -99.32394586212348, 19.560425542336976, 0.0 ], [ -99.323958602985655, 19.560490077810258, 0.0 ], [ -99.323977585366194, 19.560522322913741, 0.0 ], [ -99.324014224481516, 19.560554536326009, 0.0 ], [ -99.324081108408265, 19.560574740192049, 0.0 ], [ -99.324181757009498, 19.560600279762671, 0.0 ] ] ] } },
{ "type": "Feature", "properties": { "NOMBRE": "PRIV. SHEFFIELD" }, "geometry": { "type": "MultiLineString", "coordinates": [ [ [ -99.324189040308696, 19.560562751818395, 0.0 ], [ -99.324501074547229, 19.56064691280686, 0.0 ], [ -99.324724617250993, 19.560801929056936, 0.0 ], [ -99.324743925313172, 19.560996764836649, 0.0 ], [ -99.324802024209632, 19.561038503676446, 0.0 ], [ -99.324928057845341, 19.560995237990994, 0.0 ], [ -99.325014932003455, 19.560920959084218, 0.0 ], [ -99.324979537040548, 19.560880374968129, 0.0 ], [ -99.324733550930176, 19.560854516070545, 0.0 ] ] ] } },
{ "type": "Feature", "properties": { "NOMBRE": "PRIV. MILFORD" }, "geometry": { "type": "MultiLineString", "coordinates": [ [ [ -99.323574952328045, 19.561756267299611, 0.0 ], [ -99.323348865423242, 19.561228012679813, 0.0 ], [ -99.32325723782148, 19.561132534798144, 0.0 ], [ -99.323153075744088, 19.561075933859076, 0.0 ], [ -99.322985913321858, 19.56104933370327, 0.0 ], [ -99.32275265101319, 19.561079639005474, 0.0 ], [ -99.322475306053107, 19.561139910876825, 0.0 ], [ -99.322229574001, 19.561241969267691, 0.0 ], [ -99.321889334578287, 19.56138603923258, 0.0 ] ] ] } },
{ "type": "Feature", "properties": { "NOMBRE": "5TA. PRIV. DE LA TORRE" }, "geometry": { "type": "MultiLineString", "coordinates": [ [ [ -99.322035065390878, 19.562584615561342, 0.0 ], [ -99.321898166484218, 19.562086879947923, 0.0 ], [ -99.32189305997197, 19.562055805411092, 0.0 ], [ -99.322149153876211, 19.561963054071253, 0.0 ] ] ] } },
{ "type": "Feature", "properties": { "NOMBRE": "BLVD. CONDADO DE SAYAVEDRA" }, "geometry": { "type": "MultiLineString", "coordinates": [ [ [ -99.328526582985319, 19.562120548820154, 0.0 ], [ -99.328428765456778, 19.562247523173216, 0.0 ], [ -99.328255154325845, 19.562463033286893, 0.0 ], [ -99.328090545102569, 19.562639791893734, 0.0 ], [ -99.328003049160415, 19.562780544527975, 0.0 ], [ -99.327938222990099, 19.562905475019491, 0.0 ], [ -99.327893109355102, 19.563049019856301, 0.0 ], [ -99.32782401228647, 19.563307378543058, 0.0 ], [ -99.327795532009176, 19.563443719999206, 0.0 ], [ -99.327765599106584, 19.563610191291119, 0.0 ], [ -99.327740076082151, 19.563712096275548, 0.0 ], [ -99.327679760754151, 19.563822672191055, 0.0 ], [ -99.32760427882188, 19.563917494696959, 0.0 ], [ -99.327518170675987, 19.563996555536523, 0.0 ], [ -99.327359473986192, 19.564104440569714, 0.0 ], [ -99.327070818511373, 19.564311550378488, 0.0 ], [ -99.326770060314573, 19.56452155089821, 0.0 ], [ -99.326659724343813, 19.56459491667658, 0.0 ], [ -99.326596248117426, 19.564639505031803, 0.0 ], [ -99.326510043783372, 19.564671222821111, 0.0 ], [ -99.32643892215934, 19.564677089975397, 0.0 ], [ -99.326354153300855, 19.564670070118463, 0.0 ], [ -99.326117939191491, 19.564614546529796, 0.0 ], [ -99.325871122295695, 19.564554737885434, 0.0 ], [ -99.325771204405783, 19.564540571958304, 0.0 ], [ -99.325680393283534, 19.564539301204025, 0.0 ], [ -99.325547276974788, 19.564573972431077, 0.0 ], [ -99.32541725951404, 19.564644503695337, 0.0 ], [ -99.325346258728146, 19.564710624613763, 0.0 ], [ -99.325258739154478, 19.564841333570332, 0.0 ], [ -99.325064340704628, 19.565260595391372, 0.0 ], [ -99.324993509126855, 19.565411358965704, 0.0 ], [ -99.32495276592752, 19.56547168673125, 0.0 ], [ -99.32480779083113, 19.565631191474491, 0.0 ], [ -99.324712625365933, 19.565723178947206, 0.0 ], [ -99.324508623957058, 19.56588278963342, 0.0 ], [ -99.32423656121712, 19.566065476431774, 0.0 ], [ -99.324139850143794, 19.566141685465503, 0.0 ], [ -99.324067374832808, 19.566227893335398, 0.0 ], [ -99.324037491286035, 19.566269730551614, 0.0 ], [ -99.324008082909486, 19.566322147296905, 0.0 ], [ -99.323952390516865, 19.5664757525421, 0.0 ], [ -99.323833118133706, 19.566850189483755, 0.0 ], [ -99.32373230698461, 19.567147338472072, 0.0 ], [ -99.323652589955756, 19.56739710682773, 0.0 ], [ -99.323565348126508, 19.567668408064058, 0.0 ], [ -99.323493143729806, 19.567890904929559, 0.0 ], [ -99.323399730049246, 19.568103397370695, 0.0 ], [ -99.323316716154721, 19.568218316391295, 0.0 ], [ -99.323227570903867, 19.568294511385112, 0.0 ], [ -99.323088502712096, 19.568382272744813, 0.0 ], [ -99.322840590344455, 19.568534787024525, 0.0 ], [ -99.322557932420068, 19.568720359528331, 0.0 ], [ -99.322328212540341, 19.568888621507757, 0.0 ], [ -99.322192198878611, 19.568990723013023, 0.0 ], [ -99.321912546500727, 19.569166246750058, 0.0 ], [ -99.321805226493737, 19.569236734953023, 0.0 ], [ -99.321709954742957, 19.569277074415794, 0.0 ], [ -99.321578310192237, 19.569293089961626, 0.0 ], [ -99.321346682583638, 19.569263375361597, 0.0 ], [ -99.320809205766537, 19.569173950022119, 0.0 ], [ -99.320189971436122, 19.569070321862249, 0.0 ], [ -99.319737283693044, 19.568996523773777, 0.0 ], [ -99.319596476067673, 19.568970949872615, 0.0 ], [ -99.319519267117315, 19.568961044186974, 0.0 ], [ -99.319452647112513, 19.568948250466846, 0.0 ], [ -99.319389079576226, 19.568948362979363, 0.0 ], [ -99.319239292652696, 19.568974451328298, 0.0 ], [ -99.319151582314831, 19.569011906813778, 0.0 ], [ -99.319088096625876, 19.569053623312797, 0.0 ], [ -99.319014058643717, 19.569116877876404, 0.0 ], [ -99.3182647862442, 19.570104125602505, 0.0 ], [ -99.318021174715554, 19.570395306516946, 0.0 ], [ -99.317803785573076, 19.570680702409568, 0.0 ], [ -99.317691045264269, 19.570818625284726, 0.0 ], [ -99.317644802722668, 19.570906697251868, 0.0 ], [ -99.317596639514321, 19.571044506382556, 0.0 ], [ -99.317576601462591, 19.571117229502939, 0.0 ], [ -99.317584887221301, 19.571226246700643, 0.0 ], [ -99.317601353851558, 19.571390721805766, 0.0 ], [ -99.317674303423772, 19.571543620448455, 0.0 ], [ -99.317885043247855, 19.571983202079181, 0.0 ], [ -99.318109955695249, 19.572445712497991, 0.0 ], [ -99.318336879996238, 19.57290439337212, 0.0 ], [ -99.318405776038645, 19.573047734639498, 0.0 ], [ -99.318434168019991, 19.573118459530939, 0.0 ], [ -99.318442383084047, 19.57319113286546, 0.0 ], [ -99.318434461103507, 19.573267660354123, 0.0 ], [ -99.318400371808863, 19.573378665097817, 0.0 ], [ -99.318221664578573, 19.573838061398462, 0.0 ], [ -99.318171456669361, 19.573962484385891, 0.0 ], [ -99.318131693353479, 19.574010327619479, 0.0 ], [ -99.318069742947444, 19.574064235396925, 0.0 ], [ -99.317994163413076, 19.574114580604043, 0.0 ], [ -99.317910993513991, 19.574153462128731, 0.0 ], [ -99.317532931914215, 19.574321979374993, 0.0 ], [ -99.316602751042069, 19.574742525464924, 0.0 ], [ -99.316234771536671, 19.574908153064541, 0.0 ], [ -99.316070955433943, 19.57498734467433, 0.0 ], [ -99.316009246901785, 19.575036469233503, 0.0 ], [ -99.315941255090863, 19.575097560010164, 0.0 ], [ -99.315892199179046, 19.575166986272635, 0.0 ], [ -99.315845712437451, 19.57526031849455, 0.0 ], [ -99.315814393985349, 19.575370361482445, 0.0 ], [ -99.315790762153853, 19.575541362708201, 0.0 ], [ -99.315748352635154, 19.575785323723931, 0.0 ], [ -99.315692268773645, 19.576132123667797, 0.0 ], [ -99.31565356143085, 19.576334234851871, 0.0 ], [ -99.315606330666455, 19.576628685227508, 0.0 ], [ -99.315591395016085, 19.576731526364121, 0.0 ], [ -99.315578991304037, 19.576839145162875, 0.0 ], [ -99.315581746735447, 19.576958692675774, 0.0 ], [ -99.31560023385309, 19.577125077179971, 0.0 ], [ -99.315617064935964, 19.577218298551351, 0.0 ], [ -99.315626235883514, 19.577264190600413, 0.0 ], [ -99.315661283189101, 19.5773846380247, 0.0 ], [ -99.315699315815934, 19.577483560797393, 0.0 ], [ -99.31574642166855, 19.577578163796577, 0.0 ], [ -99.315829951702554, 19.577722914991281, 0.0 ], [ -99.315911895581422, 19.577830368597805, 0.0 ], [ -99.315987746019971, 19.577917748048968, 0.0 ], [ -99.316140952346075, 19.57808820032858, 0.0 ], [ -99.316321468202631, 19.578291601022993, 0.0 ], [ -99.316354868230775, 19.578343189049853, 0.0 ], [ -99.316388276682773, 19.578399080938222, 0.0 ], [ -99.31641869436821, 19.578473628225286, 0.0 ], [ -99.316444596485553, 19.57856109507626, 0.0 ], [ -99.316459903405089, 19.578648580509679, 0.0 ], [ -99.316468391820649, 19.578733953285205, 0.0 ] ] ] } },
{ "type": "Feature", "properties": { "NOMBRE": "BLVD. CONDADO DE SAYAVEDRA" }, "geometry": { "type": "MultiLineString", "coordinates": [ [ [ -99.328673183938605, 19.562152055086894, 0.0 ], [ -99.328590357985988, 19.562218339266256, 0.0 ], [ -99.328428305683644, 19.562411830860718, 0.0 ], [ -99.328252181636671, 19.562632127638011, 0.0 ], [ -99.328150548661341, 19.562767167533199, 0.0 ], [ -99.328076153839447, 19.562900245030672, 0.0 ], [ -99.328029963658196, 19.563010317184229, 0.0 ], [ -99.327988808602086, 19.563115598080664, 0.0 ], [ -99.327924831938461, 19.563411247846865, 0.0 ], [ -99.3278768149748, 19.563616008774684, 0.0 ], [ -99.327837751083607, 19.563757629762296, 0.0 ], [ -99.32779754863968, 19.563835172725017, 0.0 ], [ -99.327737203350893, 19.56393092421602, 0.0 ], [ -99.327683849334633, 19.56399127548698, 0.0 ], [ -99.327642574024111, 19.564037258530998, 0.0 ], [ -99.327506574552146, 19.564142711444276, 0.0 ], [ -99.327311097286909, 19.564274095435245, 0.0 ], [ -99.327046104264141, 19.564457251817085, 0.0 ], [ -99.3268486410485, 19.564604898035785, 0.0 ], [ -99.326735772007481, 19.564673008141828, 0.0 ], [ -99.326673307643347, 19.564719029320948, 0.0 ], [ -99.326593677071699, 19.564758386605881, 0.0 ], [ -99.326513004745351, 19.564781486615043, 0.0 ], [ -99.326428271442254, 19.564792160483687, 0.0 ], [ -99.326288995371996, 19.56477424034339, 0.0 ], [ -99.325875114862114, 19.564676476864733, 0.0 ], [ -99.325719681800905, 19.564651890517492, 0.0 ], [ -99.325574436512809, 19.56467606304059, 0.0 ], [ -99.325490783197694, 19.564722122032734, 0.0 ], [ -99.325439415336447, 19.564767166359587, 0.0 ], [ -99.325399157764309, 19.564817929158288, 0.0 ], [ -99.325350941508148, 19.564925135027686, 0.0 ], [ -99.32524347135876, 19.5651701720303, 0.0 ], [ -99.325146454018395, 19.565407658335708, 0.0 ], [ -99.325047968289041, 19.565604858073474, 0.0 ], [ -99.324970485177204, 19.565709247284616, 0.0 ], [ -99.324870744826057, 19.565784027531382, 0.0 ], [ -99.324611760283815, 19.565947084756917, 0.0 ], [ -99.324476756644671, 19.566047751523115, 0.0 ], [ -99.324404264337204, 19.566125351784549, 0.0 ], [ -99.324093619826229, 19.566524816350238, 0.0 ], [ -99.324041344737211, 19.566621269439867, 0.0 ], [ -99.323987157171118, 19.566770568103788, 0.0 ], [ -99.323859752162122, 19.567139974540822, 0.0 ], [ -99.323717398710457, 19.567603136760926, 0.0 ], [ -99.323586984539702, 19.567982112575056, 0.0 ], [ -99.323529802503941, 19.568148153791846, 0.0 ], [ -99.323501143228142, 19.568196982535795, 0.0 ], [ -99.323444545607359, 19.568276705861582, 0.0 ], [ -99.323395455378304, 19.56832628851846, 0.0 ], [ -99.323307055418169, 19.568396743701378, 0.0 ], [ -99.32314531887404, 19.568501761254641, 0.0 ], [ -99.322945036212531, 19.568631236330162, 0.0 ], [ -99.322730565493146, 19.568777294562466, 0.0 ], [ -99.322461034590958, 19.568968103745213, 0.0 ], [ -99.322319986360426, 19.569075474646006, 0.0 ], [ -99.322041874089038, 19.569264385697217, 0.0 ], [ -99.321857485315661, 19.569395744051739, 0.0 ], [ -99.321755675789319, 19.569446615808019, 0.0 ], [ -99.321636665568221, 19.569473607689616, 0.0 ], [ -99.321438882235228, 19.569465352316612, 0.0 ], [ -99.32117440943415, 19.569409394475421, 0.0 ], [ -99.320760550219688, 19.569326922094202, 0.0 ], [ -99.32001155653829, 19.569172355495116, 0.0 ], [ -99.319484629125213, 19.569059475219127, 0.0 ], [ -99.319377668497978, 19.56905679528538, 0.0 ], [ -99.319265711790962, 19.569078991026721, 0.0 ], [ -99.319166941833245, 19.569136550889045, 0.0 ], [ -99.31905517700325, 19.56925630092217, 0.0 ], [ -99.31890523700217, 19.569461239661521, 0.0 ], [ -99.318729109287801, 19.569690135010639, 0.0 ], [ -99.318600307038764, 19.569869212843905, 0.0 ], [ -99.318448299029953, 19.570049287956191, 0.0 ], [ -99.318298331249366, 19.570240836372413, 0.0 ], [ -99.31814734659109, 19.570428560780439, 0.0 ], [ -99.317955143731794, 19.570693827643819, 0.0 ], [ -99.317885720161129, 19.570795330382836, 0.0 ], [ -99.317850685713822, 19.570938854966631, 0.0 ], [ -99.317834721374396, 19.571030699321831, 0.0 ], [ -99.31782391649925, 19.571180876153313, 0.0 ], [ -99.317809163630713, 19.571376011632378, 0.0 ], [ -99.317811389790165, 19.571482170229508, 0.0 ], [ -99.317830763755268, 19.571585429365559, 0.0 ], [ -99.317869312985252, 19.571690567558463, 0.0 ], [ -99.317925025092592, 19.571800457598108, 0.0 ], [ -99.318010109752194, 19.57196672457696, 0.0 ], [ -99.318108403917165, 19.572179832753577, 0.0 ], [ -99.31820668708022, 19.572387202374173, 0.0 ], [ -99.318279617027244, 19.572529580169203, 0.0 ], [ -99.31850216330804, 19.572985144244804, 0.0 ], [ -99.318567072260066, 19.573153359374995, 0.0 ], [ -99.318595708691817, 19.573348418255069, 0.0 ], [ -99.318581886688861, 19.573503382508235, 0.0 ], [ -99.3185538742283, 19.573625853573166, 0.0 ], [ -99.318519773668484, 19.573731119842126, 0.0 ], [ -99.318445409205694, 19.573886190947942, 0.0 ], [ -99.318320558779803, 19.574024135561583, 0.0 ], [ -99.318173471692035, 19.5741429909286, 0.0 ], [ -99.317977905357537, 19.574238977571348, 0.0 ], [ -99.317675489029526, 19.574390624455859, 0.0 ], [ -99.31738109204359, 19.574515477005377, 0.0 ], [ -99.317046392693783, 19.574671005305138, 0.0 ], [ -99.316614895329508, 19.574863046796807, 0.0 ], [ -99.316544085520135, 19.574901906006158, 0.0 ], [ -99.316463492562207, 19.574968996702932, 0.0 ], [ -99.316379173950025, 19.575065981984775, 0.0 ], [ -99.316258426554057, 19.575239544590996, 0.0 ], [ -99.316050806935607, 19.57549455491451, 0.0 ], [ -99.315932544214476, 19.575648984574535, 0.0 ], [ -99.315884821677869, 19.575755469725017, 0.0 ], [ -99.315859763140821, 19.575841591286228, 0.0 ], [ -99.315839735861459, 19.575920530894965, 0.0 ], [ -99.315797305362054, 19.576153732238357, 0.0 ], [ -99.315759966603764, 19.576410835123141, 0.0 ], [ -99.315722750176576, 19.576627194344528, 0.0 ], [ -99.315706532319837, 19.576719278023646, 0.0 ], [ -99.315704163374178, 19.576798186709425, 0.0 ], [ -99.315709390309181, 19.576891428381746, 0.0 ], [ -99.315733597659275, 19.577015720441395, 0.0 ], [ -99.315774239539721, 19.577159112102265, 0.0 ], [ -99.315842805406263, 19.577392119108083, 0.0 ], [ -99.315896868191885, 19.577572249574263, 0.0 ], [ -99.31591460485501, 19.577612268542413, 0.0 ], [ -99.315930447203272, 19.577651095302816, 0.0 ], [ -99.315974749878521, 19.577731117764703, 0.0 ], [ -99.316013952495425, 19.577783054354068, 0.0 ], [ -99.316055045967133, 19.577834389859984, 0.0 ], [ -99.316141633654652, 19.577929879990926, 0.0 ], [ -99.316311017172424, 19.578116682439301, 0.0 ], [ -99.316586580827348, 19.578419861905786, 0.0 ], [ -99.31664215196578, 19.578456825585278, 0.0 ], [ -99.316690124746742, 19.578478260787406, 0.0 ], [ -99.316756964897394, 19.578495454531573, 0.0 ] ] ] } },
{ "type": "Feature", "properties": { "NOMBRE": "PRIV. DE BRUWEY" }, "geometry": { "type": "MultiLineString", "coordinates": [ [ [ -99.32775058657586, 19.563670131370309, 0.0 ], [ -99.327255010865116, 19.563575635709217, 0.0 ], [ -99.327131807973956, 19.563522299552609, 0.0 ], [ -99.327030694591869, 19.563415363814308, 0.0 ], [ -99.326974003133785, 19.563321737426399, 0.0 ], [ -99.326947496079242, 19.563185973902225, 0.0 ], [ -99.326977348774008, 19.562979333263399, 0.0 ], [ -99.327089589718256, 19.562600387870592, 0.0 ], [ -99.327351006547104, 19.562146571236788, 0.0 ] ] ] } },
{ "type": "Feature", "properties": { "NOMBRE": "PRIV. DE BARROW" }, "geometry": { "type": "MultiLineString", "coordinates": [ [ [ -99.326782252877067, 19.564513037619452, 0.0 ], [ -99.326611431138303, 19.564275555257083, 0.0 ], [ -99.32630035624743, 19.56387155252775, 0.0 ], [ -99.326175807860821, 19.563650844777563, 0.0 ], [ -99.326121008795397, 19.563494569234976, 0.0 ], [ -99.326084342508338, 19.563323914626594, 0.0 ], [ -99.326071955074553, 19.563184777989903, 0.0 ], [ -99.326088262772174, 19.563015462305842, 0.0 ], [ -99.326195397923357, 19.562856024915437, 0.0 ], [ -99.326562234516757, 19.562391976471993, 0.0 ], [ -99.326803692893037, 19.562047228523159, 0.0 ] ] ] } },
{ "type": "Feature", "properties": { "NOMBRE": "CTO. DE LANCASHIERE" }, "geometry": { "type": "MultiLineString", "coordinates": [ [ [ -99.325562230724344, 19.564570077610838, 0.0 ], [ -99.325368946910189, 19.563987346609874, 0.0 ], [ -99.325230603035664, 19.563679150691197, 0.0 ], [ -99.325127411490925, 19.563541612198293, 0.0 ], [ -99.324963799562497, 19.563463002217503, 0.0 ], [ -99.324227899130463, 19.563284996880693, 0.0 ], [ -99.323610207392747, 19.563185681253248, 0.0 ], [ -99.323496738073345, 19.563205969448745, 0.0 ], [ -99.323422670144865, 19.563252010309402, 0.0 ], [ -99.323362257631047, 19.563315242230033, 0.0 ], [ -99.323326109050967, 19.563402819369074, 0.0 ], [ -99.323323293758023, 19.563508986978441, 0.0 ], [ -99.323338608551495, 19.563599341189789, 0.0 ], [ -99.323349357232559, 19.563676791915075, 0.0 ], [ -99.323293570713574, 19.563783054402364, 0.0 ], [ -99.323228620419499, 19.563847729034219, 0.0 ], [ -99.323137883999678, 19.563883757221845, 0.0 ], [ -99.323024402700455, 19.563898306630193, 0.0 ], [ -99.322879118617493, 19.563902870452544, 0.0 ], [ -99.322726372819773, 19.563960528781944, 0.0 ], [ -99.322634208370502, 19.564039598149304, 0.0 ], [ -99.322555762043635, 19.564167420351342, 0.0 ], [ -99.322376540534151, 19.564611040960315, 0.0 ], [ -99.322349469125555, 19.564697167060036, 0.0 ], [ -99.322349665874128, 19.564796156122259, 0.0 ], [ -99.32236948646316, 19.564869286811433, 0.0 ], [ -99.322428677384025, 19.564952389577567, 0.0 ], [ -99.322501361271492, 19.564970909904268, 0.0 ], [ -99.322683012545326, 19.56498780079972, 0.0 ], [ -99.322967543043987, 19.564985857279474, 0.0 ], [ -99.32320206880793, 19.564953875646829, 0.0 ], [ -99.323472843468622, 19.56488452839718, 0.0 ], [ -99.323693615997982, 19.564786577840312, 0.0 ], [ -99.323914345278396, 19.564667107657943, 0.0 ], [ -99.324080589274772, 19.564547735041941, 0.0 ], [ -99.324227132105264, 19.56441548600251, 0.0 ], [ -99.32431172289327, 19.564333560181872, 0.0 ], [ -99.32443249334392, 19.564179837845227, 0.0 ], [ -99.324569799726305, 19.563970135162009, 0.0 ], [ -99.324725057642752, 19.563655672157623, 0.0 ], [ -99.324840221840162, 19.563433063562695, 0.0 ] ] ] } },
{ "type": "Feature", "properties": { "NOMBRE": "CTO. DE LANCASHIERE" }, "geometry": { "type": "MultiLineString", "coordinates": [ [ [ -99.323349357232559, 19.563676791915075, 0.0 ], [ -99.323411161152393, 19.563705132680347, 0.0 ], [ -99.323522191380604, 19.563726453154135, 0.0 ], [ -99.323600427540185, 19.563746636828697, 0.0 ], [ -99.323633295588238, 19.563784834680796, 0.0 ], [ -99.323646000827111, 19.563831437349545, 0.0 ], [ -99.323586826035168, 19.563882950985338, 0.0 ], [ -99.323395358861717, 19.564002846552974, 0.0 ], [ -99.323212658017638, 19.564091642590142, 0.0 ], [ -99.323068966775324, 19.564136134227951, 0.0 ], [ -99.323064738807531, 19.563893135156693, 0.0 ] ] ] } },
{ "type": "Feature", "properties": { "NOMBRE": "PRIV. LANCASHIERE" }, "geometry": { "type": "MultiLineString", "coordinates": [ [ [ -99.325294272541754, 19.563151333563646, 0.0 ], [ -99.324034770828717, 19.563253944968437, 0.0 ] ] ] } },
{ "type": "Feature", "properties": { "NOMBRE": "5TA. PRIV. DE LA TORRE" }, "geometry": { "type": "MultiLineString", "coordinates": [ [ [ -99.322049118505888, 19.562817155562733, 0.0 ], [ -99.322052393381298, 19.563042033460906, 0.0 ], [ -99.322037363250132, 19.563094663356512, 0.0 ], [ -99.322004678470023, 19.563148520269216, 0.0 ], [ -99.321931658497022, 19.563214404361602, 0.0 ], [ -99.321682426221642, 19.563461126741611, 0.0 ], [ -99.321494869723381, 19.563645571666441, 0.0 ], [ -99.321443282945594, 19.563707830814227, 0.0 ], [ -99.321423219523666, 19.56376644724385, 0.0 ], [ -99.321370648616622, 19.563968584492105, 0.0 ], [ -99.321347156778813, 19.564206535690261, 0.0 ], [ -99.321317526917554, 19.564529380042266, 0.0 ], [ -99.321290341248499, 19.564812767723389, 0.0 ], [ -99.321260471993469, 19.565014864511479, 0.0 ], [ -99.321152311624033, 19.565169279634972, 0.0 ], [ -99.321090603614905, 19.565216014870547, 0.0 ], [ -99.32087879479495, 19.565255843845485, 0.0 ] ] ] } },
{ "type": "Feature", "properties": { "NOMBRE": "CASTILLO DE DUBLÍN" }, "geometry": { "type": "MultiLineString", "coordinates": [ [ [ -99.323691763815589, 19.567274367899511, 0.0 ], [ -99.32327183291828, 19.567148850449964, 0.0 ], [ -99.322687502423719, 19.566962198873615, 0.0 ], [ -99.322452818177908, 19.566915992880382, 0.0 ], [ -99.322293834845155, 19.566882802178998, 0.0 ], [ -99.322147502014815, 19.566868717141965, 0.0 ], [ -99.321960911463833, 19.566906111340597, 0.0 ], [ -99.321804626284887, 19.566961384175745, 0.0 ], [ -99.321610539202908, 19.567034657103072, 0.0 ], [ -99.321476965683601, 19.567094671280334, 0.0 ], [ -99.321397604336056, 19.567143829110755, 0.0 ], [ -99.321310649402236, 19.567179849660643, 0.0 ], [ -99.321231219282026, 19.567194337342176, 0.0 ], [ -99.321132827827896, 19.567187339294339, 0.0 ], [ -99.321039443498549, 19.567161203900231, 0.0 ], [ -99.320946021340134, 19.567115940138468, 0.0 ], [ -99.320881581865606, 19.567057474035334, 0.0 ], [ -99.320828469992577, 19.566987032530815, 0.0 ], [ -99.320790486006985, 19.566912977549283, 0.0 ], [ -99.320771382880253, 19.56681976061595, 0.0 ], [ -99.320769939545812, 19.566727707818124, 0.0 ], [ -99.320792485835597, 19.566648763148244, 0.0 ], [ -99.320836456660501, 19.566561411721949, 0.0 ], [ -99.320896840134353, 19.566482399774021, 0.0 ], [ -99.320978700135328, 19.566421282476533, 0.0 ], [ -99.321084497602371, 19.56634697179291, 0.0 ], [ -99.321252074398004, 19.566261791378775, 0.0 ] ] ] } },
{ "type": "Feature", "properties": { "NOMBRE": "1RA. PRIV. DE DUBLÍN" }, "geometry": { "type": "MultiLineString", "coordinates": [ [ [ -99.322882555156028, 19.566318458853402, 0.0 ], [ -99.32299344900828, 19.566270439473723, 0.0 ], [ -99.323104397578859, 19.56624991698169, 0.0 ], [ -99.323211629120024, 19.566262875751299, 0.0 ], [ -99.323311333760344, 19.566296171848649, 0.0 ] ], [ [ -99.322882555156028, 19.566318458853402, 0.0 ], [ -99.322661180988177, 19.566242102098307, 0.0 ], [ -99.322529951241961, 19.566211731235054, 0.0 ], [ -99.322461339841709, 19.566211853829692, 0.0 ], [ -99.322245620979629, 19.566315532390245, 0.0 ] ], [ [ -99.322550640627512, 19.566935252771149, 0.0 ], [ -99.322708849031045, 19.566492120510873, 0.0 ], [ -99.322781801129807, 19.566391566037172, 0.0 ], [ -99.322882555156028, 19.566318458853402, 0.0 ] ] ] } },
{ "type": "Feature", "properties": { "NOMBRE": "2DA. PRIV. DE DUBLÍN" }, "geometry": { "type": "MultiLineString", "coordinates": [ [ [ -99.320892088337899, 19.566488617516757, 0.0 ], [ -99.320686699574566, 19.566479106998692, 0.0 ], [ -99.320556808264342, 19.566487706411888, 0.0 ], [ -99.32048621891343, 19.566508155682467, 0.0 ], [ -99.320396791227893, 19.566569286193111, 0.0 ], [ -99.320176390168484, 19.566729877565081, 0.0 ], [ -99.320079378262065, 19.566782652704241, 0.0 ], [ -99.319890295469463, 19.566835591002512, 0.0 ] ] ] } },
{ "type": "Feature", "properties": { "NOMBRE": "CASTILLO DE BRISTOL" }, "geometry": { "type": "MultiLineString", "coordinates": [ [ [ -99.323399730049246, 19.568103397370699, 0.0 ], [ -99.323233918481094, 19.568011907258029, 0.0 ], [ -99.323121819167298, 19.567961895995502, 0.0 ], [ -99.322985523883688, 19.567921970366189, 0.0 ], [ -99.322780665047361, 19.56787484468849, 0.0 ], [ -99.322586902509201, 19.567857975585536, 0.0 ], [ -99.322367981523414, 19.567874625883523, 0.0 ], [ -99.322211673705127, 19.56791890029557, 0.0 ], [ -99.322008012972972, 19.567998646575866, 0.0 ] ] ] } },
{ "type": "Feature", "properties": { "NOMBRE": "PRIV. CORNWELL" }, "geometry": { "type": "MultiLineString", "coordinates": [ [ [ -99.325341787185508, 19.56494600734548, 0.0 ], [ -99.325858981550596, 19.565160176309831, 0.0 ], [ -99.325895385705493, 19.565200280188119, 0.0 ], [ -99.326045346098695, 19.565513714834637, 0.0 ], [ -99.326039461386017, 19.565597890345291, 0.0 ], [ -99.326001515932873, 19.565794981216929, 0.0 ], [ -99.325955198590336, 19.565842885822665, 0.0 ], [ -99.325860330606005, 19.565831580094333, 0.0 ] ] ] } },
{ "type": "Feature", "properties": { "NOMBRE": "CASTILLO DE MANCHESTER" }, "geometry": { "type": "MultiLineString", "coordinates": [ [ [ -99.324264515884053, 19.566305057682634, 0.0 ], [ -99.324352012330095, 19.566398584231251, 0.0 ], [ -99.32435420630604, 19.566486570848262, 0.0 ], [ -99.324316377199381, 19.566742959149863, 0.0 ], [ -99.324328657286458, 19.566829014801499, 0.0 ], [ -99.324328894479905, 19.566947610341586, 0.0 ], [ -99.3243700578128, 19.567349232368041, 0.0 ], [ -99.324337976474013, 19.567452583279081, 0.0 ], [ -99.324191209524173, 19.567726382813849, 0.0 ], [ -99.32405874396116, 19.568088147094521, 0.0 ], [ -99.323972191390666, 19.568199247089069, 0.0 ] ] ] } },
{ "type": "Feature", "properties": { "NOMBRE": "CASTILLO DE LINDSEY" }, "geometry": { "type": "MultiLineString", "coordinates": [ [ [ -99.322406526833049, 19.569009597007838, 0.0 ], [ -99.322937497580881, 19.569740649143053, 0.0 ], [ -99.323384019246731, 19.569756586863022, 0.0 ], [ -99.323454721716843, 19.569792325857595, 0.0 ], [ -99.323487610061008, 19.569840087847808, 0.0 ], [ -99.32351555354451, 19.569938070684668, 0.0 ], [ -99.323523560091161, 19.570158032656966, 0.0 ], [ -99.323516660421348, 19.570492791599612, 0.0 ], [ -99.323709548193392, 19.571080643201892, 0.0 ] ] ] } },
{ "type": "Feature", "properties": { "NOMBRE": "PRIV. CASTILLO DE LINDSEY" }, "geometry": { "type": "MultiLineString", "coordinates": [ [ [ -99.322883954104256, 19.569666929690893, 0.0 ], [ -99.323324715045871, 19.569390121682037, 0.0 ], [ -99.323726668767563, 19.569068044336387, 0.0 ], [ -99.323933782191887, 19.568948598538185, 0.0 ], [ -99.32402453557917, 19.568919743048575, 0.0 ], [ -99.324127494531524, 19.568939642955367, 0.0 ], [ -99.324229066220028, 19.569022668940818, 0.0 ], [ -99.324280709281723, 19.569114392360817, 0.0 ], [ -99.324312705409696, 19.569220497355481, 0.0 ], [ -99.324314947789674, 19.569584888895651, 0.0 ], [ -99.324306196676019, 19.569749886863928, 0.0 ], [ -99.324276043925465, 19.569808760804033, 0.0 ] ] ] } },
{ "type": "Feature", "properties": { "NOMBRE": "CASTILLO DE LINCOLN" }, "geometry": { "type": "MultiLineString", "coordinates": [ [ [ -99.320230450510863, 19.569217528054509, 0.0 ], [ -99.320176712500285, 19.569468382297256, 0.0 ], [ -99.320100217019174, 19.569820002019114, 0.0 ], [ -99.320046033278729, 19.569973603384309, 0.0 ], [ -99.319978142785715, 19.570084190178651, 0.0 ], [ -99.319893617586018, 19.570201979579078, 0.0 ], [ -99.319842327562796, 19.570288148207922, 0.0 ], [ -99.31980163216771, 19.570374298046698, 0.0 ], [ -99.319789716377201, 19.570471873905646, 0.0 ], [ -99.319809573338517, 19.570563654942514, 0.0 ], [ -99.319849117516426, 19.570661139596062, 0.0 ], [ -99.319917387665583, 19.570742792401152, 0.0 ], [ -99.320003772108436, 19.57080002437273, 0.0 ], [ -99.320130996440227, 19.570844272198414, 0.0 ], [ -99.320236971901906, 19.570858430446279, 0.0 ], [ -99.320345968772997, 19.570869714011124, 0.0 ], [ -99.320427775978828, 19.570908303732459, 0.0 ], [ -99.320524803623684, 19.570989905233549, 0.0 ], [ -99.320770495318285, 19.571241963247839, 0.0 ], [ -99.32084327838804, 19.571309261383163, 0.0 ], [ -99.320902425502922, 19.571369410596624, 0.0 ], [ -99.320984193325714, 19.571387915332966, 0.0 ], [ -99.321123458464584, 19.571397709949924, 0.0 ], [ -99.32125206632962, 19.571375961611121, 0.0 ], [ -99.32132767484498, 19.571341395911464, 0.0 ], [ -99.321398628962456, 19.571249453340329, 0.0 ], [ -99.321434751828377, 19.571147530391624, 0.0 ], [ -99.321487133767889, 19.570849034392545, 0.0 ], [ -99.321590557149719, 19.570339557046964, 0.0 ], [ -99.32162048331088, 19.570165913677897, 0.0 ], [ -99.321615513027794, 19.569949293644392, 0.0 ], [ -99.321594461250584, 19.569471846121743, 0.0 ] ] ] } },
{ "type": "Feature", "properties": { "NOMBRE": "PRIV. DE GLASGOW" }, "geometry": { "type": "MultiLineString", "coordinates": [ [ [ -99.319363974390413, 19.57057041779683, 0.0 ], [ -99.319402775824727, 19.570724902395654, 0.0 ], [ -99.319427153405883, 19.570806633072955, 0.0 ], [ -99.319474236802222, 19.570889758177227, 0.0 ], [ -99.319525835395496, 19.5709599636163, 0.0 ], [ -99.319595596419816, 19.571030136873048, 0.0 ], [ -99.319657770040209, 19.571090281143054, 0.0 ], [ -99.319710817241685, 19.571127487505191, 0.0 ], [ -99.319736640671252, 19.571174784489962, 0.0 ] ] ] } },
{ "type": "Feature", "properties": { "NOMBRE": "CASTILLO DE GLASGOW" }, "geometry": { "type": "MultiLineString", "coordinates": [ [ [ -99.319861163028477, 19.570256504127446, 0.0 ], [ -99.319743025535843, 19.570191295469858, 0.0 ], [ -99.319692581796872, 19.570194971412946, 0.0 ], [ -99.319645950150047, 19.570212986875738, 0.0 ], [ -99.319535210459279, 19.570341104047696, 0.0 ], [ -99.319257201601218, 19.570713404019504, 0.0 ], [ -99.319209449711067, 19.570803152781522, 0.0 ], [ -99.319155447872362, 19.570921605155757, 0.0 ], [ -99.319138536045216, 19.570963222629352, 0.0 ], [ -99.31912968515357, 19.570985003339008, 0.0 ], [ -99.319099244390529, 19.571059913419063, 0.0 ], [ -99.319101714728689, 19.571112530685991, 0.0 ], [ -99.319116442419968, 19.571145700351497, 0.0 ], [ -99.319154353710644, 19.571182694540074, 0.0 ], [ -99.319202337591619, 19.571210704474694, 0.0 ], [ -99.319258505673645, 19.57123152677422, 0.0 ], [ -99.319343078441449, 19.571265449551195, 0.0 ], [ -99.319438979913031, 19.57136777604104, 0.0 ], [ -99.31952004580404, 19.571542178974795, 0.0 ] ] ] } },
{ "type": "Feature", "properties": { "NOMBRE": "CASTILLO DE WINDSOR" }, "geometry": { "type": "MultiLineString", "coordinates": [ [ [ -99.32136879988883, 19.56926621271753, 0.0 ], [ -99.321392124936267, 19.56912640314906, 0.0 ], [ -99.32140600460886, 19.569002043951286, 0.0 ], [ -99.321409813141358, 19.568887266878694, 0.0 ], [ -99.321379379876376, 19.568805069035299, 0.0 ], [ -99.32133070870394, 19.568684646895306, 0.0 ], [ -99.321227551284181, 19.568564321730719, 0.0 ], [ -99.320568979776112, 19.568211617649361, 0.0 ], [ -99.319546789776126, 19.567666358591726, 0.0 ], [ -99.319395326666523, 19.567609241542119, 0.0 ], [ -99.319235799194701, 19.567555964305953, 0.0 ], [ -99.319005683250396, 19.567523852937132, 0.0 ], [ -99.318587998708736, 19.567545631963718, 0.0 ], [ -99.318335846372648, 19.567595810710039, 0.0 ], [ -99.318101930933196, 19.567684213741249, 0.0 ], [ -99.317851976198853, 19.567826204210231, 0.0 ], [ -99.317668663909927, 19.567992943951204, 0.0 ], [ -99.317227764777954, 19.568527401534215, 0.0 ], [ -99.316762781051352, 19.569130762517048, 0.0 ], [ -99.31622124687263, 19.569805031492592, 0.0 ], [ -99.315687847396589, 19.570513715713098, 0.0 ], [ -99.315315410780713, 19.570977273825861, 0.0 ], [ -99.315041659435309, 19.571339278461615, 0.0 ], [ -99.314771942977828, 19.571701275643981, 0.0 ], [ -99.314739795258831, 19.571774019584449, 0.0 ], [ -99.314731934716605, 19.571883065090503, 0.0 ], [ -99.314886224556162, 19.57235526700503, 0.0 ], [ -99.314920873441324, 19.572531187665447, 0.0 ], [ -99.314925165966898, 19.572663166018309, 0.0 ], [ -99.314899198661294, 19.572800935695948, 0.0 ], [ -99.314816829433681, 19.572992363256045, 0.0 ], [ -99.314565587940706, 19.573516919114834, 0.0 ], [ -99.314511389398959, 19.573666214974597, 0.0 ], [ -99.314487432249635, 19.57380015540371, 0.0 ], [ -99.31453050224836, 19.574155868213335, 0.0 ], [ -99.314565013817671, 19.57426101413969, 0.0 ], [ -99.314603468790708, 19.574318332231513, 0.0 ], [ -99.314678227049981, 19.574364109973882, 0.0 ], [ -99.315443639742156, 19.574649699077824, 0.0 ], [ -99.315583029384015, 19.57472214315742, 0.0 ], [ -99.315708404285189, 19.574851996783625, 0.0 ], [ -99.315927992534526, 19.57511632981862, 0.0 ] ] ] } },
{ "type": "Feature", "properties": { "NOMBRE": "CASTILLO DE EDIMBURGO" }, "geometry": { "type": "MultiLineString", "coordinates": [ [ [ -99.320212948631678, 19.568021703741035, 0.0 ], [ -99.320184623070745, 19.568102742137462, 0.0 ], [ -99.320152935776576, 19.568151575734476, 0.0 ], [ -99.320103043913804, 19.568178922182781, 0.0 ], [ -99.319942567040101, 19.568156252685178, 0.0 ], [ -99.319585269510057, 19.568100935219107, 0.0 ], [ -99.319362758866845, 19.568088417446294, 0.0 ], [ -99.319169075437784, 19.568111714144905, 0.0 ], [ -99.318923986382913, 19.568162359436478, 0.0 ], [ -99.318597373616129, 19.568317876252667, 0.0 ], [ -99.31847343792073, 19.568405607371972, 0.0 ], [ -99.318360147352436, 19.568519142951082, 0.0 ], [ -99.318266529439626, 19.568631209137969, 0.0 ], [ -99.318034045442403, 19.568935760335979, 0.0 ], [ -99.317594742834572, 19.569513254831541, 0.0 ], [ -99.317372808848589, 19.569796267177672, 0.0 ], [ -99.316953112915442, 19.570340729165622, 0.0 ], [ -99.316560576505736, 19.570843538299751, 0.0 ], [ -99.31592951408868, 19.571662382689603, 0.0 ], [ -99.315825334249652, 19.571793116279814, 0.0 ], [ -99.315772525220893, 19.571877851799293, 0.0 ], [ -99.315743946771164, 19.571969718049459, 0.0 ], [ -99.315736605382057, 19.572085935824109, 0.0 ], [ -99.315774661911007, 19.57219777026997, 0.0 ], [ -99.315830813951294, 19.572275141944921, 0.0 ], [ -99.315914173512837, 19.572333815795606, 0.0 ], [ -99.316014137389061, 19.572369506468817, 0.0 ], [ -99.316268407382921, 19.572366191717432, 0.0 ], [ -99.317079614228604, 19.572337510103864, 0.0 ], [ -99.317532119138818, 19.572313760316316, 0.0 ], [ -99.317824013835818, 19.572201345394827, 0.0 ], [ -99.317966081551489, 19.572149849758354, 0.0 ] ] ] } },
{ "type": "Feature", "properties": { "NOMBRE": "PASEO DE LAS FINCAS" }, "geometry": { "type": "MultiLineString", "coordinates": [ [ [ -99.334759092506857, 19.568394991024075, 0.0 ], [ -99.334643565370698, 19.568641482950973, 0.0 ], [ -99.334271051743599, 19.569039086842416, 0.0 ], [ -99.333832985097487, 19.569453548564208, 0.0 ], [ -99.333636419988721, 19.569547162842873, 0.0 ], [ -99.333419581000911, 19.569595384507974, 0.0 ], [ -99.333164938342748, 19.56966041302762, 0.0 ], [ -99.332948177614284, 19.569746890710476, 0.0 ], [ -99.332734042226889, 19.569883575246909, 0.0 ], [ -99.332603164834495, 19.570027279234246, 0.0 ], [ -99.332517737010647, 19.570192418793724, 0.0 ], [ -99.332497841114161, 19.570331136080526, 0.0 ], [ -99.332505688240147, 19.570467411201196, 0.0 ], [ -99.332564118679116, 19.570668151324803, 0.0 ], [ -99.332665388424559, 19.570847293047567, 0.0 ], [ -99.332796943723395, 19.571033551990524, 0.0 ], [ -99.332908304171269, 19.571212674953273, 0.0 ], [ -99.332959089152041, 19.571375172309075, 0.0 ], [ -99.332989703594095, 19.571542488959146, 0.0 ], [ -99.332967584955071, 19.5718270641092, 0.0 ], [ -99.332902931214846, 19.572281481901726, 0.0 ], [ -99.33280543945547, 19.572714440822324, 0.0 ], [ -99.33271001339088, 19.572925028726889, 0.0 ], [ -99.332498695386903, 19.573207561514003, 0.0 ], [ -99.332239545475872, 19.573538003025927, 0.0 ], [ -99.332063272784509, 19.57368896332455, 0.0 ], [ -99.33182389575154, 19.573820911161885, 0.0 ], [ -99.331120834400593, 19.5741856415525, 0.0 ], [ -99.33077314498108, 19.574396691222198, 0.0 ], [ -99.330548955101136, 19.574554911030845, 0.0 ], [ -99.330445728115976, 19.574653132946448, 0.0 ], [ -99.330365214231691, 19.574756095304714, 0.0 ], [ -99.330282284820399, 19.574911665027834, 0.0 ], [ -99.330229733786567, 19.575119782089715, 0.0 ], [ -99.330192376779252, 19.575356563859032, 0.0 ], [ -99.330172502679801, 19.575507236025761, 0.0 ], [ -99.330139986209659, 19.575643585056952, 0.0 ], [ -99.330089743139851, 19.575746491894702, 0.0 ], [ -99.3299789861899, 19.575863855674722, 0.0 ], [ -99.329724633842801, 19.576077123653121, 0.0 ], [ -99.329341830600882, 19.576391049671265, 0.0 ], [ -99.329173158865245, 19.576561121650574, 0.0 ], [ -99.329039798881539, 19.576728738028379, 0.0 ], [ -99.328954300890075, 19.576862792423057, 0.0 ], [ -99.328858692775157, 19.576987301030179, 0.0 ], [ -99.328654770742261, 19.577190911401104, 0.0 ], [ -99.328445870735521, 19.577428005224938, 0.0 ], [ -99.328312494760894, 19.577588447964285, 0.0 ], [ -99.328221921354412, 19.5777081649845, 0.0 ], [ -99.328184270356672, 19.5778014842044, 0.0 ], [ -99.328161769790981, 19.577901948988771, 0.0 ], [ -99.328154400316805, 19.577999995201676, 0.0 ], [ -99.32816981709793, 19.578138647711466, 0.0 ], [ -99.328187737203336, 19.578267731487301, 0.0 ], [ -99.328187945412949, 19.578370545999466, 0.0 ], [ -99.328178014534814, 19.578449468516684, 0.0 ], [ -99.328142832758473, 19.578516481747474, 0.0 ], [ -99.328092485894587, 19.578569176290188, 0.0 ], [ -99.327999156826138, 19.578574128097976, 0.0 ], [ -99.327156117154345, 19.578343727705988, 0.0 ], [ -99.327014794809457, 19.578317682461208, 0.0 ], [ -99.326860912231723, 19.578317961350098, 0.0 ], [ -99.326644059405538, 19.57836617502532, 0.0 ], [ -99.326238285606308, 19.578553410768762, 0.0 ], [ -99.325991343001576, 19.578692537762294, 0.0 ], [ -99.325882720738321, 19.578799768125652, 0.0 ], [ -99.32582239964654, 19.578910821542141, 0.0 ], [ -99.325810675383153, 19.579102126257173, 0.0 ], [ -99.325825540807472, 19.579469363790114, 0.0 ], [ -99.325805628546576, 19.579603298225415, 0.0 ], [ -99.325733255887371, 19.579743065902292, 0.0 ], [ -99.325634616378963, 19.579867578287672, 0.0 ], [ -99.325511693558667, 19.579959616243055, 0.0 ], [ -99.325302066772267, 19.580090067204321, 0.0 ], [ -99.325013808284837, 19.580258916327292, 0.0 ], [ -99.324848480487745, 19.580339553225336, 0.0 ], [ -99.324709327259939, 19.580389537492668, 0.0 ], [ -99.324477292663474, 19.580416734735621, 0.0 ], [ -99.32382747990988, 19.580435118012339, 0.0 ], [ -99.323543076054989, 19.580514054621489, 0.0 ], [ -99.323119647650017, 19.580708010007484, 0.0 ], [ -99.322809197362602, 19.580882633896593, 0.0 ], [ -99.322714518852223, 19.580970793744125, 0.0 ], [ -99.322458885534374, 19.581309822798207, 0.0 ], [ -99.322374461087108, 19.581480216057912, 0.0 ], [ -99.322195543604835, 19.581832497453835, 0.0 ], [ -99.322036605668089, 19.582083362726245, 0.0 ], [ -99.321913793116963, 19.582232783115312, 0.0 ], [ -99.321672066994211, 19.582462754620412, 0.0 ], [ -99.321559314383947, 19.582596854145475, 0.0 ], [ -99.321448697422625, 19.582790247686493, 0.0 ], [ -99.321414691784014, 19.582943335107856, 0.0 ], [ -99.321370621678767, 19.583109830300931, 0.0 ], [ -99.321318380071162, 19.583226606325592, 0.0 ], [ -99.321217701687729, 19.583343468608035, 0.0 ], [ -99.321127026944197, 19.583416317814795, 0.0 ], [ -99.320614934886962, 19.583685025807355, 0.0 ], [ -99.320469813650661, 19.583780925490586, 0.0 ], [ -99.320318720836354, 19.583918918037824, 0.0 ], [ -99.320193883332053, 19.584066428023554, 0.0 ], [ -99.320117425873931, 19.58418515952885, 0.0 ], [ -99.320071237646971, 19.584301924449043, 0.0 ], [ -99.32004723454402, 19.584410998647662, 0.0 ], [ -99.320055545456441, 19.584531492508859, 0.0 ], [ -99.320092236078267, 19.584715059555553, 0.0 ], [ -99.320094492399136, 19.584835564156485, 0.0 ], [ -99.320052245934306, 19.584904501194959, 0.0 ], [ -99.319965560891745, 19.584954388722092, 0.0 ], [ -99.319495652249856, 19.585125464141115, 0.0 ], [ -99.319421000796709, 19.585137073389006, 0.0 ], [ -99.319336179055796, 19.585108531079275, 0.0 ], [ -99.318941910961527, 19.584745790110208, 0.0 ], [ -99.318430404259374, 19.584289526351036, 0.0 ] ] ] } },
{ "type": "Feature", "properties": { "NOMBRE": "CAMINO REAL A JILOTZINGO" }, "geometry": { "type": "MultiLineString", "coordinates": [ [ [ -99.331585991568105, 19.576761610523977, 0.0 ], [ -99.331324114089853, 19.576995457534728, 0.0 ], [ -99.33066350321667, 19.577648946318533, 0.0 ], [ -99.33042586778501, 19.577896137445705, 0.0 ], [ -99.330329317433609, 19.578053166730921, 0.0 ], [ -99.330247045828074, 19.578284770385373, 0.0 ], [ -99.330196923828879, 19.578447453100228, 0.0 ], [ -99.330185173580446, 19.578623455412686, 0.0 ], [ -99.330195482513588, 19.578730555292211, 0.0 ], [ -99.330252216431134, 19.578841395852098, 0.0 ], [ -99.330333179797194, 19.578957930528087, 0.0 ], [ -99.330424241785281, 19.579078272336439, 0.0 ], [ -99.330505275616702, 19.579229237823625, 0.0 ], [ -99.330564137323165, 19.579393633744711, 0.0 ], [ -99.330598933582621, 19.579632674296839, 0.0 ], [ -99.330577225630904, 19.579873731230194, 0.0 ], [ -99.330497260351066, 19.580246880481482, 0.0 ], [ -99.330412926861214, 19.580457446766253, 0.0 ], [ -99.330340499342725, 19.580568523817899, 0.0 ], [ -99.330251836772206, 19.58063563537528, 0.0 ], [ -99.330165114338925, 19.580664486650534, 0.0 ], [ -99.330086398276677, 19.58066080504825, 0.0 ], [ -99.329973342323967, 19.580641883559458, 0.0 ], [ -99.32970083616479, 19.58061560218237, 0.0 ], [ -99.329505078510749, 19.580617872725355, 0.0 ], [ -99.329377977181849, 19.580639146043861, 0.0 ], [ -99.329228749891271, 19.580696803515526, 0.0 ], [ -99.32909769372138, 19.580758253381266, 0.0 ], [ -99.329013117340978, 19.580850223729637, 0.0 ], [ -99.328866276699998, 19.58108959582955, 0.0 ], [ -99.328725672528293, 19.581418859662644, 0.0 ], [ -99.328546567332396, 19.581671680139991, 0.0 ], [ -99.328176199702142, 19.582154388669426, 0.0 ], [ -99.327894285521353, 19.582466693399546, 0.0 ], [ -99.327501540065271, 19.582863363686279, 0.0 ], [ -99.327211442416086, 19.583122122855791, 0.0 ], [ -99.326572500657633, 19.583532627470362, 0.0 ], [ -99.325971162544334, 19.583575797684137, 0.0 ], [ -99.325714947553806, 19.58362408144502, 0.0 ], [ -99.325513308333285, 19.583714348707669, 0.0 ], [ -99.325211031462302, 19.58394060849054, 0.0 ], [ -99.324549976841539, 19.584398966741059, 0.0 ], [ -99.323753904534641, 19.584960858086475, 0.0 ], [ -99.323437541160899, 19.585210094226454, 0.0 ], [ -99.323261187909083, 19.585352199277953, 0.0 ], [ -99.323094982288424, 19.58550169821179, 0.0 ], [ -99.322960634897072, 19.585687005588003, 0.0 ], [ -99.322838616713213, 19.585982756977387, 0.0 ], [ -99.322651732988732, 19.586390525155956, 0.0 ], [ -99.322542982612774, 19.586508359009422, 0.0 ], [ -99.322249666175651, 19.586678169236784, 0.0 ], [ -99.321732247605667, 19.586809644065536, 0.0 ], [ -99.321207237012786, 19.586929653935073, 0.0 ], [ -99.320859309318777, 19.587040739529549, 0.0 ], [ -99.32067182865427, 19.587150104582321, 0.0 ], [ -99.32057360396189, 19.58723348752472, 0.0 ], [ -99.320427091686881, 19.5873929913928, 0.0 ], [ -99.320333512753052, 19.587529447104789, 0.0 ], [ -99.320230979170432, 19.587730476830757, 0.0 ], [ -99.320050059451745, 19.588096627602592, 0.0 ], [ -99.319867341913096, 19.588319318806381, 0.0 ], [ -99.319669274559175, 19.588434440110337, 0.0 ], [ -99.319484711332393, 19.588489282991766, 0.0 ], [ -99.317958988333118, 19.589444013455537, 0.0 ], [ -99.317339114407304, 19.589825281317477, 0.0 ], [ -99.316783815829893, 19.590331963376489, 0.0 ], [ -99.316085039599557, 19.591007463852439, 0.0 ], [ -99.315476557065068, 19.591413811350129, 0.0 ], [ -99.314701868155893, 19.591978255835556, 0.0 ], [ -99.314410907137528, 19.592201130469871, 0.0 ], [ -99.314206977994147, 19.592420266414194, 0.0 ], [ -99.314048592504378, 19.592707467518363, 0.0 ], [ -99.313969482999511, 19.592894106641584, 0.0 ], [ -99.313886602872159, 19.593087925421507, 0.0 ], [ -99.313803569637969, 19.593202840020343, 0.0 ], [ -99.313769739826768, 19.593321255514621, 0.0 ], [ -99.313813102487643, 19.593435232771185, 0.0 ] ] ] } },
{ "type": "Feature", "properties": { "NOMBRE": "PASEOS DE SAYAVEDRA" }, "geometry": { "type": "MultiLineString", "coordinates": [ [ [ -99.318227594383558, 19.589275933329635, 0.0 ], [ -99.317001526224004, 19.588441429280884, 0.0 ], [ -99.316631996271326, 19.588152164526704, 0.0 ], [ -99.31634753680575, 19.587823895306865, 0.0 ], [ -99.315879358720636, 19.587077514856187, 0.0 ], [ -99.315724493246094, 19.586901446575201, 0.0 ], [ -99.315601343614873, 19.586817975606376, 0.0 ], [ -99.315427807967666, 19.586770458353239, 0.0 ], [ -99.315251194538661, 19.586761800779147, 0.0 ], [ -99.314450669796983, 19.587002302898, 0.0 ], [ -99.313829771055055, 19.587179724051477, 0.0 ], [ -99.313549172475021, 19.587213089030246, 0.0 ], [ -99.313032014348735, 19.58722295393444, 0.0 ], [ -99.312738778388947, 19.587244384369804, 0.0 ], [ -99.312483545909458, 19.587349435033708, 0.0 ], [ -99.312269349108291, 19.5874753359209, 0.0 ], [ -99.31211509182711, 19.587613088040872, 0.0 ], [ -99.312023766497902, 19.587678999812198, 0.0 ], [ -99.311916592918749, 19.587703095674389, 0.0 ], [ -99.311765298799926, 19.587742211788125, 0.0 ], [ -99.311677121023479, 19.587805129137998, 0.0 ], [ -99.311557459697397, 19.587895000095234, 0.0 ], [ -99.311437654569332, 19.587910151082234, 0.0 ], [ -99.311251499075254, 19.587859662804956, 0.0 ], [ -99.311071627776982, 19.587797208270207, 0.0 ], [ -99.310967527158624, 19.58777945498888, 0.0 ], [ -99.310841403541502, 19.587788638864183, 0.0 ], [ -99.310687012876684, 19.58785764747272, 0.0 ], [ -99.31055477697015, 19.587968461076855, 0.0 ], [ -99.310299931249105, 19.588276746798801, 0.0 ], [ -99.310189832426772, 19.588420398904287, 0.0 ], [ -99.310108086623131, 19.588549058154641, 0.0 ], [ -99.310057858909545, 19.588668696756905, 0.0 ], [ -99.310035978660608, 19.588770353771704, 0.0 ], [ -99.310048827398532, 19.588892872708978, 0.0 ], [ -99.310115440933629, 19.589095996931654, 0.0 ], [ -99.310147233947617, 19.589230438495225, 0.0 ], [ -99.310169560637163, 19.589361907529383, 0.0 ], [ -99.310185511566615, 19.589457521862364, 0.0 ], [ -99.310179353284084, 19.589535241395865, 0.0 ], [ -99.310154187803292, 19.589568161544449, 0.0 ], [ -99.310084849634748, 19.589589202439729, 0.0 ], [ -99.309826092224284, 19.589502971895438, 0.0 ], [ -99.309516889661666, 19.589422805187517, 0.0 ], [ -99.309261314894968, 19.589351512389118, 0.0 ], [ -99.309070054394198, 19.589311790335646, 0.0 ], [ -99.308970395340495, 19.589308374567317, 0.0 ], [ -99.308883393814199, 19.589327651984394, 0.0 ], [ -99.308700661013461, 19.589418824620143, 0.0 ], [ -99.308560798131737, 19.589500359535986, 0.0 ], [ -99.308439804080933, 19.589554365054987, 0.0 ], [ -99.308294870223904, 19.589622757695487, 0.0 ], [ -99.308195304262824, 19.589668357756103, 0.0 ], [ -99.308136040114135, 19.58968041426834, 0.0 ], [ -99.308090631146655, 19.589681687386598, 0.0 ], [ -99.30806160703861, 19.589675759366216, 0.0 ], [ -99.308019923225757, 19.589645942521916, 0.0 ], [ -99.307830343919022, 19.589453787183828, 0.0 ], [ -99.307752076712731, 19.589422837206126, 0.0 ], [ -99.307689005641691, 19.589422944844973, 0.0 ], [ -99.307616053173618, 19.589391937917274, 0.0 ] ] ] } },
{ "type": "Feature", "properties": { "NOMBRE": "CASTILLO DE NOTTINGHAM" }, "geometry": { "type": "MultiLineString", "coordinates": [ [ [ -99.309462599078429, 19.583518479066633, 0.0 ], [ -99.309306720653964, 19.58363159202295, 0.0 ], [ -99.309237296694747, 19.583738590827537, 0.0 ], [ -99.30918005716174, 19.583885020976041, 0.0 ], [ -99.30909879611896, 19.584134785460112, 0.0 ], [ -99.309068922583933, 19.584344292276175, 0.0 ], [ -99.309075298811564, 19.584512850079587, 0.0 ], [ -99.309102997700919, 19.584750233452262, 0.0 ], [ -99.309140703858731, 19.585075829244172, 0.0 ], [ -99.30921343612853, 19.585710467369278, 0.0 ], [ -99.309198582376027, 19.58585873765502, 0.0 ], [ -99.309102130317285, 19.586212777721052, 0.0 ], [ -99.308975474962196, 19.586603930680599, 0.0 ], [ -99.308907653501322, 19.586758269291135, 0.0 ], [ -99.308750381768689, 19.586970146135272, 0.0 ], [ -99.308531225691198, 19.587142676488636, 0.0 ], [ -99.307978367380755, 19.587615852992506, 0.0 ], [ -99.307855035762998, 19.587766699437772, 0.0 ], [ -99.307837632792626, 19.587901823198742, 0.0 ], [ -99.307865698990526, 19.588333060036156, 0.0 ], [ -99.307854862144907, 19.588471759147517, 0.0 ], [ -99.30779173580035, 19.588708102153486, 0.0 ], [ -99.307730407667933, 19.58882871549207, 0.0 ], [ -99.307627672245104, 19.588932183934904, 0.0 ], [ -99.307457406363767, 19.589078806289073, 0.0 ], [ -99.307377231166811, 19.5891302069838, 0.0 ] ] ] } },
{ "type": "Feature", "properties": { "NOMBRE": "CASTILLO DE NOTTINGHAM" }, "geometry": { "type": "MultiLineString", "coordinates": [ [ [ -99.308981984502921, 19.584898071956502, 0.0 ], [ -99.309102997700919, 19.584750233452262, 0.0 ] ] ] } },
{ "type": "Feature", "properties": { "NOMBRE": "CASTILLO DE NOTTINGHAM" }, "geometry": { "type": "MultiLineString", "coordinates": [ [ [ -99.308544414661171, 19.583649965603591, 0.0 ], [ -99.308483156770322, 19.583706527223267, 0.0 ], [ -99.308410934785144, 19.58393427832906, 0.0 ], [ -99.308284643201986, 19.584384010905033, 0.0 ], [ -99.308202438749106, 19.584669164083113, 0.0 ], [ -99.308174398424967, 19.584782069367247, 0.0 ], [ -99.308194744343297, 19.58486811225039, 0.0 ], [ -99.308265498428156, 19.584929202096646, 0.0 ], [ -99.308374555032046, 19.584967272383828, 0.0 ], [ -99.308556165561001, 19.584951659058319, 0.0 ], [ -99.308981984502921, 19.584898071956502, 0.0 ], [ -99.309133601714592, 19.585014501750372, 0.0 ] ] ] } },
{ "type": "Feature", "properties": { "NOMBRE": "BLVD. DEL ARCO" }, "geometry": { "type": "MultiLineString", "coordinates": [ [ [ -99.305918949752723, 19.583332352384563, 0.0 ], [ -99.305886057238425, 19.583628555239461, 0.0 ], [ -99.305868294271406, 19.583840910300534, 0.0 ], [ -99.305776817925235, 19.584562205029435, 0.0 ], [ -99.305723239425006, 19.58504624363708, 0.0 ], [ -99.305701363868863, 19.585218436048393, 0.0 ], [ -99.305675325492686, 19.5853236862175, 0.0 ], [ -99.305600892987798, 19.585451972439483, 0.0 ], [ -99.305361434508868, 19.585829206936875, 0.0 ], [ -99.305303122144039, 19.585944075879585, 0.0 ], [ -99.305258912095226, 19.586045531074078, 0.0 ], [ -99.305230905531502, 19.586177564221533, 0.0 ], [ -99.305219044811295, 19.586309570036693, 0.0 ], [ -99.305225337399008, 19.586435806614137, 0.0 ], [ -99.305253845046494, 19.586569656933531, 0.0 ], [ -99.305276395352834, 19.586755163922046, 0.0 ], [ -99.305252540525089, 19.586948400808694, 0.0 ], [ -99.305182629973018, 19.58733491213636, 0.0 ], [ -99.305094237759263, 19.587553125079783, 0.0 ], [ -99.304919218819933, 19.587855649288699, 0.0 ], [ -99.304852900807603, 19.588006875503005, 0.0 ], [ -99.304808125819477, 19.588143719003718, 0.0 ], [ -99.304794339961674, 19.588325461769617, 0.0 ], [ -99.304841123579124, 19.588518579161445, 0.0 ], [ -99.304940353415191, 19.588696305157896, 0.0 ], [ -99.305067734738941, 19.58881851121474, 0.0 ], [ -99.305235427556667, 19.588911956398796, 0.0 ], [ -99.30546160709136, 19.588982348318201, 0.0 ], [ -99.305970456642143, 19.589111558430794, 0.0 ], [ -99.306667093225457, 19.589286355874208, 0.0 ], [ -99.306971993801952, 19.58936043764999, 0.0 ], [ -99.307206229644564, 19.589421249465882, 0.0 ], [ -99.307367720632442, 19.589436276935981, 0.0 ], [ -99.307519065795702, 19.589422629027847, 0.0 ], [ -99.307616053173618, 19.589391937917274, 0.0 ], [ -99.307591549296802, 19.589330689272437, 0.0 ], [ -99.307538899851778, 19.589238962958991, 0.0 ], [ -99.307468144129544, 19.589177872878519, 0.0 ], [ -99.307377231166811, 19.5891302069838, 0.0 ], [ -99.307266248051519, 19.589141873158354, 0.0 ], [ -99.30701207645248, 19.589211168203956, 0.0 ], [ -99.306941465940895, 19.589226591105042, 0.0 ], [ -99.306602236916277, 19.589143003468937, 0.0 ], [ -99.305735994208987, 19.58893023670257, 0.0 ], [ -99.305441207961223, 19.588867612701499, 0.0 ], [ -99.305223083640342, 19.588787642937092, 0.0 ], [ -99.305093716388583, 19.588682655877758, 0.0 ], [ -99.304992547373004, 19.588547015647354, 0.0 ], [ -99.304945900417863, 19.588426585849696, 0.0 ], [ -99.304923497871357, 19.58831950489601, 0.0 ], [ -99.304947353269725, 19.588126268074213, 0.0 ], [ -99.305021650611607, 19.587925294581744, 0.0 ], [ -99.305212750571911, 19.587588312001746, 0.0 ], [ -99.3053474433801, 19.587306897000396, 0.0 ], [ -99.305413807537292, 19.587180537398826, 0.0 ], [ -99.305447894097099, 19.587061883795066, 0.0 ], [ -99.305443572658078, 19.586910777021334, 0.0 ], [ -99.305402742561526, 19.58666409024439, 0.0 ], [ -99.305355897546775, 19.586438454839467, 0.0 ], [ -99.305335477205503, 19.58631224218907, 0.0 ], [ -99.305343290545466, 19.586174504710101, 0.0 ], [ -99.305377384168381, 19.586059676770091, 0.0 ], [ -99.30543366746933, 19.585939072731062, 0.0 ], [ -99.305640931755079, 19.585613539304621, 0.0 ], [ -99.305753631159916, 19.585443105781039, 0.0 ], [ -99.305800041165668, 19.585331253653017, 0.0 ], [ -99.305826010850737, 19.58518965968144, 0.0 ], [ -99.305860685084951, 19.584848159475268, 0.0 ], [ -99.305907414285045, 19.58447794624745, 0.0 ], [ -99.305944501973855, 19.584345897575023, 0.0 ], [ -99.305974627024327, 19.58426742014618, 0.0 ], [ -99.30602686563094, 19.584142997098436, 0.0 ], [ -99.306092209856615, 19.584011856862283, 0.0 ], [ -99.306140475136431, 19.583920915174286, 0.0 ], [ -99.306239196995449, 19.583723916623995, 0.0 ], [ -99.306294481517355, 19.583609530719212, 0.0 ] ] ] } },
{ "type": "Feature", "properties": { "NOMBRE": "CASTILLO DE HAVEN" }, "geometry": { "type": "MultiLineString", "coordinates": [ [ [ -99.307591258606138, 19.587286374608492, 0.0 ], [ -99.30725310714989, 19.58690438382456, 0.0 ], [ -99.307106663332064, 19.586175364371911, 0.0 ], [ -99.30690757439757, 19.585954531573819, 0.0 ], [ -99.305763488955662, 19.585419347654408, 0.0 ] ] ] } },
{ "type": "Feature", "properties": { "NOMBRE": "CASTILLO DE KENT" }, "geometry": { "type": "MultiLineString", "coordinates": [ [ [ -99.307361631469988, 19.58363055974953, 0.0 ], [ -99.307347417160216, 19.584488190887942, 0.0 ], [ -99.307272068638312, 19.584664658931082, 0.0 ], [ -99.307253527664258, 19.584864940627291, 0.0 ], [ -99.307282283011688, 19.585062152929158, 0.0 ], [ -99.307377272699355, 19.585265229957106, 0.0 ], [ -99.307510041939366, 19.585435365630861, 0.0 ], [ -99.307620583864335, 19.585524841321838, 0.0 ], [ -99.307844730685034, 19.585655966350718, 0.0 ], [ -99.307854310403798, 19.585718714947305, 0.0 ], [ -99.307703789200318, 19.586164304094403, 0.0 ], [ -99.307527477455153, 19.586314045199586, 0.0 ], [ -99.307188594741035, 19.586583232167591, 0.0 ] ] ] } },
{ "type": "Feature", "properties": { "NOMBRE": "CASTILLO DE HAVEN" }, "geometry": { "type": "MultiLineString", "coordinates": [ [ [ -99.307106663332064, 19.586175364371911, 0.0 ], [ -99.307357032149724, 19.586449436347429, 0.0 ] ] ] } },
{ "type": "Feature", "properties": { "NOMBRE": "CASTILLO DE CLYDE" }, "geometry": { "type": "MultiLineString", "coordinates": [ [ [ -99.306574946275873, 19.585798934858079, 0.0 ], [ -99.306241491056113, 19.586320553468617, 0.0 ], [ -99.306355677143571, 19.58693629289915, 0.0 ], [ -99.306343987321924, 19.587158201791091, 0.0 ], [ -99.306301907987702, 19.587318951533913, 0.0 ], [ -99.306259741310896, 19.58750026440482, 0.0 ], [ -99.306100979626422, 19.587793676151307, 0.0 ], [ -99.30579326287868, 19.588364223477864, 0.0 ], [ -99.305601726539408, 19.588469754191987, 0.0 ], [ -99.305486573206977, 19.588877250069057, 0.0 ] ] ] } },
{ "type": "Feature", "properties": { "NOMBRE": "CASTILLO DE PLYMOUTH" }, "geometry": { "type": "MultiLineString", "coordinates": [ [ [ -99.308556165561001, 19.584951659058319, 0.0 ], [ -99.308622795589159, 19.585740953228207, 0.0 ], [ -99.308645488110272, 19.585999147307813, 0.0 ], [ -99.308629520833009, 19.586092903617864, 0.0 ], [ -99.308509100829383, 19.586446984392389, 0.0 ], [ -99.308408502176604, 19.586611660389465, 0.0 ], [ -99.308301732096794, 19.586715136120077, 0.0 ], [ -99.307591258606138, 19.587286374608492, 0.0 ], [ -99.307459411002725, 19.587403282472508, 0.0 ], [ -99.307310194839602, 19.587474311771185, 0.0 ], [ -99.307136665229322, 19.587495648617701, 0.0 ], [ -99.306898460943671, 19.587469274473111, 0.0 ], [ -99.306629946773441, 19.587423823191774, 0.0 ], [ -99.306446224540053, 19.587391617286908, 0.0 ], [ -99.306259741310896, 19.58750026440482, 0.0 ] ] ] } },
{ "type": "Feature", "properties": { "NOMBRE": "CASTILLO DE PLYMOUTH" }, "geometry": { "type": "MultiLineString", "coordinates": [ [ [ -99.306446224540053, 19.587391617286908, 0.0 ], [ -99.306355677143571, 19.58693629289915, 0.0 ] ] ] } },
{ "type": "Feature", "properties": { "NOMBRE": "PRIV. DE CLYDE" }, "geometry": { "type": "MultiLineString", "coordinates": [ [ [ -99.30737292018361, 19.588429084701193, 0.0 ], [ -99.306172827523241, 19.588172893524987, 0.0 ], [ -99.30579326287868, 19.588364223477864, 0.0 ] ] ] } },
{ "type": "Feature", "properties": { "NOMBRE": "PRIV. DE CLYDE" }, "geometry": { "type": "MultiLineString", "coordinates": [ [ [ -99.306172827523241, 19.588172893524987, 0.0 ], [ -99.306025717620699, 19.587933222226308, 0.0 ] ] ] } },
{ "type": "Feature", "properties": { "NOMBRE": "PRIV. DE KENT" }, "geometry": { "type": "MultiLineString", "coordinates": [ [ [ -99.307347817171447, 19.584464055975143, 0.0 ], [ -99.306790468008984, 19.584476837247244, 0.0 ], [ -99.306766123234965, 19.58494313265896, 0.0 ], [ -99.306703081062864, 19.584957586159856, 0.0 ] ] ] } },
{ "type": "Feature", "properties": { "NOMBRE": "BLVD. RANCHO SAN JUAN" }, "geometry": { "type": "MultiLineString", "coordinates": [ [ [ -99.302276478272645, 19.573747645954612, 0.0 ], [ -99.302072263511747, 19.573810155258347, 0.0 ], [ -99.301769667107322, 19.573872828903504, 0.0 ], [ -99.301615886252691, 19.573925689135869, 0.0 ], [ -99.301542833067032, 19.573980805388977, 0.0 ], [ -99.301381395308894, 19.573985857221189, 0.0 ], [ -99.301106311550953, 19.57392175815291, 0.0 ], [ -99.300730359406472, 19.573876955213198, 0.0 ], [ -99.300606743017738, 19.573872379108334, 0.0 ], [ -99.300281539907914, 19.573987691030542, 0.0 ], [ -99.299938877177695, 19.574210628651262, 0.0 ], [ -99.299651635807976, 19.574392825738922, 0.0 ], [ -99.299392102791757, 19.574553456945484, 0.0 ], [ -99.299182911243136, 19.57465422805825, 0.0 ], [ -99.298981225537119, 19.574721511790528, 0.0 ], [ -99.298650943459251, 19.574820091861131, 0.0 ], [ -99.298471947678095, 19.5748801643173, 0.0 ], [ -99.298292995763987, 19.574964147026407, 0.0 ], [ -99.297925141517524, 19.57520864195363, 0.0 ], [ -99.2977160404198, 19.575359623282985, 0.0 ], [ -99.29754468618502, 19.575460330069767, 0.0 ], [ -99.297310252842365, 19.575553967504412, 0.0 ], [ -99.297065636674375, 19.575597409348923, 0.0 ], [ -99.296757902067768, 19.575612262091688, 0.0 ], [ -99.296493047744633, 19.575624652795891, 0.0 ], [ -99.296253485238338, 19.575672867338071, 0.0 ], [ -99.296071978067275, 19.575740114703358, 0.0 ], [ -99.295835095000328, 19.57587440210898, 0.0 ], [ -99.295681445466315, 19.576001379661342, 0.0 ], [ -99.295517718215009, 19.576135546742631, 0.0 ], [ -99.295300962956048, 19.576241107877607, 0.0 ], [ -99.295063960980997, 19.576310836113588, 0.0 ], [ -99.294854629571617, 19.576337479911324, 0.0 ], [ -99.294375340591188, 19.576345435755208, 0.0 ], [ -99.294140825977465, 19.576396030321181, 0.0 ], [ -99.293886273134703, 19.576525561894371, 0.0 ], [ -99.293742707695486, 19.576650130332872, 0.0 ], [ -99.293594200688872, 19.576832091911673, 0.0 ], [ -99.293498690711459, 19.577025922408193, 0.0 ], [ -99.293438644885185, 19.577300990884613, 0.0 ], [ -99.293423920192112, 19.577528164618897, 0.0 ], [ -99.293586215121522, 19.577994155368529, 0.0 ], [ -99.29398436035035, 19.579143602002127, 0.0 ], [ -99.294004098655222, 19.579288626853284, 0.0 ], [ -99.293996480663566, 19.579539221281482, 0.0 ], [ -99.293932354262793, 19.579789907791188, 0.0 ], [ -99.293723010297725, 19.580090564627561, 0.0 ], [ -99.293553859050107, 19.580297426670597, 0.0 ], [ -99.293439166673878, 19.580486984412964, 0.0 ], [ -99.293362788055418, 19.580659264215964, 0.0 ], [ -99.293316692213182, 19.580837233262294, 0.0 ], [ -99.293282902651342, 19.581124214138697, 0.0 ], [ -99.293287344086238, 19.581348009138189, 0.0 ], [ -99.293378775047188, 19.581686433025041, 0.0 ], [ -99.293512522442441, 19.581988444044693, 0.0 ], [ -99.293708750952547, 19.582244445073378, 0.0 ], [ -99.293995763952992, 19.582481169524772, 0.0 ], [ -99.294264447294466, 19.582626107134992, 0.0 ], [ -99.294587584089399, 19.582749914176141, 0.0 ], [ -99.295009445748249, 19.582781742907873, 0.0 ], [ -99.295350503076747, 19.582771620535176, 0.0 ], [ -99.295497911456366, 19.582815374379514, 0.0 ], [ -99.295613070678769, 19.582882135028189, 0.0 ], [ -99.295742203736211, 19.582864707780953, 0.0 ], [ -99.295812669425928, 19.582770863119766, 0.0 ], [ -99.295921543576625, 19.582711386516802, 0.0 ], [ -99.29628878820769, 19.582674439661108, 0.0 ], [ -99.296740814232464, 19.582646916785933, 0.0 ], [ -99.297087999352755, 19.58267695066241, 0.0 ], [ -99.297671464231158, 19.582788846122188, 0.0 ], [ -99.298251023784502, 19.582971521165263, 0.0 ], [ -99.298828562894613, 19.583152284836459, 0.0 ], [ -99.29915969567439, 19.583232075097758, 0.0 ], [ -99.299490772197203, 19.583281259428396, 0.0 ], [ -99.299827889352187, 19.583322781753989, 0.0 ], [ -99.300169110406358, 19.583400640541331, 0.0 ], [ -99.300459866098024, 19.58347284424352, 0.0 ], [ -99.300619357254959, 19.583501271041577, 0.0 ], [ -99.300730290893668, 19.583464742178567, 0.0 ], [ -99.300808897752219, 19.583409138787186, 0.0 ], [ -99.301026771013696, 19.583359041484282, 0.0 ], [ -99.301240589955171, 19.583299386501334, 0.0 ], [ -99.301424068143504, 19.583203438054717, 0.0 ], [ -99.301575197996755, 19.583076938107506, 0.0 ], [ -99.301714129392479, 19.582902637491276, 0.0 ], [ -99.301788364333248, 19.582667234215752, 0.0 ], [ -99.301814230244744, 19.582468255775442, 0.0 ], [ -99.301797838888618, 19.582336297374674, 0.0 ], [ -99.301686282983098, 19.582038081250655, 0.0 ], [ -99.301422776879576, 19.581424500715176, 0.0 ], [ -99.301297137790613, 19.581149261900251, 0.0 ], [ -99.301256400927613, 19.580948481904713, 0.0 ], [ -99.301241925238244, 19.580761047907796, 0.0 ], [ -99.301245655746143, 19.580596537563128, 0.0 ], [ -99.301289685499754, 19.580397528812835, 0.0 ], [ -99.301378093335273, 19.580186968875797, 0.0 ], [ -99.301486718110468, 19.579995503490728, 0.0 ], [ -99.301627700769842, 19.579840327869572, 0.0 ], [ -99.301764611231008, 19.579666030564329, 0.0 ], [ -99.301851117490088, 19.5795185972487, 0.0 ], [ -99.301925443414405, 19.579332927503952, 0.0 ], [ -99.30196747881358, 19.579147311783522, 0.0 ], [ -99.301981317120649, 19.578992348676856, 0.0 ], [ -99.301976885180224, 19.578780030987311, 0.0 ], [ -99.301936151680181, 19.578581163928895, 0.0 ], [ -99.30184694022212, 19.578359423911223, 0.0 ], [ -99.301676996497619, 19.578133993189933, 0.0 ], [ -99.301478817191722, 19.577918173682029, 0.0 ], [ -99.30123631778558, 19.577744510419148, 0.0 ], [ -99.301080765414653, 19.577660605173858, 0.0 ], [ -99.30083842659829, 19.577573018860427, 0.0 ], [ -99.30061223305502, 19.57748540531454, 0.0 ], [ -99.300438489749254, 19.577386227103137, 0.0 ], [ -99.30027273764108, 19.577243040113995, 0.0 ], [ -99.300153338870359, 19.577065344740937, 0.0 ], [ -99.300078385034524, 19.576912442273716, 0.0 ], [ -99.300043832654268, 19.576780513816797, 0.0 ], [ -99.300031398171242, 19.576604553258434, 0.0 ], [ -99.300043202330883, 19.576440029422852, 0.0 ], [ -99.300087278552112, 19.576265887708583, 0.0 ], [ -99.300165705054908, 19.576114642909168, 0.0 ], [ -99.300240162520325, 19.57599974863377, 0.0 ], [ -99.300381157148053, 19.575852225283644, 0.0 ], [ -99.300570568297445, 19.575695056970265, 0.0 ], [ -99.300731793074078, 19.57557427939912, 0.0 ], [ -99.300844615125555, 19.575470797960186, 0.0 ], [ -99.300937234719527, 19.575355873111835, 0.0 ], [ -99.301007619572431, 19.575221856916254, 0.0 ], [ -99.301041657248959, 19.575076424305294, 0.0 ], [ -99.301051488384161, 19.574936770598391, 0.0 ], [ -99.301045921847233, 19.574828142541786, 0.0 ], [ -99.301005311323109, 19.574694311511042, 0.0 ], [ -99.30095259942793, 19.574564326334038, 0.0 ], [ -99.300948424741804, 19.574489732542201, 0.0 ], [ -99.300964441600939, 19.574420843589198, 0.0 ], [ -99.301006732661307, 19.574372952041607, 0.0 ], [ -99.301089403211364, 19.574334557304002, 0.0 ], [ -99.301147895767627, 19.574317244124671, 0.0 ], [ -99.301212449681529, 19.574303746487207, 0.0 ], [ -99.301466675300645, 19.574274629292542, 0.0 ], [ -99.301583720773749, 19.574272520848151, 0.0 ], [ -99.301692779339604, 19.574316333838912, 0.0 ], [ -99.301799766454451, 19.574331457630738, 0.0 ], [ -99.301876371842567, 19.574287334160548, 0.0 ], [ -99.301954924010289, 19.574204950603939, 0.0 ], [ -99.302065883083941, 19.574185636475047, 0.0 ], [ -99.302217275162263, 19.574204511352569, 0.0 ], [ -99.302316311198808, 19.574284684708058, 0.0 ] ] ] } },
{ "type": "Feature", "properties": { "NOMBRE": "BLVD. RANCHO SAN JUAN" }, "geometry": { "type": "MultiLineString", "coordinates": [ [ [ -99.300736793104448, 19.574376072190315, 0.0 ], [ -99.300591293887791, 19.574270152034508, 0.0 ], [ -99.300418587928618, 19.574184361880597, 0.0 ], [ -99.300239992644535, 19.574187528421312, 0.0 ], [ -99.300041840509579, 19.574255285660872, 0.0 ], [ -99.29951269180043, 19.574580391235433, 0.0 ], [ -99.299323699761075, 19.574691171387528, 0.0 ], [ -99.299051461093299, 19.574802089344612, 0.0 ], [ -99.298562844753818, 19.574947796209777, 0.0 ], [ -99.298335991181105, 19.575047160944404, 0.0 ], [ -99.298116771160181, 19.575182378535196, 0.0 ], [ -99.297852262144218, 19.575382228989405, 0.0 ], [ -99.297746554281787, 19.575514389440439, 0.0 ], [ -99.297506129867614, 19.575642468137897, 0.0 ], [ -99.297365461827951, 19.575694346728731, 0.0 ], [ -99.297208107494555, 19.57572616787834, 0.0 ], [ -99.297021908329626, 19.575710693587769, 0.0 ], [ -99.296520908384522, 19.575708648440909, 0.0 ], [ -99.296260675034318, 19.575765026536995, 0.0 ], [ -99.296053466595581, 19.575848575228974, 0.0 ], [ -99.295900791392739, 19.575956422964865, 0.0 ], [ -99.295798045883572, 19.576054146305065, 0.0 ], [ -99.295645414802692, 19.576186382467338, 0.0 ], [ -99.295432226997647, 19.576311544525726, 0.0 ], [ -99.295244675744627, 19.576385017694246, 0.0 ], [ -99.295079765429008, 19.576424022513855, 0.0 ], [ -99.294886057737259, 19.576441554802898, 0.0 ], [ -99.294649906986805, 19.576424725082767, 0.0 ], [ -99.294378993311625, 19.5764352097551, 0.0 ], [ -99.294221642845528, 19.57646989756633, 0.0 ], [ -99.294058303034149, 19.576540460760793, 0.0 ], [ -99.293899545466275, 19.57663397042829, 0.0 ], [ -99.293766583735675, 19.576763303711513, 0.0 ], [ -99.293689562253476, 19.576858114712142, 0.0 ], [ -99.293632251155742, 19.576971543793391, 0.0 ], [ -99.293555494544222, 19.577212686590563, 0.0 ], [ -99.293530062257418, 19.577377710448314, 0.0 ], [ -99.293537892670756, 19.577522595357376, 0.0 ], [ -99.293551704732124, 19.577627300885606, 0.0 ], [ -99.29359280056822, 19.577753481462366, 0.0 ], [ -99.293877214496192, 19.578509068405243, 0.0 ], [ -99.294067383618, 19.579042440838151, 0.0 ], [ -99.294090371561296, 19.579198778018881, 0.0 ], [ -99.294098108856303, 19.579292016345164, 0.0 ], [ -99.294099872418826, 19.579429737934436, 0.0 ], [ -99.294075940970558, 19.579587586230399, 0.0 ], [ -99.294039918762493, 19.579755496638718, 0.0 ], [ -99.293982630340267, 19.579881837434741, 0.0 ], [ -99.293893600049387, 19.580032618637055, 0.0 ], [ -99.293813547273203, 19.58012599998224, 0.0 ], [ -99.293700275335581, 19.580263908905351, 0.0 ], [ -99.29359914078583, 19.580417578928987, 0.0 ], [ -99.293540322573449, 19.580535314293584, 0.0 ], [ -99.293483077664774, 19.580686043561595, 0.0 ], [ -99.293424435928443, 19.580901333417447, 0.0 ], [ -99.293403551665108, 19.581070653688467, 0.0 ], [ -99.29339631082334, 19.581251428799249, 0.0 ], [ -99.293417847181317, 19.581442199502376, 0.0 ], [ -99.293468189427159, 19.581658746664075, 0.0 ], [ -99.293576065619717, 19.581883807945719, 0.0 ], [ -99.293750591663311, 19.582136018576886, 0.0 ], [ -99.293908296435859, 19.582293570898166, 0.0 ], [ -99.294090185942707, 19.582432433461047, 0.0 ], [ -99.294296244546373, 19.582543998442866, 0.0 ], [ -99.294532513727091, 19.582621082750332, 0.0 ], [ -99.294708177322789, 19.582665269311356, 0.0 ], [ -99.294898946125286, 19.582692215452106, 0.0 ], [ -99.295129009649429, 19.582686100623917, 0.0 ], [ -99.295487717228909, 19.582671167014432, 0.0 ], [ -99.295537602070382, 19.582635219551385, 0.0 ], [ -99.295611736597834, 19.5826164478813, 0.0 ], [ -99.295687424023782, 19.582619193072556, 0.0 ], [ -99.295749512225825, 19.582634872194348, 0.0 ], [ -99.296262556191053, 19.582589556694064, 0.0 ], [ -99.296733244119338, 19.582558655717499, 0.0 ], [ -99.296934574425364, 19.582566932149252, 0.0 ], [ -99.297188919101103, 19.58259520581634, 0.0 ], [ -99.297481154997669, 19.582650674582041, 0.0 ], [ -99.297893074498319, 19.582763330392854, 0.0 ], [ -99.298504954399121, 19.582961732150334, 0.0 ], [ -99.298824532282069, 19.58306880010548, 0.0 ], [ -99.299256083473452, 19.583155596930432, 0.0 ], [ -99.299714835679595, 19.58321795882912, 0.0 ], [ -99.299954079844454, 19.583264903842654, 0.0 ], [ -99.30009791372521, 19.583284749373455, 0.0 ], [ -99.300258312705409, 19.583258659097229, 0.0 ], [ -99.300344513581578, 19.583216911340024, 0.0 ], [ -99.300401949774155, 19.583172342197358, 0.0 ], [ -99.300559315971469, 19.583143387449095, 0.0 ], [ -99.300683504334359, 19.583180480793771, 0.0 ], [ -99.300804708072675, 19.583240533086755, 0.0 ], [ -99.300916760724419, 19.583263300223599, 0.0 ], [ -99.301034820022892, 19.583260233951499, 0.0 ], [ -99.301195186811384, 19.583216927355604, 0.0 ], [ -99.301320699581424, 19.583152159423907, 0.0 ], [ -99.301477900073706, 19.583034257185993, 0.0 ], [ -99.301557947125104, 19.582939437884264, 0.0 ], [ -99.301612232739203, 19.582828880715525, 0.0 ], [ -99.301664919160743, 19.582672418091384, 0.0 ], [ -99.301681294101499, 19.582524623961369, 0.0 ], [ -99.301677986342639, 19.582373993493224, 0.0 ], [ -99.301624616327032, 19.582163192346368, 0.0 ], [ -99.301448238846305, 19.581735967868834, 0.0 ], [ -99.301212593355373, 19.581181160207667, 0.0 ], [ -99.301165380194121, 19.581024864500709, 0.0 ], [ -99.301140847530831, 19.580855619253441, 0.0 ], [ -99.301138840664649, 19.580590216255864, 0.0 ], [ -99.301174735679695, 19.580357746436871, 0.0 ], [ -99.301237958427521, 19.580169704469068, 0.0 ], [ -99.301336068952963, 19.580021773810778, 0.0 ], [ -99.301573218508096, 19.579758840379231, 0.0 ], [ -99.301704577259926, 19.57958359598021, 0.0 ], [ -99.301795086881214, 19.579418462235893, 0.0 ], [ -99.301855305383569, 19.57924333673262, 0.0 ], [ -99.301885190094637, 19.579035265505041, 0.0 ], [ -99.301884885429288, 19.578871718296135, 0.0 ], [ -99.301854241833709, 19.578672356124798, 0.0 ], [ -99.301784215219982, 19.578457278910729, 0.0 ], [ -99.301658204211051, 19.578252337693048, 0.0 ], [ -99.301474650024431, 19.578033146259845, 0.0 ], [ -99.301298827022947, 19.577901454106577, 0.0 ], [ -99.301042759640623, 19.577756984038604, 0.0 ], [ -99.300579252848621, 19.577571255095709, 0.0 ], [ -99.300445923423155, 19.577499745722527, 0.0 ], [ -99.300288307487662, 19.577390976309189, 0.0 ], [ -99.300154861431423, 19.577256343210053, 0.0 ], [ -99.30006529382436, 19.57711302925259, 0.0 ], [ -99.300001470692237, 19.576976845585232, 0.0 ], [ -99.29994965814565, 19.576787560626151, 0.0 ], [ -99.299934177120718, 19.57660108450759, 0.0 ], [ -99.299951899430027, 19.576362906512294, 0.0 ], [ -99.299992428988972, 19.576180641146909, 0.0 ], [ -99.300061828054879, 19.576058582206503, 0.0 ], [ -99.300164477971478, 19.575910644584713, 0.0 ], [ -99.300235454152116, 19.575823014067538, 0.0 ], [ -99.300415341459583, 19.575699336458985, 0.0 ], [ -99.300752374337179, 19.575431933802854, 0.0 ], [ -99.300820352128468, 19.575360088982961, 0.0 ], [ -99.300877705543712, 19.575272480928035, 0.0 ], [ -99.300922905029864, 19.575160504420062, 0.0 ], [ -99.300949946913349, 19.575051427448443, 0.0 ], [ -99.300957291023877, 19.574930906291836, 0.0 ], [ -99.300938875133596, 19.574794647173654, 0.0 ], [ -99.300865890915816, 19.574615440158254, 0.0 ], [ -99.300797500806226, 19.574464918047603, 0.0 ], [ -99.300736604241379, 19.574376251833893, 0.0 ] ] ] } },
{ "type": "Feature", "properties": { "NOMBRE": "BLVD. RANCHO SAN JUAN" }, "geometry": { "type": "MultiLineString", "coordinates": [ [ [ -99.300796548015086, 19.573884843095662, 0.0 ], [ -99.300723140516226, 19.573935584335327, 0.0 ], [ -99.300674802329567, 19.573987311575785, 0.0 ], [ -99.300646715586964, 19.574031752207787, 0.0 ], [ -99.300632927732835, 19.57407840065747, 0.0 ], [ -99.300636815853565, 19.57413458385426, 0.0 ], [ -99.300644461280072, 19.574176414489916, 0.0 ], [ -99.300676095878018, 19.574231355924123, 0.0 ], [ -99.300721593756421, 19.57428029662147, 0.0 ], [ -99.300794795997035, 19.574305280622564, 0.0 ], [ -99.30095624963684, 19.574308597959668, 0.0 ], [ -99.301059654405549, 19.574296470198007, 0.0 ], [ -99.301120101521548, 19.574244961752903, 0.0 ], [ -99.301174188770744, 19.574164771305103, 0.0 ], [ -99.301174035504616, 19.574082280338796, 0.0 ], [ -99.301154964928415, 19.574001016472824, 0.0 ], [ -99.301064995602616, 19.573916834491541, 0.0 ] ] ] } },
{ "type": "Feature", "properties": { "NOMBRE": "BLVD. RANCHO SAN JUAN" }, "geometry": { "type": "MultiLineString", "coordinates": [ [ [ -99.300718279761554, 19.574276731858422, 0.0 ], [ -99.300665965076263, 19.574324511011884, 0.0 ] ] ] } },
{ "type": "Feature", "properties": { "NOMBRE": "BLVD. RANCHO SAN JUAN" }, "geometry": { "type": "MultiLineString", "coordinates": [ [ [ -99.301059654405549, 19.574296470198007, 0.0 ], [ -99.301089403211364, 19.574334557304002, 0.0 ] ] ] } },
{ "type": "Feature", "properties": { "NOMBRE": "AEROPUERTO" }, "geometry": { "type": "MultiLineString", "coordinates": [ [ [ -99.299378781417602, 19.570251562936956, 0.0 ], [ -99.299375966283932, 19.570366338066339, 0.0 ], [ -99.299332330866051, 19.570505569632132, 0.0 ], [ -99.299204040865661, 19.570700892165725, 0.0 ], [ -99.299083130325087, 19.570794343598198, 0.0 ], [ -99.298927371335239, 19.57086776785205, 0.0 ], [ -99.29854017881739, 19.571016175802647, 0.0 ], [ -99.298136386804416, 19.571191868338097, 0.0 ], [ -99.29770837992497, 19.571369034559268, 0.0 ], [ -99.297250153902255, 19.571574942170034, 0.0 ], [ -99.297099924561664, 19.57163831333385, 0.0 ], [ -99.296908266284419, 19.571669712458711, 0.0 ], [ -99.2960780965184, 19.571537177638547, 0.0 ], [ -99.294806248690904, 19.571278635368959, 0.0 ], [ -99.294635630981745, 19.571280109558248, 0.0 ] ] ] } },
{ "type": "Feature", "properties": { "NOMBRE": "AEROPUERTO" }, "geometry": { "type": "MultiLineString", "coordinates": [ [ [ -99.297099924561664, 19.57163831333385, 0.0 ], [ -99.297703823835775, 19.571466507301434, 0.0 ], [ -99.298094548924269, 19.5713176170858, 0.0 ], [ -99.298906210310307, 19.570988700428661, 0.0 ], [ -99.299218760367026, 19.570854283577624, 0.0 ], [ -99.299423012311863, 19.570813296911599, 0.0 ], [ -99.29966517317682, 19.570810503883756, 0.0 ], [ -99.299940220135298, 19.570857867943239, 0.0 ] ] ] } },
{ "type": "Feature", "properties": { "NOMBRE": "AV. FRESNOS" }, "geometry": { "type": "MultiLineString", "coordinates": [ [ [ -99.296366643617844, 19.575650093034977, 0.0 ], [ -99.296504744862077, 19.575532122341098, 0.0 ], [ -99.296523516950629, 19.575451393539971, 0.0 ], [ -99.29651699714293, 19.57533484054975, 0.0 ], [ -99.296535692652881, 19.575212268489615, 0.0 ], [ -99.296809234457896, 19.574778440799808, 0.0 ], [ -99.29706754434676, 19.574361733782457, 0.0 ], [ -99.297103656076672, 19.574244991054027, 0.0 ], [ -99.29711150053096, 19.574120643505765, 0.0 ], [ -99.297070893428085, 19.573986811533867, 0.0 ], [ -99.296957509278641, 19.573784237083355, 0.0 ], [ -99.296838263828803, 19.573686878431158, 0.0 ], [ -99.296721103126686, 19.573625860241428, 0.0 ], [ -99.296559639262497, 19.573616561495037, 0.0 ], [ -99.296483001221432, 19.573643467211717, 0.0 ], [ -99.296402361970181, 19.573689507875869, 0.0 ], [ -99.296325709880904, 19.573708762186577, 0.0 ], [ -99.296257081154138, 19.573701223521542, 0.0 ], [ -99.296109820670395, 19.573733983547111, 0.0 ], [ -99.295908197630439, 19.573835694882526, 0.0 ], [ -99.295515020285904, 19.574027623347412, 0.0 ], [ -99.295377902057837, 19.574089058778608, 0.0 ], [ -99.29528310081767, 19.574115993723133, 0.0 ], [ -99.295168073401811, 19.574118094778314, 0.0 ], [ -99.295071170454406, 19.574099124871925, 0.0 ], [ -99.294954030984087, 19.574049582543328, 0.0 ], [ -99.294838843564023, 19.573963692972111, 0.0 ], [ -99.294731627738173, 19.573822317918648, 0.0 ], [ -99.294658768149446, 19.573707666466415, 0.0 ], [ -99.294595939965745, 19.573560480307879, 0.0 ], [ -99.294557370535003, 19.573436208614606, 0.0 ], [ -99.294544984019268, 19.573283201555761, 0.0 ], [ -99.2945587873037, 19.573105284806918, 0.0 ], [ -99.29458672401158, 19.57293117066186, 0.0 ], [ -99.29467529313942, 19.572806691368974, 0.0 ], [ -99.294752496478225, 19.572702267609891, 0.0 ], [ -99.294901628239003, 19.572589166311396, 0.0 ], [ -99.295056848802673, 19.572495183345385, 0.0 ], [ -99.295207977323827, 19.572370601483939, 0.0 ], [ -99.295312616997649, 19.5722059259231, 0.0 ], [ -99.295481409041997, 19.57180777863816, 0.0 ], [ -99.295651132560835, 19.571450385150445, 0.0 ] ] ] } },
{ "type": "Feature", "properties": { "NOMBRE": "AV. FRESNOS" }, "geometry": { "type": "MultiLineString", "coordinates": [ [ [ -99.296874349716646, 19.575606641833691, 0.0 ], [ -99.296765458899145, 19.575550236278158, 0.0 ], [ -99.296695747667187, 19.575503008136106, 0.0 ], [ -99.296645660461564, 19.575427055097162, 0.0 ], [ -99.296640977951682, 19.575349592764709, 0.0 ], [ -99.29664532438548, 19.575243422981515, 0.0 ], [ -99.296663348119054, 19.575167357943226, 0.0 ], [ -99.296773547463303, 19.575007932751454, 0.0 ], [ -99.297108682277809, 19.574528214669147, 0.0 ], [ -99.297179551696047, 19.574381765661716, 0.0 ], [ -99.297202047396524, 19.574268392811931, 0.0 ], [ -99.29720484042376, 19.574140706110661, 0.0 ], [ -99.297184874766018, 19.573982929657138, 0.0 ], [ -99.297139244347846, 19.57386106122604, 0.0 ], [ -99.297017888649137, 19.57371349410532, 0.0 ], [ -99.296893550722018, 19.573590320523202, 0.0 ], [ -99.296782992600413, 19.573553202016193, 0.0 ], [ -99.296595256161098, 19.573523383476012, 0.0 ], [ -99.296521086534185, 19.573520636120264, 0.0 ], [ -99.296465082237546, 19.573519293518263, 0.0 ], [ -99.29638783828166, 19.573490727809421, 0.0 ], [ -99.296300046645939, 19.573488002738312, 0.0 ], [ -99.296233494642564, 19.573512500735038, 0.0 ], [ -99.296173025687153, 19.573552769658374, 0.0 ], [ -99.296109545306237, 19.57360165128711, 0.0 ], [ -99.295897848611446, 19.573712465135952, 0.0 ], [ -99.295447254668275, 19.573958525356026, 0.0 ], [ -99.295324752775116, 19.574011807239213, 0.0 ], [ -99.295224891552181, 19.574030620861823, 0.0 ], [ -99.295127997357596, 19.574016433072838, 0.0 ], [ -99.295002288035263, 19.573970730473818, 0.0 ], [ -99.294928032084698, 19.573920639796242, 0.0 ], [ -99.294800590169203, 19.573754430912391, 0.0 ], [ -99.294715554267739, 19.573602498978698, 0.0 ], [ -99.294677464914258, 19.573464836641996, 0.0 ], [ -99.294646831285647, 19.573265472997399, 0.0 ], [ -99.294658692006664, 19.573129163706426, 0.0 ], [ -99.294708334182133, 19.572961230830558, 0.0 ], [ -99.294759625453395, 19.572867896047121, 0.0 ], [ -99.294868382061253, 19.572747209363715, 0.0 ], [ -99.294978699046283, 19.57265234341881, 0.0 ], [ -99.295098099813089, 19.572558897181967, 0.0 ], [ -99.295234099840343, 19.572438165722378, 0.0 ], [ -99.295303529700973, 19.572331889427851, 0.0 ], [ -99.295416630115824, 19.572103597993038, 0.0 ], [ -99.295651955725504, 19.571671388679412, 0.0 ], [ -99.295704840711522, 19.571622524571744, 0.0 ], [ -99.295774366760796, 19.571569329279999, 0.0 ], [ -99.295952844984512, 19.571511716840131, 0.0 ] ] ] } },
{ "type": "Feature", "properties": { "NOMBRE": "AV. ENCINOS" }, "geometry": { "type": "MultiLineString", "coordinates": [ [ [ -99.300693729738271, 19.583775354876998, 0.0 ], [ -99.300598826913429, 19.583614117373664, 0.0 ], [ -99.300551397750581, 19.583545453801936, 0.0 ], [ -99.300459866098024, 19.58347284424352, 0.0 ] ] ] } },
{ "type": "Feature", "properties": { "NOMBRE": "AV. ENCINOS" }, "geometry": { "type": "MultiLineString", "coordinates": [ [ [ -99.300515094730955, 19.585802778761519, 0.0 ], [ -99.300478919238444, 19.585799839831768, 0.0 ], [ -99.300443831796073, 19.585790991793019, 0.0 ], [ -99.300410898521534, 19.585776503489338, 0.0 ], [ -99.300381120078285, 19.58575681514187, 0.0 ], [ -99.300355401270679, 19.585732524972812, 0.0 ], [ -99.300334523551768, 19.585704371028505, 0.0 ], [ -99.300319121279173, 19.585673208754073, 0.0 ], [ -99.30030966244064, 19.585639985000896, 0.0 ], [ -99.300306434434788, 19.585605709256889, 0.0 ], [ -99.300309535339025, 19.585571422973569, 0.0 ], [ -99.300318870930028, 19.585538167922035, 0.0 ], [ -99.300334157547127, 19.585506954539323, 0.0 ], [ -99.300354930711549, 19.585478731226903, 0.0 ], [ -99.300380559239798, 19.585454355534122, 0.0 ], [ -99.300410264421956, 19.585434568102212, 0.0 ], [ -99.300443143682358, 19.585419970160526, 0.0 ], [ -99.300478198003859, 19.585411005258667, 0.0 ], [ -99.300514362282016, 19.585407945789679, 0.0 ], [ -99.300550537687442, 19.585410884713596, 0.0 ], [ -99.30058562505269, 19.585419732732969, 0.0 ], [ -99.300618558269406, 19.585434221006068, 0.0 ], [ -99.30064833668105, 19.585453909315429, 0.0 ], [ -99.300674055487107, 19.585478199443465, 0.0 ], [ -99.300694933234723, 19.585506353348766, 0.0 ], [ -99.300710335562798, 19.585537515590936, 0.0 ], [ -99.300719794476905, 19.585570739322467, 0.0 ], [ -99.300723022569301, 19.585605015058054, 0.0 ], [ -99.300719921752147, 19.585639301347207, 0.0 ], [ -99.300710586238253, 19.585672556418125, 0.0 ], [ -99.30069529967902, 19.585703769831412, 0.0 ], [ -99.300674526546189, 19.58573199318193, 0.0 ], [ -99.300648898019475, 19.585756368915742, 0.0 ], [ -99.300619192808625, 19.58577615638665, 0.0 ], [ -99.30058631349273, 19.585790754360609, 0.0 ], [ -99.30055125909567, 19.585799719284115, 0.0 ], [ -99.300515094730955, 19.585802778761519, 0.0 ] ] ] } },
{ "type": "Feature", "properties": { "NOMBRE": "AV. ENCINOS" }, "geometry": { "type": "MultiLineString", "coordinates": [ [ [ -99.300706410806526, 19.585528105718303, 0.0 ], [ -99.300898592329389, 19.585412880534353, 0.0 ], [ -99.300996166872508, 19.585314087016361, 0.0 ], [ -99.301109419779422, 19.585167446328832, 0.0 ], [ -99.301172194740175, 19.585008934640022, 0.0 ], [ -99.301190754369202, 19.5848146310705, 0.0 ], [ -99.301165182157987, 19.584629367624665, 0.0 ], [ -99.301032298004415, 19.584393473571893, 0.0 ], [ -99.300924736243132, 19.584208346915588, 0.0 ], [ -99.300693729738271, 19.583775354876998, 0.0 ], [ -99.300684030879211, 19.583646852245725, 0.0 ], [ -99.300730290893668, 19.583464742178567, 0.0 ] ] ] } },
{ "type": "Feature", "properties": { "NOMBRE": "DURAZNOS" }, "geometry": { "type": "MultiLineString", "coordinates": [ [ [ -99.300429685487913, 19.585425149292671, 0.0 ], [ -99.300342727678441, 19.585298654313249, 0.0 ], [ -99.300230886597873, 19.585186580877128, 0.0 ], [ -99.30009752088705, 19.585098812316744, 0.0 ], [ -99.299944033319804, 19.585043595365256, 0.0 ], [ -99.29973411354203, 19.585030554514081, 0.0 ], [ -99.299425414104675, 19.585078888261641, 0.0 ], [ -99.298852433204829, 19.585185044765144, 0.0 ], [ -99.298551791982831, 19.585225712317193, 0.0 ], [ -99.298220778642147, 19.585212870133287, 0.0 ], [ -99.297954323869689, 19.585186530825052, 0.0 ], [ -99.297679761136976, 19.585141076124795, 0.0 ], [ -99.297316280921805, 19.585032643958581, 0.0 ], [ -99.296879962973776, 19.584824863383385, 0.0 ], [ -99.296461687567572, 19.584550102733939, 0.0 ], [ -99.295982797309264, 19.584237183809162, 0.0 ], [ -99.295469567957397, 19.583907104293949, 0.0 ], [ -99.294982580817774, 19.58357889320197, 0.0 ], [ -99.294618836530958, 19.583368597282508, 0.0 ], [ -99.294246524393259, 19.583255630273825, 0.0 ], [ -99.293899310127003, 19.583070890129843, 0.0 ], [ -99.293482396342796, 19.58270693406412, 0.0 ], [ -99.293318050205272, 19.582503962246815, 0.0 ], [ -99.293387176558497, 19.582366364495833, 0.0 ], [ -99.293586136939894, 19.582084482133222, 0.0 ] ] ] } },
{ "type": "Feature", "properties": { "NOMBRE": "PRIMAVERAS" }, "geometry": { "type": "MultiLineString", "coordinates": [ [ [ -99.300378915859284, 19.583885226063526, 0.0 ], [ -99.298581698263945, 19.584022706839534, 0.0 ], [ -99.298247465454878, 19.584041192730798, 0.0 ], [ -99.297957353404414, 19.584044661067924, 0.0 ], [ -99.297679734324902, 19.583982354501291, 0.0 ], [ -99.297360977980162, 19.583842406275913, 0.0 ], [ -99.297067356577131, 19.583651606307672, 0.0 ], [ -99.296802177056819, 19.58349363595887, 0.0 ], [ -99.29647709366067, 19.583341741314594, 0.0 ], [ -99.295811287023653, 19.583106718535024, 0.0 ] ] ] } },
{ "type": "Feature", "properties": { "NOMBRE": "PLATANARES" }, "geometry": { "type": "MultiLineString", "coordinates": [ [ [ -99.298713636664687, 19.58311631431501, 0.0 ], [ -99.298461143496226, 19.583219275195223, 0.0 ], [ -99.298323021924517, 19.583835437654873, 0.0 ], [ -99.298426708187392, 19.584031279174503, 0.0 ] ] ] } },
{ "type": "Feature", "properties": { "NOMBRE": "PLATANARES" }, "geometry": { "type": "MultiLineString", "coordinates": [ [ [ -99.298461143496226, 19.583219275195223, 0.0 ], [ -99.298366171909379, 19.583156308665284, 0.0 ], [ -99.298315586645884, 19.583085617319945, 0.0 ], [ -99.298251023784502, 19.582971521165263, 0.0 ] ] ] } },
{ "type": "Feature", "properties": { "NOMBRE": "PLATANARES" }, "geometry": { "type": "MultiLineString", "coordinates": [ [ [ -99.298323021924517, 19.583835437654873, 0.0 ], [ -99.298172100069422, 19.584042093781225, 0.0 ] ] ] } },
{ "type": "Feature", "properties": { "NOMBRE": "CARRIZOS" }, "geometry": { "type": "MultiLineString", "coordinates": [ [ [ -99.30331604391948, 19.586763043757429, 0.0 ], [ -99.302918601919785, 19.586709913278792, 0.0 ], [ -99.302210761963835, 19.586607090399934, 0.0 ], [ -99.301646689005636, 19.586486091455267, 0.0 ], [ -99.301328622906368, 19.586382612685018, 0.0 ], [ -99.301059598406923, 19.586196560369103, 0.0 ], [ -99.300690017545321, 19.585712004436743, 0.0 ] ] ] } },
{ "type": "Feature", "properties": { "NOMBRE": "CAPULINES" }, "geometry": { "type": "MultiLineString", "coordinates": [ [ [ -99.304401863078169, 19.584369649731414, 0.0 ], [ -99.304500405956702, 19.584451974486857, 0.0 ], [ -99.304530908374858, 19.584573866360103, 0.0 ], [ -99.304531279182029, 19.584771127074585, 0.0 ], [ -99.304467272066404, 19.584943390495013, 0.0 ], [ -99.304369112994394, 19.58506549955764, 0.0 ], [ -99.304263466276595, 19.5852306600361, 0.0 ], [ -99.304199425026127, 19.585384990567604, 0.0 ], [ -99.304177124063798, 19.585600222359488, 0.0 ], [ -99.304185493847072, 19.586027010008639, 0.0 ], [ -99.304007966909111, 19.586203051269923, 0.0 ], [ -99.303524302882508, 19.586584042341975, 0.0 ], [ -99.30331604391948, 19.586763043757429, 0.0 ], [ -99.303173036882029, 19.586939703599455, 0.0 ], [ -99.303108967090054, 19.587079687505614, 0.0 ], [ -99.303071460506288, 19.587259079006834, 0.0 ], [ -99.302984973668316, 19.587553323013569, 0.0 ], [ -99.302909631287449, 19.587736364613036, 0.0 ], [ -99.302781376550882, 19.587955360723473, 0.0 ], [ -99.302709945350003, 19.588206540478073, 0.0 ], [ -99.302616210531369, 19.588672951759435, 0.0 ], [ -99.302522173732598, 19.588977967893442, 0.0 ], [ -99.302390119856469, 19.589189796949981, 0.0 ], [ -99.302269164077956, 19.589265317698832, 0.0 ] ] ] } },
{ "type": "Feature", "properties": { "NOMBRE": "CEDRALES" }, "geometry": { "type": "MultiLineString", "coordinates": [ [ [ -99.303008551189691, 19.587473108091139, 0.0 ], [ -99.302184656594449, 19.58680172547518, 0.0 ], [ -99.302085342982508, 19.586580187019948, 0.0 ] ] ] } },
{ "type": "Feature", "properties": { "NOMBRE": "CACAHUATES" }, "geometry": { "type": "MultiLineString", "coordinates": [ [ [ -99.304785458874136, 19.582194822943666, 0.0 ], [ -99.30465549728855, 19.583514900460042, 0.0 ], [ -99.304580987975783, 19.584139089512316, 0.0 ], [ -99.304513095885852, 19.584257560968759, 0.0 ], [ -99.304401863078169, 19.584369649731414, 0.0 ], [ -99.304255976112387, 19.58436559202476, 0.0 ], [ -99.303991005036153, 19.584323000007803, 0.0 ], [ -99.303843315698415, 19.584265863766316, 0.0 ], [ -99.303752307927013, 19.58416559310297, 0.0 ], [ -99.303714244617737, 19.584047300387933, 0.0 ], [ -99.303713854649558, 19.583839279965485, 0.0 ], [ -99.303762449920868, 19.583519993356632, 0.0 ], [ -99.30372050850859, 19.583351495176707, 0.0 ], [ -99.303584105316702, 19.583258473992849, 0.0 ], [ -99.303334232411316, 19.583194336143627, 0.0 ], [ -99.302399193163723, 19.583002231483789, 0.0 ], [ -99.302233252487824, 19.582964850636099, 0.0 ] ] ] } },
{ "type": "Feature", "properties": { "NOMBRE": "ALISOS" }, "geometry": { "type": "MultiLineString", "coordinates": [ [ [ -99.301580939137949, 19.581792786099243, 0.0 ], [ -99.30179354866641, 19.581718356700055, 0.0 ], [ -99.301992068365649, 19.581640315373878, 0.0 ], [ -99.302124371998204, 19.581565373566338, 0.0 ], [ -99.30225361688683, 19.58154124655362, 0.0 ], [ -99.302373496349801, 19.581567944913836, 0.0 ], [ -99.302461897615771, 19.581624584078902, 0.0 ], [ -99.302657827329853, 19.581848416134687, 0.0 ], [ -99.30272749267337, 19.582003717315796, 0.0 ], [ -99.302734084295665, 19.582156135533488, 0.0 ], [ -99.302712395696005, 19.582362399782696, 0.0 ], [ -99.302618167183098, 19.582562808131438, 0.0 ], [ -99.302530100190751, 19.582685497053252, 0.0 ], [ -99.302233252487824, 19.582964850636099, 0.0 ], [ -99.302133543485041, 19.583101606276784, 0.0 ], [ -99.302010910625157, 19.583290106649279, 0.0 ], [ -99.301922870630321, 19.58342773927529, 0.0 ], [ -99.301718303443778, 19.583646264683356, 0.0 ], [ -99.301560837137515, 19.58375711398255, 0.0 ], [ -99.30138749773775, 19.583811202298072, 0.0 ], [ -99.301239302438589, 19.583820416314264, 0.0 ], [ -99.301132057484111, 19.58380565136563, 0.0 ] ] ] } },
{ "type": "Feature", "properties": { "NOMBRE": "AV. RANCHO VIEJO" }, "geometry": { "type": "MultiLineString", "coordinates": [ [ [ -99.303161888512491, 19.571635806306215, 0.0 ], [ -99.30326019706277, 19.571597384311094, 0.0 ], [ -99.303406273223132, 19.571472804143951, 0.0 ], [ -99.303645603359712, 19.57130502805855, 0.0 ], [ -99.303832125054043, 19.571225809440779, 0.0 ], [ -99.304003627779736, 19.57120878324006, 0.0 ], [ -99.30416506714289, 19.571206120140825, 0.0 ], [ -99.304283515275259, 19.571146144192436, 0.0 ], [ -99.304427081147466, 19.571028740590116, 0.0 ], [ -99.304497524139478, 19.570928197629332, 0.0 ], [ -99.304704198446316, 19.570834597808886, 0.0 ], [ -99.30490336331043, 19.570772094094178, 0.0 ], [ -99.305107496628054, 19.570668933908024, 0.0 ], [ -99.305205497850366, 19.570601818779078, 0.0 ], [ -99.305327869557487, 19.57048253747103, 0.0 ], [ -99.305705575574066, 19.5701232404809, 0.0 ], [ -99.305945749709124, 19.569870338554047, 0.0 ], [ -99.306146644690202, 19.569656237963052, 0.0 ], [ -99.306353520031593, 19.569403391983265, 0.0 ], [ -99.306456192567822, 19.56927266631341, 0.0 ], [ -99.306581491732828, 19.569101732502638, 0.0 ], [ -99.306676626169462, 19.568986800445337, 0.0 ], [ -99.30676114687536, 19.568861843968261, 0.0 ], [ -99.306932821156423, 19.56840390503184, 0.0 ], [ -99.307020175521572, 19.568177084862352, 0.0 ], [ -99.307048519241263, 19.567958972836344, 0.0 ], [ -99.307002486654426, 19.567627651537038, 0.0 ], [ -99.307014396389476, 19.567522903259629, 0.0 ], [ -99.307059508036275, 19.567367886430933, 0.0 ], [ -99.307122757125171, 19.567199927051963, 0.0 ], [ -99.307231394676776, 19.567023282608332, 0.0 ], [ -99.307346243677245, 19.566929836087677, 0.0 ], [ -99.307480569402088, 19.56673162829064, 0.0 ], [ -99.307779587695009, 19.566386807311979, 0.0 ], [ -99.307942690524158, 19.566200027140074, 0.0 ], [ -99.30849097349774, 19.565613761606791, 0.0 ], [ -99.308602826568972, 19.565537534979374, 0.0 ], [ -99.308716162976012, 19.565445524810251, 0.0 ], [ -99.308980620468802, 19.565234181602342, 0.0 ], [ -99.309388597645665, 19.564886302160009, 0.0 ], [ -99.309731663596679, 19.564627480294593, 0.0 ], [ -99.309902486025806, 19.564522459058985, 0.0 ], [ -99.310368311694987, 19.564352372280549, 0.0 ], [ -99.310986933524902, 19.564149024621848, 0.0 ], [ -99.311130666313076, 19.564124388212058, 0.0 ], [ -99.311352994774325, 19.564045100177243, 0.0 ], [ -99.311623687817459, 19.563931297249415, 0.0 ], [ -99.311962445053737, 19.563795856842241, 0.0 ], [ -99.312398046861773, 19.563651640442373, 0.0 ], [ -99.312805099596204, 19.563615069753698, 0.0 ], [ -99.313041180589266, 19.563604618079044, 0.0 ], [ -99.313248483570817, 19.563582738995841, 0.0 ], [ -99.31351932699566, 19.563547837652226, 0.0 ], [ -99.314478781969427, 19.563504564382665, 0.0 ], [ -99.314631613870191, 19.563489951755656, 0.0 ], [ -99.314934153161587, 19.563410519508817, 0.0 ], [ -99.315043131498157, 19.563440982607261, 0.0 ], [ -99.315099578337964, 19.563412191478271, 0.0 ], [ -99.315240767845609, 19.563377513837349, 0.0 ], [ -99.315438515638547, 19.563371429864013, 0.0 ], [ -99.315688878991608, 19.563441767270511, 0.0 ], [ -99.31615947503164, 19.563653268890061, 0.0 ], [ -99.316278575216501, 19.563674101487198, 0.0 ], [ -99.316397630652943, 19.563671980003779, 0.0 ], [ -99.316496555090396, 19.563694760659814, 0.0 ], [ -99.316666145238358, 19.563736545704977, 0.0 ], [ -99.316825600866764, 19.563755394298944, 0.0 ], [ -99.316821393082321, 19.563667411047469, 0.0 ], [ -99.316657856823198, 19.563625615527457, 0.0 ], [ -99.316482224138554, 19.563589579586928, 0.0 ], [ -99.316332888307841, 19.5635860156729, 0.0 ], [ -99.316215832237319, 19.563578569410137, 0.0 ], [ -99.316001784101502, 19.563504343490525, 0.0 ], [ -99.315803823884309, 19.563401396566672, 0.0 ], [ -99.315603905521385, 19.563329058288154, 0.0 ], [ -99.315482780281485, 19.563304403099735, 0.0 ], [ -99.315327376004774, 19.563293197595165, 0.0 ], [ -99.315246676695267, 19.563302902748873, 0.0 ], [ -99.315119553428602, 19.563306950394658, 0.0 ], [ -99.315054964240673, 19.563299411776107, 0.0 ], [ -99.31501257248091, 19.563291834398594, 0.0 ], [ -99.314970214156119, 19.563301472515324, 0.0 ], [ -99.314917825510733, 19.563341733565849, 0.0 ], [ -99.314845249926478, 19.563378204131887, 0.0 ], [ -99.314700020719357, 19.563410975666997, 0.0 ], [ -99.314427653217223, 19.563440142910725, 0.0 ], [ -99.313703257428102, 19.563466270199374, 0.0 ], [ -99.313162491151502, 19.563490163260806, 0.0 ], [ -99.312676201985184, 19.563510134666302, 0.0 ], [ -99.312498677606442, 19.563539134693908, 0.0 ], [ -99.312254649145743, 19.563614157777213, 0.0 ], [ -99.311740416956653, 19.563794853617914, 0.0 ], [ -99.311538724392918, 19.563848761372391, 0.0 ], [ -99.311355174933951, 19.563893073405289, 0.0 ], [ -99.310972064084567, 19.564050586765177, 0.0 ], [ -99.310496173937622, 19.564233125867048, 0.0 ], [ -99.310046479647937, 19.564396490321464, 0.0 ], [ -99.309788359513036, 19.564490662704738, 0.0 ], [ -99.30955457148039, 19.564646003899043, 0.0 ], [ -99.308827164106361, 19.565213450803178, 0.0 ], [ -99.308605525629375, 19.565391724079841, 0.0 ], [ -99.308295277485968, 19.565665790497089, 0.0 ], [ -99.307964990142196, 19.566014491366456, 0.0 ], [ -99.307393101302267, 19.566658180740095, 0.0 ], [ -99.30722096263672, 19.566913758360837, 0.0 ], [ -99.307112726398458, 19.567035886159555, 0.0 ], [ -99.307035982721587, 19.567137636389582, 0.0 ], [ -99.306968162742038, 19.567289583474675, 0.0 ], [ -99.306930626224727, 19.567448652186354, 0.0 ], [ -99.30692460735213, 19.567600494139434, 0.0 ], [ -99.306929899013824, 19.567730797399388, 0.0 ], [ -99.306913864775609, 19.567922108714473, 0.0 ], [ -99.306889035653001, 19.568131367858985, 0.0 ], [ -99.306808767695202, 19.568370609383404, 0.0 ], [ -99.306610350288011, 19.568826441699716, 0.0 ], [ -99.306487246098499, 19.569090861873409, 0.0 ], [ -99.306356418058428, 19.569272803837301, 0.0 ], [ -99.306139929718924, 19.569511080723291, 0.0 ], [ -99.305935969964125, 19.569705101681809, 0.0 ], [ -99.305716939857561, 19.569933818171187, 0.0 ], [ -99.305501715475899, 19.570174483204543, 0.0 ], [ -99.305414883644687, 19.570278640867951, 0.0 ], [ -99.305214703630185, 19.570471459094168, 0.0 ], [ -99.305113983931875, 19.570568466951787, 0.0 ], [ -99.305011942111037, 19.570633197810942, 0.0 ], [ -99.304918686419896, 19.570675198790227, 0.0 ], [ -99.304709485395449, 19.570766412070512, 0.0 ], [ -99.304549413312103, 19.570825263024215, 0.0 ], [ -99.304454875905094, 19.570856506202819, 0.0 ], [ -99.304331230335848, 19.570835195319997, 0.0 ], [ -99.304231569251058, 19.570824603643587, 0.0 ], [ -99.304139498267546, 19.570825954370964, 0.0 ], [ -99.304041161251988, 19.570848835061572, 0.0 ], [ -99.303970626107485, 19.570900361472496, 0.0 ], [ -99.303927854724193, 19.570960209772768, 0.0 ], [ -99.303911460056256, 19.571028561646475, 0.0 ], [ -99.303890387549316, 19.571091003546801, 0.0 ], [ -99.303840518864547, 19.571132691796382, 0.0 ], [ -99.303684004999226, 19.571206121403176, 0.0 ], [ -99.303563009410908, 19.571252950469805, 0.0 ], [ -99.303426069255238, 19.571271830979182, 0.0 ], [ -99.302803317120052, 19.57117436578794, 0.0 ], [ -99.302190163458206, 19.571083338200427, 0.0 ], [ -99.30206275419944, 19.571072791792648, 0.0 ], [ -99.30189765796284, 19.571143604069736, 0.0 ] ] ] } },
{ "type": "Feature", "properties": { "NOMBRE": "HACIENDA DE LA CAÑADA" }, "geometry": { "type": "MultiLineString", "coordinates": [ [ [ -99.316825600866764, 19.563755394298944, 0.0 ], [ -99.317077236328487, 19.563695758029287, 0.0 ], [ -99.317260746495137, 19.563632311868609, 0.0 ], [ -99.317363493582178, 19.56354605345669, 0.0 ], [ -99.317451998855944, 19.563400521996719, 0.0 ], [ -99.317484050143463, 19.563279956712556, 0.0 ], [ -99.317475783662289, 19.563180503574713, 0.0 ], [ -99.317425114155313, 19.56306773512469, 0.0 ], [ -99.317384635494548, 19.563006595420738, 0.0 ], [ -99.317358289948999, 19.562949256540278, 0.0 ], [ -99.317331873317926, 19.562855573819615, 0.0 ], [ -99.317345852952073, 19.562780948482075, 0.0 ], [ -99.317381992482325, 19.562687155782115, 0.0 ], [ -99.317442399641749, 19.562620100161919, 0.0 ], [ -99.317531095327098, 19.562572123164678, 0.0 ], [ -99.317605691615867, 19.562537560812068, 0.0 ], [ -99.317647978401794, 19.562491578245044, 0.0 ], [ -99.317714663731422, 19.562367445091297, 0.0 ], [ -99.317727067407745, 19.562261021529824, 0.0 ], [ -99.317707809736959, 19.562087704287141, 0.0 ], [ -99.317684875495587, 19.561969029006395, 0.0 ], [ -99.317669567758387, 19.561880587085994, 0.0 ], [ -99.317707249389827, 19.561801616114355, 0.0 ], [ -99.317739895533677, 19.56172743609817, 0.0 ], [ -99.317749858709178, 19.561662860204102, 0.0 ], [ -99.317767365679174, 19.561586315778776, 0.0 ], [ -99.317797470609861, 19.561502576023145, 0.0 ], [ -99.317855345386491, 19.561430742620892, 0.0 ], [ -99.317918302408728, 19.561378028652655, 0.0 ], [ -99.318014069380155, 19.561334821069053, 0.0 ], [ -99.318140114508935, 19.561296342179247, 0.0 ], [ -99.318271194997905, 19.561253072224044, 0.0 ], [ -99.318464671797329, 19.561192859118751, 0.0 ], [ -99.318608273945102, 19.56110365866547, 0.0 ], [ -99.318832000779921, 19.56096984307322, 0.0 ], [ -99.318977025691481, 19.560834731651273, 0.0 ], [ -99.319064678064919, 19.560770018400035, 0.0 ], [ -99.319149385348666, 19.560746914587952, 0.0 ], [ -99.319246248093066, 19.560748177954036, 0.0 ], [ -99.31931596217639, 19.560796832084517, 0.0 ], [ -99.319402414502164, 19.560891364737696, 0.0 ], [ -99.319494898078034, 19.56097440963266, 0.0 ], [ -99.319607076243017, 19.561067462022574, 0.0 ], [ -99.319775263130481, 19.561166153658444, 0.0 ], [ -99.319913056910835, 19.561201775276366, 0.0 ], [ -99.320073509899785, 19.561215837165044, 0.0 ], [ -99.320218777531579, 19.561204102507684, 0.0 ], [ -99.320330723957866, 19.561179515192833, 0.0 ], [ -99.320388240349857, 19.561182282385399, 0.0 ], [ -99.320436701608074, 19.561197977302353, 0.0 ], [ -99.32049418115993, 19.561182094337109, 0.0 ], [ -99.320495637910668, 19.561153399151852, 0.0 ], [ -99.320484964469273, 19.561113248461599, 0.0 ], [ -99.320465238740425, 19.561087460139593, 0.0 ], [ -99.320419832728831, 19.561086106106728, 0.0 ], [ -99.320382016581675, 19.561096215632716, 0.0 ], [ -99.320326098648422, 19.561136484500842, 0.0 ], [ -99.320235326249872, 19.561153861103517, 0.0 ], [ -99.320158166297475, 19.561166909630128, 0.0 ], [ -99.319988607241399, 19.561139952286954, 0.0 ], [ -99.319761356545243, 19.561021280656789, 0.0 ], [ -99.319499229297278, 19.56086823933996, 0.0 ], [ -99.319406723182396, 19.560773717444341, 0.0 ], [ -99.319343003518327, 19.560694925512333, 0.0 ], [ -99.319258163588486, 19.560650602031604, 0.0 ], [ -99.319153725258005, 19.560645048173331, 0.0 ], [ -99.319061470602037, 19.560678207737325, 0.0 ], [ -99.318775876693863, 19.560905383827421, 0.0 ], [ -99.318592978943585, 19.561021911738518, 0.0 ], [ -99.318236128201121, 19.5611860889931, 0.0 ], [ -99.318054627854053, 19.561243794062165, 0.0 ], [ -99.317929079727094, 19.561278446336409, 0.0 ], [ -99.317835358797481, 19.561335996574986, 0.0 ], [ -99.317776461030988, 19.561400658620997, 0.0 ], [ -99.317716091923444, 19.56148684269051, 0.0 ], [ -99.31768455124346, 19.56161027639509, 0.0 ], [ -99.317653016135665, 19.561736579343595, 0.0 ], [ -99.317607868385124, 19.561867210126334, 0.0 ], [ -99.317553743791834, 19.562050938003203, 0.0 ], [ -99.317494977636343, 19.562183027341149, 0.0 ], [ -99.317437722030121, 19.562313679372842, 0.0 ], [ -99.317373070301599, 19.562531856824137, 0.0 ], [ -99.317293107048755, 19.562659679469458, 0.0 ], [ -99.317237308454239, 19.56276163627269, 0.0 ], [ -99.317219332169259, 19.562856353446577, 0.0 ], [ -99.317231669900693, 19.562973971427503, 0.0 ], [ -99.317271238678074, 19.56308580302613, 0.0 ], [ -99.317322915186338, 19.563197613330161, 0.0 ], [ -99.317341225464489, 19.563273616529724, 0.0 ], [ -99.317350471837301, 19.56335824344151, 0.0 ], [ -99.31733549441276, 19.563438609049111, 0.0 ], [ -99.317287234833188, 19.563526206308907, 0.0 ], [ -99.317232859617022, 19.563582252445308, 0.0 ], [ -99.317157267820477, 19.563623989545469, 0.0 ], [ -99.317075591278751, 19.56364995637345, 0.0 ], [ -99.316931868296066, 19.563678901375109, 0.0 ], [ -99.316821393082321, 19.563667411047469, 0.0 ] ] ] } },
{ "type": "Feature", "properties": { "NOMBRE": "HACIENDA DEL PEDREGAL" }, "geometry": { "type": "MultiLineString", "coordinates": [ [ [ -99.320046509656564, 19.561149157920269, 0.0 ], [ -99.31987631565697, 19.560831753651819, 0.0 ], [ -99.319746459688389, 19.560536091233477, 0.0 ], [ -99.319619668851985, 19.560195591086028, 0.0 ], [ -99.319527508298521, 19.559828130224897, 0.0 ], [ -99.319441883631569, 19.559577221446581, 0.0 ], [ -99.319321523678511, 19.559299474737198, 0.0 ], [ -99.319239323120641, 19.559186045199326, 0.0 ], [ -99.319173063880058, 19.559162251841371, 0.0 ], [ -99.319043732642939, 19.559196194248745, 0.0 ], [ -99.318817886197024, 19.559276932514461, 0.0 ], [ -99.31858598207252, 19.559355768348638, 0.0 ], [ -99.318297580303181, 19.559436616343273, 0.0 ], [ -99.318128136810188, 19.559467520447193, 0.0 ], [ -99.318019241491399, 19.559504056269954, 0.0 ], [ -99.317894229158412, 19.559554010291638, 0.0 ], [ -99.317658400735283, 19.559690237072147, 0.0 ], [ -99.317394351197649, 19.559841815889097, 0.0 ], [ -99.317190681261323, 19.559912948942149, 0.0 ], [ -99.317029327357801, 19.559953402012255, 0.0 ], [ -99.316853818140117, 19.559978577057318, 0.0 ], [ -99.316244455277499, 19.560002599592394, 0.0 ], [ -99.316022552650566, 19.56003741929668, 0.0 ], [ -99.315820888580305, 19.560102808779408, 0.0 ], [ -99.315605121313197, 19.560179699738825, 0.0 ], [ -99.315459950918523, 19.560241164370304, 0.0 ], [ -99.315365157515075, 19.560266196915691, 0.0 ], [ -99.315296548581827, 19.560266316751793, 0.0 ], [ -99.315157104699821, 19.560159441140783, 0.0 ] ] ] } },
{ "type": "Feature", "properties": { "NOMBRE": "HACIENDA DE BONASTEY" }, "geometry": { "type": "MultiLineString", "coordinates": [ [ [ -99.311970969101893, 19.570781812274671, 0.0 ], [ -99.311595625735407, 19.57039511084254, 0.0 ], [ -99.31150058237148, 19.570162147639675, 0.0 ], [ -99.311340704911743, 19.569663889774134, 0.0 ], [ -99.311249762859148, 19.569595901742261, 0.0 ], [ -99.310045732535613, 19.569189104876212, 0.0 ], [ -99.309844997510069, 19.569107675733935, 0.0 ], [ -99.309640571527126, 19.569054945295559, 0.0 ], [ -99.30946490519176, 19.569003599938789, 0.0 ], [ -99.309121085716086, 19.568872203239167, 0.0 ], [ -99.308391056455008, 19.568602307141365, 0.0 ], [ -99.307530919531644, 19.56835988778256, 0.0 ], [ -99.307367357219135, 19.568305650476567, 0.0 ], [ -99.307284095219231, 19.568295749851625, 0.0 ], [ -99.307005925200173, 19.568214086611448, 0.0 ] ] ] } },
{ "type": "Feature", "properties": { "NOMBRE": "HACIENDA CASBONCUA" }, "geometry": { "type": "MultiLineString", "coordinates": [ [ [ -99.311289755549808, 19.564067652943258, 0.0 ], [ -99.311590740875957, 19.56505030605102, 0.0 ], [ -99.311599950410539, 19.565084437342243, 0.0 ], [ -99.311651764285656, 19.565138146521782, 0.0 ], [ -99.311711097334992, 19.565166736670871, 0.0 ], [ -99.311800656310936, 19.565172559609362, 0.0 ], [ -99.312133614703839, 19.565168397553421, 0.0 ], [ -99.312187875301376, 19.565182650014194, 0.0 ], [ -99.312244702106355, 19.56521961299735, 0.0 ], [ -99.312275061464277, 19.565266185956659, 0.0 ], [ -99.312291588712412, 19.565334302295902, 0.0 ], [ -99.31228414562392, 19.56539887353156, 0.0 ], [ -99.312247694138478, 19.56546349495229, 0.0 ], [ -99.312050138108162, 19.5657017461108, 0.0 ], [ -99.312018701507526, 19.56575081698826, 0.0 ], [ -99.312004963608118, 19.565821376718397, 0.0 ], [ -99.312010130463079, 19.565884730617263, 0.0 ], [ -99.312067268051692, 19.566083088999616, 0.0 ], [ -99.312243669103765, 19.566648267247675, 0.0 ], [ -99.312392171952339, 19.567134588920993, 0.0 ], [ -99.312936900938382, 19.568953442100948, 0.0 ] ] ] } },
{ "type": "Feature", "properties": { "NOMBRE": "CLUB DE GOLF" }, "geometry": { "type": "MultiLineString", "coordinates": [ [ [ -99.296618325265698, 19.567335829870498, 0.0 ], [ -99.296811735655311, 19.56716192148739, 0.0 ], [ -99.296935674472991, 19.567069901204643, 0.0 ], [ -99.297082349780311, 19.566996493623044, 0.0 ], [ -99.297307779403909, 19.566951648838842, 0.0 ], [ -99.297439332623256, 19.566885439036483, 0.0 ], [ -99.298574227888182, 19.566760186844032, 0.0 ], [ -99.299144738864186, 19.566717637839815, 0.0 ], [ -99.29979720099773, 19.566795459953692, 0.0 ], [ -99.300423923657959, 19.566867584022759, 0.0 ], [ -99.300707123000308, 19.566961798055704, 0.0 ], [ -99.301199614370489, 19.567286638079814, 0.0 ], [ -99.301449675215011, 19.567465549458827, 0.0 ], [ -99.301581483252207, 19.567537060802451, 0.0 ], [ -99.301723845883387, 19.567587034938956, 0.0 ], [ -99.301966057057314, 19.567613887833424, 0.0 ], [ -99.302689506025743, 19.567609806682817, 0.0 ], [ -99.303658139637761, 19.567603875638948, 0.0 ], [ -99.304030474693633, 19.56761042194514, 0.0 ], [ -99.304310426884115, 19.56758556140236, 0.0 ], [ -99.304641697898191, 19.567486013015714, 0.0 ], [ -99.305671748578618, 19.567142829310907, 0.0 ], [ -99.306520267671331, 19.566848725595371, 0.0 ], [ -99.306694129671911, 19.566748006098965, 0.0 ], [ -99.306922235550559, 19.566519512081946, 0.0 ], [ -99.307286198752564, 19.56610284992324, 0.0 ], [ -99.307851446472228, 19.565466225794893, 0.0 ], [ -99.308259286708264, 19.565044704738789, 0.0 ], [ -99.308591783244694, 19.564797858324788, 0.0 ], [ -99.308876429525114, 19.564591741060827, 0.0 ], [ -99.308982574274907, 19.564465670552575, 0.0 ], [ -99.309046890308508, 19.564329748741557, 0.0 ], [ -99.309058797599789, 19.564224522103657, 0.0 ], [ -99.309024164259498, 19.5640524257139, 0.0 ], [ -99.308916888222896, 19.563882366489061, 0.0 ], [ -99.308394858915349, 19.563148728120431, 0.0 ], [ -99.307903161524067, 19.562445641856343, 0.0 ], [ -99.307791888165639, 19.562294717139327, 0.0 ], [ -99.307674764397063, 19.562250921447017, 0.0 ], [ -99.307450729994187, 19.562228349051253, 0.0 ], [ -99.30716630972249, 19.562286218485248, 0.0 ], [ -99.307055413740173, 19.562334228189552, 0.0 ], [ -99.306910165698469, 19.562357429292561, 0.0 ], [ -99.306823506556128, 19.562416874696979, 0.0 ], [ -99.306813543502471, 19.562483841087385, 0.0 ], [ -99.306870176075066, 19.562552607121177, 0.0 ], [ -99.306926725445663, 19.562577377921464, 0.0 ], [ -99.307009395822448, 19.562542806192305, 0.0 ], [ -99.307049682196606, 19.562504480840321, 0.0 ], [ -99.307132280070022, 19.562431652347183, 0.0 ], [ -99.307261362898657, 19.562397001531593, 0.0 ], [ -99.30745708836595, 19.562389016912803, 0.0 ], [ -99.307685184267143, 19.562424972265546, 0.0 ], [ -99.307828613970983, 19.562506979921576, 0.0 ], [ -99.307996487928619, 19.562709454764967, 0.0 ], [ -99.308561174815495, 19.563592223055839, 0.0 ], [ -99.308840296953719, 19.56393031857613, 0.0 ], [ -99.308909202581162, 19.564085140788187, 0.0 ], [ -99.308917558597784, 19.564234328082922, 0.0 ], [ -99.308891543697584, 19.56434914305979, 0.0 ], [ -99.308821144496534, 19.564469772497358, 0.0 ], [ -99.308682167152099, 19.564607734766675, 0.0 ], [ -99.3083577293757, 19.564847394425595, 0.0 ], [ -99.308178406454473, 19.564993076594202, 0.0 ], [ -99.307966948220042, 19.565219152735946, 0.0 ], [ -99.307650717951603, 19.565531485083362, 0.0 ], [ -99.307183619805485, 19.566098481539829, 0.0 ], [ -99.306829174839763, 19.566479739759881, 0.0 ], [ -99.306655942500413, 19.5666464513214, 0.0 ], [ -99.306442302954665, 19.566788364399684, 0.0 ], [ -99.306176090441042, 19.566874894038971, 0.0 ], [ -99.305482329361141, 19.567103697679425, 0.0 ], [ -99.304834965898777, 19.567324768945966, 0.0 ], [ -99.304387285940805, 19.567493854533836, 0.0 ], [ -99.304193593647128, 19.567513309512279, 0.0 ], [ -99.303612419769166, 19.567520026659889, 0.0 ], [ -99.302585263686225, 19.567525577369093, 0.0 ], [ -99.301840588670018, 19.567509608765217, 0.0 ], [ -99.301650793242459, 19.567454453691482, 0.0 ], [ -99.301454858594099, 19.567353400479121, 0.0 ], [ -99.300937593699189, 19.567000388059888, 0.0 ], [ -99.300721423329833, 19.566868762310172, 0.0 ], [ -99.300547776516609, 19.566815491993463, 0.0 ], [ -99.30020661865035, 19.566752936005688, 0.0 ], [ -99.299774661975803, 19.566696268729032, 0.0 ], [ -99.299372993126596, 19.566649114387179, 0.0 ], [ -99.299094471384862, 19.566628534900378, 0.0 ], [ -99.298142133833494, 19.566714275616803, 0.0 ], [ -99.297657910232573, 19.566766721588721, 0.0 ], [ -99.297514667749638, 19.566786086190017, 0.0 ], [ -99.297462175336506, 19.566772782818362, 0.0 ], [ -99.297387453427007, 19.566742300482613, 0.0 ], [ -99.297260232159175, 19.566694689011921, 0.0 ], [ -99.297157258422885, 19.566664253108549, 0.0 ], [ -99.297100740605217, 19.566656694784545, 0.0 ], [ -99.297026106405326, 19.566674033204951, 0.0 ], [ -99.296977720112992, 19.566698979775381, 0.0 ], [ -99.29693540529928, 19.566733480554493, 0.0 ], [ -99.296929508929921, 19.566819568148034, 0.0 ], [ -99.29692158405183, 19.566899920551702, 0.0 ], [ -99.296748339970506, 19.56704541410269, 0.0 ], [ -99.296641226790229, 19.567096400053007, 0.0 ], [ -99.296513292993737, 19.567098876799413, 0.0 ], [ -99.29639603617079, 19.567120588875881, 0.0 ], [ -99.296264907756779, 19.567143519173865, 0.0 ], [ -99.296141231087418, 19.567103074255634, 0.0 ], [ -99.296041540030416, 19.567074545173352, 0.0 ] ] ] } },
{ "type": "Feature", "properties": { "NOMBRE": "JARAL" }, "geometry": { "type": "MultiLineString", "coordinates": [ [ [ -99.305054075134052, 19.567249944604519, 0.0 ], [ -99.304842143847523, 19.567072248873057, 0.0 ], [ -99.304198216706453, 19.566705113446723, 0.0 ], [ -99.303923211512341, 19.566676884128732, 0.0 ], [ -99.3027830728971, 19.566693146747784, 0.0 ], [ -99.301678190990742, 19.566678259565737, 0.0 ], [ -99.301314970162622, 19.566688430527083, 0.0 ], [ -99.301113188682251, 19.566698331491285, 0.0 ], [ -99.301035049173379, 19.566729545513837, 0.0 ], [ -99.300967048414734, 19.566787044166958, 0.0 ], [ -99.30092428584878, 19.56685167387182, 0.0 ], [ -99.300852379683008, 19.566948501455538, 0.0 ] ] ] } },
{ "type": "Feature", "properties": { "NOMBRE": "VALLE DE LOS MAPLES" }, "geometry": { "type": "MultiLineString", "coordinates": [ [ [ -99.302478960336572, 19.565845550612647, 0.0 ], [ -99.30093515986853, 19.565824220690828, 0.0 ], [ -99.300647650665795, 19.565853392455242, 0.0 ], [ -99.300032705791551, 19.566146124108773, 0.0 ], [ -99.299594164906708, 19.566347700967476, 0.0 ], [ -99.299481264446229, 19.566451301347293, 0.0 ], [ -99.299437258889228, 19.566526094742496, 0.0 ], [ -99.299424404502318, 19.566655149931844, 0.0 ] ] ] } },
{ "type": "Feature", "properties": { "NOMBRE": "RET. DE LOS PÁJAROS" }, "geometry": { "type": "MultiLineString", "coordinates": [ [ [ -99.303126717354544, 19.566688245857613, 0.0 ], [ -99.302936622303278, 19.566340208971912, 0.0 ], [ -99.302478960336572, 19.565845550612647, 0.0 ], [ -99.302320982037429, 19.565582082264868, 0.0 ], [ -99.301431000557358, 19.564469340404155, 0.0 ], [ -99.301259836118348, 19.564257420253419, 0.0 ] ] ] } },
{ "type": "Feature", "properties": { "NOMBRE": "PERAS" }, "geometry": { "type": "MultiLineString", "coordinates": [ [ [ -99.301218598677011, 19.564293952624659, 0.0 ], [ -99.300704729730796, 19.564678573355923, 0.0 ], [ -99.300663295323133, 19.564779066583299, 0.0 ], [ -99.300697694335071, 19.564965511370943, 0.0 ], [ -99.300982774294098, 19.565824878753105, 0.0 ] ] ] } },
{ "type": "Feature", "properties": { "NOMBRE": "AV. PRADO LARGO" }, "geometry": { "type": "MultiLineString", "coordinates": [ [ [ -99.299201740789528, 19.560575076408572, 0.0 ], [ -99.299523284451567, 19.560541068464126, 0.0 ], [ -99.299703556197684, 19.560497730315365, 0.0 ], [ -99.299814411194291, 19.560427010164293, 0.0 ], [ -99.299858365240809, 19.56032531737846, 0.0 ], [ -99.299870767255342, 19.560211721723501, 0.0 ], [ -99.299874254706779, 19.560051515323966, 0.0 ], [ -99.29988287532332, 19.559939121472993, 0.0 ], [ -99.299953265602596, 19.559811083153757, 0.0 ], [ -99.30016382137245, 19.559503881286485, 0.0 ], [ -99.300306812768724, 19.559352528884983, 0.0 ], [ -99.300647391428399, 19.559110943819185, 0.0 ], [ -99.300945678430693, 19.558915336852319, 0.0 ], [ -99.301119139354654, 19.558872965081825, 0.0 ], [ -99.301252320435538, 19.558872742908896, 0.0 ], [ -99.30146834184859, 19.558929767625862, 0.0 ], [ -99.30225173442652, 19.559169476053896, 0.0 ], [ -99.302415259095866, 19.559209371919913, 0.0 ], [ -99.302617066846267, 19.55921859798627, 0.0 ], [ -99.302954045290321, 19.559212294315227, 0.0 ], [ -99.303329349472193, 19.55919827425744, 0.0 ], [ -99.303730832540822, 19.559155516739658, 0.0 ], [ -99.303966837028327, 19.559107298482619, 0.0 ], [ -99.304305653650516, 19.559005347063014, 0.0 ], [ -99.304777392169981, 19.558765446003232, 0.0 ], [ -99.305025236984221, 19.558575656025383, 0.0 ], [ -99.305238705138436, 19.558347666977166, 0.0 ], [ -99.305524578812381, 19.557993307549339, 0.0 ], [ -99.305756101887638, 19.557709814899354, 0.0 ], [ -99.306199013821583, 19.557167729813013, 0.0 ], [ -99.306611727107267, 19.556663951782848, 0.0 ], [ -99.306943889876749, 19.5562483005315, 0.0 ], [ -99.30706270116805, 19.556119938049861, 0.0 ], [ -99.307147310066213, 19.556045193274358, 0.0 ], [ -99.307296446868691, 19.555947384540083, 0.0 ], [ -99.307469852136421, 19.555878227005024, 0.0 ], [ -99.307919518375741, 19.555711043428172, 0.0 ], [ -99.308695893808448, 19.555447658366258, 0.0 ], [ -99.309375471983458, 19.555216954183955, 0.0 ], [ -99.309865491284867, 19.555049696653295, 0.0 ], [ -99.310391827087997, 19.55488046253835, 0.0 ], [ -99.310865734535938, 19.554730445589655, 0.0 ], [ -99.311184326110748, 19.554611300605121, 0.0 ], [ -99.31143836105538, 19.554499917783282, 0.0 ], [ -99.311895910456428, 19.554238981488634, 0.0 ], [ -99.312308992440975, 19.553939864101654, 0.0 ], [ -99.31289335222904, 19.553518027164674, 0.0 ], [ -99.313175452934985, 19.553312864000976, 0.0 ], [ -99.313306360360301, 19.553182563634262, 0.0 ], [ -99.313408922043564, 19.553002578459235, 0.0 ], [ -99.313601509079035, 19.552420739942402, 0.0 ], [ -99.313699904936911, 19.552173812332331, 0.0 ], [ -99.313774412261708, 19.552095256341083, 0.0 ], [ -99.313861100343232, 19.552054936007238, 0.0 ], [ -99.313992206050244, 19.552027928311659, 0.0 ], [ -99.314091097132163, 19.552037320563954, 0.0 ], [ -99.314190069692316, 19.552088795161104, 0.0 ], [ -99.314246579436613, 19.55209443536906, 0.0 ], [ -99.314266716776672, 19.552073359057914, 0.0 ], [ -99.314262599674095, 19.552031283681536, 0.0 ], [ -99.314155563304297, 19.551983648836629, 0.0 ], [ -99.314016268000159, 19.551949459920163, 0.0 ], [ -99.313864973193034, 19.551970764192252, 0.0 ], [ -99.31375811078064, 19.552013032421215, 0.0 ], [ -99.313675510069046, 19.552080125406381, 0.0 ], [ -99.313603068562173, 19.552183544726979, 0.0 ], [ -99.313446588227023, 19.552654375713129, 0.0 ], [ -99.313348254488005, 19.552933821398543, 0.0 ], [ -99.313283931682776, 19.553062093456226, 0.0 ], [ -99.313201426227238, 19.553178919970087, 0.0 ], [ -99.313064446797924, 19.553299666574848, 0.0 ], [ -99.312510322522556, 19.553704236155468, 0.0 ], [ -99.311815105147815, 19.554191299969624, 0.0 ], [ -99.311549048396884, 19.554346699438913, 0.0 ], [ -99.311246659025812, 19.554496422618318, 0.0 ], [ -99.31062961774721, 19.554715549171618, 0.0 ], [ -99.309411607233727, 19.555119337287618, 0.0 ], [ -99.308112956368262, 19.555565337402356, 0.0 ], [ -99.307465649692489, 19.555790243386358, 0.0 ], [ -99.307296283852025, 19.555861306885546, 0.0 ], [ -99.307177346192077, 19.555922720232235, 0.0 ], [ -99.307056444879919, 19.556012829484683, 0.0 ], [ -99.30693355090186, 19.556116331944661, 0.0 ], [ -99.306806736784935, 19.556281051956308, 0.0 ], [ -99.306518890785554, 19.556656458032368, 0.0 ], [ -99.306216878650105, 19.557010846403802, 0.0 ], [ -99.305765928129276, 19.557570160736045, 0.0 ], [ -99.305425695322782, 19.55798964916448, 0.0 ], [ -99.305294856850381, 19.558162026294195, 0.0 ], [ -99.305131749885462, 19.558344022079943, 0.0 ], [ -99.305021007002992, 19.558472369666003, 0.0 ], [ -99.304904167133458, 19.558577773368594, 0.0 ], [ -99.304767123037365, 19.558669821203551, 0.0 ], [ -99.304478858856683, 19.55882716067374, 0.0 ], [ -99.304283295346352, 19.558919306824549, 0.0 ], [ -99.304053405863684, 19.559000033520306, 0.0 ], [ -99.303869874042888, 19.559051989266276, 0.0 ], [ -99.303492638246723, 19.559111921917438, 0.0 ], [ -99.302955934594777, 19.559143428802528, 0.0 ], [ -99.302473631948459, 19.559130847574401, 0.0 ], [ -99.302255620543988, 19.559089130144027, 0.0 ], [ -99.301569151303028, 19.558883691034747, 0.0 ], [ -99.301318804394157, 19.558815246669216, 0.0 ], [ -99.301171469692477, 19.558800189755782, 0.0 ], [ -99.301008055746095, 19.558819590707465, 0.0 ], [ -99.3008205192384, 19.558888765628943, 0.0 ], [ -99.300637128246493, 19.559017231593366, 0.0 ], [ -99.300264330630483, 19.559295214247918, 0.0 ], [ -99.30015350889424, 19.55938338931167, 0.0 ], [ -99.300036750073318, 19.559534697999585, 0.0 ], [ -99.299841593234788, 19.559848728501112, 0.0 ], [ -99.299777228742187, 19.559961693132362, 0.0 ], [ -99.299743058594913, 19.560034437906197, 0.0 ], [ -99.299686663129009, 19.560091916823591, 0.0 ], [ -99.299537355402762, 19.560101728826126, 0.0 ], [ -99.299470739629484, 19.560088449438091, 0.0 ] ] ] } },
{ "type": "Feature", "properties": { "NOMBRE": "CTO. VALLE DORADO" }, "geometry": { "type": "MultiLineString", "coordinates": [ [ [ -99.313725065469853, 19.551256532556305, 0.0 ], [ -99.31114824047728, 19.549105454718095, 0.0 ], [ -99.311189264210427, 19.550769558013428, 0.0 ], [ -99.311233907371914, 19.552347576805843, 0.0 ], [ -99.311256355032143, 19.552873330857661, 0.0 ], [ -99.311243922506009, 19.55296660338173, 0.0 ], [ -99.311201172216059, 19.553033626560662, 0.0 ], [ -99.311130621837194, 19.553072004982358, 0.0 ] ] ] } },
{ "type": "Feature", "properties": { "NOMBRE": "CTO. VALLE DORADO" }, "geometry": { "type": "MultiLineString", "coordinates": [ [ [ -99.313256483146731, 19.550865377232036, 0.0 ], [ -99.311233907371914, 19.552347576805843, 0.0 ] ] ] } },
{ "type": "Feature", "properties": { "NOMBRE": "CTO. VALLE ESCONDIDO" }, "geometry": { "type": "MultiLineString", "coordinates": [ [ [ -99.311130621837194, 19.553072004982358, 0.0 ], [ -99.30791129258229, 19.553154982928195, 0.0 ], [ -99.306322134442567, 19.553204111817315, 0.0 ], [ -99.305335320602836, 19.55322072708595, 0.0 ], [ -99.304263407527202, 19.553252424456183, 0.0 ], [ -99.303945109506444, 19.55332768092466, 0.0 ], [ -99.303592230429913, 19.553456793710371, 0.0 ], [ -99.303293049912, 19.553639614369644, 0.0 ], [ -99.303101026964498, 19.55380133298004, 0.0 ], [ -99.302905979081672, 19.554031799291149, 0.0 ], [ -99.302761410042606, 19.554280113678171, 0.0 ], [ -99.302623285663003, 19.554603137611021, 0.0 ], [ -99.302526064653108, 19.55488126063393, 0.0 ], [ -99.302413290538269, 19.555272984745848, 0.0 ], [ -99.302287676011787, 19.555542188724054, 0.0 ], [ -99.302187128432934, 19.555727663752684, 0.0 ], [ -99.301957356081274, 19.555937265414158, 0.0 ], [ -99.301749508979057, 19.556069120873097, 0.0 ], [ -99.301333586181357, 19.556210289912439, 0.0 ], [ -99.301049852056977, 19.5562257072853, 0.0 ], [ -99.300400291750975, 19.556193912099779, 0.0 ], [ -99.29964667463085, 19.556156309647729, 0.0 ], [ -99.299340980313872, 19.55623153715138, 0.0 ], [ -99.299073203284095, 19.556351533621719, 0.0 ], [ -99.298868533705061, 19.556498324622076, 0.0 ], [ -99.298739561315742, 19.556659934260995, 0.0 ], [ -99.298576236526586, 19.557000929734095, 0.0 ], [ -99.298532436520816, 19.557186308908971, 0.0 ], [ -99.298545939169045, 19.557670475174728, 0.0 ], [ -99.298597502826624, 19.558277120016776, 0.0 ], [ -99.29862949444923, 19.558528127827998, 0.0 ], [ -99.298683265264401, 19.558620692241867, 0.0 ], [ -99.298929526331108, 19.558799613756182, 0.0 ], [ -99.299665192932238, 19.559354314303437, 0.0 ], [ -99.299742452509264, 19.559417449355507, 0.0 ] ] ] } },
{ "type": "Feature", "properties": { "NOMBRE": "RESIDENCIAL CHILUCA" }, "geometry": { "type": "MultiLineString", "coordinates": [ [ [ -99.296034117953212, 19.555025500842998, 0.0 ], [ -99.29602363439659, 19.554809366579565, 0.0 ], [ -99.296087814549153, 19.554595022746778, 0.0 ], [ -99.296262766214738, 19.554265726501345, 0.0 ], [ -99.29646795674077, 19.553921077682592, 0.0 ], [ -99.296580672303847, 19.55376595216768, 0.0 ], [ -99.296731789390037, 19.553645194693999, 0.0 ], [ -99.296981783393761, 19.553526187359729, 0.0 ], [ -99.297306345547213, 19.553357322967866, 0.0 ], [ -99.297671242470216, 19.553176914447654, 0.0 ], [ -99.298161113548645, 19.552925523644547, 0.0 ], [ -99.298566319173517, 19.552720179791915, 0.0 ], [ -99.298927202265602, 19.552553165303113, 0.0 ], [ -99.299090578461986, 19.552516550751033, 0.0 ], [ -99.29929034934942, 19.552520045480328, 0.0 ], [ -99.299611390519587, 19.552632370985837, 0.0 ], [ -99.299835484920877, 19.55269512293906, 0.0 ], [ -99.300035312614057, 19.552729222260897, 0.0 ], [ -99.300285515085505, 19.552724980713968, 0.0 ], [ -99.300721342686941, 19.552712778436639, 0.0 ], [ -99.300929138989346, 19.552691391007397, 0.0 ], [ -99.301046083745589, 19.552643374987863, 0.0 ], [ -99.301158680227388, 19.55256284778817, 0.0 ], [ -99.301228937084034, 19.552501041379493, 0.0 ], [ -99.301284008339678, 19.55241128492742, 0.0 ], [ -99.30130683915371, 19.552236938880966, 0.0 ], [ -99.301309341172583, 19.551954311921975, 0.0 ], [ -99.301298366820234, 19.551749177645856, 0.0 ], [ -99.30130906367198, 19.551567080898863, 0.0 ], [ -99.301330826171878, 19.551469489510914, 0.0 ], [ -99.301371494883256, 19.551366128037717, 0.0 ], [ -99.301447624692258, 19.551207473978398, 0.0 ], [ -99.301570478895812, 19.550946882889278, 0.0 ], [ -99.301804370772373, 19.550472211293908, 0.0 ], [ -99.301886118932757, 19.550351326341421, 0.0 ], [ -99.301959130339739, 19.550279472608267, 0.0 ], [ -99.302103987525157, 19.550187174709432, 0.0 ], [ -99.302227476804489, 19.550133169349653, 0.0 ], [ -99.302398928500352, 19.550100603113901, 0.0 ], [ -99.302764576359891, 19.550059342590668, 0.0 ], [ -99.30336095451905, 19.549989001268173, 0.0 ], [ -99.303886727622526, 19.549928341013207, 0.0 ], [ -99.304459150320312, 19.549861622962105, 0.0 ], [ -99.304967264718002, 19.549799793808521, 0.0 ], [ -99.305102156672973, 19.54977445990993, 0.0 ], [ -99.305239498868247, 19.54971086487966, 0.0 ], [ -99.305336474116842, 19.549641360352435, 0.0 ], [ -99.305422083530132, 19.549563506298675, 0.0 ], [ -99.305523981542251, 19.549429434843972, 0.0 ], [ -99.305586791743536, 19.549299016051638, 0.0 ], [ -99.305649324955155, 19.549021547776999, 0.0 ], [ -99.305765695899211, 19.548537162013407, 0.0 ], [ -99.305858226909947, 19.54811737503826, 0.0 ], [ -99.305980825488433, 19.547592330604232, 0.0 ], [ -99.306138431778564, 19.546907025972423, 0.0 ], [ -99.306306073584977, 19.546194207002092, 0.0 ], [ -99.306409883999009, 19.545738534694934, 0.0 ], [ -99.306423525744663, 19.545616567673243, 0.0 ], [ -99.306413285924052, 19.545536484648032, 0.0 ], [ -99.30639286948707, 19.545409793278495, 0.0 ], [ -99.306356083880459, 19.5452962804764, 0.0 ], [ -99.306291514024608, 19.545161295264709, 0.0 ], [ -99.306204262941861, 19.545035912699486, 0.0 ], [ -99.305940221743427, 19.544783625350565, 0.0 ], [ -99.305750739084246, 19.54461322468061, 0.0 ], [ -99.305254156246619, 19.544140296409356, 0.0 ], [ -99.304857970131323, 19.543760309085158, 0.0 ], [ -99.304087966499338, 19.543090197835333, 0.0 ], [ -99.303501872191376, 19.542576627729481, 0.0 ], [ -99.30281270125694, 19.541967586111763, 0.0 ], [ -99.302646851828385, 19.541753625186391, 0.0 ], [ -99.302567805822903, 19.541562472916802, 0.0 ], [ -99.302472372750984, 19.54123936161924, 0.0 ], [ -99.302387284874385, 19.541053957909021, 0.0 ], [ -99.302302314699816, 19.540931677899856, 0.0 ], [ -99.302090092645074, 19.540735009619738, 0.0 ], [ -99.301217001193493, 19.539950287100094, 0.0 ], [ -99.301017029495725, 19.539830110974254, 0.0 ], [ -99.300835341019166, 19.539776853836678, 0.0 ], [ -99.300145093436541, 19.539665143716775, 0.0 ], [ -99.299430610214955, 19.539540081178071, 0.0 ], [ -99.298486059274964, 19.53938479042597, 0.0 ], [ -99.298385708741563, 19.539386319067845, 0.0 ], [ -99.298286924524817, 19.539430477660527, 0.0 ], [ -99.298216464689958, 19.539516672103979, 0.0 ], [ -99.298182382295693, 19.539635324903152, 0.0 ], [ -99.298233030953412, 19.539748099323923, 0.0 ], [ -99.298352378493902, 19.539914320039696, 0.0 ], [ -99.298797294853742, 19.540474049155453, 0.0 ], [ -99.298946933192994, 19.54065360928967, 0.0 ], [ -99.299058007145348, 19.540708898053936, 0.0 ], [ -99.299284172990923, 19.540809904482607, 0.0 ], [ -99.299479922348624, 19.540828708612025, 0.0 ], [ -99.299992371944214, 19.540806817196781, 0.0 ], [ -99.30011343219185, 19.540806616159248, 0.0 ], [ -99.300238594971816, 19.540842752318262, 0.0 ], [ -99.300327478629413, 19.540899990013127, 0.0 ], [ -99.300412344696682, 19.540966798578175, 0.0 ], [ -99.300485179119576, 19.54107379689885, 0.0 ], [ -99.300558858736352, 19.541305814270913, 0.0 ], [ -99.300644311479871, 19.541485001500323, 0.0 ], [ -99.300780173231729, 19.541646171834287, 0.0 ], [ -99.301001189498251, 19.5418251331546, 0.0 ], [ -99.301143390412506, 19.542004225578928, 0.0 ], [ -99.301247937428087, 19.542279023003179, 0.0 ], [ -99.301467626230789, 19.542958081728695, 0.0 ], [ -99.301558966130102, 19.543250594797207, 0.0 ], [ -99.301635912374181, 19.543397755516565, 0.0 ], [ -99.301726936482183, 19.543520025686071, 0.0 ], [ -99.302044345849581, 19.543858069086156, 0.0 ], [ -99.302729693501234, 19.544578064920792, 0.0 ], [ -99.30279638161926, 19.544633425689735, 0.0 ], [ -99.302907473864281, 19.544696363369045, 0.0 ], [ -99.303060916878394, 19.544747752861824, 0.0 ], [ -99.303250671799077, 19.544795255580716, 0.0 ], [ -99.303466657192061, 19.544842714038037, 0.0 ], [ -99.303567550359773, 19.544846370218568, 0.0 ], [ -99.303692641863819, 19.544842334282006, 0.0 ], [ -99.303837965561868, 19.544800266348009, 0.0 ], [ -99.303989178143425, 19.544737844477101, 0.0 ], [ -99.304084399601422, 19.544675875393889, 0.0 ], [ -99.304292870449061, 19.544481848737522, 0.0 ], [ -99.304403205898225, 19.544409931142077, 0.0 ], [ -99.304811752728099, 19.5443877227735, 0.0 ], [ -99.305005488343213, 19.544406046036936, 0.0 ], [ -99.305534075966492, 19.544644736751842, 0.0 ], [ -99.305691587578622, 19.544713332729788, 0.0 ], [ -99.30582646483721, 19.544816398105695, 0.0 ], [ -99.306094768782927, 19.54505552758668, 0.0 ], [ -99.306173681801397, 19.545173033850137, 0.0 ], [ -99.306245044701143, 19.545299160679626, 0.0 ], [ -99.30628766592875, 19.545431074746951, 0.0 ], [ -99.306309057768843, 19.545540070656521, 0.0 ], [ -99.30631082549381, 19.545674923248743, 0.0 ], [ -99.306247862350986, 19.545990649458606, 0.0 ], [ -99.306138254386454, 19.54644848344336, 0.0 ], [ -99.306048191726219, 19.546838856445287, 0.0 ], [ -99.305956658595008, 19.547252186020629, 0.0 ], [ -99.305899636619998, 19.547509082025844, 0.0 ], [ -99.30572998840077, 19.54822955532789, 0.0 ], [ -99.305615905102158, 19.548723262330682, 0.0 ], [ -99.30550183193138, 19.549222707759395, 0.0 ], [ -99.305450618952591, 19.54935047675033, 0.0 ], [ -99.305376681605836, 19.549465372447468, 0.0 ], [ -99.30530266050566, 19.549535794619896, 0.0 ], [ -99.305199896777737, 19.549612003866379, 0.0 ], [ -99.305101632509363, 19.549666685953131, 0.0 ], [ -99.30501391030171, 19.549694092149402, 0.0 ], [ -99.304623558651869, 19.549742093834588, 0.0 ], [ -99.303767201209013, 19.549845395103649, 0.0 ], [ -99.302777687612718, 19.549958958028352, 0.0 ], [ -99.302417590672277, 19.550001165703996, 0.0 ], [ -99.30222393410024, 19.550028747895972, 0.0 ], [ -99.302080276386548, 19.550087808204225, 0.0 ], [ -99.301974460071236, 19.550151109035237, 0.0 ], [ -99.301803724747643, 19.550297727048971, 0.0 ], [ -99.301729789709455, 19.550415490539901, 0.0 ], [ -99.301634771733191, 19.550589239923642, 0.0 ], [ -99.301395066447341, 19.551083154058926, 0.0 ], [ -99.301259389650667, 19.551366003238716, 0.0 ], [ -99.301226292954382, 19.551472221325326, 0.0 ], [ -99.3012097366029, 19.551521026478895, 0.0 ], [ -99.301154338840576, 19.551842476768574, 0.0 ], [ -99.30110922296312, 19.551996057776392, 0.0 ], [ -99.301039893263265, 19.552149679135329, 0.0 ], [ -99.300928125507525, 19.552268939983954, 0.0 ], [ -99.300790585250311, 19.552363854922543, 0.0 ], [ -99.300665135777649, 19.552450141827634, 0.0 ], [ -99.300526012777908, 19.552507758732162, 0.0 ], [ -99.300321833667155, 19.552575526162308, 0.0 ], [ -99.300185649592848, 19.552585795014956, 0.0 ], [ -99.299987399054174, 19.552586124441081, 0.0 ], [ -99.299772414071384, 19.552539138522491, 0.0 ], [ -99.299514965051046, 19.552443445237017, 0.0 ], [ -99.299395338023032, 19.552404908491329, 0.0 ], [ -99.299292402997551, 19.552390732774473, 0.0 ], [ -99.299079048150361, 19.55240686720137, 0.0 ], [ -99.298905125208975, 19.552468844392433, 0.0 ], [ -99.298489298954181, 19.55265890379453, 0.0 ], [ -99.29765164264569, 19.553067722316523, 0.0 ], [ -99.297092203455279, 19.553345527827208, 0.0 ], [ -99.296582666935379, 19.553603164796769, 0.0 ], [ -99.296516157168341, 19.553646313026007, 0.0 ], [ -99.296458743332664, 19.553698054100764, 0.0 ], [ -99.296407417022024, 19.553768435403164, 0.0 ], [ -99.29622345574262, 19.554136003473392, 0.0 ], [ -99.296027444164977, 19.554535153044274, 0.0 ], [ -99.295970082193179, 19.554615586550415, 0.0 ], [ -99.295920226908251, 19.55466301116487, 0.0 ], [ -99.295852192685615, 19.554700423115403, 0.0 ], [ -99.295743268314467, 19.554722121044353, 0.0 ] ] ] } },
{ "type": "Feature", "properties": { "NOMBRE": "ISLAS DEL NORTE" }, "geometry": { "type": "MultiLineString", "coordinates": [ [ [ -99.301536878082388, 19.543179858644201, 0.0 ], [ -99.301568546427617, 19.542988255829535, 0.0 ], [ -99.301866575372088, 19.542670225608479, 0.0 ], [ -99.302360002048019, 19.542181624663833, 0.0 ], [ -99.302480910080263, 19.542099169883102, 0.0 ], [ -99.302672501152443, 19.542051027862968, 0.0 ], [ -99.302779413531184, 19.542037458803303, 0.0 ], [ -99.3029157543492, 19.542058657773275, 0.0 ] ] ] } },
{ "type": "Feature", "properties": { "NOMBRE": "ISLAS DEL NORTE" }, "geometry": { "type": "MultiLineString", "coordinates": [ [ [ -99.30261638851654, 19.541679957624044, 0.0 ], [ -99.302577203009946, 19.541800604587603, 0.0 ], [ -99.302490645755285, 19.541909781776987, 0.0 ], [ -99.302212742902952, 19.542199086661949, 0.0 ], [ -99.301944906177155, 19.54247689722024, 0.0 ], [ -99.301791838941043, 19.542626354994223, 0.0 ], [ -99.301691117766509, 19.542714514149388, 0.0 ], [ -99.301620558872074, 19.542747150348426, 0.0 ], [ -99.301519659933319, 19.542739667380548, 0.0 ], [ -99.301371153111177, 19.542659883792616, 0.0 ] ] ] } },
{ "type": "Feature", "properties": { "NOMBRE": "ISLAS CAROLINAS" }, "geometry": { "type": "MultiLineString", "coordinates": [ [ [ -99.305064484703408, 19.54443268673414, 0.0 ], [ -99.304942647714896, 19.544571015506712, 0.0 ], [ -99.304712302157853, 19.544800945656714, 0.0 ], [ -99.304420266311354, 19.545085973792364, 0.0 ], [ -99.304247727278067, 19.545208208367892, 0.0 ], [ -99.304065068006608, 19.545313722415258, 0.0 ], [ -99.303496710319976, 19.545522700131631, 0.0 ], [ -99.30271283761266, 19.545802573528082, 0.0 ], [ -99.30221445269629, 19.546003957916117, 0.0 ] ] ] } },
{ "type": "Feature", "properties": { "NOMBRE": "ISLAS CAROLINAS" }, "geometry": { "type": "MultiLineString", "coordinates": [ [ [ -99.30532749927464, 19.544551454591232, 0.0 ], [ -99.30509600321227, 19.544631489429847, 0.0 ], [ -99.305031039636219, 19.544688984499128, 0.0 ], [ -99.304580908548687, 19.54513161131344, 0.0 ], [ -99.304469102446461, 19.545226485642154, 0.0 ], [ -99.304346687015652, 19.545312769971229, 0.0 ], [ -99.304222739341427, 19.545389014359262, 0.0 ], [ -99.304071544162369, 19.545461000625881, 0.0 ], [ -99.303664754667196, 19.545615190744655, 0.0 ], [ -99.302896510775028, 19.545890495656085, 0.0 ], [ -99.302184205701479, 19.546138445704127, 0.0 ] ] ] } },
{ "type": "Feature", "properties": { "NOMBRE": "AV. DEL CLUB" }, "geometry": { "type": "MultiLineString", "coordinates": [ [ [ -99.300929138989346, 19.552691391007397, 0.0 ], [ -99.301145090130944, 19.552709959224163, 0.0 ], [ -99.301488097954504, 19.55269790985399, 0.0 ], [ -99.301661587661982, 19.552674666008169, 0.0 ], [ -99.301802724647885, 19.552615132022844, 0.0 ], [ -99.302101123027342, 19.55248647252937, 0.0 ], [ -99.302226113603666, 19.552425052380478, 0.0 ], [ -99.302460101688752, 19.552382578073814, 0.0 ], [ -99.302705572999315, 19.552324924926758, 0.0 ], [ -99.302869753826826, 19.552314607227899, 0.0 ], [ -99.303164935393553, 19.552354998996115, 0.0 ], [ -99.303399620221938, 19.552415576788679, 0.0 ], [ -99.303865180125868, 19.552522391530836, 0.0 ], [ -99.304212625726336, 19.552590668976308, 0.0 ], [ -99.304750860403061, 19.552714574579763, 0.0 ], [ -99.304884822712893, 19.552730129430728, 0.0 ], [ -99.305137566562721, 19.55273615840818, 0.0 ], [ -99.305430388911688, 19.552728490240177, 0.0 ], [ -99.305883618276454, 19.552715528760263, 0.0 ], [ -99.306038720427139, 19.552705940871931, 0.0 ], [ -99.306292807043079, 19.552621584089518, 0.0 ], [ -99.306542216462333, 19.552464785933854, 0.0 ], [ -99.306732659965874, 19.552337497569834, 0.0 ], [ -99.306870249554436, 19.552270553402543, 0.0 ], [ -99.307013196845006, 19.552235879261577, 0.0 ], [ -99.307205390676245, 19.552234117797791, 0.0 ], [ -99.307424933655696, 19.552289694886319, 0.0 ], [ -99.307777717720015, 19.552379475865536, 0.0 ], [ -99.30792909998118, 19.55240360656612, 0.0 ], [ -99.308207581390846, 19.552415325895971, 0.0 ], [ -99.308690350089847, 19.552418087928174, 0.0 ], [ -99.309182962458891, 19.55242441839868, 0.0 ], [ -99.309709621341256, 19.552428537191577, 0.0 ], [ -99.309930569168159, 19.552426723511484, 0.0 ], [ -99.310116617871572, 19.552376909305725, 0.0 ], [ -99.310269291650144, 19.552284830594278, 0.0 ], [ -99.310378066904619, 19.552187088675456, 0.0 ], [ -99.310464096394, 19.552065714359426, 0.0 ], [ -99.310519842177797, 19.551935784279461, 0.0 ], [ -99.310555042297452, 19.551745634947167, 0.0 ], [ -99.310543214515178, 19.551496029224417, 0.0 ], [ -99.310522610353203, 19.550745990898982, 0.0 ], [ -99.310507617354489, 19.550160208314011, 0.0 ], [ -99.310492704536756, 19.549616269009249, 0.0 ], [ -99.310476665654363, 19.549142867724598, 0.0 ], [ -99.310455527594712, 19.548640782516973, 0.0 ], [ -99.310457674819332, 19.548444712312076, 0.0 ], [ -99.310438408477751, 19.548261829710246, 0.0 ], [ -99.310405334097211, 19.548112445604026, 0.0 ], [ -99.310240125353815, 19.547450407120035, 0.0 ], [ -99.310102894898876, 19.546910264225836, 0.0 ], [ -99.309984702661723, 19.546433451491328, 0.0 ], [ -99.309719358661155, 19.545372489032975, 0.0 ], [ -99.30969099739184, 19.545313239465877, 0.0 ], [ -99.309585977211597, 19.545261772662005, 0.0 ], [ -99.309491125934812, 19.545252370962228, 0.0 ], [ -99.309446779750616, 19.545275401069333, 0.0 ], [ -99.309422665484988, 19.54532708918601, 0.0 ], [ -99.309406771567126, 19.545457189858965, 0.0 ], [ -99.309471532070305, 19.545558459704196, 0.0 ], [ -99.309570637821153, 19.54568262480807, 0.0 ], [ -99.309698101425909, 19.545864126581463, 0.0 ], [ -99.309754798642274, 19.545969235829361, 0.0 ], [ -99.30980349434833, 19.546110702828447, 0.0 ], [ -99.309923446307735, 19.546584882527309, 0.0 ], [ -99.310082039426803, 19.547217761870126, 0.0 ], [ -99.31022232048133, 19.547770333007961, 0.0 ], [ -99.310334160032781, 19.548221572121093, 0.0 ], [ -99.310356666259679, 19.548384125201011, 0.0 ], [ -99.310367310984176, 19.548674859207324, 0.0 ], [ -99.310380171032747, 19.549068882969848, 0.0 ], [ -99.310397556865752, 19.549719220008964, 0.0 ], [ -99.310423204262349, 19.550469010668671, 0.0 ], [ -99.310453476626336, 19.551526761104366, 0.0 ], [ -99.310452000346203, 19.551809864462705, 0.0 ], [ -99.310401869827842, 19.551974455157911, 0.0 ], [ -99.310283137337294, 19.552141076558478, 0.0 ], [ -99.310158197633939, 19.552227369122807, 0.0 ], [ -99.310037242262453, 19.552286874955129, 0.0 ], [ -99.309918246169289, 19.552315771851703, 0.0 ], [ -99.309821409452169, 19.55232550222275, 0.0 ], [ -99.309203940703156, 19.552316996250081, 0.0 ], [ -99.308039630358834, 19.552301770358476, 0.0 ], [ -99.307890283226882, 19.552286722286912, 0.0 ], [ -99.307716686110467, 19.552252586976032, 0.0 ], [ -99.307462318634663, 19.552187983526423, 0.0 ], [ -99.30722067913004, 19.552131583292141, 0.0 ], [ -99.307116747425297, 19.55212410868932, 0.0 ], [ -99.307033019160883, 19.552129989586227, 0.0 ], [ -99.30693618416683, 19.552140674830017, 0.0 ], [ -99.306858538250864, 19.552161848059093, 0.0 ], [ -99.306731517404728, 19.552215623466157, 0.0 ], [ -99.306512830530991, 19.552346068137954, 0.0 ], [ -99.306239747129425, 19.552521556626573, 0.0 ], [ -99.306185322054688, 19.552551297987687, 0.0 ], [ -99.306106683167869, 19.552581080376598, 0.0 ], [ -99.306046181152453, 19.552598398511719, 0.0 ], [ -99.305982637973358, 19.552608070404187, 0.0 ], [ -99.305651741302725, 19.552622020651718, 0.0 ], [ -99.305156390694677, 19.552635291831379, 0.0 ], [ -99.30500908826582, 19.552634584252583, 0.0 ], [ -99.304864783815546, 19.552618568741, 0.0 ], [ -99.304693199365175, 19.552581557857994, 0.0 ], [ -99.304157243280272, 19.552461952136813, 0.0 ], [ -99.30340933708176, 19.552299662029704, 0.0 ], [ -99.303262977725296, 19.552263563819768, 0.0 ], [ -99.303197377374673, 19.552252196900451, 0.0 ], [ -99.3031277396219, 19.552239880311724, 0.0 ], [ -99.303055084090701, 19.552232350870884, 0.0 ], [ -99.302918867482632, 19.552224928024362, 0.0 ], [ -99.302737285794265, 19.55223670957038, 0.0 ], [ -99.30238426485343, 19.552288947799344, 0.0 ], [ -99.301903146303331, 19.552359571549875, 0.0 ], [ -99.301766981200501, 19.552379883993595, 0.0 ], [ -99.301667110058091, 19.552385789379677, 0.0 ], [ -99.301594475848631, 19.552389736382452, 0.0 ], [ -99.301528880885613, 19.552381238114091, 0.0 ], [ -99.301449100828748, 19.552340245143743, 0.0 ], [ -99.301400595143008, 19.55229824352346, 0.0 ], [ -99.301361116361633, 19.552227534158735, 0.0 ], [ -99.301307954978057, 19.552110895869642, 0.0 ] ] ] } },
{ "type": "Feature", "properties": { "NOMBRE": "BOSQUE DE TZALAN" }, "geometry": { "type": "MultiLineString", "coordinates": [ [ [ -99.294761884958788, 19.554179011930156, 0.0 ], [ -99.294750785263119, 19.554153306025647, 0.0 ], [ -99.294730109450256, 19.554106709329584, 0.0 ], [ -99.294751189903224, 19.554047854937824, 0.0 ], [ -99.294801037529524, 19.55399612675226, 0.0 ], [ -99.29487663598249, 19.553957268210137, 0.0 ], [ -99.294964229279444, 19.553856700791833, 0.0 ], [ -99.295157756073024, 19.553754525584896, 0.0 ], [ -99.295425370018322, 19.553614928507766, 0.0 ], [ -99.295510019641895, 19.553560273923676, 0.0 ], [ -99.29557498753212, 19.553501347614006, 0.0 ], [ -99.295656469164257, 19.553369227922239, 0.0 ], [ -99.295709154817288, 19.553214201207069, 0.0 ], [ -99.295769391523351, 19.553050554305173, 0.0 ], [ -99.295825210920512, 19.552954342408668, 0.0 ], [ -99.295891605504394, 19.552848070730956, 0.0 ], [ -99.295992802161891, 19.552738872723367, 0.0 ], [ -99.296133350070107, 19.552631762087056, 0.0 ], [ -99.296271686675098, 19.552556934231951, 0.0 ], [ -99.296476629443703, 19.55249203937576, 0.0 ], [ -99.296618086885147, 19.552468852952497, 0.0 ], [ -99.296789085015149, 19.552462116163188, 0.0 ], [ -99.297020704257307, 19.552502622435455, 0.0 ], [ -99.297139571508751, 19.552539727375738, 0.0 ], [ -99.297220575832426, 19.552561113584126, 0.0 ], [ -99.29729399233652, 19.552571035177092, 0.0 ], [ -99.297358299755317, 19.552565190767691, 0.0 ], [ -99.297427122280766, 19.552545709878718, 0.0 ], [ -99.29750194564302, 19.552497526403386, 0.0 ], [ -99.297558545488755, 19.552414941714222, 0.0 ], [ -99.297574299001312, 19.55234031480158, 0.0 ], [ -99.297598216826032, 19.55217887908972, 0.0 ], [ -99.297632075354031, 19.552074095025418, 0.0 ], [ -99.297660716023501, 19.552012358568572, 0.0 ], [ -99.297702213629606, 19.551947014329322, 0.0 ], [ -99.297764116512525, 19.551868007416981, 0.0 ], [ -99.297847970892519, 19.551793268183559, 0.0 ], [ -99.2979356375523, 19.551734303594504, 0.0 ], [ -99.298096666277672, 19.551655850331379, 0.0 ], [ -99.298269034452872, 19.551571639663482, 0.0 ], [ -99.298371133078049, 19.551542778339478, 0.0 ], [ -99.298484624028902, 19.55153685227102, 0.0 ], [ -99.298582252473423, 19.551546016011674, 0.0 ], [ -99.298682947237509, 19.55157669413499, 0.0 ], [ -99.298774610773265, 19.551633927867012, 0.0 ], [ -99.298846610007629, 19.551696215309832, 0.0 ], [ -99.29888682223006, 19.551754968747698, 0.0 ], [ -99.298926310833195, 19.551831656294993, 0.0 ], [ -99.298946886478774, 19.551910527090886, 0.0 ], [ -99.298951552071827, 19.551978664468116, 0.0 ], [ -99.298943362053606, 19.552051127025962, 0.0 ], [ -99.298913242859342, 19.55213151636524, 0.0 ], [ -99.298879301928039, 19.55219110983596, 0.0 ], [ -99.298811327542438, 19.552260084733227, 0.0 ], [ -99.298719119523767, 19.552318339938559, 0.0 ], [ -99.298599635304228, 19.552357272643771, 0.0 ], [ -99.298260065046563, 19.552455388866139, 0.0 ], [ -99.298034370658598, 19.55256816103384, 0.0 ], [ -99.297898338058829, 19.55266103890321, 0.0 ], [ -99.297617438942567, 19.552843820075488, 0.0 ], [ -99.297529883000294, 19.552894774290642, 0.0 ], [ -99.297396285576085, 19.552940424413993, 0.0 ], [ -99.297171953918664, 19.553023285140803, 0.0 ], [ -99.297037106085725, 19.553074914698254, 0.0 ], [ -99.296882134597183, 19.553156465441596, 0.0 ], [ -99.296788298783312, 19.553221775960843, 0.0 ], [ -99.296669291421324, 19.553315222695208, 0.0 ], [ -99.296572913481427, 19.553369777526864, 0.0 ], [ -99.296469586087227, 19.553417170547924, 0.0 ], [ -99.296415789760076, 19.553308983861953, 0.0 ], [ -99.296304905326878, 19.553361769069642, 0.0 ], [ -99.29638083411993, 19.553504151420281, 0.0 ], [ -99.296597572470048, 19.55340624048608, 0.0 ], [ -99.296712464511657, 19.553338145755685, 0.0 ], [ -99.296819264159623, 19.553258587184178, 0.0 ], [ -99.29690995959723, 19.553200096322268, 0.0 ], [ -99.296992599423092, 19.553150226465569, 0.0 ], [ -99.297095427944598, 19.553106061894038, 0.0 ], [ -99.297233547302596, 19.553050362113115, 0.0 ], [ -99.297492672813775, 19.55296003172241, 0.0 ], [ -99.297608606393197, 19.552910106737215, 0.0 ], [ -99.297688217367408, 19.552859285133739, 0.0 ], [ -99.29779705685192, 19.552792156118247, 0.0 ], [ -99.297919989378087, 19.552707788185181, 0.0 ], [ -99.298051998444024, 19.5526214923445, 0.0 ], [ -99.298148746527346, 19.552562990876119, 0.0 ], [ -99.298213903204555, 19.552527475739019, 0.0 ], [ -99.2982781667328, 19.552497780290292, 0.0 ], [ -99.298371754923494, 19.552469829664254, 0.0 ], [ -99.298517029817305, 19.552431033808695, 0.0 ], [ -99.298688147443968, 19.55238651633908, 0.0 ], [ -99.298751475980566, 19.552362799909673, 0.0 ], [ -99.298805641466956, 19.552328338866939, 0.0 ], [ -99.298861366285323, 19.552284609885263, 0.0 ], [ -99.298906677917287, 19.552236116009677, 0.0 ], [ -99.298940943049359, 19.552181363886081, 0.0 ], [ -99.298967009146779, 19.552125728683006, 0.0 ], [ -99.298981440590325, 19.552086850130472, 0.0 ], [ -99.298993634211953, 19.552031237888762, 0.0 ], [ -99.298997312987893, 19.551974444215258, 0.0 ], [ -99.298993697312198, 19.551894349820401, 0.0 ], [ -99.298978429953905, 19.55182174676478, 0.0 ], [ -99.298933701723072, 19.551730442608047, 0.0 ], [ -99.298882122598769, 19.551662621978682, 0.0 ], [ -99.298819461437958, 19.551603427472614, 0.0 ], [ -99.298730584707982, 19.551552884111146, 0.0 ], [ -99.298618512085739, 19.551507161172673, 0.0 ], [ -99.298499426465952, 19.551488229585949, 0.0 ], [ -99.298396518469886, 19.551488399642917, 0.0 ], [ -99.298259369322906, 19.55152210098213, 0.0 ], [ -99.297996279414249, 19.551649739477142, 0.0 ], [ -99.29786222871995, 19.55172264872904, 0.0 ], [ -99.297775580594291, 19.551786871927494, 0.0 ], [ -99.297699051266008, 19.551867337588597, 0.0 ], [ -99.297635644640906, 19.551951607281254, 0.0 ], [ -99.297593442501082, 19.55204540623712, 0.0 ], [ -99.297552282535634, 19.552157375493724, 0.0 ], [ -99.297530354866524, 19.552303744266997, 0.0 ], [ -99.297507318315937, 19.552395598779533, 0.0 ], [ -99.297477147505916, 19.552448251717518, 0.0 ], [ -99.297434846989859, 19.55248849113557, 0.0 ], [ -99.297380415015667, 19.552515360605721, 0.0 ], [ -99.297318892628695, 19.552526938972797, 0.0 ], [ -99.297243201719965, 19.552514630076892, 0.0 ], [ -99.296972684753143, 19.552444299854727, 0.0 ], [ -99.296856623594493, 19.552424405796398, 0.0 ], [ -99.296727462400099, 19.552413140990655, 0.0 ], [ -99.296603378971852, 19.55242003978168, 0.0 ], [ -99.296495453784487, 19.55243551976335, 0.0 ], [ -99.29636133014877, 19.552469214704047, 0.0 ], [ -99.296250414841651, 19.552504784320984, 0.0 ], [ -99.296116374859011, 19.552584387227682, 0.0 ], [ -99.29599949318235, 19.552667787603699, 0.0 ], [ -99.295923959255717, 19.552741555930055, 0.0 ], [ -99.295854492671353, 19.552822965665907, 0.0 ], [ -99.295782028917969, 19.552920639467793, 0.0 ], [ -99.295729738082912, 19.553015410939366, 0.0 ], [ -99.295691571958997, 19.553110159268808, 0.0 ], [ -99.295623328309475, 19.55330920688646, 0.0 ], [ -99.295593200269863, 19.553385770006756, 0.0 ], [ -99.295553972811788, 19.553451827366448, 0.0 ], [ -99.295499594184605, 19.553508345285206, 0.0 ], [ -99.295455276810245, 19.553549543966422, 0.0 ], [ -99.295386743705976, 19.553589825825853, 0.0 ], [ -99.295169018059539, 19.553700170422633, 0.0 ], [ -99.294914220103124, 19.553819481990658, 0.0 ], [ -99.294883781593271, 19.553858446139571, 0.0 ], [ -99.294851555333224, 19.553891017126549, 0.0 ], [ -99.294794111337595, 19.553926498543902, 0.0 ], [ -99.294733630141408, 19.553956246365107, 0.0 ], [ -99.294659013653956, 19.553980278696208, 0.0 ], [ -99.29459547614232, 19.553993772275255, 0.0 ], [ -99.294529899953559, 19.553995792086692, 0.0 ], [ -99.294428921648432, 19.553987080953043, 0.0 ] ] ] } },
{ "type": "Feature", "properties": { "NOMBRE": "AV. BOSQUE ESMERALDA OTE." }, "geometry": { "type": "MultiLineString", "coordinates": [ [ [ -99.290225617614141, 19.551576093844243, 0.0 ], [ -99.289944688028413, 19.551322136528643, 0.0 ], [ -99.289698075581782, 19.551075775101747, 0.0 ], [ -99.28942114917227, 19.550802682053238, 0.0 ], [ -99.289295732093791, 19.550626901113169, 0.0 ], [ -99.289237011522829, 19.550512224370333, 0.0 ], [ -99.289204505289831, 19.550387941399222, 0.0 ], [ -99.289192139521759, 19.55024258486025, 0.0 ], [ -99.289193922151966, 19.550110595590503, 0.0 ], [ -99.289256095213659, 19.549898170053954, 0.0 ], [ -99.289406842530312, 19.549568918941489, 0.0 ], [ -99.289523293849129, 19.549243548369397, 0.0 ], [ -99.289585370612059, 19.548977563151759, 0.0 ], [ -99.289612957369599, 19.548606426634382, 0.0 ], [ -99.289606583270341, 19.5484266292463, 0.0 ], [ -99.289571943414813, 19.548237312935772, 0.0 ], [ -99.289506934860796, 19.547990659879943, 0.0 ], [ -99.289387433378238, 19.547736442714125, 0.0 ], [ -99.289334722769112, 19.547596889314384, 0.0 ], [ -99.289324483980565, 19.547512740440478, 0.0 ], [ -99.289340370329938, 19.547369251457408, 0.0 ], [ -99.289368558846746, 19.547241189005145, 0.0 ], [ -99.289463639298887, 19.547096138490787, 0.0 ], [ -99.289543668343413, 19.546997020385945, 0.0 ], [ -99.289670592021594, 19.546887784603662, 0.0 ], [ -99.289924559281175, 19.54673674044604, 0.0 ], [ -99.290181591146265, 19.546607210542408, 0.0 ], [ -99.290552020506723, 19.546421547136557, 0.0 ], [ -99.290715306061102, 19.546336640938428, 0.0 ], [ -99.290901221613083, 19.546212962996787, 0.0 ], [ -99.291223082003469, 19.545948471484959, 0.0 ], [ -99.291602387467336, 19.545650890069822, 0.0 ], [ -99.291758002073109, 19.545508609901958, 0.0 ], [ -99.291863672456614, 19.545363541028397, 0.0 ], [ -99.291996504563642, 19.545175389128019, 0.0 ], [ -99.292117224857023, 19.544984387443915, 0.0 ], [ -99.292210795994009, 19.544843641836934, 0.0 ], [ -99.29226490262532, 19.544636966797668, 0.0 ], [ -99.292278297552528, 19.544512131835702, 0.0 ], [ -99.292271955161112, 19.544351462914808, 0.0 ], [ -99.292236834534975, 19.544176494189152, 0.0 ], [ -99.292197249006009, 19.544043137107085, 0.0 ], [ -99.292142579756373, 19.543937062483085, 0.0 ], [ -99.292062223486525, 19.543852548903629, 0.0 ], [ -99.291981864720668, 19.543766600655026, 0.0 ], [ -99.29191511525211, 19.543674891836648, 0.0 ], [ -99.291868038500581, 19.543583151211038, 0.0 ], [ -99.291826983978936, 19.543474185214997, 0.0 ], [ -99.291788788496802, 19.543271963264626, 0.0 ], [ -99.29175811309068, 19.543043905711912, 0.0 ], [ -99.291728930428704, 19.542804368649961, 0.0 ], [ -99.291724119984565, 19.54265373965023, 0.0 ], [ -99.291758525689858, 19.542431315528027, 0.0 ], [ -99.291791549511345, 19.542282060059929, 0.0 ], [ -99.291800376476516, 19.542141451480724, 0.0 ], [ -99.291785009227254, 19.542010924425405, 0.0 ], [ -99.291706035941075, 19.541853241986619, 0.0 ], [ -99.291619586668418, 19.541745783837072, 0.0 ], [ -99.291495305960225, 19.541638386682397, 0.0 ], [ -99.291325645600949, 19.541541105067143, 0.0 ], [ -99.291218090859232, 19.541478154465942, 0.0 ], [ -99.291113542145837, 19.541403721866875, 0.0 ], [ -99.291037735168274, 19.541323504366559, 0.0 ], [ -99.290977053138079, 19.541238958567174, 0.0 ], [ -99.290963228177276, 19.541124209935063, 0.0 ], [ -99.290993264531622, 19.540996478940308, 0.0 ], [ -99.291047579768431, 19.540906009374595, 0.0 ], [ -99.291159349742031, 19.540788189129245, 0.0 ], [ -99.291204590442831, 19.540700603411118, 0.0 ], [ -99.291236152649134, 19.54058004309525, 0.0 ], [ -99.291214642975035, 19.54039931359226, 0.0 ], [ -99.291169042260393, 19.540286050812526, 0.0 ], [ -99.291049053330326, 19.540039486674864, 0.0 ], [ -99.290857053509498, 19.539719262196556, 0.0 ], [ -99.290644538211652, 19.539350185254904, 0.0 ], [ -99.290466174359338, 19.539038438607328, 0.0 ], [ -99.290380115557412, 19.538865942317713, 0.0 ], [ -99.290268623553771, 19.538574411994357, 0.0 ], [ -99.290179915857991, 19.538330666226571, 0.0 ], [ -99.290099507198406, 19.538120541344973, 0.0 ], [ -99.290008296752163, 19.537887320162849, 0.0 ], [ -99.289956560184805, 19.537726723859578, 0.0 ], [ -99.289937271442994, 19.537658848663952, 0.0 ], [ -99.289952232960744, 19.537563182200959, 0.0 ], [ -99.289989449875833, 19.537501911308887, 0.0 ], [ -99.290018644055806, 19.537467433173148, 0.0 ], [ -99.290069001141759, 19.537420487544587, 0.0 ], [ -99.290246400523131, 19.53733508091717, 0.0 ], [ -99.29040362001254, 19.53724779369772, 0.0 ], [ -99.290686828066029, 19.537097179705317, 0.0 ], [ -99.291009360419125, 19.536935981281648, 0.0 ], [ -99.291134801455485, 19.536880944229075, 0.0 ], [ -99.291230593565245, 19.536855683736594, 0.0 ], [ -99.291310007466251, 19.536838818310603, 0.0 ], [ -99.291423226330807, 19.536836145079924, 0.0 ], [ -99.291516064454029, 19.536851298137822, 0.0 ], [ -99.291615003541736, 19.536893221190169, 0.0 ], [ -99.291732128781902, 19.536950417622634, 0.0 ], [ -99.29190583698319, 19.53705725666347, 0.0 ], [ -99.292713845536483, 19.537587721668128, 0.0 ], [ -99.293311796939392, 19.53799227603578, 0.0 ], [ -99.293641062553007, 19.538207893180243, 0.0 ], [ -99.293772337143551, 19.538278455209877, 0.0 ], [ -99.29387529564751, 19.538310806224775, 0.0 ], [ -99.294030702476888, 19.538337333302003, 0.0 ], [ -99.294155799696156, 19.538339042556768, 0.0 ], [ -99.294256674825618, 19.538335052624213, 0.0 ], [ -99.29437768822396, 19.538309988497598, 0.0 ], [ -99.294563155067962, 19.538223608088618, 0.0 ], [ -99.294692117419714, 19.538131581100949, 0.0 ], [ -99.29480092755395, 19.538052976837911, 0.0 ], [ -99.29532273746814, 19.537635123866064, 0.0 ], [ -99.295655194149589, 19.537385909953333, 0.0 ], [ -99.295868749246338, 19.537213404079587, 0.0 ], [ -99.296088349789045, 19.537037062353555, 0.0 ], [ -99.296271730340166, 19.536914339503475, 0.0 ], [ -99.296380566811109, 19.536851037041252, 0.0 ], [ -99.296529773086888, 19.536797232519568, 0.0 ], [ -99.296664908319144, 19.536772143701597, 0.0 ], [ -99.296921104261742, 19.536748768766707, 0.0 ], [ -99.297415109868282, 19.53671326612826, 0.0 ], [ -99.298186783812227, 19.536676128592148, 0.0 ], [ -99.298575122880521, 19.536646794684913, 0.0 ], [ -99.298736488456257, 19.536622617407833, 0.0 ], [ -99.299044008084792, 19.536531248511398, 0.0 ], [ -99.299222952746291, 19.536466393688801, 0.0 ], [ -99.299336377610544, 19.53643033994873, 0.0 ], [ -99.29951087350274, 19.536403500105457, 0.0 ], [ -99.299697430209278, 19.536363738331566, 0.0 ], [ -99.299880176204837, 19.536309038563676, 0.0 ], [ -99.300103224663417, 19.536227372264484, 0.0 ], [ -99.300240582905658, 19.536177529619493, 0.0 ], [ -99.300481277363374, 19.536091649184645, 0.0 ], [ -99.300687324854735, 19.536022563500953, 0.0 ], [ -99.300904707938486, 19.535946285530294, 0.0 ], [ -99.30115296440087, 19.535858598320761, 0.0 ], [ -99.301247468881115, 19.535820183856082, 0.0 ], [ -99.301326245126305, 19.535800326282178, 0.0 ], [ -99.301367222251258, 19.535797269130175, 0.0 ], [ -99.301412622874992, 19.535799584476397, 0.0 ], [ -99.301441005475525, 19.535804917022396, 0.0 ], [ -99.301459316675405, 19.535819232838914, 0.0 ], [ -99.30148961519653, 19.535837713011123, 0.0 ], [ -99.301519274345296, 19.535851412124956, 0.0 ], [ -99.301639366274657, 19.535671284461703, 0.0 ], [ -99.301525265366777, 19.535682234636116, 0.0 ], [ -99.301397331103146, 19.535713531819432, 0.0 ], [ -99.301166695824421, 19.535783257047818, 0.0 ], [ -99.300789304820739, 19.53593512010519, 0.0 ], [ -99.300401154741536, 19.536065480723774, 0.0 ], [ -99.300006089458051, 19.536207209529362, 0.0 ], [ -99.299769799276689, 19.536288299909273, 0.0 ], [ -99.299566248811175, 19.536344229583229, 0.0 ], [ -99.29945154982633, 19.536373112397346, 0.0 ], [ -99.299362037953031, 19.536384020466897, 0.0 ], [ -99.299256782162374, 19.536405116569451, 0.0 ], [ -99.299104298993882, 19.536459167860059, 0.0 ], [ -99.29889888625685, 19.536531239525118, 0.0 ], [ -99.298807504730703, 19.536554105714753, 0.0 ], [ -99.298707931000052, 19.536579376459652, 0.0 ], [ -99.298608348446621, 19.536599865044078, 0.0 ], [ -99.298448856817927, 19.536614474870873, 0.0 ], [ -99.298085730364377, 19.536639582565311, 0.0 ], [ -99.297583895713146, 19.536666711288198, 0.0 ], [ -99.297339919357, 19.536683252533223, 0.0 ], [ -99.296650864404015, 19.536732803921382, 0.0 ], [ -99.296588466089062, 19.536744861641768, 0.0 ], [ -99.296530484584522, 19.536758705388802, 0.0 ], [ -99.296407600151284, 19.536794175126751, 0.0 ], [ -99.296262712247227, 19.536864948998733, 0.0 ], [ -99.296098973286362, 19.536971021787298, 0.0 ], [ -99.295927109384877, 19.537116560233304, 0.0 ], [ -99.295168032649926, 19.537703193079388, 0.0 ], [ -99.294708678665714, 19.538071209702569, 0.0 ], [ -99.29459996762111, 19.538148857324803, 0.0 ], [ -99.29449112090775, 19.538207376619095, 0.0 ], [ -99.294363111732835, 19.538268796337107, 0.0 ], [ -99.294282456374191, 19.538296664006726, 0.0 ], [ -99.29416746644533, 19.538305459052435, 0.0 ], [ -99.294083739546963, 19.538308464604086, 0.0 ], [ -99.294023196470178, 19.538300911729642, 0.0 ], [ -99.293875849855709, 19.538268632991986, 0.0 ], [ -99.293775907459093, 19.538230538528115, 0.0 ], [ -99.293648668184233, 19.538159969942921, 0.0 ], [ -99.293325452113706, 19.537942430142003, 0.0 ], [ -99.292355669771695, 19.537294151158363, 0.0 ], [ -99.291967186314196, 19.537034273107398, 0.0 ], [ -99.291765709138375, 19.536912654380526, 0.0 ], [ -99.291611226977423, 19.536838302612264, 0.0 ], [ -99.291485570730444, 19.536805508685863, 0.0 ], [ -99.291385685540845, 19.536798496583501, 0.0 ], [ -99.29128280222433, 19.536807270263729, 0.0 ], [ -99.291185994910535, 19.536828945827235, 0.0 ], [ -99.291077112680483, 19.536867856430913, 0.0 ], [ -99.290938007151141, 19.536929769819075, 0.0 ], [ -99.290557014898653, 19.537119754856796, 0.0 ], [ -99.290301508906694, 19.537247848170118, 0.0 ], [ -99.290179025123663, 19.537296822544054, 0.0 ], [ -99.290053499450181, 19.537337193896565, 0.0 ], [ -99.289990023520659, 19.537381769511892, 0.0 ], [ -99.289931130758603, 19.53745072657912, 0.0 ], [ -99.289896441846935, 19.537515340890341, 0.0 ], [ -99.289869388157385, 19.537618678143115, 0.0 ], [ -99.289866543485985, 19.537720541923317, 0.0 ], [ -99.289874263234907, 19.537806607751076, 0.0 ], [ -99.289968480264093, 19.53802882529909, 0.0 ], [ -99.290131036388701, 19.5383872235703, 0.0 ], [ -99.290170570084001, 19.538493323208826, 0.0 ], [ -99.290238952695304, 19.538653892696416, 0.0 ], [ -99.290340757427913, 19.538887574923987, 0.0 ], [ -99.290431882561109, 19.539072496606448, 0.0 ], [ -99.290544221494798, 19.539273165130286, 0.0 ], [ -99.290876646280495, 19.539845050264908, 0.0 ], [ -99.290981435494217, 19.540054338459285, 0.0 ], [ -99.291011857254475, 19.54014180228431, 0.0 ], [ -99.291060582021132, 19.540309576255478, 0.0 ], [ -99.291091078446044, 19.540438644396325, 0.0 ], [ -99.291089662910551, 19.540493162856073, 0.0 ], [ -99.291077657182328, 19.540549133012391, 0.0 ], [ -99.29106712612942, 19.540583581247908, 0.0 ], [ -99.290987149970775, 19.540709958055846, 0.0 ], [ -99.29089055101548, 19.540849273316685, 0.0 ], [ -99.290763889698454, 19.541101973168619, 0.0 ], [ -99.290702082424659, 19.54123405915416, 0.0 ], [ -99.29067345634266, 19.54130440238335, 0.0 ], [ -99.290652386263744, 19.541368994908051, 0.0 ], [ -99.290614814080584, 19.54151395360002, 0.0 ], [ -99.290589311989876, 19.541638807964119, 0.0 ], [ -99.290566869759189, 19.54178230767241, 0.0 ], [ -99.290504439392677, 19.542412213309792, 0.0 ], [ -99.290465379514771, 19.54285366579154, 0.0 ], [ -99.290447415258868, 19.542962727006255, 0.0 ], [ -99.290419417215773, 19.543102409914486, 0.0 ], [ -99.290369405690186, 19.543343509137053, 0.0 ], [ -99.290317352373208, 19.543571221687198, 0.0 ], [ -99.290227246214073, 19.543957761719589, 0.0 ], [ -99.290201234765718, 19.544080225761501, 0.0 ], [ -99.290185298178713, 19.544195022224983, 0.0 ], [ -99.290169378662782, 19.544319382896958, 0.0 ], [ -99.290167463500978, 19.544376771404046, 0.0 ], [ -99.2901907900156, 19.545009886500026, 0.0 ], [ -99.290226062431131, 19.54555307852582, 0.0 ], [ -99.290212956636509, 19.545643051231288, 0.0 ], [ -99.290191881988846, 19.545705491733791, 0.0 ], [ -99.290165513336902, 19.545769375372746, 0.0 ], [ -99.290087057529632, 19.54590148784656, 0.0 ], [ -99.289978311188918, 19.546020019874444, 0.0 ], [ -99.289786411062522, 19.546182441633945, 0.0 ], [ -99.289563535113658, 19.546371453603943, 0.0 ], [ -99.289426786772125, 19.546487160914808, 0.0 ], [ -99.289365612887465, 19.546551817516477, 0.0 ], [ -99.289327851774146, 19.546592047795681, 0.0 ], [ -99.289272752775474, 19.546668889037615, 0.0 ], [ -99.289245584779138, 19.546709102335761, 0.0 ], [ -99.289200331163997, 19.5467909490146, 0.0 ], [ -99.289101388680336, 19.54701928616565, 0.0 ], [ -99.289023122972466, 19.547258995529127, 0.0 ], [ -99.28894792963554, 19.547524523377351, 0.0 ], [ -99.288917905852529, 19.547660861763774, 0.0 ], [ -99.288901397219036, 19.547738358478302, 0.0 ], [ -99.288847091309222, 19.547836000531468, 0.0 ], [ -99.288807938964069, 19.547945095422392, 0.0 ], [ -99.288790057300929, 19.548101499263385, 0.0 ], [ -99.288776738546829, 19.548270807523103, 0.0 ], [ -99.28878758959172, 19.548415688337993, 0.0 ], [ -99.288809171778951, 19.548638022294398, 0.0 ], [ -99.288876435412291, 19.549301911709559, 0.0 ], [ -99.288842100546191, 19.549496240124448, 0.0 ], [ -99.288785706731858, 19.549696581446842, 0.0 ], [ -99.288672472191905, 19.549846203613612, 0.0 ], [ -99.288537178523967, 19.550001838596849, 0.0 ], [ -99.288357607406354, 19.550079834777556, 0.0 ], [ -99.28820954284167, 19.550145825215601, 0.0 ], [ -99.287903541442901, 19.55004469326688, 0.0 ], [ -99.287692102975868, 19.549931454901504, 0.0 ], [ -99.287411271686068, 19.54980039378145, 0.0 ], [ -99.287020567325698, 19.549652291229346, 0.0 ], [ -99.286943867897648, 19.549639023168186, 0.0 ], [ -99.286859117633526, 19.549637244943106, 0.0 ], [ -99.286806618098623, 19.54961628699893, 0.0 ] ] ] } },
{ "type": "Feature", "properties": { "NOMBRE": "AV. BOSQUE ESMERALDA OTE." }, "geometry": { "type": "MultiLineString", "coordinates": [ [ [ -99.289453024342237, 19.549439884906171, 0.0 ], [ -99.289362954573349, 19.549522329746896, 0.0 ], [ -99.289277279841372, 19.549567897093524, 0.0 ], [ -99.289186509486584, 19.549584779857707, 0.0 ], [ -99.289105776918333, 19.549572953808639, 0.0 ], [ -99.289007316399207, 19.549520508097242, 0.0 ], [ -99.288923950992697, 19.549446518658659, 0.0 ], [ -99.288876435412291, 19.549301911709559, 0.0 ] ] ] } },
{ "type": "Feature", "properties": { "NOMBRE": "AV. BOSQUE ESMERALDA OTE." }, "geometry": { "type": "MultiLineString", "coordinates": [ [ [ -99.289422266675928, 19.547810544165355, 0.0 ], [ -99.289344071949188, 19.547730261551362, 0.0 ], [ -99.289237014856042, 19.547665396206753, 0.0 ], [ -99.289148209654229, 19.547652148454262, 0.0 ], [ -99.289083661840962, 19.547663728851006, 0.0 ], [ -99.28900099165385, 19.547696379539119, 0.0 ], [ -99.288928437463426, 19.547744316786094, 0.0 ], [ -99.28885757211026, 19.547817156056304, 0.0 ] ] ] } },
{ "type": "Feature", "properties": { "NOMBRE": "AV. BOSQUE ESMERALDA OTE." }, "geometry": { "type": "MultiLineString", "coordinates": [ [ [ -99.29142667541511, 19.541599034622717, 0.0 ], [ -99.291264402020062, 19.541546705236289, 0.0 ], [ -99.291178110118082, 19.541526759416914, 0.0 ], [ -99.291108456390774, 19.541502482841242, 0.0 ], [ -99.291013020693597, 19.541446685770886, 0.0 ], [ -99.29095544997152, 19.54140947794798, 0.0 ], [ -99.290917551650708, 19.541372238432448, 0.0 ], [ -99.290872102468867, 19.541343618881722, 0.0 ], [ -99.290796426655845, 19.541336567512822, 0.0 ], [ -99.29072533685725, 19.541355332184583, 0.0 ], [ -99.290686061447161, 19.541394130553812, 0.0 ], [ -99.290614814080584, 19.54151395360002, 0.0 ] ] ] } },
{ "type": "Feature", "properties": { "NOMBRE": "AV. BOSQUE ESMERALDA OTE." }, "geometry": { "type": "MultiLineString", "coordinates": [ [ [ -99.288876435412291, 19.549301911709559, 0.0 ], [ -99.288878468304432, 19.549574951398043, 0.0 ], [ -99.288888229861911, 19.549745298698724, 0.0 ], [ -99.288879042782582, 19.549897743365534, 0.0 ], [ -99.288831963665373, 19.550017371577074, 0.0 ], [ -99.288747045622884, 19.550134071449953, 0.0 ], [ -99.288429165684519, 19.550445416951828, 0.0 ], [ -99.288035802794724, 19.550861491093336, 0.0 ], [ -99.287582677346649, 19.551358357768184, 0.0 ], [ -99.287198747407317, 19.551762459781525, 0.0 ], [ -99.286893236693913, 19.552082988495492, 0.0 ], [ -99.286792031708359, 19.552190746854521, 0.0 ], [ -99.286730085290358, 19.552248230610903, 0.0 ], [ -99.286669566032245, 19.552256934495365, 0.0 ], [ -99.286595464512899, 19.55228717943746, 0.0 ], [ -99.286556185495257, 19.55232597690819, 0.0 ], [ -99.286542661486777, 19.552380514491443, 0.0 ], [ -99.286563987889608, 19.552459385569477, 0.0 ], [ -99.286630641763054, 19.552496580298083, 0.0 ], [ -99.286709336684837, 19.552496455380354, 0.0 ], [ -99.286763769620578, 19.552469110893579, 0.0 ], [ -99.286799981331782, 19.552407364092367, 0.0 ], [ -99.286807439129049, 19.552345662950682, 0.0 ], [ -99.286842124756816, 19.552276745390028, 0.0 ], [ -99.287058132032712, 19.552048295234918, 0.0 ], [ -99.287641210784685, 19.551439082319916, 0.0 ], [ -99.287823952615355, 19.551227899848975, 0.0 ], [ -99.288163769069016, 19.550840006546693, 0.0 ], [ -99.288491584242522, 19.55051238644549, 0.0 ], [ -99.288653262139249, 19.550371533895923, 0.0 ], [ -99.288811851805008, 19.550196254901337, 0.0 ], [ -99.28918039673033, 19.549796836671984, 0.0 ], [ -99.289299730562803, 19.549673266958472, 0.0 ], [ -99.289325378022937, 19.549628752190603, 0.0 ], [ -99.289453024342237, 19.549439884906171, 0.0 ] ] ] } },
{ "type": "Feature", "properties": { "NOMBRE": "ATRIO DE ADAS" }, "geometry": { "type": "MultiLineString", "coordinates": [ [ [ -99.289603958088463, 19.548727498005846, 0.0 ], [ -99.289809868098956, 19.548714160744428, 0.0 ], [ -99.289986878801528, 19.548686618578163, 0.0 ], [ -99.290133589554657, 19.548640474655581, 0.0 ], [ -99.290904718082174, 19.548266229246838, 0.0 ], [ -99.29095330901356, 19.548357967627968, 0.0 ], [ -99.291320717363917, 19.548173742147824, 0.0 ], [ -99.291141520016936, 19.547825414742562, 0.0 ], [ -99.2907574374387, 19.547993885713314, 0.0 ], [ -99.290819689226055, 19.548108556306467, 0.0 ], [ -99.29013022187047, 19.548449673594686, 0.0 ], [ -99.289977498987867, 19.54851878132779, 0.0 ], [ -99.289889764489075, 19.548540441683265, 0.0 ], [ -99.289789907985366, 19.548553513634104, 0.0 ], [ -99.289609613725588, 19.548512110864976, 0.0 ] ] ] } },
{ "type": "Feature", "properties": { "NOMBRE": "BOSQUE DE OROZUZ" }, "geometry": { "type": "MultiLineString", "coordinates": [ [ [ -99.291136559308029, 19.548266082617566, 0.0 ], [ -99.291276091028237, 19.548499386604739, 0.0 ], [ -99.291693157956757, 19.549000835787265, 0.0 ], [ -99.291930094259186, 19.549266458204471, 0.0 ], [ -99.292053385979543, 19.549451565883999, 0.0 ], [ -99.292132442178172, 19.549582946222085, 0.0 ], [ -99.292271842739467, 19.549959312311024, 0.0 ], [ -99.292335399168991, 19.550237169915597, 0.0 ], [ -99.292339074130041, 19.550527079710388, 0.0 ], [ -99.292307895986141, 19.550721403604648, 0.0 ], [ -99.292308342751738, 19.55096947510318, 0.0 ], [ -99.292346477948897, 19.551136787402729, 0.0 ], [ -99.292435052908218, 19.551301029203092, 0.0 ], [ -99.292574051613229, 19.551453233989434, 0.0 ], [ -99.292763447216103, 19.551578457580124, 0.0 ], [ -99.29315156281082, 19.551754168478809, 0.0 ], [ -99.293448079685447, 19.55183737392645, 0.0 ], [ -99.293627801621255, 19.551843059457806, 0.0 ], [ -99.293898885184888, 19.551809741479097, 0.0 ], [ -99.294116283940141, 19.551728689390611, 0.0 ], [ -99.294286314261953, 19.551605870736509, 0.0 ], [ -99.294424263749448, 19.55145668304548, 0.0 ], [ -99.294506792405173, 19.551345603438865, 0.0 ], [ -99.294585195077687, 19.551184796537118, 0.0 ], [ -99.294597090092154, 19.551068093548182, 0.0 ], [ -99.29461104108168, 19.55097242850627, 0.0 ] ] ] } },
{ "type": "Feature", "properties": { "NOMBRE": "ATRIO DE LAS DRUIDAS" }, "geometry": { "type": "MultiLineString", "coordinates": [ [ [ -99.29461104108168, 19.55097242850627, 0.0 ], [ -99.294826940589672, 19.55100641177474, 0.0 ], [ -99.294892799844789, 19.550605563076036, 0.0 ], [ -99.294486110325238, 19.550548841273162, 0.0 ], [ -99.294426275718848, 19.550934377250002, 0.0 ], [ -99.29461104108168, 19.55097242850627, 0.0 ] ] ] } },
{ "type": "Feature", "properties": { "NOMBRE": "BOSQUE DE JADE" }, "geometry": { "type": "MultiLineString", "coordinates": [ [ [ -99.292210795994009, 19.544843641836934, 0.0 ], [ -99.292326841584398, 19.54478699321723, 0.0 ], [ -99.292481928092499, 19.544772395841687, 0.0 ], [ -99.292899391657826, 19.54479802112985, 0.0 ], [ -99.293464394774347, 19.544819819252055, 0.0 ], [ -99.293595505619749, 19.544796891160885, 0.0 ], [ -99.293711427287349, 19.544742903904314, 0.0 ], [ -99.293829803956953, 19.544651851167504, 0.0 ], [ -99.29389267592083, 19.54455132442196, 0.0 ], [ -99.293935342499509, 19.544435288646966, 0.0 ], [ -99.293972880311287, 19.54427263555629, 0.0 ], [ -99.294016506917316, 19.543990419593246, 0.0 ], [ -99.294046532267117, 19.543857666946234, 0.0 ], [ -99.294082932197156, 19.543763160862536, 0.0 ], [ -99.294137004351214, 19.543678190236292, 0.0 ], [ -99.294242719516802, 19.543559660663199, 0.0 ], [ -99.294452988048917, 19.543377597586538, 0.0 ], [ -99.294698537677448, 19.543179934836076, 0.0 ], [ -99.294820728405014, 19.543106808175931, 0.0 ], [ -99.29493793340437, 19.543065968871904, 0.0 ], [ -99.295070253708431, 19.543015540569716, 0.0 ], [ -99.295178581160116, 19.542947218429049, 0.0 ], [ -99.29527177144162, 19.542876529904465, 0.0 ], [ -99.29534725895823, 19.542779568621516, 0.0 ], [ -99.295406356963454, 19.542685025164698, 0.0 ], [ -99.29548175076647, 19.542536656205581, 0.0 ], [ -99.29554081596811, 19.542424179813541, 0.0 ], [ -99.295612485124011, 19.542308096191086, 0.0 ], [ -99.295682923599387, 19.542208751968843, 0.0 ], [ -99.295816366818457, 19.542083002921292, 0.0 ], [ -99.295953647463534, 19.54198713573108, 0.0 ], [ -99.296077084698439, 19.541906833008643, 0.0 ], [ -99.296225769033029, 19.541840835166639, 0.0 ], [ -99.296397156548963, 19.541777191019843, 0.0 ], [ -99.296564749856756, 19.54170757529128, 0.0 ], [ -99.296702093083368, 19.54164637779353, 0.0 ], [ -99.296816719811943, 19.541575653274919, 0.0 ], [ -99.296896045782205, 19.541509768812951, 0.0 ], [ -99.297018127107421, 19.541378059906869, 0.0 ], [ -99.297150294431304, 19.541245138801809, 0.0 ], [ -99.297215816412589, 19.541216338320794, 0.0 ], [ -99.29730661841667, 19.541219775520563, 0.0 ], [ -99.297409989301329, 19.541200476923358, 0.0 ], [ -99.297508267785972, 19.541154885000822, 0.0 ], [ -99.297582566607346, 19.541098572754432, 0.0 ], [ -99.297589095923087, 19.54101439671491, 0.0 ], [ -99.297564738380601, 19.540935053662565, 0.0 ], [ -99.297516219613584, 19.540883486679597, 0.0 ], [ -99.297451556001093, 19.540830033414547, 0.0 ], [ -99.297366791028068, 19.540817739429912, 0.0 ], [ -99.297312334911211, 19.540829306129151, 0.0 ], [ -99.297247825439925, 19.540860017826191, 0.0 ], [ -99.29720753326346, 19.540893558938215, 0.0 ], [ -99.29717938386176, 19.540947164968546, 0.0 ], [ -99.297160305222974, 19.540995973957784, 0.0 ], [ -99.297146314509391, 19.541068685170732, 0.0 ], [ -99.297118165057853, 19.541122291191186, 0.0 ], [ -99.297057760765327, 19.541191253019434, 0.0 ], [ -99.296983251922754, 19.541270758672411, 0.0 ], [ -99.296874514165992, 19.541389533911541, 0.0 ], [ -99.296785888377443, 19.541472888373253, 0.0 ], [ -99.296696213466674, 19.541534246769249, 0.0 ], [ -99.296537953044293, 19.541604325512978, 0.0 ], [ -99.296219382698339, 19.541727270320731, 0.0 ], [ -99.29604398900068, 19.541806940961127, 0.0 ], [ -99.295878711436202, 19.541901897646166, 0.0 ], [ -99.29574372161693, 19.542009238114929, 0.0 ], [ -99.295640993729677, 19.542105048611173, 0.0 ], [ -99.295543334313351, 19.542214240690587, 0.0 ], [ -99.295458824558438, 19.542342539688203, 0.0 ], [ -99.295379414574128, 19.542501435866889, 0.0 ], [ -99.295310052904114, 19.542638317840911, 0.0 ], [ -99.295254728038699, 19.542727355664891, 0.0 ], [ -99.29516512313225, 19.542827926563483, 0.0 ], [ -99.295061335138897, 19.54289600217658, 0.0 ], [ -99.294973660847646, 19.542948748643958, 0.0 ], [ -99.294876865169059, 19.542978555788444, 0.0 ], [ -99.294795203934015, 19.543009294610911, 0.0 ], [ -99.294651082494127, 19.543088912881881, 0.0 ], [ -99.294463684403055, 19.543225987000532, 0.0 ], [ -99.294251111495669, 19.543388925369893, 0.0 ], [ -99.294113054690087, 19.54347522830334, 0.0 ], [ -99.294024421145863, 19.543555712161989, 0.0 ], [ -99.293957994411997, 19.543642854811775, 0.0 ], [ -99.293894653028232, 19.543762510822607, 0.0 ], [ -99.293863605300217, 19.543887852826732, 0.0 ], [ -99.29381771371709, 19.544172941713278, 0.0 ], [ -99.293772763349551, 19.544420728530035, 0.0 ], [ -99.293751710560642, 19.544494407380729, 0.0 ], [ -99.293716523341217, 19.544562370667805, 0.0 ], [ -99.293660144848644, 19.544627499125294, 0.0 ], [ -99.293604742310166, 19.544674453930991, 0.0 ], [ -99.293533184141751, 19.544713783581944, 0.0 ], [ -99.293417234347018, 19.544752228887049, 0.0 ], [ -99.293273976152449, 19.544752461508704, 0.0 ], [ -99.292437568720771, 19.544719386141661, 0.0 ], [ -99.292372970653958, 19.544702275073192, 0.0 ], [ -99.292267131517718, 19.544616194491336, 0.0 ] ] ] } },
{ "type": "Feature", "properties": { "NOMBRE": "BOSQUE DE OLINALA" }, "geometry": { "type": "MultiLineString", "coordinates": [ [ [ -99.294266819017224, 19.543528829351509, 0.0 ], [ -99.294295598625411, 19.543543846145464, 0.0 ], [ -99.294351640676894, 19.543571730238011, 0.0 ], [ -99.29438950388068, 19.543588884170017, 0.0 ], [ -99.294449284936647, 19.543592373336143, 0.0 ], [ -99.294503751300951, 19.5435858286979, 0.0 ], [ -99.294575659417589, 19.543600775136824, 0.0 ], [ -99.294696894959301, 19.543695980675384, 0.0 ], [ -99.295012812878667, 19.543970532496335, 0.0 ], [ -99.295164506321115, 19.544171133667071, 0.0 ], [ -99.295259756270241, 19.544400519664823, 0.0 ], [ -99.295311750288604, 19.544532166076245, 0.0 ], [ -99.295407369362835, 19.544686950348872, 0.0 ], [ -99.295490790906399, 19.544791542286827, 0.0 ], [ -99.295626477287456, 19.544926893319229, 0.0 ], [ -99.29575832316759, 19.545030688560395, 0.0 ], [ -99.295944662182393, 19.545142284932258, 0.0 ], [ -99.296255217301436, 19.545322539924921, 0.0 ], [ -99.29636815947822, 19.545432821565633, 0.0 ], [ -99.296460690626645, 19.545553179074883, 0.0 ], [ -99.296520661093908, 19.545659960950854, 0.0 ], [ -99.296577662696791, 19.545798309646884, 0.0 ], [ -99.296625568863078, 19.545928065447679, 0.0 ], [ -99.296684031521167, 19.54603771900771, 0.0 ], [ -99.296749283145772, 19.546135884315639, 0.0 ], [ -99.296850867264652, 19.546241163070516, 0.0 ], [ -99.296940283410379, 19.546312747850301, 0.0 ], [ -99.297037251725556, 19.546376429674911, 0.0 ], [ -99.297183430135988, 19.546455094159324, 0.0 ], [ -99.297350055408998, 19.546543049992589, 0.0 ], [ -99.297476530888218, 19.546605248367829, 0.0 ], [ -99.297565219779358, 19.54669261500883, 0.0 ], [ -99.297620584404982, 19.546762820896777, 0.0 ], [ -99.297656287890788, 19.546839515021212, 0.0 ], [ -99.297666946820598, 19.546875363322723, 0.0 ], [ -99.297684510355282, 19.54696284709107, 0.0 ], [ -99.297691453105614, 19.547035284696832, 0.0 ], [ -99.297682533707018, 19.547122812105851, 0.0 ], [ -99.297657729772766, 19.547213234958615, 0.0 ], [ -99.297617026809377, 19.547298662782669, 0.0 ], [ -99.29754381383151, 19.547398490496786, 0.0 ], [ -99.297477326560269, 19.547452398799482, 0.0 ], [ -99.297413846164005, 19.547495542367987, 0.0 ], [ -99.297292126705017, 19.547551693486632, 0.0 ], [ -99.297108392676549, 19.547625162152329, 0.0 ], [ -99.296836949007684, 19.54773320601911, 0.0 ], [ -99.296634309873895, 19.547813161127856, 0.0 ], [ -99.29650273498244, 19.547859285460799, 0.0 ], [ -99.29640591266984, 19.547875942665375, 0.0 ], [ -99.296325722449495, 19.547884682043588, 0.0 ], [ -99.296201625007939, 19.547882016314812, 0.0 ], [ -99.295991315850657, 19.547862889882076, 0.0 ], [ -99.29590961229222, 19.54787163155558, 0.0 ], [ -99.295856695787307, 19.547898976294181, 0.0 ], [ -99.295803771421859, 19.547922017126396, 0.0 ], [ -99.2957311581971, 19.547936482371394, 0.0 ], [ -99.295667564782207, 19.547917936226156, 0.0 ], [ -99.295617525946682, 19.547863502008788, 0.0 ], [ -99.295612884101502, 19.547807558852998, 0.0 ], [ -99.295621877800997, 19.547760201189405, 0.0 ], [ -99.295658111220703, 19.547712798941223, 0.0 ], [ -99.295729145697564, 19.547662470443729, 0.0 ], [ -99.295775969670331, 19.547613616198227, 0.0 ], [ -99.295798523038542, 19.547533239723549, 0.0 ], [ -99.295830028176013, 19.547382551483786, 0.0 ], [ -99.295837398671466, 19.547274941807473, 0.0 ], [ -99.295796432019714, 19.547216188871609, 0.0 ], [ -99.29574039237977, 19.547190457203875, 0.0 ], [ -99.295539038148505, 19.547144878439596, 0.0 ], [ -99.294601880938657, 19.546916867708696, 0.0 ], [ -99.294524696882505, 19.546914124301679, 0.0 ], [ -99.294476208482308, 19.54687977211551, 0.0 ], [ -99.29445042495891, 19.546848252177078, 0.0 ], [ -99.294403478522, 19.546829678441807, 0.0 ], [ -99.294359631550634, 19.54685126942249, 0.0 ], [ -99.294344545268842, 19.546877117435038, 0.0 ], [ -99.29434610800115, 19.546904372952778, 0.0 ], [ -99.294374920736971, 19.546937322604464, 0.0 ], [ -99.294406726285146, 19.546951617119358, 0.0 ], [ -99.294461218496991, 19.54695870147328, 0.0 ], [ -99.295710233259271, 19.547249326603925, 0.0 ], [ -99.295763272424395, 19.54728940954104, 0.0 ], [ -99.29577547042166, 19.547339601784312, 0.0 ], [ -99.29574993748227, 19.547445806561168, 0.0 ], [ -99.295710818634348, 19.547570683826635, 0.0 ], [ -99.295673108525889, 19.547638173388638, 0.0 ], [ -99.295623226528548, 19.547669816996155, 0.0 ], [ -99.295568822842242, 19.547711510431824, 0.0 ], [ -99.295537158081856, 19.547774686169213, 0.0 ], [ -99.295537278224998, 19.54784067916842, 0.0 ], [ -99.295549497091969, 19.547902348467442, 0.0 ], [ -99.295590455995026, 19.547956797562627, 0.0 ], [ -99.295640442595854, 19.547982539179202, 0.0 ], [ -99.295719158786909, 19.547995322037245, 0.0 ], [ -99.295782718255793, 19.547995217969071, 0.0 ], [ -99.295853812952032, 19.547977885921121, 0.0 ], [ -99.295896120551248, 19.547941950754606, 0.0 ], [ -99.295949044909648, 19.547918909895508, 0.0 ], [ -99.296112517482584, 19.547937292233655, 0.0 ], [ -99.296227339726727, 19.54794351199979, 0.0 ], [ -99.296385730407707, 19.547941339328329, 0.0 ], [ -99.296510791355061, 19.547919136349172, 0.0 ], [ -99.296656988055631, 19.547869162304455, 0.0 ], [ -99.296775946672923, 19.547820189319413, 0.0 ], [ -99.296975564793513, 19.547743347394313, 0.0 ], [ -99.297198365911228, 19.547654990031596, 0.0 ], [ -99.297429230794904, 19.547562793426348, 0.0 ], [ -99.297524956724473, 19.547498555436466, 0.0 ], [ -99.29759041627382, 19.547434367262085, 0.0 ], [ -99.297649826020248, 19.547372101879159, 0.0 ], [ -99.297693041089161, 19.547281170475905, 0.0 ], [ -99.297739214325503, 19.547152933687276, 0.0 ], [ -99.297745097423643, 19.547060150954092, 0.0 ], [ -99.297736840494665, 19.546958783719184, 0.0 ], [ -99.297716494637982, 19.54686700063808, 0.0 ], [ -99.297677982081538, 19.546771421799228, 0.0 ], [ -99.29762639806917, 19.546699775065594, 0.0 ], [ -99.297564728890691, 19.546630057775751, 0.0 ], [ -99.297497024063361, 19.546569914635207, 0.0 ], [ -99.297384930710763, 19.546510800972722, 0.0 ], [ -99.297229401715455, 19.546422109596161, 0.0 ], [ -99.297066807298648, 19.546331516855773, 0.0 ], [ -99.296945604698905, 19.546256158701006, 0.0 ], [ -99.296859705633551, 19.546176916757684, 0.0 ], [ -99.296774778805641, 19.546077588286835, 0.0 ], [ -99.296715084265685, 19.545983956870163, 0.0 ], [ -99.296665467982038, 19.545884570341752, 0.0 ], [ -99.296607655020125, 19.545716334780838, 0.0 ], [ -99.296549940009797, 19.545601658740622, 0.0 ], [ -99.296496281500708, 19.54549845310143, 0.0 ], [ -99.296413369489883, 19.545397208293117, 0.0 ], [ -99.296311292664853, 19.545297907727143, 0.0 ], [ -99.296174930323829, 19.545207271125104, 0.0 ], [ -99.29581033692287, 19.54499171681605, 0.0 ], [ -99.29568000389834, 19.544887680030492, 0.0 ], [ -99.295588026893469, 19.544794101051266, 0.0 ], [ -99.295465719796567, 19.544665183963129, 0.0 ], [ -99.29539489602405, 19.544553398236655, 0.0 ], [ -99.295332125820352, 19.544432035079378, 0.0 ], [ -99.295256170994151, 19.544272436505516, 0.0 ], [ -99.295198441810527, 19.544149152209812, 0.0 ], [ -99.295106387280498, 19.544012534036497, 0.0 ], [ -99.295039646388105, 19.543926564923702, 0.0 ], [ -99.294937569592378, 19.543826307121581, 0.0 ], [ -99.294724381835067, 19.543650673088973, 0.0 ], [ -99.294633420144365, 19.543559961211269, 0.0 ], [ -99.294610150582685, 19.543523655060351, 0.0 ], [ -99.294611065727381, 19.543472006691239, 0.0 ], [ -99.294638157227126, 19.543390666500621, 0.0 ], [ -99.294634028104653, 19.543339026357124, 0.0 ], [ -99.294598081891536, 19.543260799918979, 0.0 ], [ -99.294530481185944, 19.543177127906162, 0.0 ], [ -99.294433897410343, 19.543130852261548, 0.0 ], [ -99.294345148052486, 19.543147256077859, 0.0 ], [ -99.294250394101653, 19.543190449494102, 0.0 ], [ -99.294197023785884, 19.543245052561005, 0.0 ], [ -99.294155790838801, 19.54331685147741, 0.0 ], [ -99.294146830723406, 19.543382859300571, 0.0 ], [ -99.294155986627274, 19.543424927035421, 0.0 ], [ -99.294192390216878, 19.543471732520121, 0.0 ], [ -99.294266580772558, 19.543528419274406, 0.0 ] ] ] } },
{ "type": "Feature", "properties": { "NOMBRE": "BOSQUE DE SÁNDALO" }, "geometry": { "type": "MultiLineString", "coordinates": [ [ [ -99.297384229447019, 19.541205286107974, 0.0 ], [ -99.297483596930192, 19.54122827415334, 0.0 ], [ -99.297539647909701, 19.541261178476624, 0.0 ], [ -99.297695800112905, 19.541417296532615, 0.0 ], [ -99.297803370423736, 19.541487416401555, 0.0 ], [ -99.297909477571991, 19.541584796690685, 0.0 ], [ -99.297959544156399, 19.541655011268173, 0.0 ], [ -99.297999020583447, 19.541726677933205, 0.0 ], [ -99.298038602367328, 19.541855729830189, 0.0 ], [ -99.29807514715327, 19.541979048184942, 0.0 ], [ -99.29812531665263, 19.542105213319477, 0.0 ], [ -99.298198148347453, 19.542211256141186, 0.0 ], [ -99.298248196807918, 19.542271428213024, 0.0 ], [ -99.298330037102502, 19.542338720954252, 0.0 ], [ -99.298502752674807, 19.542448902595446, 0.0 ], [ -99.298646668864123, 19.542533308240877, 0.0 ], [ -99.298742134163433, 19.542603447537985, 0.0 ], [ -99.298881642831162, 19.542759592037459, 0.0 ], [ -99.298942411394634, 19.542888608660093, 0.0 ], [ -99.299013865437004, 19.543067819802893, 0.0 ], [ -99.29903972056178, 19.543138074128482, 0.0 ], [ -99.299094388725095, 19.543241277357929, 0.0 ], [ -99.299180867493149, 19.543361643513787, 0.0 ], [ -99.299258221772291, 19.54345763594451, 0.0 ], [ -99.299403702787629, 19.543569296435006, 0.0 ], [ -99.299546107156587, 19.543653703842072, 0.0 ], [ -99.299702107364624, 19.543725176866428, 0.0 ], [ -99.299827844737834, 19.543798134615798, 0.0 ], [ -99.299961214889805, 19.543906945474323, 0.0 ], [ -99.300046149559819, 19.544010098141378, 0.0 ], [ -99.300111393085601, 19.544103241034417, 0.0 ], [ -99.30014484710064, 19.544190698180451, 0.0 ], [ -99.300213234042801, 19.544346959740629, 0.0 ], [ -99.300269429917819, 19.544457333222354, 0.0 ], [ -99.300361976632288, 19.544584861866934, 0.0 ], [ -99.300509089537186, 19.54475964264525, 0.0 ], [ -99.300785092996293, 19.54507480293238, 0.0 ], [ -99.300829082155346, 19.545130680433839, 0.0 ], [ -99.300851863964482, 19.545175116166778, 0.0 ], [ -99.300844417120715, 19.54523968712374, 0.0 ], [ -99.300836970271376, 19.545304258079959, 0.0 ], [ -99.300849196258, 19.54536879627393, 0.0 ], [ -99.300891717423255, 19.545449064988741, 0.0 ], [ -99.300959911491859, 19.545500598233133, 0.0 ], [ -99.301017459325195, 19.545523456501481, 0.0 ], [ -99.301118834253444, 19.545514679743459, 0.0 ], [ -99.301183828836884, 19.545472966993856, 0.0 ], [ -99.301229147876654, 19.545429852396243, 0.0 ], [ -99.301257778048551, 19.545363811467155, 0.0 ], [ -99.301257650272703, 19.545294949224211, 0.0 ], [ -99.301216631616825, 19.54520893955246, 0.0 ], [ -99.301169644990438, 19.545168848124749, 0.0 ], [ -99.301115113206748, 19.545140246337422, 0.0 ], [ -99.301062129318268, 19.545130292202881, 0.0 ], [ -99.300972818421755, 19.545116094674931, 0.0 ], [ -99.300891084640156, 19.545107623020705, 0.0 ], [ -99.300750064035412, 19.544954351945524, 0.0 ], [ -99.30050042057816, 19.544668175194275, 0.0 ], [ -99.300399304603147, 19.544544008353984, 0.0 ], [ -99.300346702419247, 19.544467581962508, 0.0 ], [ -99.300304203013212, 19.54439879014642, 0.0 ], [ -99.300244455797198, 19.544277423710437, 0.0 ], [ -99.300160388269816, 19.544097755845943, 0.0 ], [ -99.300118885521812, 19.544022267362934, 0.0 ], [ -99.300018756125652, 19.543885665151723, 0.0 ], [ -99.299961140103719, 19.543825506159376, 0.0 ], [ -99.299869221329246, 19.543764447664625, 0.0 ], [ -99.299770233586671, 19.543699575158353, 0.0 ], [ -99.299671275930365, 19.543650961742465, 0.0 ], [ -99.299576380212869, 19.543616687885343, 0.0 ], [ -99.299507695298786, 19.54357184987057, 0.0 ], [ -99.299433964396897, 19.543526063769065, 0.0 ], [ -99.29934810262624, 19.543466907810533, 0.0 ], [ -99.299278368441364, 19.543400073708153, 0.0 ], [ -99.299171208138617, 19.543279741849034, 0.0 ], [ -99.29910948500924, 19.54318037601773, 0.0 ], [ -99.299065935341417, 19.543088631468109, 0.0 ], [ -99.298993958316629, 19.542899378766766, 0.0 ], [ -99.29896355551071, 19.542824828052098, 0.0 ], [ -99.298914970588839, 19.542737873909655, 0.0 ], [ -99.298859339633225, 19.54265953921913, 0.0 ], [ -99.298782515915036, 19.542577413864805, 0.0 ], [ -99.298696647846626, 19.542514431898507, 0.0 ], [ -99.298606765566845, 19.542462933606501, 0.0 ], [ -99.298515878014598, 19.54241334977683, 0.0 ], [ -99.298405794336972, 19.542348494830314, 0.0 ], [ -99.298316892972025, 19.542281691994596, 0.0 ], [ -99.298263324068273, 19.542227264295111, 0.0 ], [ -99.298198594687804, 19.542138423751801, 0.0 ], [ -99.298154070341425, 19.542064852618942, 0.0 ], [ -99.298122639923406, 19.541979782786203, 0.0 ], [ -99.29803334568318, 19.541698741568258, 0.0 ], [ -99.297993869248074, 19.541627074910608, 0.0 ], [ -99.297957449201419, 19.541571662404717, 0.0 ], [ -99.297880647509274, 19.541501013693136, 0.0 ], [ -99.297822043583579, 19.541451376272647, 0.0 ], [ -99.297770517352447, 19.541410334981077, 0.0 ], [ -99.297671507336204, 19.541332071387167, 0.0 ], [ -99.297634103168676, 19.541290050365063, 0.0 ], [ -99.297591661839419, 19.541251863326032, 0.0 ], [ -99.297565361940599, 19.541213649694004, 0.0 ], [ -99.297563275916772, 19.541176352605611, 0.0 ], [ -99.297582566607346, 19.541098572754432, 0.0 ] ] ] } },
{ "type": "Feature", "properties": { "NOMBRE": "CALZ. DEL RÍO" }, "geometry": { "type": "MultiLineString", "coordinates": [ [ [ -99.303978778388185, 19.521579869981732, 0.0 ], [ -99.304039062159745, 19.521788986670529, 0.0 ], [ -99.304074066639046, 19.521965268723843, 0.0 ], [ -99.304077995971809, 19.52238070933322, 0.0 ], [ -99.304072189028545, 19.52264672486001, 0.0 ], [ -99.304072474151212, 19.522799154645156, 0.0 ], [ -99.304094819526526, 19.522948558501238, 0.0 ], [ -99.304095009625343, 19.523050178354715, 0.0 ], [ -99.30407624139724, 19.5231279194603, 0.0 ], [ -99.30403219910761, 19.523175814775151, 0.0 ], [ -99.30394082247183, 19.523196890192079, 0.0 ], [ -99.303795801394259, 19.523188167412101, 0.0 ], [ -99.303653938181213, 19.523182428041331, 0.0 ], [ -99.303499560770689, 19.523227519651588, 0.0 ], [ -99.303408211925827, 19.523263538897108, 0.0 ], [ -99.303247775156848, 19.523440148922898, 0.0 ], [ -99.303159728909819, 19.523556860879033, 0.0 ], [ -99.303115825565882, 19.523679476455563, 0.0 ], [ -99.303103344638217, 19.523748240435459, 0.0 ], [ -99.303113013261196, 19.523861799713327, 0.0 ], [ -99.303144786898685, 19.523996243730036, 0.0 ], [ -99.303154550329353, 19.524160612926785, 0.0 ], [ -99.303129460231915, 19.524229398045367, 0.0 ], [ -99.303094907672218, 19.524295210193802, 0.0 ], [ -99.303019358591015, 19.524352124559996, 0.0 ], [ -99.302975265520956, 19.524373120247933, 0.0 ], [ -99.302846060573259, 19.524394258500759, 0.0 ], [ -99.302704251989411, 19.52441840659068, 0.0 ], [ -99.3025408141132, 19.524474033237535, 0.0 ], [ -99.302440061748285, 19.524539238699731, 0.0 ], [ -99.302357494990218, 19.524619716498403, 0.0 ], [ -99.302287054316992, 19.524711651088303, 0.0 ], [ -99.302198531003313, 19.524843785728457, 0.0 ], [ -99.302101880767154, 19.524945328301136, 0.0 ], [ -99.302009258251445, 19.525043038394507, 0.0 ], [ -99.301878285818944, 19.525131248223644, 0.0 ], [ -99.301660625638206, 19.525254033914507, 0.0 ], [ -99.301553827097266, 19.525323074674922, 0.0 ], [ -99.301483332444818, 19.525386316290863, 0.0 ], [ -99.301406831411356, 19.525474434944659, 0.0 ], [ -99.301294090096093, 19.525602783814641, 0.0 ], [ -99.300965970228177, 19.52599737743574, 0.0 ], [ -99.300796926158398, 19.526227200767337, 0.0 ], [ -99.300585602713682, 19.526504915489461, 0.0 ], [ -99.300321986234522, 19.526870707938933, 0.0 ], [ -99.30020929963456, 19.527029661643173, 0.0 ], [ -99.300130818498658, 19.527138824396044, 0.0 ], [ -99.300078540065897, 19.527234553675179, 0.0 ], [ -99.300052595065253, 19.527387624734455, 0.0 ], [ -99.300024777296343, 19.527619125742341, 0.0 ], [ -99.29999275494518, 19.527758816924273, 0.0 ], [ -99.299950620274487, 19.527885134928251, 0.0 ], [ -99.299924530318606, 19.5279597793579, 0.0 ], [ -99.299918611931034, 19.528032477470386, 0.0 ], [ -99.299918753138229, 19.528108991229079, 0.0 ], [ -99.299951171040576, 19.528183538587403, 0.0 ], [ -99.300003735872949, 19.528242749708589, 0.0 ], [ -99.300078468689378, 19.528288534070327, 0.0 ], [ -99.300181450303199, 19.528336184346262, 0.0 ] ] ] } },
{ "type": "Feature", "properties": { "NOMBRE": "CALZ. DEL BOSQUE" }, "geometry": { "type": "MultiLineString", "coordinates": [ [ [ -99.300181450303199, 19.528336184346262, 0.0 ], [ -99.300429137470005, 19.528446781944741, 0.0 ], [ -99.300691609369977, 19.528551552297223, 0.0 ], [ -99.300744608317203, 19.528572585184051, 0.0 ], [ -99.300819046367778, 19.528595176422908, 0.0 ], [ -99.300894721038489, 19.528604614731673, 0.0 ], [ -99.301073769211641, 19.52860073003739, 0.0 ], [ -99.301165820731711, 19.52860177224068, 0.0 ], [ -99.301256626816809, 19.528611185189224, 0.0 ], [ -99.30134743734564, 19.528622989146495, 0.0 ], [ -99.301467269688274, 19.528645504441997, 0.0 ], [ -99.301597216287149, 19.528682349155144, 0.0 ], [ -99.301695650285581, 19.528725224021571, 0.0 ], [ -99.30184713086507, 19.528814635973394, 0.0 ], [ -99.302001144622324, 19.528910021217857, 0.0 ], [ -99.302100848704939, 19.52895767586136, 0.0 ], [ -99.302179085531307, 19.528988628902404, 0.0 ], [ -99.302296394122536, 19.529009952330675, 0.0 ], [ -99.302392255426412, 19.529025333905444, 0.0 ], [ -99.302445199856791, 19.52901687661975, 0.0 ], [ -99.302495609024092, 19.529001250376147, 0.0 ], [ -99.302545980342828, 19.528965300158386, 0.0 ], [ -99.302590017940915, 19.528913818628006, 0.0 ], [ -99.30261890851213, 19.528853993727854, 0.0 ], [ -99.3026640823158, 19.528735560551951, 0.0 ], [ -99.302706749744715, 19.528625500276593, 0.0 ], [ -99.302745638725611, 19.528517837379844, 0.0 ], [ -99.30279723737425, 19.528463952074617, 0.0 ], [ -99.302845093248393, 19.52843159257985, 0.0 ], [ -99.302908120585784, 19.528420727207699, 0.0 ], [ -99.302985038399569, 19.528420598311559, 0.0 ], [ -99.303036779615226, 19.528443226672724, 0.0 ], [ -99.30308980186085, 19.528476612648479, 0.0 ], [ -99.303126440718543, 19.52851480820334, 0.0 ], [ -99.303159332431349, 19.528572138526989, 0.0 ], [ -99.303174559724653, 19.528623520814904, 0.0 ], [ -99.303172236329047, 19.528729926950781, 0.0 ], [ -99.30315264545267, 19.529043188861998, 0.0 ], [ -99.303129249343328, 19.529344501835052, 0.0 ], [ -99.303123107365877, 19.529431785874479, 0.0 ], [ -99.303135904258866, 19.529532188992953, 0.0 ], [ -99.303165111454987, 19.529642128834126, 0.0 ], [ -99.30321323752429, 19.529754427997723, 0.0 ], [ -99.303282788806555, 19.52986071354886, 0.0 ], [ -99.303392782409787, 19.530015947953441, 0.0 ], [ -99.303474130731303, 19.53014274686257, 0.0 ], [ -99.303569802451307, 19.530326219713999, 0.0 ], [ -99.303623033624035, 19.530471028610854, 0.0 ], [ -99.303692990067589, 19.530658848487171, 0.0 ], [ -99.303720371718143, 19.530736272856675, 0.0 ], [ -99.303740187597811, 19.530813709934193, 0.0 ], [ -99.303750916489975, 19.530886858369026, 0.0 ], [ -99.303757199778047, 19.531010226550947, 0.0 ], [ -99.303743593783011, 19.531340694017512, 0.0 ] ] ] } },
{ "type": "Feature", "properties": { "NOMBRE": "CALZ. DE LOS CABALLOS" }, "geometry": { "type": "MultiLineString", "coordinates": [ [ [ -99.303743593783011, 19.531340694017512, 0.0 ], [ -99.303719647828544, 19.531846602995948, 0.0 ], [ -99.303714002772594, 19.532064677208211, 0.0 ], [ -99.303716181239523, 19.532150751728032, 0.0 ], [ -99.303706240025122, 19.532229195217717, 0.0 ], [ -99.303645991958987, 19.532378498615593, 0.0 ], [ -99.303551477304111, 19.532545075178515, 0.0 ], [ -99.30350125608372, 19.532661843264364, 0.0 ], [ -99.303477220331956, 19.532755613191569, 0.0 ], [ -99.303475363545786, 19.532841694484357, 0.0 ], [ -99.303475424567736, 19.532959365608257, 0.0 ], [ -99.303460426754114, 19.533031122600423, 0.0 ], [ -99.30343280122456, 19.53309333654926, 0.0 ], [ -99.303379944822737, 19.533149615194706, 0.0 ], [ -99.303319475602891, 19.533180800466909, 0.0 ], [ -99.303247632949081, 19.533198853969505, 0.0 ], [ -99.303199733375166, 19.533208498569277, 0.0 ], [ -99.303151847180118, 19.533225316315068, 0.0 ], [ -99.303110281514137, 19.533250492159993, 0.0 ], [ -99.303071240928318, 19.533277337503701, 0.0 ], [ -99.303044831148156, 19.533315399645598, 0.0 ], [ -99.303025240045741, 19.533358471578602, 0.0 ], [ -99.303010191159885, 19.533402970530762, 0.0 ], [ -99.303009510825817, 19.533443858803111, 0.0 ], [ -99.303020966739311, 19.533501225044951, 0.0 ], [ -99.303037693387409, 19.533544953404856, 0.0 ], [ -99.303067268739596, 19.533581487037786, 0.0 ], [ -99.303096072791504, 19.533610131460058, 0.0 ], [ -99.303215049308108, 19.533712508385758, 0.0 ], [ -99.303339339542163, 19.533824201446809, 0.0 ], [ -99.303381028553758, 19.53386501860302, 0.0 ], [ -99.303409826012967, 19.533890076394055, 0.0 ], [ -99.303430311662751, 19.533920886678953, 0.0 ], [ -99.303454589671276, 19.533956711820398, 0.0 ], [ -99.303472818953864, 19.533994699068781, 0.0 ], [ -99.303489540415669, 19.53403555811909, 0.0 ], [ -99.303501738397216, 19.534085032579924, 0.0 ], [ -99.303506935579549, 19.534178285157818, 0.0 ], [ -99.303501067747959, 19.53427728489714, 0.0 ], [ -99.303470986146863, 19.534374890658135, 0.0 ], [ -99.303434811541621, 19.534450987103213, 0.0 ], [ -99.303389538983581, 19.534517056361459, 0.0 ], [ -99.303327639998571, 19.534593195965364, 0.0 ], [ -99.303236979530212, 19.534663645263102, 0.0 ], [ -99.303167455536794, 19.534708235614072, 0.0 ] ] ] } },
{ "type": "Feature", "properties": { "NOMBRE": "CALZ. DEL BOSQUE" }, "geometry": { "type": "MultiLineString", "coordinates": [ [ [ -99.303167455536794, 19.534708235614072, 0.0 ], [ -99.30293812279173, 19.534866669225668, 0.0 ], [ -99.302791016515215, 19.534962558141924, 0.0 ], [ -99.302704316843517, 19.53499330894331, 0.0 ], [ -99.302544990717678, 19.535028006991904, 0.0 ], [ -99.302228338061639, 19.535087835085722, 0.0 ], [ -99.302160777302646, 19.535103442122022, 0.0 ], [ -99.302095246224482, 19.535125549423853, 0.0 ], [ -99.302040827933382, 19.535156245946489, 0.0 ], [ -99.301979383577745, 19.535206082673238, 0.0 ], [ -99.301926030921635, 19.535267382949549, 0.0 ], [ -99.301865643275846, 19.53534304132091, 0.0 ], [ -99.301769047089294, 19.53547710199949, 0.0 ], [ -99.301707693123035, 19.535575716107591, 0.0 ], [ -99.301639366274657, 19.535671284461703, 0.0 ] ] ] } },
{ "type": "Feature", "properties": { "NOMBRE": "ISLAS SAMOA" }, "geometry": { "type": "MultiLineString", "coordinates": [ [ [ -99.301519274345296, 19.535851412124956, 0.0 ], [ -99.301428541090189, 19.536015101853145, 0.0 ], [ -99.301311533560238, 19.536158760569084, 0.0 ], [ -99.301171856475207, 19.536317998879209, 0.0 ], [ -99.301090061504297, 19.536410190978916, 0.0 ], [ -99.300991884377908, 19.536508387977122, 0.0 ], [ -99.30090000333206, 19.536601792319534, 0.0 ], [ -99.300851704932612, 19.536669061513422, 0.0 ], [ -99.300801407912971, 19.536746615578384, 0.0 ], [ -99.300777296531578, 19.536800693662336, 0.0 ], [ -99.300738598991217, 19.536877271979449, 0.0 ], [ -99.300687269141179, 19.536941916008079, 0.0 ], [ -99.300616798378513, 19.537020938222682, 0.0 ], [ -99.300536714631718, 19.537084195402453, 0.0 ], [ -99.300478776045253, 19.537121114069006, 0.0 ], [ -99.300324121387732, 19.537228490631957, 0.0 ], [ -99.300274769107219, 19.537271611719472, 0.0 ], [ -99.30019723630339, 19.537350645505882, 0.0 ], [ -99.300115691139695, 19.537442119433614, 0.0 ], [ -99.300064322876281, 19.537486200236, 0.0 ], [ -99.300003875249473, 19.537530296097067, 0.0 ], [ -99.2999030988165, 19.537587370594306, 0.0 ], [ -99.29982801003915, 19.537624317515302, 0.0 ], [ -99.299717150619472, 19.537684277910529, 0.0 ], [ -99.299610310504931, 19.537735623759211, 0.0 ], [ -99.299530736592899, 19.537802227135142, 0.0 ], [ -99.299503072611316, 19.537844833851182, 0.0 ], [ -99.29948599678842, 19.53788503195582, 0.0 ], [ -99.299473001194841, 19.537949612106381, 0.0 ], [ -99.299472103473121, 19.538009868299657, 0.0 ], [ -99.299490896228107, 19.538080134310679, 0.0 ], [ -99.299519726923123, 19.538123125600897, 0.0 ], [ -99.299578851311907, 19.538181847660759, 0.0 ], [ -99.299635907818626, 19.538213315049255, 0.0 ], [ -99.299688906127685, 19.538232355639579, 0.0 ], [ -99.299767601104421, 19.538236050806741, 0.0 ], [ -99.299968312014627, 19.538211807144378, 0.0 ], [ -99.300312362786855, 19.538160824191497, 0.0 ], [ -99.300419018853589, 19.538146300552409, 0.0 ], [ -99.300513594291985, 19.538145425980336, 0.0 ], [ -99.300604425158028, 19.538165359805575, 0.0 ], [ -99.300668806414492, 19.538202553223599, 0.0 ], [ -99.300730210383477, 19.538266292332988, 0.0 ], [ -99.300778799767727, 19.538355876192366, 0.0 ], [ -99.300847893559336, 19.538486313016595, 0.0 ], [ -99.300891875605984, 19.538539321304473, 0.0 ], [ -99.300935061192945, 19.538570811373365, 0.0 ], [ -99.301013821052848, 19.538609415353445, 0.0 ], [ -99.301557448409966, 19.53881150988602, 0.0 ], [ -99.302157883506098, 19.539045787076585, 0.0 ], [ -99.302178512647004, 19.539063119638644, 0.0 ], [ -99.302227550974067, 19.539122335888841, 0.0 ], [ -99.302264986958392, 19.539181093321584, 0.0 ], [ -99.302324688344072, 19.539278070437593, 0.0 ], [ -99.302368196052768, 19.539346860135637, 0.0 ], [ -99.302411680647168, 19.539403216354881, 0.0 ], [ -99.302442514862861, 19.539438074207585, 0.0 ], [ -99.302491515991861, 19.539477205549368, 0.0 ], [ -99.30256169627836, 19.539512953933251, 0.0 ], [ -99.302646991182769, 19.539539112739263, 0.0 ], [ -99.302805415403682, 19.539559410429383, 0.0 ], [ -99.302878080405733, 19.53957506963156, 0.0 ], [ -99.302924026653926, 19.53959890319846, 0.0 ], [ -99.30295433073276, 19.539619893709531, 0.0 ], [ -99.302983645618482, 19.539651406532347, 0.0 ], [ -99.303003383785807, 19.5396867611034, 0.0 ], [ -99.303009500994222, 19.539721182090481, 0.0 ], [ -99.302993503379497, 19.53979820100578, 0.0 ], [ -99.30296186443492, 19.539872855086617, 0.0 ], [ -99.302891399784713, 19.53995522563655, 0.0 ], [ -99.302850145663868, 19.540013158404669, 0.0 ], [ -99.30282349815657, 19.540059589603036, 0.0 ], [ -99.30280289737756, 19.540102663182271, 0.0 ], [ -99.302786365791889, 19.540163901985686, 0.0 ], [ -99.302782433889362, 19.54021938113377, 0.0 ], [ -99.302787120742877, 19.540298278212894, 0.0 ], [ -99.302799314997628, 19.540345600737567, 0.0 ], [ -99.302862034806736, 19.540505457435199, 0.0 ], [ -99.302913637830486, 19.540587145132527, 0.0 ], [ -99.302963698214967, 19.540653054414701, 0.0 ], [ -99.3029728874575, 19.540711859043881, 0.0 ], [ -99.302997276147892, 19.54080650406037, 0.0 ], [ -99.303001896208201, 19.540849535363733, 0.0 ], [ -99.302986881448518, 19.540912684483477, 0.0 ], [ -99.302976368968743, 19.540955741161959, 0.0 ], [ -99.302940101718988, 19.540983060037711, 0.0 ], [ -99.302873566689385, 19.541008995010596, 0.0 ], [ -99.302744940048711, 19.541009210577293, 0.0 ], [ -99.302632961880704, 19.541010832803138, 0.0 ], [ -99.302481582972405, 19.540982393588298, 0.0 ], [ -99.302398335280387, 19.54097249048813, 0.0 ], [ -99.302334969707061, 19.540978671529139, 0.0 ] ] ] } },
{ "type": "Feature", "properties": { "NOMBRE": "CALZ. DE LOS LLORONES" }, "geometry": { "type": "MultiLineString", "coordinates": [ [ [ -99.303732600085013, 19.531572959493197, 0.0 ], [ -99.303541662119912, 19.531569219436687, 0.0 ], [ -99.30346091703251, 19.531546400829324, 0.0 ], [ -99.303351851202436, 19.53148345989527, 0.0 ], [ -99.303236639978238, 19.53137079513823, 0.0 ], [ -99.303078953289599, 19.531200816066395, 0.0 ], [ -99.302975840619112, 19.531084305151552, 0.0 ], [ -99.302854641470489, 19.531006081454493, 0.0 ], [ -99.302567946542922, 19.530897529183228, 0.0 ], [ -99.302414520387899, 19.530848051859014, 0.0 ], [ -99.302188448435786, 19.530791044467094, 0.0 ], [ -99.302018939016122, 19.530772199273802, 0.0 ], [ -99.301863605756608, 19.530782022983111, 0.0 ], [ -99.301760753541544, 19.530805148899152, 0.0 ], [ -99.301629762170492, 19.5308857071837, 0.0 ], [ -99.301355695026388, 19.531058320711313, 0.0 ], [ -99.301255016156531, 19.531165608074314, 0.0 ], [ -99.301210750602351, 19.531230718707562, 0.0 ], [ -99.301180618517122, 19.531301544328237, 0.0 ], [ -99.301184972738184, 19.531473693478755, 0.0 ], [ -99.301199567231691, 19.531728078064443, 0.0 ], [ -99.301199762260879, 19.531833284427069, 0.0 ], [ -99.3011837778038, 19.531917476411316, 0.0 ], [ -99.301143607413678, 19.532015098631845, 0.0 ], [ -99.30107719802821, 19.532107026004439, 0.0 ], [ -99.30096645531637, 19.532227719908676, 0.0 ], [ -99.300865782557423, 19.532338832739871, 0.0 ], [ -99.300805411417613, 19.532423098566536, 0.0 ], [ -99.300741029865463, 19.532520760987193, 0.0 ], [ -99.300622432247806, 19.532758151524465, 0.0 ], [ -99.300568134775858, 19.532853884261669, 0.0 ], [ -99.300535991622311, 19.532928538810623, 0.0 ], [ -99.300511950577999, 19.533020395521298, 0.0 ], [ -99.300477895924288, 19.533152438697808, 0.0 ], [ -99.300446371147501, 19.533288781570722, 0.0 ], [ -99.300408736106164, 19.533394050802318, 0.0 ], [ -99.300335837569392, 19.533523289233443, 0.0 ], [ -99.300225135768827, 19.533666936797506, 0.0 ], [ -99.300165984156379, 19.533729202623299, 0.0 ], [ -99.300094200517336, 19.533779534100326, 0.0 ], [ -99.300036214862956, 19.533790390141927, 0.0 ], [ -99.299963073040814, 19.533788120485323, 0.0 ], [ -99.299889911358676, 19.533775091058502, 0.0 ], [ -99.299797801751538, 19.533744160076331, 0.0 ], [ -99.299669103644661, 19.533702529940808, 0.0 ], [ -99.299594681033923, 19.533689502484265, 0.0 ], [ -99.299531616152066, 19.533681238296438, 0.0 ], [ -99.299459766223521, 19.533695703720586, 0.0 ], [ -99.299304768081015, 19.533752150394104, 0.0 ], [ -99.299190103896152, 19.53379896592898, 0.0 ], [ -99.299123293441099, 19.533811031816992, 0.0 ], [ -99.299038815910208, 19.533815953729253, 0.0 ], [ -99.298902631179018, 19.533817374530287, 0.0 ], [ -99.298824456388459, 19.533821090388564, 0.0 ], [ -99.298732434883377, 19.533837979935242, 0.0 ], [ -99.298648018860078, 19.533876376417044, 0.0 ], [ -99.29854600165109, 19.533943494666051, 0.0 ], [ -99.298194702997748, 19.534226219801127, 0.0 ], [ -99.297932806639849, 19.534439456137555, 0.0 ], [ -99.297828304048096, 19.534526902099774, 0.0 ], [ -99.297745185695121, 19.534585620043103, 0.0 ], [ -99.297667060884862, 19.534616832523458, 0.0 ], [ -99.297590179520697, 19.534638478679106, 0.0 ], [ -99.297517046094129, 19.534640990144872, 0.0 ], [ -99.297437581414556, 19.5346291656349, 0.0 ], [ -99.297297572250628, 19.534591109133562, 0.0 ], [ -99.297210511011528, 19.534562559591819, 0.0 ], [ -99.297125965234471, 19.534530419280728, 0.0 ], [ -99.297066652519604, 19.534505410639831, 0.0 ], [ -99.297028770188348, 19.534476780168895, 0.0 ], [ -99.297002228084779, 19.534443348932481, 0.0 ], [ -99.296989519781619, 19.534389570940828, 0.0 ], [ -99.296985649375387, 19.534341756078394, 0.0 ], [ -99.297004139193945, 19.534292848420257, 0.0 ], [ -99.29702878035782, 19.534252159886279, 0.0 ], [ -99.297065012155301, 19.534205713751703, 0.0 ], [ -99.297097241112496, 19.534176968042328, 0.0 ], [ -99.297141056323554, 19.53414007367131, 0.0 ], [ -99.297211111831388, 19.534081945361553, 0.0 ] ] ] } },
{ "type": "Feature", "properties": { "NOMBRE": "CALZ. DE LOS LLORONES" }, "geometry": { "type": "MultiLineString", "coordinates": [ [ [ -99.297166894217099, 19.534036707460132, 0.0 ], [ -99.29706863958674, 19.534093058920519, 0.0 ], [ -99.296986788723288, 19.534155361026848, 0.0 ], [ -99.296928885746908, 19.534211646101475, 0.0 ], [ -99.29688116899581, 19.534321713301807, 0.0 ], [ -99.296881278234665, 19.53438148965083, 0.0 ], [ -99.296891466695982, 19.534436467320468, 0.0 ], [ -99.296905411931576, 19.534477092451045, 0.0 ], [ -99.29692691222327, 19.534511727515504, 0.0 ], [ -99.296962294407209, 19.534552317421177, 0.0 ], [ -99.29701028220093, 19.534590495543302, 0.0 ], [ -99.297074656414551, 19.53462506012675, 0.0 ], [ -99.297253833870201, 19.534688128636638, 0.0 ], [ -99.29737622499259, 19.534728575332799, 0.0 ], [ -99.297445608304173, 19.534744003052552, 0.0 ], [ -99.297533889075382, 19.534749835392439, 0.0 ], [ -99.297600713182888, 19.534744943247674, 0.0 ], [ -99.297696509555138, 19.534723265932055, 0.0 ], [ -99.297765814005132, 19.534695654562348, 0.0 ], [ -99.297876656794315, 19.534627326673942, 0.0 ], [ -99.298108342301816, 19.534442832982919, 0.0 ], [ -99.298557845214845, 19.534076258686849, 0.0 ], [ -99.298644719613236, 19.534003187800991, 0.0 ], [ -99.298721547772374, 19.533952848557107, 0.0 ], [ -99.298782031375026, 19.533928837971313, 0.0 ], [ -99.298841286955948, 19.533922762352766, 0.0 ], [ -99.298948473385437, 19.533923780624477, 0.0 ], [ -99.299036742750729, 19.53392363460194, 0.0 ], [ -99.299133836850316, 19.533922278400546, 0.0 ], [ -99.299233419898783, 19.53390298506989, 0.0 ], [ -99.299324001577261, 19.533857484624793, 0.0 ], [ -99.299403385584085, 19.53382567158231, 0.0 ], [ -99.299448745970778, 19.533806467948121, 0.0 ], [ -99.299489708309551, 19.533795640303342, 0.0 ], [ -99.299569773450941, 19.533791323259248, 0.0 ], [ -99.299692120340055, 19.533807857857525, 0.0 ], [ -99.299842263093637, 19.53385363675654, 0.0 ], [ -99.299895254478798, 19.53386968849728, 0.0 ], [ -99.299977869217813, 19.533880311171234, 0.0 ], [ -99.300034620413101, 19.533883803561707, 0.0 ], [ -99.300104594343551, 19.533877709736426, 0.0 ], [ -99.300139887719467, 19.533869880183385, 0.0 ], [ -99.300190915857414, 19.533847080360751, 0.0 ], [ -99.300243812266601, 19.533811724351523, 0.0 ], [ -99.300280935233545, 19.533770416881886, 0.0 ], [ -99.300408612868864, 19.533601037167426, 0.0 ], [ -99.30049476169809, 19.533477156566047, 0.0 ], [ -99.300524272162534, 19.533410755564557, 0.0 ], [ -99.300555660812407, 19.533337178252502, 0.0 ], [ -99.300587587026612, 19.533213387763862, 0.0 ], [ -99.300620086170071, 19.533058512524629, 0.0 ], [ -99.300645168687197, 19.532984347918624, 0.0 ], [ -99.300672776466342, 19.532911972403664, 0.0 ], [ -99.300706078556416, 19.532850347184752, 0.0 ], [ -99.300769531314529, 19.532727699737439, 0.0 ], [ -99.300933033638756, 19.532441098046096, 0.0 ], [ -99.300999719356312, 19.532362081996382, 0.0 ], [ -99.301091586904732, 19.532262699958235, 0.0 ], [ -99.301197285195286, 19.532141775278362, 0.0 ], [ -99.301219656111087, 19.5321015681745, 0.0 ], [ -99.301240763379781, 19.532059928537208, 0.0 ], [ -99.301273914822175, 19.531985272180979, 0.0 ], [ -99.301296499317644, 19.53192426248043, 0.0 ], [ -99.301302457553618, 19.531873322948638, 0.0 ], [ -99.30131220403014, 19.531825246374808, 0.0 ], [ -99.301311253230907, 19.531720519485081, 0.0 ], [ -99.301301119460121, 19.531583540531674, 0.0 ], [ -99.301301723073152, 19.53150104791661, 0.0 ], [ -99.301303023411151, 19.531386274813713, 0.0 ], [ -99.301305940666495, 19.531327449846032, 0.0 ], [ -99.301330766872169, 19.531251372715783, 0.0 ], [ -99.301371506547326, 19.531188898099643, 0.0 ], [ -99.301439493766537, 19.531132116584633, 0.0 ], [ -99.30151505872908, 19.531081778269726, 0.0 ], [ -99.301797704313472, 19.530911302135255, 0.0 ], [ -99.301864216752236, 19.530875325156636, 0.0 ], [ -99.30193530596307, 19.530859425423102, 0.0 ], [ -99.302026841486381, 19.53085353395716, 0.0 ], [ -99.30212369973755, 19.530861979915667, 0.0 ], [ -99.302238742606164, 19.530884741784771, 0.0 ], [ -99.302429518299832, 19.530947546715225, 0.0 ], [ -99.302641526497055, 19.531036139353755, 0.0 ], [ -99.302790710606857, 19.531109773303204, 0.0 ], [ -99.30288615081929, 19.531169150824478, 0.0 ], [ -99.302992275541015, 19.531278005345747, 0.0 ], [ -99.303147694698509, 19.531449183825259, 0.0 ], [ -99.303209087665394, 19.531507900949073, 0.0 ], [ -99.303270487371066, 19.531570204630984, 0.0 ], [ -99.303313668859772, 19.53160025954233, 0.0 ], [ -99.303381077111169, 19.53163888160125, 0.0 ], [ -99.303468902751206, 19.531671898185621, 0.0 ], [ -99.303559719605218, 19.531686092055661, 0.0 ], [ -99.303612185019233, 19.531690786059439, 0.0 ], [ -99.303726294948376, 19.531706168787661, 0.0 ] ] ] } },
{ "type": "Feature", "properties": { "NOMBRE": "CALZ. DE LOS CABALLOS" }, "geometry": { "type": "MultiLineString", "coordinates": [ [ [ -99.303743593783011, 19.531340694017512, 0.0 ], [ -99.303691018389117, 19.53115512775166, 0.0 ], [ -99.303620107013273, 19.53099624132787, 0.0 ], [ -99.303513893183663, 19.530839805211791, 0.0 ], [ -99.303374963658328, 19.530720485383213, 0.0 ], [ -99.303204554837308, 19.530625128858851, 0.0 ], [ -99.302838540803947, 19.530446412837403, 0.0 ], [ -99.302603801214161, 19.53033920819286, 0.0 ], [ -99.302362737099727, 19.530221254041692, 0.0 ], [ -99.302231539256283, 19.530190389646897, 0.0 ], [ -99.302015859272004, 19.530160861854309, 0.0 ], [ -99.301838065936735, 19.530162354344174, 0.0 ], [ -99.30172456386974, 19.530154175114482, 0.0 ], [ -99.301594631594014, 19.530125699204145, 0.0 ], [ -99.301430584667159, 19.530060218636024, 0.0 ], [ -99.301252609682081, 19.529963677328649, 0.0 ], [ -99.301069633155876, 19.529889859257839, 0.0 ], [ -99.30093089219794, 19.529870961782819, 0.0 ], [ -99.300832541802137, 19.529873516543386, 0.0 ], [ -99.300640484385724, 19.529921163139107, 0.0 ], [ -99.300459001686747, 19.529973111807184, 0.0 ], [ -99.300341076582981, 19.530027823980518, 0.0 ], [ -99.300239822591479, 19.530096854759169, 0.0 ], [ -99.300168866044771, 19.530184485455674, 0.0 ], [ -99.300066368952642, 19.530399851175769, 0.0 ], [ -99.299954263485759, 19.530647352707334, 0.0 ], [ -99.299907599181935, 19.53077941673417, 0.0 ], [ -99.29988201844337, 19.530856929568518, 0.0 ], [ -99.299860990402095, 19.53094160803116, 0.0 ], [ -99.299850615365429, 19.531059265468478, 0.0 ], [ -99.299843263994362, 19.531175483251374, 0.0 ], [ -99.299843444019757, 19.531273038260345, 0.0 ], [ -99.299852631554174, 19.531331843131202, 0.0 ], [ -99.299869376979501, 19.531386331552579, 0.0 ], [ -99.299895209355284, 19.531445108806494, 0.0 ], [ -99.299937697174258, 19.531509596967151, 0.0 ], [ -99.300007445875295, 19.53158695160452, 0.0 ], [ -99.300060547146288, 19.531662899212776, 0.0 ], [ -99.300093942828852, 19.531720229242875, 0.0 ], [ -99.300112214795121, 19.531781888287423, 0.0 ], [ -99.300122947427568, 19.531857906215382, 0.0 ], [ -99.300108027719872, 19.531972701926531, 0.0 ], [ -99.300067487402643, 19.532143491001616, 0.0 ], [ -99.29995620657516, 19.532519550517829, 0.0 ], [ -99.299905076375524, 19.532691791760151, 0.0 ], [ -99.299861384869914, 19.532795158087442, 0.0 ], [ -99.299811577054243, 19.532864103270242, 0.0 ], [ -99.299758708426808, 19.532914403239577, 0.0 ], [ -99.299669518152129, 19.532961894143757, 0.0 ], [ -99.299606006918609, 19.532984953617671, 0.0 ], [ -99.299534903314466, 19.532993679285575, 0.0 ], [ -99.299430483291403, 19.53298811375554, 0.0 ], [ -99.299065571789129, 19.532861035248814, 0.0 ], [ -99.298664328750945, 19.532725408213668, 0.0 ], [ -99.298605298988292, 19.532716897923134, 0.0 ], [ -99.298526600555363, 19.53270985473625, 0.0 ], [ -99.298443383677565, 19.532714296069994, 0.0 ], [ -99.298381359190643, 19.532723006292358, 0.0 ], [ -99.298261883968536, 19.53275906940447, 0.0 ], [ -99.297611729700748, 19.533039895275923, 0.0 ], [ -99.297463556154938, 19.533104697852092, 0.0 ], [ -99.297377396705286, 19.53315505191873, 0.0 ], [ -99.297332072129322, 19.533193861679461, 0.0 ], [ -99.297297360814071, 19.533244131066535, 0.0 ], [ -99.297264175785742, 19.533301571120674, 0.0 ], [ -99.297247617385565, 19.533348941367805, 0.0 ], [ -99.297238664269386, 19.533417818658219, 0.0 ], [ -99.297240306067877, 19.533488113160914, 0.0 ], [ -99.297266213968925, 19.533588495126153, 0.0 ], [ -99.297316416912906, 19.533734745498428, 0.0 ], [ -99.297368075366805, 19.533849431450978, 0.0 ] ] ] } },
{ "type": "Feature", "properties": { "NOMBRE": "LAGO ESMERALDA" }, "geometry": { "type": "MultiLineString", "coordinates": [ [ [ -99.272271410350996, 19.545138631851287, 0.0 ], [ -99.272333484357503, 19.544923284259802, 0.0 ], [ -99.272424041349851, 19.544779683983144, 0.0 ], [ -99.272643312356593, 19.544686101762146, 0.0 ], [ -99.272746690578515, 19.544668012747643, 0.0 ], [ -99.273157858072835, 19.544700866386378, 0.0 ], [ -99.273876797235744, 19.544773900817258, 0.0 ], [ -99.274098775209737, 19.544790301591483, 0.0 ], [ -99.274295422596055, 19.544742181879016, 0.0 ], [ -99.274466767478401, 19.544646279155664, 0.0 ], [ -99.274536910964684, 19.544550629719051, 0.0 ], [ -99.27458850590628, 19.544485992628374, 0.0 ], [ -99.274617379211762, 19.544408239221998, 0.0 ], [ -99.274623518774618, 19.544310196342135, 0.0 ], [ -99.274627166515501, 19.544230090215208, 0.0 ], [ -99.274597969741606, 19.544116559142804, 0.0 ], [ -99.274489248679174, 19.543957718725125, 0.0 ], [ -99.274434862969954, 19.543863354388844, 0.0 ], [ -99.274400680711167, 19.543784501254493, 0.0 ], [ -99.274358887626633, 19.543679357985045, 0.0 ], [ -99.274330960291934, 19.543570607056527, 0.0 ], [ -99.274266283990897, 19.543356505912087, 0.0 ], [ -99.274190372674155, 19.543210168559717, 0.0 ], [ -99.274086208621156, 19.54313560591147, 0.0 ], [ -99.273956838498449, 19.543070047909268, 0.0 ], [ -99.27381478727736, 19.542962665436665, 0.0 ], [ -99.273644186036591, 19.542750717101089, 0.0 ], [ -99.273486346863848, 19.542628414130832, 0.0 ], [ -99.273315892293553, 19.542503141274654, 0.0 ], [ -99.272990948155467, 19.542372124090331, 0.0 ], [ -99.27273230547911, 19.542297793988109, 0.0 ], [ -99.272517880329815, 19.542271218083105, 0.0 ], [ -99.272309755527658, 19.542241643598313, 0.0 ], [ -99.27215837340988, 19.542208994578818, 0.0 ], [ -99.271994345727833, 19.542155442666981, 0.0 ], [ -99.271502093417922, 19.5418931660958, 0.0 ], [ -99.270523829085604, 19.541326755901878, 0.0 ], [ -99.269649707184556, 19.540819961511318, 0.0 ], [ -99.269465385730598, 19.540757919391616, 0.0 ], [ -99.269324112751505, 19.540736610448551, 0.0 ], [ -99.269101961544919, 19.540733833059669, 0.0 ], [ -99.268946174528722, 19.540781408077788, 0.0 ], [ -99.268720941377708, 19.540928076305864, 0.0 ], [ -99.268197965258466, 19.54129899004208, 0.0 ], [ -99.267577534777502, 19.541763298118511, 0.0 ], [ -99.26741502993211, 19.541867549989099, 0.0 ], [ -99.267237297756637, 19.541914438704133, 0.0 ], [ -99.267093543220426, 19.541918237868742, 0.0 ], [ -99.266896741774048, 19.541871902944866, 0.0 ], [ -99.266711289939622, 19.541825551051531, 0.0 ], [ -99.266461559690853, 19.54180081335149, 0.0 ], [ -99.266280044132486, 19.541847706706974, 0.0 ], [ -99.265932215858513, 19.541984509651073, 0.0 ], [ -99.26515364437833, 19.542297767505683, 0.0 ], [ -99.265047812937311, 19.542357699394191, 0.0 ], [ -99.265006521184816, 19.542401277331443, 0.0 ], [ -99.264988423954421, 19.542439321794472, 0.0 ], [ -99.264985459448155, 19.542477344061666, 0.0 ], [ -99.264999129244103, 19.54250816873898, 0.0 ], [ -99.265035495811105, 19.542537525483191, 0.0 ], [ -99.265111175896976, 19.542547456918061, 0.0 ], [ -99.265240543238647, 19.542536507254802, 0.0 ], [ -99.265533965859177, 19.542442824752875, 0.0 ], [ -99.266160068110935, 19.542202318879191, 0.0 ], [ -99.26640354285594, 19.542103328652534, 0.0 ], [ -99.266648633633437, 19.542067101143786, 0.0 ], [ -99.266892274692026, 19.542069610680603, 0.0 ], [ -99.267036044703673, 19.54207513680112, 0.0 ], [ -99.267166202381006, 19.542084986851194, 0.0 ], [ -99.267297837919912, 19.542073315046302, 0.0 ], [ -99.267459665569604, 19.542017124666483, 0.0 ], [ -99.267638075213881, 19.541922174346041, 0.0 ], [ -99.268300075827, 19.541430546212744, 0.0 ], [ -99.268869882416922, 19.541010784800029, 0.0 ], [ -99.269039253352318, 19.540941670045406, 0.0 ], [ -99.269143623008972, 19.540914256480498, 0.0 ], [ -99.269304004583546, 19.540899671125437, 0.0 ], [ -99.269443269545945, 19.540926721630012, 0.0 ], [ -99.269609847041124, 19.540998205060603, 0.0 ], [ -99.27032023171482, 19.541397407704896, 0.0 ], [ -99.271130612793968, 19.541866754733807, 0.0 ], [ -99.271665321577061, 19.542180137243601, 0.0 ], [ -99.271794059953706, 19.542245936967049, 0.0 ], [ -99.271957613274054, 19.54231742274699, 0.0 ], [ -99.272242209217765, 19.542377248925181, 0.0 ], [ -99.272773521707109, 19.542468264367141, 0.0 ], [ -99.272947629998384, 19.542516779102762, 0.0 ], [ -99.273077838997111, 19.542556752200326, 0.0 ], [ -99.273267167119769, 19.542656890577025, 0.0 ], [ -99.273442914654893, 19.54278000350849, 0.0 ], [ -99.273788633175684, 19.543189786279747, 0.0 ], [ -99.274164805620529, 19.543709989221757, 0.0 ], [ -99.274459095585868, 19.544131325765679, 0.0 ], [ -99.274492543132169, 19.544223091736967, 0.0 ], [ -99.274498715130335, 19.544293379586883, 0.0 ], [ -99.274489756663144, 19.54436512506301, 0.0 ], [ -99.274456609793717, 19.544451253659869, 0.0 ], [ -99.27440979235044, 19.544507275633194, 0.0 ], [ -99.274352381834291, 19.544563313681746, 0.0 ], [ -99.274240502457133, 19.544625172954674, 0.0 ], [ -99.274116463366639, 19.544655488589697, 0.0 ], [ -99.2739863129555, 19.544651382113859, 0.0 ], [ -99.273744145050685, 19.544627360394642, 0.0 ], [ -99.272932885351281, 19.544548248165182, 0.0 ], [ -99.272816349847318, 19.544541251000627, 0.0 ], [ -99.272725545126818, 19.544537084193298, 0.0 ], [ -99.272621152102289, 19.544551588132986, 0.0 ], [ -99.272498640489104, 19.544590508179574, 0.0 ], [ -99.272412474310784, 19.544645154353383, 0.0 ], [ -99.272335426334067, 19.544722740939918, 0.0 ], [ -99.272265949565281, 19.544803185358031, 0.0 ], [ -99.27220861035434, 19.544902261747438, 0.0 ], [ -99.272181505726323, 19.544982642281514, 0.0 ], [ -99.272153302332654, 19.545117821910296, 0.0 ] ] ] } },
{ "type": "Feature", "properties": { "NOMBRE": "LAGO ESMERALDA" }, "geometry": { "type": "MultiLineString", "coordinates": [ [ [ -99.265070276625835, 19.543441690203352, 0.0 ], [ -99.265007251980137, 19.543351317714624, 0.0 ], [ -99.264920739809313, 19.543195069014264, 0.0 ], [ -99.264900915040101, 19.543101846589796, 0.0 ], [ -99.264900732485472, 19.542989945064075, 0.0 ], [ -99.264920269344984, 19.54290670739092, 0.0 ], [ -99.264947358522463, 19.542814850809549, 0.0 ], [ -99.265013785809813, 19.542718632610036, 0.0 ], [ -99.265124102666746, 19.542625219262838, 0.0 ], [ -99.265259204743458, 19.542530549120567, 0.0 ] ] ] } },
{ "type": "Feature", "properties": { "NOMBRE": "LAGO ESMERALDA" }, "geometry": { "type": "MultiLineString", "coordinates": [ [ [ -99.265232709444803, 19.542265955922549, 0.0 ], [ -99.265091901378824, 19.542289202455883, 0.0 ], [ -99.264945583356266, 19.542267897502754, 0.0 ], [ -99.264844647905335, 19.542236961654819, 0.0 ], [ -99.264753785370331, 19.542196446732966, 0.0 ], [ -99.264693172696184, 19.54214632319362, 0.0 ], [ -99.264617365020214, 19.542057964860394, 0.0 ], [ -99.264561660326621, 19.541924146836521, 0.0 ], [ -99.264546360148515, 19.54182135347369, 0.0 ], [ -99.264565551166157, 19.541628473610022, 0.0 ] ] ] } },
{ "type": "Feature", "properties": { "NOMBRE": "LAGO AZUL" }, "geometry": { "type": "MultiLineString", "coordinates": [ [ [ -99.269625726887512, 19.540811889819427, 0.0 ], [ -99.269536466457609, 19.540722907927446, 0.0 ], [ -99.269503027208827, 19.540634010230441, 0.0 ], [ -99.269474034921174, 19.54048915499795, 0.0 ], [ -99.269443177163296, 19.540131976055509, 0.0 ], [ -99.269426198199682, 19.53993115199178, 0.0 ], [ -99.269426081579141, 19.539860854881006, 0.0 ], [ -99.269447133765198, 19.539780483734962, 0.0 ], [ -99.269487870042184, 19.539707256422552, 0.0 ], [ -99.269564928953812, 19.53963684419428, 0.0 ], [ -99.269702548591866, 19.539584991851772, 0.0 ], [ -99.270573781335116, 19.539345539383419, 0.0 ], [ -99.271547854280684, 19.539071496897698, 0.0 ], [ -99.271866963152064, 19.538960549915359, 0.0 ], [ -99.272092238773027, 19.53884257049581, 0.0 ], [ -99.272273548410041, 19.538675879343572, 0.0 ], [ -99.272397376385996, 19.538522186414639, 0.0 ], [ -99.27246675417652, 19.538384356531861, 0.0 ], [ -99.272528483841498, 19.53819776044913, 0.0 ], [ -99.272556948773541, 19.538026995541841, 0.0 ], [ -99.27256879460883, 19.537872036718767, 0.0 ], [ -99.272564088806277, 19.537773053760159, 0.0 ], [ -99.272521417526377, 19.537593788300672, 0.0 ], [ -99.272440927745976, 19.537421753038572, 0.0 ], [ -99.272302868298169, 19.537209634610896, 0.0 ], [ -99.272172521957103, 19.537085017410746, 0.0 ], [ -99.271977104911912, 19.536959063417509, 0.0 ], [ -99.271737850393905, 19.536860433266401, 0.0 ], [ -99.2715773867005, 19.536823373872771, 0.0 ], [ -99.271282284884478, 19.53680947071819, 0.0 ], [ -99.27119903624542, 19.536796683918556, 0.0 ], [ -99.271139996735286, 19.536782426120844, 0.0 ], [ -99.271091609628186, 19.53680401829444, 0.0 ], [ -99.271031147868499, 19.536844278869086, 0.0 ], [ -99.270944939794632, 19.536871666277349, 0.0 ], [ -99.26953584669279, 19.53727201722155, 0.0 ], [ -99.26940072561024, 19.537308562891077, 0.0 ], [ -99.269315959662535, 19.537293386422913, 0.0 ], [ -99.269227152124316, 19.537274390232383, 0.0 ], [ -99.269136377685797, 19.537286002557167, 0.0 ], [ -99.269067866903697, 19.537339664430071, 0.0 ], [ -99.269043772536463, 19.537410475822178, 0.0 ], [ -99.269043870757301, 19.537469774083252, 0.0 ], [ -99.269078265613587, 19.537527108427682, 0.0 ], [ -99.269118681709728, 19.537565305279962, 0.0 ], [ -99.269199418850746, 19.537584313544134, 0.0 ], [ -99.269237753938256, 19.537584256433306, 0.0 ], [ -99.269298235451998, 19.537555473535846, 0.0 ], [ -99.269342521937503, 19.537494196276473, 0.0 ], [ -99.269368671886909, 19.537446336004074, 0.0 ], [ -99.2702620574224, 19.537188679983249, 0.0 ], [ -99.27076419884159, 19.537038725885822, 0.0 ], [ -99.271121153169688, 19.536938722421773, 0.0 ], [ -99.271292616392515, 19.53691742373147, 0.0 ], [ -99.271482270183952, 19.536915226069446, 0.0 ], [ -99.271633637028586, 19.536941778536136, 0.0 ], [ -99.271766864470464, 19.536979835264862, 0.0 ], [ -99.271928402821644, 19.537056106327768, 0.0 ], [ -99.272106172087746, 19.537185912648287, 0.0 ], [ -99.272237539299198, 19.537317701549679, 0.0 ], [ -99.27236095486505, 19.537520277838937, 0.0 ], [ -99.272419722931659, 19.537673217368159, 0.0 ], [ -99.272450228126615, 19.537816635231291, 0.0 ], [ -99.272454507261685, 19.537962005480981, 0.0 ], [ -99.272446638841473, 19.538082526976378, 0.0 ], [ -99.272402555490245, 19.538264314305934, 0.0 ], [ -99.27234627956274, 19.538394473015121, 0.0 ], [ -99.272229541454152, 19.538564892678092, 0.0 ], [ -99.272040183721415, 19.53874498586217, 0.0 ], [ -99.271880962271396, 19.53884851946032, 0.0 ], [ -99.271691434227847, 19.538927231423607, 0.0 ], [ -99.270497531870888, 19.539258032998866, 0.0 ], [ -99.269545642290069, 19.539527254628812, 0.0 ], [ -99.269511361111199, 19.539538782871368, 0.0 ], [ -99.269442728922087, 19.539519756711343, 0.0 ], [ -99.269392246169758, 19.539494964913491, 0.0 ], [ -99.269341791983237, 19.539487388721223, 0.0 ], [ -99.269287321511669, 19.539491295608528, 0.0 ], [ -99.269240950216783, 19.539512406074184, 0.0 ], [ -99.269212760048745, 19.539546879400994, 0.0 ], [ -99.26919670119949, 19.539596637461791, 0.0 ], [ -99.269196793146847, 19.539652110014504, 0.0 ], [ -99.269198867880078, 19.53968653824807, 0.0 ], [ -99.269227188084614, 19.539730491635229, 0.0 ], [ -99.269253465270864, 19.539759145251285, 0.0 ], [ -99.269275694453071, 19.5397801534906, 0.0 ], [ -99.269304062273406, 19.539852799563583, 0.0 ], [ -99.269363377217019, 19.540336662516975, 0.0 ], [ -99.269365550350585, 19.54043038898558, 0.0 ], [ -99.269349558088123, 19.540520316830673, 0.0 ], [ -99.269317395868825, 19.540593053115781, 0.0 ], [ -99.269263039202031, 19.540665822470856, 0.0 ], [ -99.269210896264397, 19.5407351950224, 0.0 ] ] ] } },
{ "type": "Feature", "properties": { "NOMBRE": "PASEO DE LA HDA. DE ECHEGARAY" }, "geometry": { "type": "MultiLineString", "coordinates": [ [ [ -99.233383898875502, 19.487153409615022, 0.0 ], [ -99.233447294710999, 19.486746344038348, 0.0 ] ] ] } },
{ "type": "Feature", "properties": { "NOMBRE": "PASEO DE LAS VILLAS" }, "geometry": { "type": "MultiLineString", "coordinates": [ [ [ -99.22938487937995, 19.607712117620871, 0.0 ], [ -99.229774449175949, 19.606954207410908, 0.0 ], [ -99.23035201091416, 19.60577873714562, 0.0 ], [ -99.230737052073039, 19.60503314869645, 0.0 ], [ -99.230753689653952, 19.604941349279073, 0.0 ], [ -99.23046847398075, 19.602666498203181, 0.0 ], [ -99.230380928614352, 19.602144427284426, 0.0 ], [ -99.230309624696105, 19.601523089780216, 0.0 ], [ -99.230244262770995, 19.601411136821639, 0.0 ], [ -99.230149190879899, 19.601355160313037, 0.0 ], [ -99.229849120223733, 19.601313177918907, 0.0 ], [ -99.229347021799043, 19.601237609581784, 0.0 ], [ -99.229210355955644, 19.601164840038461, 0.0 ], [ -99.229082603101986, 19.601064082154895, 0.0 ], [ -99.228937024268831, 19.600862566198376, 0.0 ], [ -99.228818184404957, 19.600602274381114, 0.0 ], [ -99.228761735469647, 19.600333585611935, 0.0 ], [ -99.228791445435618, 19.599342791897822, 0.0 ], [ -99.228800358425389, 19.599152469242934, 0.0 ], [ -99.228877604336873, 19.598976140700017, 0.0 ], [ -99.229082603101986, 19.598595494297744, 0.0 ], [ -99.22926086289776, 19.598298813389242, 0.0 ], [ -99.229459919669651, 19.598066506258288, 0.0 ], [ -99.22958470152669, 19.597965746434603, 0.0 ], [ -99.229673831424549, 19.597909768727522, 0.0 ], [ -99.229691657404175, 19.597839796566227, 0.0 ], [ -99.229647092455195, 19.597758628821005, 0.0 ], [ -99.229574085165467, 19.597681006295435, 0.0 ], [ -99.229526549219941, 19.597515311932796, 0.0 ], [ -99.229673910651115, 19.597022706063267, 0.0 ], [ -99.229811764893142, 19.596525620430032, 0.0 ], [ -99.229911590378734, 19.59608227248885, 0.0 ], [ -99.229902083189671, 19.595804619620885, 0.0 ], [ -99.229830779271339, 19.595629966765024, 0.0 ], [ -99.229697678623808, 19.595447756612341, 0.0 ], [ -99.229596664739574, 19.59534139728818, 0.0 ], [ -99.229516447831458, 19.595268625078486, 0.0 ], [ -99.229492679858708, 19.595195852835879, 0.0 ], [ -99.22950753484173, 19.595055906122909, 0.0 ], [ -99.229635287695302, 19.594854382642659, 0.0 ], [ -99.229745214569334, 19.59467804939036, 0.0 ], [ -99.229843257457034, 19.594395355995559, 0.0 ], [ -99.229825078601763, 19.594217259389524, 0.0 ] ] ] } },
{ "type": "Feature", "properties": { "NOMBRE": "PASEO DE LAS VILLAS" }, "geometry": { "type": "MultiLineString", "coordinates": [ [ [ -99.229210477118798, 19.607637933465202, 0.0 ], [ -99.229443955514583, 19.607350432245802, 0.0 ], [ -99.229953778530373, 19.606279078047031, 0.0 ], [ -99.230000126077258, 19.605872700449677, 0.0 ], [ -99.230046473624199, 19.605630888499537, 0.0 ], [ -99.230285341750459, 19.605187565647046, 0.0 ], [ -99.230460036350308, 19.604824846040653, 0.0 ], [ -99.230570557423704, 19.604636768885779, 0.0 ], [ -99.230499253505371, 19.603985214184402, 0.0 ], [ -99.230296037338292, 19.602379825875531, 0.0 ], [ -99.229465346690077, 19.60156369136736, 0.0 ], [ -99.228780829074367, 19.60095578601857, 0.0 ], [ -99.228688133980597, 19.600885255415072, 0.0 ], [ -99.228613264866397, 19.600784497356425, 0.0 ], [ -99.228627525650069, 19.600646794574249, 0.0 ], [ -99.228652482021459, 19.600159795984439, 0.0 ], [ -99.228670308001043, 19.599185794382926, 0.0 ], [ -99.22874874231114, 19.598967482870261, 0.0 ], [ -99.229237174151507, 19.598060647262997, 0.0 ], [ -99.229640041289954, 19.596747405898949, 0.0 ], [ -99.2296828236409, 19.596492145464101, 0.0 ], [ -99.229593693742984, 19.595474458389749, 0.0 ], [ -99.229436825122761, 19.595380414374816, 0.0 ], [ -99.229290652090228, 19.595410642814244, 0.0 ], [ -99.229087435923063, 19.595659187544598, 0.0 ], [ -99.228909176127345, 19.595853992605512, 0.0 ], [ -99.228738046723393, 19.596038721324824, 0.0 ], [ -99.228580764045759, 19.596016175924316, 0.0 ] ] ] } },
{ "type": "Feature", "properties": { "NOMBRE": "AV. SIEMPRE VIVA" }, "geometry": { "type": "MultiLineString", "coordinates": [ [ [ -99.223220972876135, 19.603017885949544, 0.0 ], [ -99.222853532412472, 19.60315884423245, 0.0 ], [ -99.222739446143208, 19.603217059148264, 0.0 ], [ -99.222649127846722, 19.603369313443782, 0.0 ], [ -99.222563563144718, 19.603463352789593, 0.0 ], [ -99.222401940929942, 19.603588738498665, 0.0 ], [ -99.222316376227937, 19.603669343545643, 0.0 ], [ -99.222183275580477, 19.603920114544831, 0.0 ], [ -99.222005903122351, 19.604274298061352, 0.0 ] ] ] } },
{ "type": "Feature", "properties": { "NOMBRE": "AV. TECOLOAPAN" }, "geometry": { "type": "MultiLineString", "coordinates": [ [ [ -99.225086508404075, 19.605628207774782, 0.0 ], [ -99.224948283078945, 19.605687725535539, 0.0 ], [ -99.224888863146987, 19.605694442536699, 0.0 ], [ -99.224667821000295, 19.605595926491763, 0.0 ], [ -99.223555479874776, 19.605038414100523, 0.0 ], [ -99.222359950844648, 19.604454031568057, 0.0 ], [ -99.222005903122351, 19.604274298061352, 0.0 ], [ -99.221240479327349, 19.603905471320285, 0.0 ], [ -99.220187558133787, 19.603446470492162, 0.0 ], [ -99.220090037634421, 19.603428209679628, 0.0 ], [ -99.219977063024942, 19.603459274953661, 0.0 ], [ -99.219885556329814, 19.603481665266518, 0.0 ], [ -99.219706108135412, 19.603431287058136, 0.0 ], [ -99.219146372376699, 19.603266718134059, 0.0 ], [ -99.218926518628592, 19.603090953859144, 0.0 ], [ -99.21869002729963, 19.602865930526139, 0.0 ], [ -99.218516521098394, 19.602598365058888, 0.0 ], [ -99.218316870127168, 19.602174065769809, 0.0 ], [ -99.21798411850844, 19.60149115427372, 0.0 ], [ -99.217791597929008, 19.6011161114813, 0.0 ], [ -99.217453399483134, 19.600412484063039, 0.0 ], [ -99.217278428941569, 19.600023882933041, 0.0 ], [ -99.217059801854134, 19.599529838731158, 0.0 ], [ -99.216938585193049, 19.599328320853264, 0.0 ], [ -99.216890159253708, 19.599249308380887, 0.0 ], [ -99.216603456776994, 19.598873785157373, 0.0 ], [ -99.216569102778976, 19.598835149106872, 0.0 ], [ -99.216427573778489, 19.59871257021797, 0.0 ], [ -99.215391290165869, 19.598029644030476, 0.0 ], [ -99.215046654560766, 19.597792298512786, 0.0 ], [ -99.215243928734765, 19.597407171078991, 0.0 ], [ -99.215614709109886, 19.596876499791072, 0.0 ], [ -99.215945083931388, 19.59640404413399, 0.0 ], [ -99.216284965941938, 19.596039065591523, 0.0 ], [ -99.21666525350625, 19.595700955896536, 0.0 ], [ -99.217260938323705, 19.595229896254676, 0.0 ], [ -99.217535458409174, 19.59494440489177, 0.0 ], [ -99.218230671612616, 19.594501052594847, 0.0 ], [ -99.218975797558841, 19.594071134049738, 0.0 ], [ -99.219236056860652, 19.593926708030843, 0.0 ], [ -99.219478490182865, 19.593718465635831, 0.0 ], [ -99.219671010762312, 19.593479994175286, 0.0 ], [ -99.220073877900674, 19.592885493361873, 0.0 ], [ -99.220280659263764, 19.59251266969769, 0.0 ], [ -99.220430397492208, 19.592264120108595, 0.0 ], [ -99.220494571018648, 19.591958470763309, 0.0 ] ] ] } },
{ "type": "Feature", "properties": { "NOMBRE": "JUAN ALDAMA" }, "geometry": { "type": "MultiLineString", "coordinates": [ [ [ -99.226943757956676, 19.590447794113349, 0.0 ], [ -99.224725270171376, 19.590356283974895, 0.0 ] ] ] } },
{ "type": "Feature", "properties": { "NOMBRE": "MANUEL DOBLADO" }, "geometry": { "type": "MultiLineString", "coordinates": [ [ [ -99.224757974901848, 19.590990472845235, 0.0 ], [ -99.224725270171376, 19.590356283974895, 0.0 ] ] ] } },
{ "type": "Feature", "properties": { "NOMBRE": "AV. NACIONAL" }, "geometry": { "type": "MultiLineString", "coordinates": [ [ [ -99.224757974901848, 19.590990472845235, 0.0 ], [ -99.224279446383505, 19.591062799148204, 0.0 ], [ -99.222603804303347, 19.591488247332133, 0.0 ], [ -99.221817101792382, 19.591684518662074, 0.0 ], [ -99.221243087862419, 19.591807332732213, 0.0 ], [ -99.220494571018648, 19.591958470763309, 0.0 ], [ -99.219852661455519, 19.591763481852183, 0.0 ], [ -99.219063564759665, 19.591530605488895, 0.0 ], [ -99.218554930142375, 19.591418645579026, 0.0 ], [ -99.218198410550926, 19.591373861593262, 0.0 ], [ -99.217105083803588, 19.59101558925855, 0.0 ] ] ] } },
{ "type": "Feature", "properties": { "NOMBRE": "NICOLAS BRAVO" }, "geometry": { "type": "MultiLineString", "coordinates": [ [ [ -99.226801631366811, 19.593073195193018, 0.0 ], [ -99.225293091002143, 19.593051479852022, 0.0 ], [ -99.224728601648962, 19.59309346440142, 0.0 ] ] ] } },
{ "type": "Feature", "properties": { "NOMBRE": "AV. SAN JOSÉ DEL JARAL" }, "geometry": { "type": "MultiLineString", "coordinates": [ [ [ -99.224522293624062, 19.591026094457771, 0.0 ], [ -99.224551649091666, 19.591299342879168, 0.0 ], [ -99.224620100853258, 19.592010063592419, 0.0 ], [ -99.224728601648962, 19.59309346440142, 0.0 ], [ -99.224677975866982, 19.593271786655944, 0.0 ], [ -99.224585280773141, 19.593402778234772, 0.0 ], [ -99.224275108728548, 19.593688272332212, 0.0 ], [ -99.224039805798142, 19.593893156019377, 0.0 ], [ -99.223733198949418, 19.594232389092078, 0.0 ], [ -99.223162767602958, 19.595001538658124, 0.0 ], [ -99.222235816665034, 19.596247620328551, 0.0 ], [ -99.221725993649187, 19.596838750038145, 0.0 ], [ -99.221465734347376, 19.59713431407862, 0.0 ], [ -99.221094953972198, 19.59759781114008, 0.0 ], [ -99.220599391739938, 19.598088176143065, 0.0 ], [ -99.220421131944221, 19.598313206157862, 0.0 ], [ -99.220387460649405, 19.598395754402816, 0.0 ], [ -99.220556688615545, 19.598843574162085, 0.0 ], [ -99.220627041814936, 19.59912659560711, 0.0 ], [ -99.220750635273305, 19.599610238696531, 0.0 ], [ -99.220748733835492, 19.599826981979664, 0.0 ], [ -99.220674577760462, 19.60009388033226, 0.0 ], [ -99.220581407307236, 19.600724403541108, 0.0 ], [ -99.220332318952643, 19.601503597843006, 0.0 ], [ -99.220135900425689, 19.602099843133526, 0.0 ], [ -99.220088364480105, 19.602364050859752, 0.0 ], [ -99.220188189965782, 19.602538696406821, 0.0 ], [ -99.220249986694952, 19.602681995175502, 0.0 ], [ -99.220283261856821, 19.602887986932053, 0.0 ], [ -99.220240479505847, 19.603031285389648, 0.0 ], [ -99.220207204343978, 19.603179061790343, 0.0 ], [ -99.220090037634421, 19.603428209679628, 0.0 ] ] ] } },
{ "type": "Feature", "properties": { "NOMBRE": "CAMPANITAS" }, "geometry": { "type": "MultiLineString", "coordinates": [ [ [ -99.218629281135421, 19.598317162936798, 0.0 ], [ -99.218244120323959, 19.598825474804354, 0.0 ], [ -99.218031159287904, 19.599106705007671, 0.0 ], [ -99.217790141646489, 19.599442789075884, 0.0 ], [ -99.21729571045708, 19.60006226438691, 0.0 ] ] ] } },
{ "type": "Feature", "properties": { "NOMBRE": "TULIPÁN" }, "geometry": { "type": "MultiLineString", "coordinates": [ [ [ -99.223201656673595, 19.594949102119724, 0.0 ], [ -99.222738049775174, 19.59460390259941, 0.0 ], [ -99.22247957307134, 19.594332404866961, 0.0 ], [ -99.22221515437424, 19.594013324472247, 0.0 ], [ -99.22172196893932, 19.593478723445941, 0.0 ], [ -99.221273348453281, 19.593050481552368, 0.0 ], [ -99.221205015531595, 19.592983306250041, 0.0 ], [ -99.220884147899199, 19.5928909401635, 0.0 ], [ -99.220177885352243, 19.592697969610711, 0.0 ] ] ] } },
{ "type": "Feature", "properties": { "NOMBRE": "AZALEA" }, "geometry": { "type": "MultiLineString", "coordinates": [ [ [ -99.222390710861617, 19.589416407747763, 0.0 ], [ -99.220723060463754, 19.590024072013236, 0.0 ], [ -99.219962485335159, 19.590091248550458, 0.0 ], [ -99.218498869453271, 19.589955691028837, 0.0 ] ] ] } },
{ "type": "Feature", "properties": { "NOMBRE": "AV. LIMA" }, "geometry": { "type": "MultiLineString", "coordinates": [ [ [ -99.22271308590949, 19.591460500593186, 0.0 ], [ -99.222609849721252, 19.590632884594804, 0.0 ], [ -99.222395937778302, 19.589446098834308, 0.0 ], [ -99.222372367850909, 19.589312211683875, 0.0 ], [ -99.222125180879658, 19.58915994409811, 0.0 ], [ -99.221378866374067, 19.588725532846329, 0.0 ], [ -99.220385364905624, 19.58820155071594, 0.0 ] ] ] } },
{ "type": "Feature", "properties": { "NOMBRE": "TEPOZÁN" }, "geometry": { "type": "MultiLineString", "coordinates": [ [ [ -99.22140966482786, 19.585995627981912, 0.0 ], [ -99.220744095119613, 19.587366545713465, 0.0 ], [ -99.220385364905624, 19.58820155071594, 0.0 ], [ -99.220059577503918, 19.588844447451912, 0.0 ], [ -99.219926476856386, 19.589175853858446, 0.0 ], [ -99.219859926532649, 19.589408733628005, 0.0 ], [ -99.219646014777737, 19.589901362799537, 0.0 ], [ -99.219599000920056, 19.590057583275637, 0.0 ] ] ] } },
{ "type": "Feature", "properties": { "NOMBRE": "AV. OLÍMPICA" }, "geometry": { "type": "MultiLineString", "coordinates": [ [ [ -99.225085576774987, 19.58082575016552, 0.0 ], [ -99.225062522850209, 19.581069300699429, 0.0 ], [ -99.224919915013601, 19.581757897168174, 0.0 ], [ -99.224581221401607, 19.582768952990225, 0.0 ] ] ] } },
{ "type": "Feature", "properties": { "NOMBRE": "MIRADOR UNO" }, "geometry": { "type": "MultiLineString", "coordinates": [ [ [ -99.224581221401607, 19.582768952990225, 0.0 ], [ -99.224683423684553, 19.58298364758177, 0.0 ], [ -99.224766611589217, 19.583148237244298, 0.0 ], [ -99.224921103412228, 19.583428151250153, 0.0 ], [ -99.22509460961345, 19.583992456406815, 0.0 ] ] ] } },
{ "type": "Feature", "properties": { "NOMBRE": "ENRIQUE BARRERA" }, "geometry": { "type": "MultiLineString", "coordinates": [ [ [ -99.22509460961345, 19.583992456406815, 0.0 ], [ -99.224568149016605, 19.584037242445746, 0.0 ], [ -99.224247281384208, 19.584178318386698, 0.0 ], [ -99.223534242201126, 19.584604904408849, 0.0 ], [ -99.223124244670913, 19.584920644516451, 0.0 ], [ -99.222903202524122, 19.585128898291199, 0.0 ], [ -99.222878483832503, 19.585193882370856, 0.0 ], [ -99.222926019778015, 19.585702647243792, 0.0 ], [ -99.222810032070896, 19.585847752423465, 0.0 ], [ -99.222553337965039, 19.585924783515189, 0.0 ], [ -99.222241502162248, 19.585998231731061, 0.0 ], [ -99.22179846714991, 19.586032268697721, 0.0 ], [ -99.22140966482786, 19.585995627981912, 0.0 ], [ -99.219760918070989, 19.585769433710364, 0.0 ], [ -99.219604049450709, 19.585721065308178, 0.0 ] ] ] } },
{ "type": "Feature", "properties": { "NOMBRE": "AV. ADOLFO LÓPEZ MATEOS" }, "geometry": { "type": "MultiLineString", "coordinates": [ [ [ -99.218946416224796, 19.591504818931263, 0.0 ], [ -99.218676780616136, 19.590606056879356, 0.0 ], [ -99.218519911995912, 19.590088798473804, 0.0 ], [ -99.218494955624507, 19.589930933564393, 0.0 ], [ -99.218573389934619, 19.588839310274402, 0.0 ], [ -99.218551998759139, 19.588651214436975, 0.0 ], [ -99.218516346799987, 19.588510142414684, 0.0 ], [ -99.218477129644938, 19.588419453192234, 0.0 ], [ -99.218380869355187, 19.588291816422132, 0.0 ], [ -99.218245391910401, 19.588086925606081, 0.0 ], [ -99.218209739951263, 19.587955929701689, 0.0 ], [ -99.21819191397168, 19.587851804676109, 0.0 ], [ -99.218227565930832, 19.58777119170685, 0.0 ], [ -99.218327391416494, 19.587663707684918, 0.0 ], [ -99.218651824244731, 19.587532711436332, 0.0 ], [ -99.219019039424012, 19.587388279551543, 0.0 ], [ -99.219257907550329, 19.587243847537206, 0.0 ], [ -99.219421906562431, 19.587075903171446, 0.0 ], [ -99.219525297243948, 19.586907958630654, 0.0 ], [ -99.219614427141863, 19.586713142743736, 0.0 ], [ -99.21965364429694, 19.586578786822457, 0.0 ], [ -99.219650079101015, 19.58639404724746, 0.0 ], [ -99.219604049450709, 19.585721065308178, 0.0 ] ] ] } },
{ "type": "Feature", "properties": { "NOMBRE": "AV. ADOLFO LÓPEZ MATEOS" }, "geometry": { "type": "MultiLineString", "coordinates": [ [ [ -99.219604049450709, 19.585721065308178, 0.0 ], [ -99.218721425781936, 19.585287909943556, 0.0 ], [ -99.21858773093517, 19.585184343014074, 0.0 ], [ -99.218507514027024, 19.58510036977917, 0.0 ], [ -99.21843026811554, 19.584977208955475, 0.0 ], [ -99.218376790176791, 19.584842851585762, 0.0 ], [ -99.218347080210833, 19.584658110019262, 0.0 ], [ -99.21832628323466, 19.58443697968389, 0.0 ], [ -99.218329254231278, 19.583963927693574, 0.0 ], [ -99.218338167221049, 19.583376109675061, 0.0 ], [ -99.218350051207423, 19.582768695468481, 0.0 ], [ -99.21832331223807, 19.582575554065663, 0.0 ], [ -99.217634635227071, 19.581068669951076, 0.0 ], [ -99.217100868259621, 19.579915496749404, 0.0 ] ] ] } },
{ "type": "Feature", "properties": { "NOMBRE": "MOCTEZUMA" }, "geometry": { "type": "MultiLineString", "coordinates": [ [ [ -99.221044566860371, 19.58212390085508, 0.0 ], [ -99.220934045786962, 19.581818232260943, 0.0 ], [ -99.220823524713623, 19.581364766794579, 0.0 ], [ -99.220652395309671, 19.580904582016124, 0.0 ], [ -99.220356484048679, 19.580115210903664, 0.0 ], [ -99.220173501917856, 19.579768622889326, 0.0 ] ] ] } },
{ "type": "Feature", "properties": { "NOMBRE": "HIPÓDROMO" }, "geometry": { "type": "MultiLineString", "coordinates": [ [ [ -99.2170476642643, 19.579796471132731, 0.0 ], [ -99.216783920061815, 19.579260968908432, 0.0 ], [ -99.21612435881751, 19.577805373108831, 0.0 ], [ -99.215666825341671, 19.576741660168878, 0.0 ], [ -99.215209291865889, 19.575778713977218, 0.0 ], [ -99.21498943811774, 19.575302837281004, 0.0 ], [ -99.21498616583186, 19.57520523119355, 0.0 ] ] ] } },
{ "type": "Feature", "properties": { "NOMBRE": "PASEO DE LOS HALCÓNES" }, "geometry": { "type": "MultiLineString", "coordinates": [ [ [ -99.22749441056456, 19.572652397202816, 0.0 ], [ -99.227366750564755, 19.573092912801769, 0.0 ], [ -99.224215117375451, 19.573348210329065, 0.0 ], [ -99.221334439075775, 19.573549760722855, 0.0 ], [ -99.221034962618859, 19.573572155195453, 0.0 ], [ -99.22084481883671, 19.573509450664293, 0.0 ], [ -99.220683196621863, 19.573401957125341, 0.0 ], [ -99.220507313623372, 19.573101870616568, 0.0 ], [ -99.22017931559914, 19.572255354916141, 0.0 ], [ -99.219768527380566, 19.571031871987902, 0.0 ] ] ] } },
{ "type": "Feature", "properties": { "NOMBRE": "AV. DE LA MANZANA" }, "geometry": { "type": "MultiLineString", "coordinates": [ [ [ -99.219279515578407, 19.575267303188109, 0.0 ], [ -99.219087652609872, 19.57517357586422, 0.0 ], [ -99.218987827124209, 19.575104153678915, 0.0 ], [ -99.218861856868585, 19.575030252610066, 0.0 ], [ -99.218781045761119, 19.57496083036289, 0.0 ], [ -99.218714495437396, 19.574866774367575, 0.0 ], [ -99.218639208777688, 19.574714372065426, 0.0 ] ] ] } },
{ "type": "Feature", "properties": { "NOMBRE": "AV. DE LOS DEPORTES" }, "geometry": { "type": "MultiLineString", "coordinates": [ [ [ -99.219726330888463, 19.563089922807819, 0.0 ], [ -99.219197460643159, 19.562521476550916, 0.0 ], [ -99.218819549876144, 19.562118347931229, 0.0 ], [ -99.218333836392631, 19.561676845042477, 0.0 ], [ -99.217578861697518, 19.561063489940821, 0.0 ], [ -99.216288260776096, 19.560337851138797, 0.0 ], [ -99.215496787282845, 19.559954873787991, 0.0 ], [ -99.215083224556608, 19.559712992887203, 0.0 ], [ -99.214669661830371, 19.559363608723388, 0.0 ], [ -99.214042187349236, 19.5583893604224, 0.0 ], [ -99.213578711880217, 19.557730899616832, 0.0 ], [ -99.213336278557989, 19.557132907372377, 0.0 ], [ -99.212879933480792, 19.556319903124333, 0.0 ], [ -99.212309502134275, 19.55525156899748, 0.0 ], [ -99.21190161524359, 19.554546142748233, 0.0 ] ], [ [ -99.219726330888463, 19.563089922807819, 0.0 ], [ -99.219756554205674, 19.5630674321039, 0.0 ], [ -99.219790287125079, 19.563049992348557, 0.0 ], [ -99.219826599494994, 19.563038084425187, 0.0 ], [ -99.219864490038802, 19.563032036682475, 0.0 ], [ -99.219902913963907, 19.563032015880637, 0.0 ], [ -99.219940811770456, 19.563038022593215, 0.0 ], [ -99.219977138465623, 19.56304989119128, 0.0 ], [ -99.220010892377857, 19.563067294410445, 0.0 ], [ -99.220041142776665, 19.563089752374726, 0.0 ], [ -99.220067055536433, 19.563116645828483, 0.0 ], [ -99.220087916136507, 19.563147233211659, 0.0 ], [ -99.220103149363482, 19.563180671107336, 0.0 ], [ -99.220112335172388, 19.563216037498044, 0.0 ], [ -99.220115220269292, 19.563252357189302, 0.0 ], [ -99.220111725096189, 19.563288628699674, 0.0 ], [ -99.220101946024997, 19.56332385187557, 0.0 ], [ -99.220086152700873, 19.563357055469659, 0.0 ], [ -99.220064780607188, 19.563387323922175, 0.0 ], [ -99.220038419057957, 19.563413822606815, 0.0 ] ], [ [ -99.220038419057957, 19.563413822606815, 0.0 ], [ -99.220011577565387, 19.56343328678005, 0.0 ], [ -99.219982047372156, 19.563448864540845, 0.0 ], [ -99.219950450029316, 19.563460228008363, 0.0 ], [ -99.219917450597805, 19.563467138004174, 0.0 ], [ -99.219883743650072, 19.563469449086554, 0.0 ], [ -99.219844312917431, 19.56346646127901, 0.0 ], [ -99.219806001114137, 19.563457129140449, 0.0 ], [ -99.219769935714012, 19.563441727305371, 0.0 ], [ -99.219737178080962, 19.563420709032624, 0.0 ], [ -99.219708692234008, 19.563394692866332, 0.0 ], [ -99.219685316477126, 19.563364444432757, 0.0 ], [ -99.219667738729044, 19.563330853908532, 0.0 ], [ -99.219656476278701, 19.563294909823625, 0.0 ], [ -99.219651860562422, 19.563257669969879, 0.0 ], [ -99.219654027410613, 19.563220230271391, 0.0 ], [ -99.219662913050954, 19.5631836925327, 0.0 ], [ -99.21967825598567, 19.563149132014036, 0.0 ], [ -99.219699604687591, 19.563117565787866, 0.0 ], [ -99.219726330888463, 19.563089922807819, 0.0 ] ], [ [ -99.222759246453066, 19.565913773255634, 0.0 ], [ -99.222527353628294, 19.565497878331509, 0.0 ], [ -99.222320572265218, 19.565135069317126, 0.0 ], [ -99.22207813894299, 19.564859602668239, 0.0 ], [ -99.221743010526936, 19.564611010410342, 0.0 ], [ -99.221400751718988, 19.564362417769214, 0.0 ], [ -99.221087014478414, 19.564154137153064, 0.0 ], [ -99.220723364495058, 19.563945856267843, 0.0 ], [ -99.220038419057957, 19.563413822606815, 0.0 ] ] ] } },
{ "type": "Feature", "properties": { "NOMBRE": "AV. SAN VICENTE" }, "geometry": { "type": "MultiLineString", "coordinates": [ [ [ -99.218622024281373, 19.575181462288104, 0.0 ], [ -99.216298837524107, 19.575303359813461, 0.0 ], [ -99.215961332310783, 19.575316796351178, 0.0 ], [ -99.21498616583186, 19.57520523119355, 0.0 ], [ -99.214352652532398, 19.575049677770981, 0.0 ], [ -99.213765108245568, 19.574827526501803, 0.0 ], [ -99.213596759308089, 19.574741971153589, 0.0 ] ] ] } },
{ "type": "Feature", "properties": { "NOMBRE": "LA CUCHILLA" }, "geometry": { "type": "MultiLineString", "coordinates": [ [ [ -99.213596759308089, 19.574741971153589, 0.0 ], [ -99.213414459343184, 19.57466312988651, 0.0 ], [ -99.21271924613967, 19.574249954162916, 0.0 ], [ -99.212612290262186, 19.574169334386031, 0.0 ], [ -99.212469682425549, 19.573984580578419, 0.0 ], [ -99.212409074094964, 19.573816622387604, 0.0 ], [ -99.212555247127497, 19.573776312395822, 0.0 ] ] ] } },
{ "type": "Feature", "properties": { "NOMBRE": "DEL PARQUE" }, "geometry": { "type": "MultiLineString", "coordinates": [ [ [ -99.243304329353975, 19.556339427369185, 0.0 ], [ -99.242622114951971, 19.556815897794017, 0.0 ], [ -99.240400304064735, 19.558278041322954, 0.0 ] ] ] } },
{ "type": "Feature", "properties": { "NOMBRE": "DEL PARQUE" }, "geometry": { "type": "MultiLineString", "coordinates": [ [ [ -99.243767741098154, 19.556983123324041, 0.0 ], [ -99.243502718343066, 19.556906604803817, 0.0 ], [ -99.243192546298417, 19.556906604803814, 0.0 ], [ -99.242878809057856, 19.556967076115267, 0.0 ], [ -99.242508028682636, 19.557165287477225, 0.0 ], [ -99.241698729209816, 19.557699449087242, 0.0 ], [ -99.240712378344313, 19.558364438280559, 0.0 ] ] ] } },
{ "type": "Feature", "properties": { "NOMBRE": "PASEO DE ZARAGOZA" }, "geometry": { "type": "MultiLineString", "coordinates": [ [ [ -99.240170388462957, 19.556913436034364, 0.0 ], [ -99.238945209564221, 19.557712607133983, 0.0 ] ] ] } },
{ "type": "Feature", "properties": { "NOMBRE": "PASEO DE SAN FRANCISCO" }, "geometry": { "type": "MultiLineString", "coordinates": [ [ [ -99.240300876269615, 19.556971939090836, 0.0 ], [ -99.240271847566518, 19.556969531601283, 0.0 ], [ -99.240243700888314, 19.556962382282865, 0.0 ], [ -99.240217291459828, 19.556950708364539, 0.0 ], [ -99.240193421719809, 19.556934864553355, 0.0 ], [ -99.240172816939165, 19.55691533225658, 0.0 ], [ -99.240156103183736, 19.556892704954347, 0.0 ], [ -99.240143788291675, 19.55686767016692, 0.0 ], [ -99.240136246443143, 19.556840988564606, 0.0 ], [ -99.240133706791184, 19.556813470854976, 0.0 ], [ -99.24013624649929, 19.556785953149944, 0.0 ], [ -99.240143788397262, 19.55675927156091, 0.0 ], [ -99.240156103326044, 19.55673423679384, 0.0 ], [ -99.240172817101126, 19.556711609516586, 0.0 ], [ -99.240193421881997, 19.556692077246414, 0.0 ], [ -99.240217291602789, 19.556676233460273, 0.0 ], [ -99.240243700994995, 19.556664559562453, 0.0 ], [ -99.240271847624172, 19.556657410257515, 0.0 ], [ -99.240300876271462, 19.556655002772839, 0.0 ], [ -99.240329904918596, 19.556657410258413, 0.0 ], [ -99.240358051547361, 19.556664559564151, 0.0 ], [ -99.240384460938941, 19.556676233462635, 0.0 ], [ -99.240408330658951, 19.556692077249238, 0.0 ], [ -99.240428935438985, 19.556711609519613, 0.0 ], [ -99.240445649213186, 19.556734236796832, 0.0 ], [ -99.240457964141214, 19.556759271563646, 0.0 ], [ -99.240465506038547, 19.556785953152239, 0.0 ], [ -99.24046804574624, 19.556813470856724, 0.0 ], [ -99.240465506094083, 19.556840988565707, 0.0 ], [ -99.240457964245536, 19.556867670167438, 0.0 ], [ -99.240445649353688, 19.556892704954336, 0.0 ], [ -99.240428935598587, 19.556915332256196, 0.0 ], [ -99.240408330818354, 19.556934864552765, 0.0 ], [ -99.240384461078762, 19.556950708363903, 0.0 ], [ -99.240358051650603, 19.556962382282332, 0.0 ], [ -99.24032990497264, 19.556969531600988, 0.0 ], [ -99.240300876269615, 19.556971939090836, 0.0 ] ] ] } },
{ "type": "Feature", "properties": { "NOMBRE": "PASEO DE ZARAGOZA" }, "geometry": { "type": "MultiLineString", "coordinates": [ [ [ -99.242536117892115, 19.555318548954311, 0.0 ], [ -99.240433759989159, 19.556716348719018, 0.0 ] ] ] } },
{ "type": "Feature", "properties": { "NOMBRE": "NOCHEBUENA" }, "geometry": { "type": "MultiLineString", "coordinates": [ [ [ -99.239083611361067, 19.557981906189198, 0.0 ], [ -99.238945209564221, 19.557712607133983, 0.0 ] ] ] } },
{ "type": "Feature", "properties": { "NOMBRE": null }, "geometry": { "type": "MultiLineString", "coordinates": [ [ [ -99.23863438390039, 19.554716643192098, 0.0 ], [ -99.238606015031749, 19.554714290392543, 0.0 ], [ -99.238578508139184, 19.554707303482381, 0.0 ], [ -99.238552699007784, 19.554695894755895, 0.0 ], [ -99.238529371836577, 19.554680410862318, 0.0 ], [ -99.238509235410703, 19.554661322272992, 0.0 ], [ -99.238492901565309, 19.55463920898617, 0.0 ], [ -99.238480866595197, 19.554614742903958, 0.0 ], [ -99.238473496175303, 19.554588667416773, 0.0 ], [ -99.238471014249996, 19.554561774815699, 0.0 ], [ -99.23847349622892, 19.55453488221902, 0.0 ], [ -99.238480866696008, 19.554508806744522, 0.0 ], [ -99.238492901701193, 19.554484340681732, 0.0 ], [ -99.238509235565374, 19.554462227418757, 0.0 ], [ -99.238529371991461, 19.554443138854836, 0.0 ], [ -99.238552699144321, 19.554427654985179, 0.0 ], [ -99.238578508241019, 19.554416246278269, 0.0 ], [ -99.238606015086788, 19.554409259380986, 0.0 ], [ -99.238634383902109, 19.554406906586085, 0.0 ], [ -99.238662752717303, 19.554409259381831, 0.0 ], [ -99.238690259562702, 19.554416246279882, 0.0 ], [ -99.238716068658817, 19.554427654987428, 0.0 ], [ -99.238739395810939, 19.554443138857511, 0.0 ], [ -99.238759532236216, 19.554462227421634, 0.0 ], [ -99.238775866099573, 19.554484340684581, 0.0 ], [ -99.238787901104018, 19.554508806747112, 0.0 ], [ -99.23879527157051, 19.554534882221198, 0.0 ], [ -99.238797753549036, 19.554561774817344, 0.0 ], [ -99.23879527162353, 19.554588667417832, 0.0 ], [ -99.238787901203651, 19.554614742904441, 0.0 ], [ -99.238775866233723, 19.554639208986167, 0.0 ], [ -99.238759532388642, 19.554661322272629, 0.0 ], [ -99.238739395963151, 19.55468041086176, 0.0 ], [ -99.238716068792343, 19.554695894755291, 0.0 ], [ -99.238690259661297, 19.554707303481887, 0.0 ], [ -99.238662752768931, 19.554714290392262, 0.0 ], [ -99.23863438390039, 19.554716643192098, 0.0 ] ] ] } },
{ "type": "Feature", "properties": { "NOMBRE": "AV. PASEO DE MÉXICO" }, "geometry": { "type": "MultiLineString", "coordinates": [ [ [ -99.240979702619185, 19.552985904309647, 0.0 ], [ -99.238776991736998, 19.554471066562076, 0.0 ] ] ] } },
{ "type": "Feature", "properties": { "NOMBRE": "AV. PASEO DE MÉXICO" }, "geometry": { "type": "MultiLineString", "coordinates": [ [ [ -99.238499537875498, 19.554650306222968, 0.0 ], [ -99.237562448328418, 19.555272881622937, 0.0 ], [ -99.23558045112074, 19.55506603113086, 0.0 ] ] ] } },
{ "type": "Feature", "properties": { "NOMBRE": "PASEO DE SAN FRANCISCO" }, "geometry": { "type": "MultiLineString", "coordinates": [ [ [ -99.241763494061203, 19.55865417268614, 0.0 ], [ -99.240454906113968, 19.556877074689471, 0.0 ] ] ] } },
{ "type": "Feature", "properties": { "NOMBRE": "PASEO DE SAN FRANCISCO" }, "geometry": { "type": "MultiLineString", "coordinates": [ [ [ -99.238617700040834, 19.554407706502278, 0.0 ], [ -99.237066379473831, 19.552301160509188, 0.0 ], [ -99.236160564979102, 19.551079814576543, 0.0 ] ] ] } },
{ "type": "Feature", "properties": { "NOMBRE": "PASEO DE SAN FRANCISCO" }, "geometry": { "type": "MultiLineString", "coordinates": [ [ [ -99.240290244884918, 19.556655319598672, 0.0 ], [ -99.238780349950716, 19.554632943571875, 0.0 ] ] ] } },
{ "type": "Feature", "properties": { "NOMBRE": "PASEO DE SAN FRANCISCO" }, "geometry": { "type": "MultiLineString", "coordinates": [ [ [ -99.241481643351548, 19.558583115392704, 0.0 ], [ -99.240511746746392, 19.557202083467338, 0.0 ], [ -99.24032990497264, 19.556969531600963, 0.0 ] ] ] } },
{ "type": "Feature", "properties": { "NOMBRE": "PASEO DE SAN FRANCISCO" }, "geometry": { "type": "MultiLineString", "coordinates": [ [ [ -99.240143788397219, 19.55675927156091, 0.0 ], [ -99.239118943541968, 19.555333064252252, 0.0 ], [ -99.238662752768917, 19.554714290392216, 0.0 ] ] ] } },
{ "type": "Feature", "properties": { "NOMBRE": "ADOLFO LÓPEZ MATEOS" }, "geometry": { "type": "MultiLineString", "coordinates": [ [ [ -99.239531078128351, 19.550720905527804, 0.0 ], [ -99.237685905121225, 19.550904747955084, 0.0 ], [ -99.235714906365928, 19.551130963753607, 0.0 ], [ -99.2347087367189, 19.551235699800323, 0.0 ] ] ] } },
{ "type": "Feature", "properties": { "NOMBRE": "PASEO DE SAN FRANCISCO" }, "geometry": { "type": "MultiLineString", "coordinates": [ [ [ -99.238499532830289, 19.554475363265606, 0.0 ], [ -99.237886526617871, 19.553652249879381, 0.0 ], [ -99.237465833499854, 19.553067680906118, 0.0 ], [ -99.236976213260803, 19.552427116303921, 0.0 ], [ -99.23639627472518, 19.551654403871186, 0.0 ], [ -99.23599405384897, 19.551098925411306, 0.0 ] ] ] } },
{ "type": "Feature", "properties": { "NOMBRE": "PASEO DE LAS ALAMEDAS" }, "geometry": { "type": "MultiLineString", "coordinates": [ [ [ -99.240405734944332, 19.551187043111483, 0.0 ], [ -99.240457369586125, 19.55104964182361, 0.0 ], [ -99.240535803896307, 19.55099252793504, 0.0 ], [ -99.240674846537019, 19.551005966498902, 0.0 ], [ -99.241188234748847, 19.551170588815044, 0.0 ], [ -99.241633884238297, 19.55131841279265, 0.0 ], [ -99.241869187168746, 19.551341930231143, 0.0 ], [ -99.242075968531822, 19.551341930231128, 0.0 ], [ -99.242261358719432, 19.551304974254858, 0.0 ], [ -99.242614313115112, 19.551217623731773, 0.0 ], [ -99.242920919963865, 19.551157150264935, 0.0 ], [ -99.243227526812603, 19.551110115330644, 0.0 ], [ -99.243555524836836, 19.551123553884711, 0.0 ], [ -99.243951261583476, 19.551200825548733, 0.0 ], [ -99.244318476762757, 19.551331851329365, 0.0 ], [ -99.244642909591136, 19.551503192574202, 0.0 ], [ -99.244853256150137, 19.551600621828275, 0.0 ], [ -99.2450885590806, 19.551671174010028, 0.0 ], [ -99.245348818382396, 19.551681252890607, 0.0 ], [ -99.245470035043539, 19.551691331770567, 0.0 ], [ -99.245705337974002, 19.55186939187945, 0.0 ], [ -99.24583725022282, 19.552057530648934, 0.0 ], [ -99.246243682557221, 19.552800004722421, 0.0 ], [ -99.246446898724457, 19.553162841488309, 0.0 ], [ -99.246486115879506, 19.553260269740129, 0.0 ], [ -99.246464724704026, 19.553361057524882, 0.0 ], [ -99.246482550683609, 19.553468564426016, 0.0 ], [ -99.246571680581511, 19.553552554142613, 0.0 ], [ -99.246689332046685, 19.553623105470724, 0.0 ], [ -99.246814113903739, 19.553868355085694, 0.0 ], [ -99.247252633001366, 19.554711607766077, 0.0 ], [ -99.24769471729492, 19.555571653767878, 0.0 ], [ -99.24789793346207, 19.556045349021428, 0.0 ], [ -99.248115410412993, 19.556717254796311, 0.0 ], [ -99.248168888351671, 19.556915466465355, 0.0 ], [ -99.2481225408048, 19.557066644693226, 0.0 ], [ -99.248051236886511, 19.557110318377099, 0.0 ], [ -99.247919324637621, 19.557153992049116, 0.0 ], [ -99.247787829225359, 19.557213232760201, 0.0 ] ] ] } },
{ "type": "Feature", "properties": { "NOMBRE": "PASEO DE LAS ALAMEDAS" }, "geometry": { "type": "MultiLineString", "coordinates": [ [ [ -99.240205314196359, 19.550764489346072, 0.0 ], [ -99.240443901068204, 19.55083880561676, 0.0 ], [ -99.241580010166686, 19.551094138381639, 0.0 ], [ -99.241855718650825, 19.551138933561884, 0.0 ], [ -99.242055369622094, 19.551165810664031, 0.0 ], [ -99.242193223864163, 19.551152372113531, 0.0 ], [ -99.242454671564658, 19.551080699825171, 0.0 ], [ -99.242815944750745, 19.551013507025878, 0.0 ], [ -99.243115421207676, 19.551004547983879, 0.0 ], [ -99.24347669439382, 19.551009027504836, 0.0 ], [ -99.244089908091297, 19.551116535973325, 0.0 ], [ -99.244396990299521, 19.551260776389196, 0.0 ], [ -99.244649881529782, 19.55137545190739, 0.0 ], [ -99.244777277863804, 19.551427414224769, 0.0 ], [ -99.244931294327415, 19.551430997832199, 0.0 ], [ -99.245252637319211, 19.551407704382182, 0.0 ], [ -99.24541235809626, 19.551456083082254, 0.0 ], [ -99.245650037823978, 19.551608386302693, 0.0 ], [ -99.245899126178628, 19.551828777767025, 0.0 ], [ -99.246254695051235, 19.552432613001102, 0.0 ], [ -99.246633081177791, 19.553142161307694, 0.0 ], [ -99.246760477511828, 19.553199498408279, 0.0 ], [ -99.24682322495994, 19.553265794405508, 0.0 ], [ -99.246863155154173, 19.5533285068102, 0.0 ], [ -99.246859352278548, 19.553412720572496, 0.0 ], [ -99.246836535024656, 19.553495142509842, 0.0 ], [ -99.246870760905452, 19.553591898643656, 0.0 ], [ -99.247218724026837, 19.554245896914924, 0.0 ], [ -99.247612321655922, 19.554950061952066, 0.0 ], [ -99.247907044518286, 19.55552521737339, 0.0 ], [ -99.248091483986954, 19.555842358270667, 0.0 ], [ -99.248161837186359, 19.555933737735547, 0.0 ], [ -99.248234091823576, 19.556080661472311, 0.0 ], [ -99.248243599012682, 19.556182791308199, 0.0 ], [ -99.248226486072326, 19.55627596233002, 0.0 ], [ -99.24822078175886, 19.556401384774553, 0.0 ], [ -99.248237894699272, 19.556530390615624, 0.0 ], [ -99.248270219142185, 19.556641478896182, 0.0 ], [ -99.248374798222386, 19.556822445124769, 0.0 ], [ -99.248498391680812, 19.556953242371605, 0.0 ], [ -99.248587759258427, 19.557048204689778, 0.0 ] ] ] } },
{ "type": "Feature", "properties": { "NOMBRE": "PASEO DE LAS PALOMAS" }, "geometry": { "type": "MultiLineString", "coordinates": [ [ [ -99.243528482994876, 19.556171754125714, 0.0 ], [ -99.243450084167605, 19.555910547588201, 0.0 ], [ -99.243453649363516, 19.555766087360364, 0.0 ], [ -99.244337817950594, 19.555124413621556, 0.0 ], [ -99.244890423317543, 19.554727985638049, 0.0 ], [ -99.245229116929536, 19.554489456466687, 0.0 ], [ -99.245649810047581, 19.554160218439542, 0.0 ], [ -99.246123981104347, 19.553814181829573, 0.0 ], [ -99.246547258989452, 19.5535295409646, 0.0 ], [ -99.246623108532575, 19.553541308855291, 0.0 ], [ -99.246689658856297, 19.55355698693193, 0.0 ], [ -99.246744325193646, 19.553545788305911, 0.0 ], [ -99.246798991531065, 19.553518911600236, 0.0 ], [ -99.246836535024656, 19.553495142509842, 0.0 ], [ -99.246863155154173, 19.5533285068102, 0.0 ], [ -99.246917831394867, 19.553245664838276, 0.0 ], [ -99.247172148703541, 19.553070965846388, 0.0 ], [ -99.247782985603749, 19.552629738062731, 0.0 ], [ -99.247837651941097, 19.552600621466024, 0.0 ], [ -99.247918463048549, 19.552620779110477, 0.0 ], [ -99.248018288534212, 19.552631977800704, 0.0 ], [ -99.248089592452487, 19.552605100942795, 0.0 ], [ -99.248129998006178, 19.55256478564753, 0.0 ], [ -99.247918463048549, 19.552132515459341, 0.0 ], [ -99.247859043116648, 19.552087720555008, 0.0 ], [ -99.247804376779229, 19.552078761572634, 0.0 ], [ -99.247744956847328, 19.552096679536852, 0.0 ], [ -99.247704551293637, 19.552128035969478, 0.0 ], [ -99.247683160118157, 19.552161632140496, 0.0 ], [ -99.247723565671848, 19.552531189560433, 0.0 ], [ -99.246786656318974, 19.553227157705827, 0.0 ], [ -99.246760477511828, 19.553199498408279, 0.0 ], [ -99.246687318762213, 19.553166571948527, 0.0 ], [ -99.246620731735234, 19.553171753749421, 0.0 ], [ -99.24657794938426, 19.553194151052615, 0.0 ], [ -99.246520906249629, 19.553227747001653, 0.0 ], [ -99.246486115879506, 19.553260269740129, 0.0 ], [ -99.246464724704026, 19.553361057524882, 0.0 ], [ -99.246482550683609, 19.553468564426016, 0.0 ], [ -99.245981373267711, 19.553807835951659, 0.0 ], [ -99.245479869042271, 19.554157232150473, 0.0 ], [ -99.245156624612605, 19.554190827898896, 0.0 ], [ -99.244845264169314, 19.554596216045546, 0.0 ], [ -99.244117964202488, 19.555151663343484, 0.0 ], [ -99.243431069789395, 19.555666794208783, 0.0 ], [ -99.243321737114698, 19.555680232383228, 0.0 ], [ -99.243248056399068, 19.555646636944982, 0.0 ], [ -99.243022044817508, 19.555543292954464, 0.0 ] ] ] } },
{ "type": "Feature", "properties": { "NOMBRE": "TEMOAYA" }, "geometry": { "type": "MultiLineString", "coordinates": [ [ [ -99.255338766740948, 19.555859355712599, 0.0 ], [ -99.255001556613905, 19.555166221412261, 0.0 ] ] ] } },
{ "type": "Feature", "properties": { "NOMBRE": "BLVD. ATIZAPÁN" }, "geometry": { "type": "MultiLineString", "coordinates": [ [ [ -99.255001556613905, 19.555166221412261, 0.0 ], [ -99.253704901852799, 19.555592740037905, 0.0 ], [ -99.250100897728146, 19.556771744365683, 0.0 ], [ -99.249245250708384, 19.557027067739899, 0.0 ], [ -99.248881600724999, 19.557057303375853, 0.0 ], [ -99.248587759258427, 19.557048204689778, 0.0 ], [ -99.24821847428467, 19.557080819977816, 0.0 ], [ -99.248051236886511, 19.557110318377099, 0.0 ] ] ] } },
{ "type": "Feature", "properties": { "NOMBRE": "DEL REYEZUELO" }, "geometry": { "type": "MultiLineString", "coordinates": [ [ [ -99.252444285274422, 19.556005135773951, 0.0 ], [ -99.252147894576353, 19.555972661713657, 0.0 ], [ -99.251815142957568, 19.555869635867612, 0.0 ], [ -99.251235204421945, 19.555560557934445, 0.0 ], [ -99.250850163263053, 19.555363464450572, 0.0 ], [ -99.250579208373452, 19.555143973696349, 0.0 ], [ -99.250446107725921, 19.5548752091008, 0.0 ], [ -99.250346282240329, 19.554760984012024, 0.0 ], [ -99.250251210349205, 19.554729628091181, 0.0 ], [ -99.250065820161623, 19.554711710419351, 0.0 ], [ -99.249856662001264, 19.554729628091184, 0.0 ], [ -99.249737822137405, 19.55476546342878, 0.0 ], [ -99.249704546975465, 19.554837134080234, 0.0 ], [ -99.249704546975465, 19.554890887047815, 0.0 ], [ -99.250065820161623, 19.55508798110926, 0.0 ], [ -99.250626744319035, 19.555379142350176, 0.0 ], [ -99.251653520742749, 19.555916669414056, 0.0 ], [ -99.251776520001783, 19.555996178473602, 0.0 ], [ -99.251769389609947, 19.556096964548971, 0.0 ], [ -99.251715911671241, 19.556180952897133, 0.0 ], [ -99.25167909365436, 19.556255458606849, 0.0 ] ] ] } },
{ "type": "Feature", "properties": { "NOMBRE": "PASEO DE LAS PALOMAS" }, "geometry": { "type": "MultiLineString", "coordinates": [ [ [ -99.250433271060359, 19.554860520779531, 0.0 ], [ -99.250304331768433, 19.554589646227324, 0.0 ], [ -99.250250853829684, 19.554441825247157, 0.0 ], [ -99.25022946265419, 19.554297363703959, 0.0 ], [ -99.250236593046012, 19.554126025426729, 0.0 ], [ -99.250279375397042, 19.553857259135128, 0.0 ], [ -99.250400592058114, 19.553030799982885, 0.0 ], [ -99.250446939605013, 19.552953529195328, 0.0 ], [ -99.250600243029439, 19.552856100758131, 0.0 ], [ -99.250874763114894, 19.552735155030291, 0.0 ], [ -99.251020936147441, 19.552714997400177, 0.0 ], [ -99.25119206555145, 19.552825864334697, 0.0 ], [ -99.251420238089992, 19.552953529195332, 0.0 ], [ -99.251534324359341, 19.553010642389708, 0.0 ], [ -99.251630584649064, 19.553037519180034, 0.0 ], [ -99.251922930714144, 19.553044238376945, 0.0 ], [ -99.25206910374672, 19.552993844393459, 0.0 ], [ -99.252329363048489, 19.552812425922458, 0.0 ], [ -99.252511188040245, 19.552651164888207, 0.0 ], [ -99.252596752742178, 19.552510061350851, 0.0 ], [ -99.25264310028912, 19.552355519239892, 0.0 ], [ -99.252700143423738, 19.552022917237892, 0.0 ], [ -99.252732230186965, 19.551797822564787, 0.0 ], [ -99.252693013031944, 19.551623122004901, 0.0 ], [ -99.252603883134014, 19.551377868976701, 0.0 ], [ -99.252546839999368, 19.551226685417507, 0.0 ], [ -99.252536144411636, 19.551068782437614, 0.0 ], [ -99.252621709113569, 19.550961273937279, 0.0 ], [ -99.252746490970637, 19.550705940962267, 0.0 ], [ -99.252272319913871, 19.550870563584539, 0.0 ], [ -99.252432753730076, 19.551293878127957, 0.0 ], [ -99.252500492452498, 19.551502175352571, 0.0 ], [ -99.252536144411636, 19.551740708940947, 0.0 ], [ -99.252539709607547, 19.551935567103495, 0.0 ], [ -99.2525290140198, 19.552147223116886, 0.0 ], [ -99.252482666472915, 19.552365598077728, 0.0 ], [ -99.252361449811787, 19.552553736268425, 0.0 ], [ -99.252215276779239, 19.552711637794928, 0.0 ], [ -99.252072668942603, 19.552805706715922, 0.0 ], [ -99.251922930714144, 19.552876258370773, 0.0 ], [ -99.251780322877522, 19.552896415980758, 0.0 ], [ -99.251644845432722, 19.552893056379286, 0.0 ], [ -99.251495107204278, 19.552852741155977, 0.0 ], [ -99.251373890543135, 19.552795627905553, 0.0 ], [ -99.251031631735245, 19.552533578615627, 0.0 ], [ -99.250917545465924, 19.552473105642136, 0.0 ], [ -99.250789198412946, 19.552439509535947, 0.0 ], [ -99.250671546947785, 19.552446228757738, 0.0 ], [ -99.250536069502914, 19.552469746031814, 0.0 ], [ -99.25045050480098, 19.552520140179031, 0.0 ], [ -99.250361374903065, 19.552631007247594, 0.0 ], [ -99.250350679315332, 19.552751953053505, 0.0 ], [ -99.250268679809309, 19.553269331311085, 0.0 ], [ -99.250154593539975, 19.55406555305019, 0.0 ], [ -99.250111811189015, 19.554320880708158, 0.0 ], [ -99.25008685481761, 19.554535893159372, 0.0 ], [ -99.250022681291085, 19.554636680147144, 0.0 ], [ -99.249900668792534, 19.554725858220561, 0.0 ] ] ] } },
{ "type": "Feature", "properties": { "NOMBRE": "PASEO DE LAS PALOMAS" }, "geometry": { "type": "MultiLineString", "coordinates": [ [ [ -99.249773297302866, 19.554754766139212, 0.0 ], [ -99.249608722432029, 19.554705196598643, 0.0 ], [ -99.249441158224002, 19.554594330955592, 0.0 ], [ -99.249266463624096, 19.554459948255953, 0.0 ], [ -99.249070377848767, 19.554238216556669, 0.0 ], [ -99.248949161187596, 19.554070237793752, 0.0 ], [ -99.248674641102085, 19.553573019630242, 0.0 ], [ -99.248129998006178, 19.55256478564753, 0.0 ] ] ] } },
{ "type": "Feature", "properties": { "NOMBRE": "PASEO DE LAS PALOMAS" }, "geometry": { "type": "MultiLineString", "coordinates": [ [ [ -99.248052274003172, 19.552619167528764, 0.0 ], [ -99.248539163657341, 19.553539423753115, 0.0 ], [ -99.248842205310169, 19.554113912288955, 0.0 ], [ -99.248995508734552, 19.554315486728839, 0.0 ], [ -99.24917020333443, 19.554500263077607, 0.0 ], [ -99.249330637150592, 19.554648084004217, 0.0 ], [ -99.249473244987243, 19.554762309172844, 0.0 ], [ -99.249704546975465, 19.554890887047815, 0.0 ] ] ] } },
{ "type": "Feature", "properties": { "NOMBRE": "CLAVEL" }, "geometry": { "type": "MultiLineString", "coordinates": [ [ [ -99.252322466375176, 19.598918367406611, 0.0 ], [ -99.251507224909119, 19.599155711263403, 0.0 ], [ -99.250913025589853, 19.599339316648361, 0.0 ], [ -99.250470941296285, 19.599451271048476, 0.0 ], [ -99.249681844600318, 19.599715483124026, 0.0 ], [ -99.249547555554159, 19.599774818827083, 0.0 ], [ -99.249354440775392, 19.599875577518098, 0.0 ], [ -99.248760241456125, 19.600071497014255, 0.0 ] ] ] } },
{ "type": "Feature", "properties": { "NOMBRE": "AV. CHAPULTEPEC" }, "geometry": { "type": "MultiLineString", "coordinates": [ [ [ -99.258535322349275, 19.592800487590569, 0.0 ], [ -99.258676378342713, 19.592988948978586, 0.0 ], [ -99.259291374638138, 19.593627113196774, 0.0 ], [ -99.25987368997103, 19.594265274884986, 0.0 ], [ -99.26048274427329, 19.594909031919041, 0.0 ], [ -99.261029407647044, 19.595496807831903, 0.0 ], [ -99.26130209912067, 19.595786501312901, 0.0 ], [ -99.261504034256447, 19.595992963669779, 0.0 ], [ -99.2617820942382, 19.596326368905579, 0.0 ] ] ] } },
{ "type": "Feature", "properties": { "NOMBRE": "AMAPÓLA" }, "geometry": { "type": "MultiLineString", "coordinates": [ [ [ -99.256384448573698, 19.592992524197928, 0.0 ], [ -99.256541317193992, 19.593512012443277, 0.0 ], [ -99.256655403463299, 19.593800865095787, 0.0 ], [ -99.256916851163794, 19.594595767006052, 0.0 ], [ -99.257076096581358, 19.595012249256467, 0.0 ], [ -99.257316153106373, 19.595569796388745, 0.0 ], [ -99.258566546540578, 19.598535884805742, 0.0 ] ] ] } },
{ "type": "Feature", "properties": { "NOMBRE": "BENITO JUÁREZ" }, "geometry": { "type": "MultiLineString", "coordinates": [ [ [ -99.258566546540578, 19.598535884805742, 0.0 ], [ -99.258959812408307, 19.599584367935709, 0.0 ], [ -99.259334157979481, 19.600468804227219, 0.0 ], [ -99.26008324525462, 19.602323865567463, 0.0 ] ] ] } },
{ "type": "Feature", "properties": { "NOMBRE": "EJERCITO MEXICANO" }, "geometry": { "type": "MultiLineString", "coordinates": [ [ [ -99.26660791030011, 19.597580206115413, 0.0 ], [ -99.265645307402849, 19.59809800022369, 0.0 ], [ -99.265603713450545, 19.598111994635833, 0.0 ], [ -99.265437337641146, 19.598075609161462, 0.0 ], [ -99.264596545604334, 19.597840502821249, 0.0 ], [ -99.264121186148884, 19.597686563960032, 0.0 ], [ -99.26378249253689, 19.597560613873124, 0.0 ], [ -99.263203148200603, 19.597445859263718, 0.0 ], [ -99.262674310806418, 19.59722754539068, 0.0 ], [ -99.2617820942382, 19.596326368905579, 0.0 ] ] ] } },
{ "type": "Feature", "properties": { "NOMBRE": "MONTE REAL" }, "geometry": { "type": "MultiLineString", "coordinates": [ [ [ -99.268600621204797, 19.596530460136879, 0.0 ], [ -99.268198581877826, 19.596717772014159, 0.0 ], [ -99.267818294313471, 19.596933287675991, 0.0 ], [ -99.267541991629997, 19.597081629457335, 0.0 ], [ -99.267292427915905, 19.597193585428172, 0.0 ], [ -99.26660791030011, 19.597580206115413, 0.0 ] ] ] } },
{ "type": "Feature", "properties": { "NOMBRE": "HACIENDA COLONIAL" }, "geometry": { "type": "MultiLineString", "coordinates": [ [ [ -99.267343246134061, 19.595401409801386, 0.0 ], [ -99.267303507752544, 19.595784371283777, 0.0 ], [ -99.267255971806961, 19.596004702336376, 0.0 ], [ -99.267103856781233, 19.596380876606897, 0.0 ], [ -99.267001179138887, 19.596633450266694, 0.0 ], [ -99.266723569216865, 19.597323099730037, 0.0 ], [ -99.26660791030011, 19.597580206115413, 0.0 ] ] ] } },
{ "type": "Feature", "properties": { "NOMBRE": "AV. EMILIANO ZAPATA" }, "geometry": { "type": "MultiLineString", "coordinates": [ [ [ -99.26660791030011, 19.597580206115413, 0.0 ], [ -99.26642803824349, 19.597949245144196, 0.0 ], [ -99.266189170117116, 19.598352284101832, 0.0 ], [ -99.265886128464302, 19.598832570874922, 0.0 ], [ -99.265276479962665, 19.599776347001015, 0.0 ], [ -99.265105350558713, 19.599813291861466, 0.0 ], [ -99.264987699093481, 19.599786422872988, 0.0 ], [ -99.264684657440654, 19.599658795116337, 0.0 ], [ -99.264514668899409, 19.599604385357747, 0.0 ], [ -99.264370634984374, 19.599589607395465, 0.0 ], [ -99.26409682793809, 19.599643345433687, 0.0 ], [ -99.263497875024271, 19.599773660101786, 0.0 ], [ -99.263278258955864, 19.59990531811297, 0.0 ], [ -99.263044382103743, 19.600149825562251, 0.0 ], [ -99.262754888195474, 19.600487030280881, 0.0 ], [ -99.262523863500093, 19.600867224395078, 0.0 ], [ -99.262414055465925, 19.601087548488302, 0.0 ], [ -99.262298543118206, 19.601352205689107, 0.0 ], [ -99.262210126259532, 19.601643731137376, 0.0 ], [ -99.26202330999358, 19.602314103321138, 0.0 ], [ -99.261874997843464, 19.602870281730198, 0.0 ], [ -99.261867867451642, 19.603254500474293, 0.0 ], [ -99.261806248982296, 19.603622821194502, 0.0 ], [ -99.261656510753838, 19.60448932315003, 0.0 ], [ -99.261538859288621, 19.605181177949323, 0.0 ], [ -99.261299991162247, 19.606336501660522, 0.0 ], [ -99.26122512204806, 19.606705934817104, 0.0 ], [ -99.261092073320853, 19.606877335929752, 0.0 ], [ -99.260539416033581, 19.607024990042227, 0.0 ], [ -99.259992752659812, 19.607168284814662, 0.0 ], [ -99.25951501640715, 19.607242171131752, 0.0 ], [ -99.25888516512866, 19.607313818437124, 0.0 ], [ -99.258602326252685, 19.607333969236088, 0.0 ], [ -99.258267197836616, 19.607376509803235, 0.0 ], [ -99.257161987102748, 19.60752428221214, 0.0 ], [ -99.256895785807714, 19.607609363234477, 0.0 ], [ -99.256727033201031, 19.607678771403698, 0.0 ], [ -99.256584425364409, 19.607721311879637, 0.0 ], [ -99.256441817527786, 19.607757135429587, 0.0 ], [ -99.256361006420335, 19.607768330287303, 0.0 ], [ -99.256211268191862, 19.60774146262747, 0.0 ], [ -99.255683619196333, 19.607510848362406, 0.0 ], [ -99.255027623147853, 19.607210825425618, 0.0 ], [ -99.254290815991908, 19.606913040912541, 0.0 ], [ -99.253927166008552, 19.606780940839172, 0.0 ], [ -99.253340097081036, 19.606610777873062, 0.0 ], [ -99.252978823894949, 19.606498828455006, 0.0 ], [ -99.252363233400104, 19.60630179729009, 0.0 ], [ -99.251987699430359, 19.606236866512319, 0.0 ], [ -99.251704860554383, 19.606234627519513, 0.0 ], [ -99.251222370707083, 19.606288363338265, 0.0 ], [ -99.25102034293856, 19.606319709224138, 0.0 ], [ -99.249998914308648, 19.606441174474277, 0.0 ], [ -99.249743408601361, 19.606457966898073, 0.0 ], [ -99.249282904128904, 19.606371206023436, 0.0 ], [ -99.24827276528606, 19.606183690424935, 0.0 ], [ -99.246802121970859, 19.605859036035863, 0.0 ] ] ] } },
{ "type": "Feature", "properties": { "NOMBRE": "FRESNOS" }, "geometry": { "type": "MultiLineString", "coordinates": [ [ [ -99.246802121970859, 19.605859036035863, 0.0 ], [ -99.246219905671168, 19.606369293551975, 0.0 ], [ -99.245682155287199, 19.606861870805194, 0.0 ], [ -99.244449191699658, 19.607944975710076, 0.0 ], [ -99.243430139867044, 19.608857352993184, 0.0 ], [ -99.242286306177419, 19.609873276208894, 0.0 ], [ -99.241497466906765, 19.610592061588036, 0.0 ] ] ] } },
{ "type": "Feature", "properties": { "NOMBRE": "MORELOS" }, "geometry": { "type": "MultiLineString", "coordinates": [ [ [ -99.249536369751837, 19.602055819668507, 0.0 ], [ -99.249084778269193, 19.600922855883866, 0.0 ], [ -99.248294287185374, 19.59886612558828, 0.0 ] ] ] } },
{ "type": "Feature", "properties": { "NOMBRE": null }, "geometry": { "type": "MultiLineString", "coordinates": [ [ [ -99.249536369751837, 19.602055819668518, 0.0 ], [ -99.249618923843911, 19.602244996974619, 0.0 ], [ -99.249721126126857, 19.602533833952055, 0.0 ], [ -99.249873241152585, 19.602981642194258, 0.0 ], [ -99.25041356640024, 19.604469476128049, 0.0 ], [ -99.250777216383739, 19.60552740836453, 0.0 ], [ -99.25102034293856, 19.606319709224138, 0.0 ] ] ] } },
{ "type": "Feature", "properties": { "NOMBRE": "PROL. EMILIANO ZAPATA" }, "geometry": { "type": "MultiLineString", "coordinates": [ [ [ -99.266615754691699, 19.606235466746135, 0.0 ], [ -99.266261611897363, 19.606160460469656, 0.0 ], [ -99.265912222697651, 19.606074259183387, 0.0 ], [ -99.265638891010781, 19.606013806305619, 0.0 ], [ -99.265290690209653, 19.605979101865557, 0.0 ], [ -99.264950808198961, 19.605946636414856, 0.0 ], [ -99.264684606903927, 19.605943277919611, 0.0 ], [ -99.264463564757193, 19.605960070395263, 0.0 ], [ -99.264269855779133, 19.605998133333589, 0.0 ], [ -99.264139131928872, 19.606039554756261, 0.0 ], [ -99.263960872133055, 19.606079856670917, 0.0 ], [ -99.263648323291093, 19.60615598248188, 0.0 ], [ -99.263415397157928, 19.606181730909828, 0.0 ], [ -99.263251398145812, 19.606179491916251, 0.0 ], [ -99.263102848315981, 19.606199642857248, 0.0 ], [ -99.262879429371907, 19.606264573649948, 0.0 ], [ -99.262591836901407, 19.606366447771972, 0.0 ], [ -99.262216302931577, 19.606522057569919, 0.0 ], [ -99.261651813578254, 19.606689981643523, 0.0 ], [ -99.261330945945858, 19.606788497018371, 0.0 ], [ -99.261092073320853, 19.606877335929752, 0.0 ] ] ] } },
{ "type": "Feature", "properties": { "NOMBRE": "DE LAS TORRES" }, "geometry": { "type": "MultiLineString", "coordinates": [ [ [ -99.248294287185374, 19.59886612558828, 0.0 ], [ -99.248378128679178, 19.598743510417492, 0.0 ], [ -99.248595011430766, 19.598550388179106, 0.0 ], [ -99.248868343117621, 19.598348869074481, 0.0 ], [ -99.249192181746622, 19.598040992177431, 0.0 ], [ -99.24961109226679, 19.597598767967277, 0.0 ], [ -99.250160726637077, 19.597024994237838, 0.0 ], [ -99.250683622038068, 19.596493202125405, 0.0 ], [ -99.251001518673931, 19.596199316256683, 0.0 ], [ -99.251176807473101, 19.59610415309853, 0.0 ], [ -99.251331299296112, 19.596042576907365, 0.0 ] ] ] } },
{ "type": "Feature", "properties": { "NOMBRE": null }, "geometry": { "type": "MultiLineString", "coordinates": [ [ [ -99.250436530867063, 19.593776156616627, 0.0 ], [ -99.250715530541569, 19.594507754741233, 0.0 ], [ -99.250964618896234, 19.595129343248242, 0.0 ], [ -99.251143072653718, 19.595582892949466, 0.0 ], [ -99.251331299296112, 19.596042576907365, 0.0 ], [ -99.251765124219176, 19.597171432683677, 0.0 ], [ -99.25205984708154, 19.598083199335974, 0.0 ], [ -99.252333654127867, 19.598901814502685, 0.0 ], [ -99.252428726018991, 19.599077359444806, 0.0 ], [ -99.25254281228824, 19.599383666997248, 0.0 ], [ -99.25281049908169, 19.600092019638339, 0.0 ], [ -99.252855064030612, 19.600170387360002, 0.0 ], [ -99.252926367948959, 19.600209571206516, 0.0 ] ] ] } },
{ "type": "Feature", "properties": { "NOMBRE": "ORQUÍDEA" }, "geometry": { "type": "MultiLineString", "coordinates": [ [ [ -99.254726435366791, 19.599901175417404, 0.0 ], [ -99.254450726882638, 19.599988499551259, 0.0 ], [ -99.254156004020274, 19.60007358455918, 0.0 ], [ -99.253946845859872, 19.600109409812195, 0.0 ], [ -99.253568935092773, 19.600165386754067, 0.0 ], [ -99.253198154717566, 19.60022584182957, 0.0 ], [ -99.253057923678227, 19.600241515363926, 0.0 ], [ -99.252926367948959, 19.600209571206502, 0.0 ] ] ] } },
{ "type": "Feature", "properties": { "NOMBRE": "VILLA GRANDE" }, "geometry": { "type": "MultiLineString", "coordinates": [ [ [ -99.256384448573698, 19.592992524197928, 0.0 ], [ -99.255271514209085, 19.59359445639419, 0.0 ], [ -99.254802096746786, 19.593851960589994, 0.0 ], [ -99.254124709522799, 19.594221422412229, 0.0 ], [ -99.253643408074126, 19.594512512947691, 0.0 ], [ -99.253263120509772, 19.594686047439385, 0.0 ], [ -99.252579791292575, 19.595033115861717, 0.0 ], [ -99.25216385176914, 19.595257030575681, 0.0 ], [ -99.251813274170743, 19.595464151408656, 0.0 ], [ -99.251575594442983, 19.595693663371822, 0.0 ], [ -99.251315713474483, 19.596004513524438, 0.0 ] ] ] } },
{ "type": "Feature", "properties": { "NOMBRE": "MIGUEL DOMÍNGUEZ" }, "geometry": { "type": "MultiLineString", "coordinates": [ [ [ -99.262265460715312, 19.60146128407029, 0.0 ], [ -99.261985146732457, 19.601575835777865, 0.0 ], [ -99.261626250343696, 19.601728091626597, 0.0 ], [ -99.260906080769047, 19.602016929531906, 0.0 ], [ -99.26008324525462, 19.602323865567463, 0.0 ], [ -99.25962736383444, 19.602616994220252, 0.0 ], [ -99.258933339029809, 19.60309167067172, 0.0 ], [ -99.258726557666805, 19.603234968947881, 0.0 ] ] ] } },
{ "type": "Feature", "properties": { "NOMBRE": "5 DE MAYO" }, "geometry": { "type": "MultiLineString", "coordinates": [ [ [ -99.258726557666805, 19.603234968947866, 0.0 ], [ -99.258558993458834, 19.60332117175567, 0.0 ], [ -99.257960040545242, 19.603586496990985, 0.0 ], [ -99.256612396489629, 19.60417088267484, 0.0 ] ] ] } },
{ "type": "Feature", "properties": { "NOMBRE": "VILLA FRESNOS" }, "geometry": { "type": "MultiLineString", "coordinates": [ [ [ -99.252859588560369, 19.594891004662607, 0.0 ], [ -99.253130150800317, 19.595620280006187, 0.0 ], [ -99.253268005042329, 19.59604123787479, 0.0 ], [ -99.253382091311579, 19.596202455490317, 0.0 ], [ -99.253579840844964, 19.59668342041703, 0.0 ], [ -99.253686321362991, 19.596955697876261, 0.0 ], [ -99.253808013383491, 19.597330078630378, 0.0 ] ] ] } },
{ "type": "Feature", "properties": { "NOMBRE": "REAL DE TEJOCOTE" }, "geometry": { "type": "MultiLineString", "coordinates": [ [ [ -99.253808013383491, 19.597330078630378, 0.0 ], [ -99.253842239264287, 19.597518164326519, 0.0 ], [ -99.253943015468735, 19.597824474846892, 0.0 ], [ -99.254222526828457, 19.598648465165645, 0.0 ], [ -99.254511862283536, 19.599366355827783, 0.0 ], [ -99.254726435366791, 19.599901175417404, 0.0 ], [ -99.254863628280404, 19.600208250865766, 0.0 ], [ -99.25508704722435, 19.600647109298457, 0.0 ], [ -99.255286698195548, 19.601059097758245, 0.0 ], [ -99.255476841977696, 19.601471085163045, 0.0 ], [ -99.255878520717332, 19.602375662503036, 0.0 ] ] ] } },
{ "type": "Feature", "properties": { "NOMBRE": "LÁZARO CÁRDENAS" }, "geometry": { "type": "MultiLineString", "coordinates": [ [ [ -99.255878520717303, 19.602375662503036, 0.0 ], [ -99.256147098809492, 19.602993638157667, 0.0 ] ] ] } },
{ "type": "Feature", "properties": { "NOMBRE": "BENITO JUÁREZ PONTE" }, "geometry": { "type": "MultiLineString", "coordinates": [ [ [ -99.256147098809492, 19.602993638157667, 0.0 ], [ -99.256330112199748, 19.603421293833222, 0.0 ], [ -99.256451328860905, 19.603741475086981, 0.0 ], [ -99.256612396489629, 19.60417088267484, 0.0 ], [ -99.2567294141422, 19.604507220675774, 0.0 ], [ -99.256765066101352, 19.604625888525732, 0.0 ], [ -99.256838746816911, 19.605279679638098, 0.0 ], [ -99.256950456288877, 19.606074524842896, 0.0 ], [ -99.257066919355353, 19.607008183066892, 0.0 ], [ -99.257161987102748, 19.60752428221214, 0.0 ] ] ] } },
{ "type": "Feature", "properties": { "NOMBRE": "JUSTO SIERRA" }, "geometry": { "type": "MultiLineString", "coordinates": [ [ [ -99.265984292913188, 19.598676991473887, 0.0 ], [ -99.266430371644731, 19.599132370919349, 0.0 ], [ -99.266820166398006, 19.599539885085768, 0.0 ], [ -99.266910484694506, 19.599607057651312, 0.0 ], [ -99.26714816442211, 19.599719011865272, 0.0 ], [ -99.267252743502326, 19.599786184356169, 0.0 ], [ -99.267504684013588, 19.599916051092418, 0.0 ], [ -99.267680567012007, 19.600019048774239, 0.0 ], [ -99.26775662452485, 19.600131002701417, 0.0 ], [ -99.267822580649266, 19.60025079331724, 0.0 ], [ -99.26785229061521, 19.600373942455487, 0.0 ], [ -99.267858232608404, 19.600497091499495, 0.0 ] ] ] } },
{ "type": "Feature", "properties": { "NOMBRE": "VICENTE GUERRERO" }, "geometry": { "type": "MultiLineString", "coordinates": [ [ [ -99.267858232608404, 19.600497091499495, 0.0 ], [ -99.267760189720775, 19.600866538065969, 0.0 ], [ -99.267474974047659, 19.601784553133935, 0.0 ] ] ] } },
{ "type": "Feature", "properties": { "NOMBRE": "AGUSTÍN DE ITURBIDE" }, "geometry": { "type": "MultiLineString", "coordinates": [ [ [ -99.26828308512151, 19.602000062009584, 0.0 ], [ -99.267834464635641, 19.601888109382905, 0.0 ], [ -99.267474974047659, 19.601784553133935, 0.0 ], [ -99.267041208544754, 19.601708985018188, 0.0 ], [ -99.266868890742231, 19.601672600357297, 0.0 ], [ -99.266550994106495, 19.601619422761186, 0.0 ], [ -99.26641432826311, 19.601627819224827, 0.0 ], [ -99.266262807436746, 19.601658606254823, 0.0 ], [ -99.265775563995163, 19.601801346043704, 0.0 ], [ -99.264884265016619, 19.602064434734711, 0.0 ], [ -99.264217454540841, 19.60228688428375, 0.0 ], [ -99.264119055133563, 19.602380924262302, 0.0 ], [ -99.263571441041137, 19.602672447846434, 0.0 ], [ -99.263331859875706, 19.602804103485532, 0.0 ], [ -99.262891201660693, 19.602985465669054, 0.0 ], [ -99.262479065013011, 19.603162797384194, 0.0 ], [ -99.262015589544148, 19.60325683685074, 0.0 ], [ -99.261862439759469, 19.603286944213753, 0.0 ] ] ] } },
{ "type": "Feature", "properties": { "NOMBRE": "CONCRETO" }, "geometry": { "type": "MultiLineString", "coordinates": [ [ [ -99.246802121970859, 19.605859036035863, 0.0 ], [ -99.246456777474236, 19.604927931393711, 0.0 ], [ -99.246232170131563, 19.604178980469168, 0.0 ], [ -99.245939824066625, 19.603406516221565, 0.0 ], [ -99.245804346621881, 19.603063943933183, 0.0 ], [ -99.245585110841105, 19.602500138514777, 0.0 ], [ -99.245484096956872, 19.602195628134485, 0.0 ], [ -99.245416358234493, 19.602015944349194, 0.0 ], [ -99.245393006201425, 19.60193349125538, 0.0 ] ] ] } },
{ "type": "Feature", "properties": { "NOMBRE": "DE LAS TORRES" }, "geometry": { "type": "MultiLineString", "coordinates": [ [ [ -99.245393006201425, 19.60193349125538, 0.0 ], [ -99.24541380317757, 19.601818739764465, 0.0 ], [ -99.245544527027747, 19.601603230645967, 0.0 ], [ -99.245811916721323, 19.601292561148753, 0.0 ], [ -99.246034741465948, 19.60104906301553, 0.0 ] ] ] } },
{ "type": "Feature", "properties": { "NOMBRE": "CAPULÍN" }, "geometry": { "type": "MultiLineString", "coordinates": [ [ [ -99.246034741465948, 19.60104906301553, 0.0 ], [ -99.245816076116554, 19.601035068858689, 0.0 ], [ -99.245710199410738, 19.601015737750362, 0.0 ], [ -99.245521353254318, 19.600891768623111, 0.0 ], [ -99.245435788552371, 19.600770858950057, 0.0 ], [ -99.245150572879254, 19.600112571358427, 0.0 ], [ -99.245140471490828, 19.600013492125537, 0.0 ] ] ] } },
{ "type": "Feature", "properties": { "NOMBRE": "ZAPOTILLO" }, "geometry": { "type": "MultiLineString", "coordinates": [ [ [ -99.246426913016506, 19.599299783983884, 0.0 ], [ -99.246013944489775, 19.599532089334421, 0.0 ], [ -99.245488078092464, 19.599811974853349, 0.0 ], [ -99.24517909444657, 19.599954716280504, 0.0 ], [ -99.245140471490828, 19.600013492125537, 0.0 ] ] ] } },
{ "type": "Feature", "properties": { "NOMBRE": "AV. DE LAS TORRES" }, "geometry": { "type": "MultiLineString", "coordinates": [ [ [ -99.246426913016506, 19.599299783983884, 0.0 ], [ -99.246471477965443, 19.599340274177536, 0.0 ], [ -99.246508318323208, 19.599410805458245, 0.0 ], [ -99.246541593485077, 19.599470141273695, 0.0 ], [ -99.246584375836051, 19.599516042549826, 0.0 ], [ -99.246637853774757, 19.59953507478242, 0.0 ], [ -99.246686578118926, 19.599520520722422, 0.0 ], [ -99.246778084814053, 19.599447750402515, 0.0 ], [ -99.247971237046713, 19.598291257670411, 0.0 ], [ -99.249169142873939, 19.597162745617499, 0.0 ], [ -99.250248208837363, 19.596150660616889, 0.0 ], [ -99.250847161750926, 19.595581919792316, 0.0 ], [ -99.251030865757116, 19.595297713312341, 0.0 ] ] ] } },
{ "type": "Feature", "properties": { "NOMBRE": "PINO" }, "geometry": { "type": "MultiLineString", "coordinates": [ [ [ -99.2398373315893, 19.609306206111206, 0.0 ], [ -99.240202675149646, 19.608974075655247, 0.0 ] ] ] } },
{ "type": "Feature", "properties": { "NOMBRE": "TEJOCOTE" }, "geometry": { "type": "MultiLineString", "coordinates": [ [ [ -99.240202675149646, 19.608974075655247, 0.0 ], [ -99.240172965183703, 19.608131666750094, 0.0 ], [ -99.24015513920412, 19.607932958358635, 0.0 ], [ -99.24015513920412, 19.607745444580853, 0.0 ], [ -99.240193762159862, 19.60749635877691, 0.0 ], [ -99.240080864289254, 19.606858249563913, 0.0 ], [ -99.239985792398215, 19.606164162984342, 0.0 ], [ -99.239991734391381, 19.606071804463738, 0.0 ] ] ] } },
{ "type": "Feature", "properties": { "NOMBRE": "AV. FLOR DE DURAZNO" }, "geometry": { "type": "MultiLineString", "coordinates": [ [ [ -99.239991734391381, 19.606071804463738, 0.0 ], [ -99.2399263724663, 19.60572755860133, 0.0 ], [ -99.239673837755745, 19.604588463381891, 0.0 ], [ -99.239433187031509, 19.603631281309802, 0.0 ], [ -99.239394564075781, 19.60353892133481, 0.0 ], [ -99.239364854109823, 19.603306621769647, 0.0 ], [ -99.239338115140399, 19.603091114644069, 0.0 ], [ -99.239258135912166, 19.603213142090858, 0.0 ], [ -99.239329439830456, 19.603479027262203, 0.0 ], [ -99.239353207803205, 19.603616167862921, 0.0 ], [ -99.239626539489961, 19.604836434182904, 0.0 ], [ -99.239837480248212, 19.605715244101543, 0.0 ], [ -99.239908784166516, 19.606042697524924, 0.0 ], [ -99.239944436125626, 19.606132257319519, 0.0 ], [ -99.239993892484421, 19.606223298993484, 0.0 ] ] ] } },
{ "type": "Feature", "properties": { "NOMBRE": "EUCALIPTO" }, "geometry": { "type": "MultiLineString", "coordinates": [ [ [ -99.240536615166931, 19.602243413165358, 0.0 ], [ -99.240459369255461, 19.602300508888572, 0.0 ], [ -99.240201486751005, 19.602421417412089, 0.0 ], [ -99.23979030082225, 19.602606138592019, 0.0 ], [ -99.239647692985699, 19.602684505089119, 0.0 ], [ -99.239563316682379, 19.602746078738651, 0.0 ], [ -99.239512215540955, 19.602813249965795, 0.0 ], [ -99.239338115140399, 19.603091114644059, 0.0 ] ] ] } },
{ "type": "Feature", "properties": { "NOMBRE": "NARANJO" }, "geometry": { "type": "MultiLineString", "coordinates": [ [ [ -99.240536615166931, 19.602243413165358, 0.0 ], [ -99.240470395635825, 19.601955212495344, 0.0 ] ] ] } },
{ "type": "Feature", "properties": { "NOMBRE": "AV. CEREZOS" }, "geometry": { "type": "MultiLineString", "coordinates": [ [ [ -99.236582765105624, 19.589277056620034, 0.0 ], [ -99.236643916394726, 19.589505074795849, 0.0 ], [ -99.236693353778065, 19.589793486793866, 0.0 ], [ -99.23683215873902, 19.59058348222948, 0.0 ], [ -99.236969062262091, 19.591362725629981, 0.0 ], [ -99.237088852844835, 19.592012987925322, 0.0 ], [ -99.237233362119213, 19.592853130087036, 0.0 ], [ -99.237402590085281, 19.593798956527422, 0.0 ], [ -99.237539493608352, 19.594574601714331, 0.0 ], [ -99.237607945369959, 19.594861213308697, 0.0 ], [ -99.237708721574435, 19.595448765481652, 0.0 ], [ -99.237872245227081, 19.596073932968984, 0.0 ], [ -99.238090910576474, 19.596987497136038, 0.0 ], [ -99.238204996845667, 19.597677145081907, 0.0 ], [ -99.238260138542543, 19.598196618206519, 0.0 ], [ -99.238351407557928, 19.598748332654289, 0.0 ], [ -99.238495916832335, 19.59944872067322, 0.0 ], [ -99.238659440484923, 19.600272702674754, 0.0 ], [ -99.238773526754187, 19.600833366276504, 0.0 ], [ -99.238933247531151, 19.601626890015641, 0.0 ], [ -99.23910057405935, 19.602364881493031, 0.0 ] ] ] } },
{ "type": "Feature", "properties": { "NOMBRE": "AV. CEREZOS" }, "geometry": { "type": "MultiLineString", "coordinates": [ [ [ -99.236451835517116, 19.589346253738796, 0.0 ], [ -99.236528641726849, 19.589541350246783, 0.0 ], [ -99.236616583226052, 19.590105633980038, 0.0 ], [ -99.236780582238111, 19.591048341677791, 0.0 ], [ -99.236935074061066, 19.591892519420409, 0.0 ], [ -99.237068174708511, 19.592638168757674, 0.0 ], [ -99.237232173720599, 19.593444272263909, 0.0 ], [ -99.237324868814355, 19.594102587132724, 0.0 ], [ -99.237410433516331, 19.594633267566877, 0.0 ], [ -99.237536403771983, 19.595273664410875, 0.0 ], [ -99.237671881216713, 19.595929732661073, 0.0 ], [ -99.237859648201521, 19.596827623781383, 0.0 ], [ -99.238040284794508, 19.597725509892111, 0.0 ], [ -99.238199530212015, 19.598529348818545, 0.0 ], [ -99.238337384454027, 19.599234663789129, 0.0 ], [ -99.238380166804987, 19.599431703609373, 0.0 ], [ -99.23853941222248, 19.600195230633926, 0.0 ], [ -99.238693904045434, 19.600954275902804, 0.0 ], [ -99.23881274390925, 19.601556583612346, 0.0 ], [ -99.238995757299492, 19.602389511004816, 0.0 ] ] ] } },
{ "type": "Feature", "properties": { "NOMBRE": "RÍO LERMA" }, "geometry": { "type": "MultiLineString", "coordinates": [ [ [ -99.243339844536138, 19.596932559347476, 0.0 ], [ -99.242995684290506, 19.59732664438442, 0.0 ], [ -99.242659129796237, 19.597697441697054, 0.0 ], [ -99.242157150211526, 19.598250949139469, 0.0 ], [ -99.24169129794538, 19.59878116807559, 0.0 ], [ -99.241421293774792, 19.599014033948041, 0.0 ], [ -99.2408831868715, 19.599524546412336, 0.0 ], [ -99.24024430376366, 19.600115664084402, 0.0 ], [ -99.24008268154887, 19.600171193208713, 0.0 ], [ -99.239348726549991, 19.600393309514153, 0.0 ], [ -99.239177597146082, 19.600443464766496, 0.0 ], [ -99.238703180522961, 19.60048765819721, 0.0 ] ] ] } },
{ "type": "Feature", "properties": { "NOMBRE": "JILGUERO" }, "geometry": { "type": "MultiLineString", "coordinates": [ [ [ -99.237564892658241, 19.602760514023934, 0.0 ], [ -99.237411589233929, 19.602008194431438, 0.0 ], [ -99.237298691363307, 19.601492092200335, 0.0 ], [ -99.237223822249121, 19.601055475137294, 0.0 ], [ -99.237172721107683, 19.600871311943813, 0.0 ], [ -99.237047939250687, 19.60072297365608, 0.0 ] ] ] } },
{ "type": "Feature", "properties": { "NOMBRE": "PIRACANTO" }, "geometry": { "type": "MultiLineString", "coordinates": [ [ [ -99.237047939250687, 19.60072297365608, 0.0 ], [ -99.236340842060912, 19.600042854849782, 0.0 ], [ -99.236081771157814, 19.599968965226129, 0.0 ], [ -99.235750207937798, 19.599861489349305, 0.0 ], [ -99.235475687852428, 19.599747296151477, 0.0 ], [ -99.234755518277751, 19.599515550883329, 0.0 ], [ -99.23440612907811, 19.59939464017614, 0.0 ], [ -99.232759580398138, 19.598937428047766, 0.0 ] ] ] } },
{ "type": "Feature", "properties": { "NOMBRE": "SCHOPENHAWER" }, "geometry": { "type": "MultiLineString", "coordinates": [ [ [ -99.240687013844138, 19.590698713900476, 0.0 ], [ -99.240849740382103, 19.59113523490311, 0.0 ], [ -99.241117130075679, 19.591804195385198, 0.0 ], [ -99.24133401282711, 19.592338801972815, 0.0 ], [ -99.241749952350446, 19.593312845012903, 0.0 ], [ -99.242234224795439, 19.594471612676699, 0.0 ], [ -99.242460020536726, 19.594969824228563, 0.0 ], [ -99.24269472926774, 19.595442843881607, 0.0 ], [ -99.242855163083874, 19.595831894506844, 0.0 ], [ -99.243167117726358, 19.596576406031151, 0.0 ], [ -99.243223566661683, 19.596713552515293, 0.0 ], [ -99.243339844536138, 19.596932559347497, 0.0 ] ] ] } },
{ "type": "Feature", "properties": { "NOMBRE": "RÍO BLANCO" }, "geometry": { "type": "MultiLineString", "coordinates": [ [ [ -99.243339844536138, 19.596932559347476, 0.0 ], [ -99.243517695324542, 19.597436974960367, 0.0 ], [ -99.243810041389494, 19.598184837716538, 0.0 ], [ -99.243829055767762, 19.598249771744065, 0.0 ], [ -99.243834047042029, 19.598283918075527, 0.0 ], [ -99.243832620963616, 19.598318176354812, 0.0 ], [ -99.243817647140787, 19.598382662508065, 0.0 ], [ -99.243772725672315, 19.598517680307673, 0.0 ], [ -99.243656500285468, 19.59883137794192, 0.0 ], [ -99.243606587542672, 19.598961021539395, 0.0 ], [ -99.243471110097957, 19.599304946017181, 0.0 ], [ -99.243362728142174, 19.599585055839832, 0.0 ], [ -99.24326932000919, 19.599810083761348, 0.0 ], [ -99.243172346680325, 19.600072727892556, 0.0 ], [ -99.243081790704139, 19.600308502693878, 0.0 ], [ -99.242974121787483, 19.60059532798347, 0.0 ], [ -99.242905670025934, 19.600745121783955, 0.0 ], [ -99.242847200812975, 19.600823713094297, 0.0 ], [ -99.242741671013889, 19.600937233808295, 0.0 ], [ -99.242609758765056, 19.601078966658076, 0.0 ], [ -99.242512785436205, 19.60116830530978, 0.0 ], [ -99.24232525613111, 19.601332204662079, 0.0 ], [ -99.242201900352441, 19.601413482557579, 0.0 ], [ -99.242022214478382, 19.601496775565003, 0.0 ], [ -99.241729155374273, 19.601633805902633, 0.0 ], [ -99.241468183033305, 19.601756058360262, 0.0 ], [ -99.240956102060153, 19.601958244913352, 0.0 ], [ -99.240840114353034, 19.601985113539126, 0.0 ], [ -99.240748845337663, 19.601981531055959, 0.0 ], [ -99.240470395635825, 19.601955212495344, 0.0 ], [ -99.240123272294582, 19.601908090133158, 0.0 ], [ -99.240018693214424, 19.601913463860356, 0.0 ], [ -99.239906508382987, 19.601940332493669, 0.0 ], [ -99.239716364600909, 19.602031685813238, 0.0 ], [ -99.239315161220716, 19.602260964504374, 0.0 ], [ -99.239233399394394, 19.602307536698628, 0.0 ], [ -99.23910057405935, 19.602364881493031, 0.0 ], [ -99.238995757299492, 19.602389511004798, 0.0 ] ] ] } },
{ "type": "Feature", "properties": { "NOMBRE": "AV. GORRIONES" }, "geometry": { "type": "MultiLineString", "coordinates": [ [ [ -99.238995757299492, 19.602389511004816, 0.0 ], [ -99.238459989560781, 19.602483824273349, 0.0 ], [ -99.238055934023848, 19.602577864136663, 0.0 ], [ -99.237564892658241, 19.602760514023934, 0.0 ], [ -99.236653623630886, 19.603106277585319, 0.0 ], [ -99.23618301777023, 19.603285400394302, 0.0 ], [ -99.235645861585809, 19.603563040354121, 0.0 ], [ -99.235046908672231, 19.603876504248991, 0.0 ], [ -99.234856764890139, 19.603966065249612, 0.0 ], [ -99.234581056406057, 19.604037714014225, 0.0 ], [ -99.234310933395676, 19.603878594006236, 0.0 ], [ -99.234249136666492, 19.603739774358516, 0.0 ], [ -99.234199223923682, 19.60369947185773, 0.0 ], [ -99.234137427194511, 19.603692754773274, 0.0 ], [ -99.234073253668043, 19.603730818248117, 0.0 ], [ -99.233835573940453, 19.603952481834394, 0.0 ], [ -99.233759516427611, 19.604019652557813, 0.0 ], [ -99.233650183752914, 19.604201013370986, 0.0 ], [ -99.233461132057101, 19.604460883066434, 0.0 ], [ -99.233435333997733, 19.604494806682808, 0.0 ] ] ] } },
{ "type": "Feature", "properties": { "NOMBRE": "LUIS DONALDO COLOSIO MURRIETA" }, "geometry": { "type": "MultiLineString", "coordinates": [ [ [ -99.2317104870436, 19.591770412274045, 0.0 ], [ -99.231740427141503, 19.591926884488633, 0.0 ], [ -99.231835499032542, 19.5926378263492, 0.0 ], [ -99.23199890384528, 19.59396453622719, 0.0 ], [ -99.232102888726104, 19.594798622492991, 0.0 ], [ -99.232215786596711, 19.595610313031116, 0.0 ], [ -99.232352452440097, 19.596531156995692, 0.0 ], [ -99.232518828249496, 19.597639521466839, 0.0 ], [ -99.232676291069012, 19.598812252330578, 0.0 ], [ -99.232774333956655, 19.599593135206113, 0.0 ], [ -99.232884260830687, 19.600166899778237, 0.0 ], [ -99.23295556474902, 19.600864370834799, 0.0 ], [ -99.233062520626447, 19.601652520685267, 0.0 ], [ -99.233183737287533, 19.602552618917176, 0.0 ], [ -99.233226519638507, 19.602872801899814, 0.0 ], [ -99.23326930198948, 19.603313892097965, 0.0 ], [ -99.233371504272341, 19.604005751952307, 0.0 ], [ -99.233478460149769, 19.604825232590517, 0.0 ], [ -99.233545010473492, 19.605196908225199, 0.0 ], [ -99.233597300013571, 19.605590973020423, 0.0 ], [ -99.233637705567276, 19.605989514842918, 0.0 ], [ -99.233739907850136, 19.606741815816317, 0.0 ], [ -99.233861124511236, 19.607570238412801, 0.0 ], [ -99.233979964375038, 19.608306859245769, 0.0 ], [ -99.23413489699324, 19.609154329582516, 0.0 ] ] ] } },
{ "type": "Feature", "properties": { "NOMBRE": "LUIS DONALDO COLOSIO MURRIETA" }, "geometry": { "type": "MultiLineString", "coordinates": [ [ [ -99.231779837475813, 19.591624368300206, 0.0 ], [ -99.231791647122847, 19.591852935159107, 0.0 ], [ -99.231842985943999, 19.592120294573611, 0.0 ], [ -99.231929976724331, 19.59267113417847, 0.0 ], [ -99.232002706720962, 19.593250185486884, 0.0 ], [ -99.23207828887432, 19.593852074198235, 0.0 ], [ -99.232165279654652, 19.594475456562275, 0.0 ], [ -99.232228027102707, 19.594914778459003, 0.0 ], [ -99.232280792002257, 19.595363503562108, 0.0 ], [ -99.232332130823465, 19.595755801130213, 0.0 ], [ -99.232409139055221, 19.596298567421773, 0.0 ], [ -99.232484721208579, 19.596814462398157, 0.0 ], [ -99.23253320787299, 19.597119430786037, 0.0 ], [ -99.232611642183116, 19.597679657552284, 0.0 ], [ -99.23267866786631, 19.598105536067294, 0.0 ], [ -99.23272430237401, 19.598539474215148, 0.0 ], [ -99.232759580398138, 19.598937428047766, 0.0 ], [ -99.232821275702861, 19.599203142060201, 0.0 ], [ -99.232856927662013, 19.599496014854022, 0.0 ], [ -99.232946770599028, 19.6000562333464, 0.0 ], [ -99.233003813733674, 19.60056271217497, 0.0 ], [ -99.233026630987553, 19.600770945713624, 0.0 ], [ -99.232973612178441, 19.600997361261459, 0.0 ] ] ] } },
{ "type": "Feature", "properties": { "NOMBRE": "ÁLAMO" }, "geometry": { "type": "MultiLineString", "coordinates": [ [ [ -99.277365563389267, 19.591293489960744, 0.0 ], [ -99.27647714720851, 19.59199245547833, 0.0 ] ] ] } },
{ "type": "Feature", "properties": { "NOMBRE": "EX HACIENDA DEL PEDREGAL" }, "geometry": { "type": "MultiLineString", "coordinates": [ [ [ -99.27647714720851, 19.59199245547833, 0.0 ], [ -99.276023178928767, 19.592411183649798, 0.0 ], [ -99.275880571092202, 19.592527621236542, 0.0 ], [ -99.275802136782076, 19.592619427735929, 0.0 ], [ -99.2757617312284, 19.592700038277595, 0.0 ], [ -99.275754600836564, 19.592794083858539, 0.0 ], [ -99.275811643971196, 19.593309094398794, 0.0 ], [ -99.275842542335781, 19.593794994136928, 0.0 ], [ -99.275866310308544, 19.594301044839558, 0.0 ], [ -99.275749847242011, 19.594419720216461, 0.0 ], [ -99.275645268161853, 19.594428676845169, 0.0 ], [ -99.275495529933465, 19.594381654539074, 0.0 ], [ -99.275469385163433, 19.594350306327385, 0.0 ], [ -99.275409965231532, 19.59433463221928, 0.0 ], [ -99.275348168502362, 19.594334632219276, 0.0 ], [ -99.27531013974594, 19.59434358885267, 0.0 ], [ -99.275167531909375, 19.594310001474849, 0.0 ], [ -99.275013040086421, 19.594294327362771, 0.0 ], [ -99.274920344992651, 19.594316718950967, 0.0 ], [ -99.274879939438961, 19.594365980434002, 0.0 ], [ -99.274851417871645, 19.594433155159294, 0.0 ], [ -99.274834780290703, 19.594536156350305, 0.0 ], [ -99.274818142709776, 19.594683940552695, 0.0 ], [ -99.27479912833158, 19.594777984974488, 0.0 ], [ -99.274753969183323, 19.594910094902751, 0.0 ], [ -99.274699302845974, 19.594986225998582, 0.0 ], [ -99.274651766900448, 19.595026530681825, 0.0 ], [ -99.274613738144026, 19.59503772642536, 0.0 ], [ -99.274559071806621, 19.595048922168125, 0.0 ], [ -99.274461623118327, 19.595019813235314, 0.0 ], [ -99.27396962608222, 19.594809333102877, 0.0 ], [ -99.27378661269195, 19.59476007175553, 0.0 ], [ -99.273701047990016, 19.594753354297861, 0.0 ], [ -99.273627367274386, 19.594762310908013, 0.0 ], [ -99.27346574505961, 19.594878746793992, 0.0 ], [ -99.273344528398539, 19.595024291533033, 0.0 ], [ -99.273280354872085, 19.595131770640435, 0.0 ], [ -99.273235195723828, 19.595221336508452, 0.0 ], [ -99.273085457495441, 19.595313141471433, 0.0 ], [ -99.272992762401671, 19.595387033232889, 0.0 ], [ -99.272935719267039, 19.595460924960445, 0.0 ], [ -99.272923835280665, 19.595546012362217, 0.0 ], [ -99.272919081686098, 19.595626621438203, 0.0 ], [ -99.272964240834355, 19.59572066530918, 0.0 ], [ -99.273073573509052, 19.595861731012583, 0.0 ], [ -99.273171022197388, 19.595975926967622, 0.0 ], [ -99.273237572521126, 19.596083405439533, 0.0 ], [ -99.273287485263907, 19.596222231692852, 0.0 ], [ -99.273316006831223, 19.596370014347062, 0.0 ], [ -99.273316006831223, 19.596502122968559, 0.0 ], [ -99.27328273166934, 19.596640948860692, 0.0 ], [ -99.273192413372868, 19.596849187474373, 0.0 ], [ -99.273102095076382, 19.596954426241112, 0.0 ], [ -99.273004646388046, 19.597032795490819, 0.0 ], [ -99.272926212077934, 19.597086534382839, 0.0 ], [ -99.272809749011415, 19.59714475149563, 0.0 ], [ -99.272557808500153, 19.597198490350259, 0.0 ], [ -99.272248824854188, 19.597252229186982, 0.0 ], [ -99.272011145126584, 19.597379858852197, 0.0 ] ] ] } },
{ "type": "Feature", "properties": { "NOMBRE": "MAGNOLIA" }, "geometry": { "type": "MultiLineString", "coordinates": [ [ [ -99.272011145126584, 19.597379858852197, 0.0 ], [ -99.271333757902894, 19.597803051228439, 0.0 ], [ -99.270977238311474, 19.598026962088454, 0.0 ], [ -99.270889296812257, 19.598096374391798, 0.0 ], [ -99.270782814219828, 19.598180640151913, 0.0 ] ] ] } },
{ "type": "Feature", "properties": { "NOMBRE": "ÁLAMO" }, "geometry": { "type": "MultiLineString", "coordinates": [ [ [ -99.277258286446397, 19.591377890750273, 0.0 ], [ -99.277159089960449, 19.591263074679276, 0.0 ], [ -99.277078278853068, 19.591220529851967, 0.0 ], [ -99.276712252072542, 19.591162310596406, 0.0 ], [ -99.276617180181503, 19.591157832191236, 0.0 ], [ -99.276479325939476, 19.591200377035133, 0.0 ], [ -99.276350978886569, 19.591274270684593, 0.0 ], [ -99.276298689346504, 19.59132801149924, 0.0 ], [ -99.276289182157399, 19.591598954499954, 0.0 ], [ -99.276288057612859, 19.592166866784716, 0.0 ] ] ] } },
{ "type": "Feature", "properties": { "NOMBRE": "OAXACA" }, "geometry": { "type": "MultiLineString", "coordinates": [ [ [ -99.276295450273025, 19.591420321093125, 0.0 ], [ -99.276093809421283, 19.591285018848865, 0.0 ], [ -99.275819289335857, 19.591026390944659, 0.0 ], [ -99.275505552095382, 19.590653562974897, 0.0 ], [ -99.275166858483544, 19.590247145916155, 0.0 ] ] ] } },
{ "type": "Feature", "properties": { "NOMBRE": "AV. GUERRERO" }, "geometry": { "type": "MultiLineString", "coordinates": [ [ [ -99.275166858483544, 19.590247145916155, 0.0 ], [ -99.275138336916228, 19.590069128203652, 0.0 ], [ -99.275070598193864, 19.589938133912156, 0.0 ], [ -99.274845990851276, 19.58948469131068, 0.0 ], [ -99.274653470271858, 19.589051400520663, 0.0 ], [ -99.274418167341565, 19.588530778261635, 0.0 ], [ -99.274357261911334, 19.588362605716114, 0.0 ], [ -99.27439885586368, 19.588233849279408, 0.0 ], [ -99.274458275795567, 19.588147078579158, 0.0 ], [ -99.27448204376833, 19.588124686132815, 0.0 ], [ -99.274467188785366, 19.588032317258758, 0.0 ], [ -99.274277045003274, 19.587590065551417, 0.0 ], [ -99.274039365275655, 19.587122620970806, 0.0 ], [ -99.273837337507189, 19.587035849671835, 0.0 ], [ -99.273266906160927, 19.586839914308328, 0.0 ] ] ] } },
{ "type": "Feature", "properties": { "NOMBRE": "CHIAPAS" }, "geometry": { "type": "MultiLineString", "coordinates": [ [ [ -99.273330535004717, 19.585716845526846, 0.0 ], [ -99.273329346606047, 19.585944132111436, 0.0 ], [ -99.273311520626493, 19.586431173712405, 0.0 ], [ -99.273282999059177, 19.586666296716647, 0.0 ], [ -99.273266906160927, 19.586839914308328, 0.0 ], [ -99.273233086316381, 19.587062646146808, 0.0 ], [ -99.273233086316381, 19.587297768228996, 0.0 ], [ -99.273265173079608, 19.587579914274446, 0.0 ], [ -99.2733043902346, 19.587851983207187, 0.0 ], [ -99.273357868173306, 19.587989696936159, 0.0 ], [ -99.273411346112013, 19.588093821872558, 0.0 ], [ -99.273461258854823, 19.588221458799627, 0.0 ], [ -99.273464824050791, 19.588335660174675, 0.0 ], [ -99.273439867679343, 19.588419631722548, 0.0 ], [ -99.273368563761039, 19.58857078039809, 0.0 ], [ -99.273325686338183, 19.588636199740133, 0.0 ] ] ] } },
{ "type": "Feature", "properties": { "NOMBRE": "CHIAPAS" }, "geometry": { "type": "MultiLineString", "coordinates": [ [ [ -99.274273098030378, 19.586054689938045, 0.0 ], [ -99.27417690261133, 19.586084012102877, 0.0 ], [ -99.274095616144479, 19.586086699230734, 0.0 ], [ -99.274004347129122, 19.586050423001819, 0.0 ], [ -99.273901669486776, 19.585981901213977, 0.0 ], [ -99.273700592437265, 19.585838139721186, 0.0 ], [ -99.273587932246343, 19.585769617842875, 0.0 ], [ -99.27353231519011, 19.585731997975852, 0.0 ], [ -99.27342821146938, 19.585717218739966, 0.0 ], [ -99.273330535004717, 19.585716845526846, 0.0 ] ] ] } },
{ "type": "Feature", "properties": { "NOMBRE": "QUINTANA ROO" }, "geometry": { "type": "MultiLineString", "coordinates": [ [ [ -99.273325686338183, 19.588636199740133, 0.0 ], [ -99.273260621512904, 19.588470552047607, 0.0 ], [ -99.273178622006867, 19.588151460034169, 0.0 ], [ -99.273110883284502, 19.587980157745047, 0.0 ], [ -99.27296114505603, 19.587832367388383, 0.0 ], [ -99.272750798497114, 19.587667782513204, 0.0 ], [ -99.27247627841173, 19.587469608664929, 0.0 ], [ -99.272294453420031, 19.587341971141964, 0.0 ], [ -99.272027063726483, 19.587066542458238, 0.0 ], [ -99.27189158628174, 19.586938904615771, 0.0 ], [ -99.271542197082098, 19.58668698752443, 0.0 ], [ -99.271396024049622, 19.586566067180669, 0.0 ], [ -99.27124628582115, 19.586428352234112, 0.0 ], [ -99.271171416706963, 19.586307431696106, 0.0 ], [ -99.271125069160078, 19.58604543688562, 0.0 ], [ -99.271092982396837, 19.585706186561755, 0.0 ], [ -99.270804201527795, 19.585000812313268, 0.0 ], [ -99.27074359319721, 19.584903403245711, 0.0 ], [ -99.270633072123857, 19.584799276246233, 0.0 ], [ -99.270408464781269, 19.584634688271073, 0.0 ], [ -99.270265856944704, 19.58457758628122, 0.0 ], [ -99.270105423128555, 19.584530561097882, 0.0 ], [ -99.26999490205516, 19.584507048501067, 0.0 ], [ -99.269852294218609, 19.58443315174576, 0.0 ] ] ] } },
{ "type": "Feature", "properties": { "NOMBRE": "CAMPECHE" }, "geometry": { "type": "MultiLineString", "coordinates": [ [ [ -99.269852294218609, 19.58443315174576, 0.0 ], [ -99.269807293523471, 19.584261472284631, 0.0 ], [ -99.269793032739827, 19.584095764109406, 0.0 ], [ -99.269793032739827, 19.583983799029618, 0.0 ], [ -99.269778771956169, 19.583898705516944, 0.0 ], [ -99.269764511172454, 19.583813611959282, 0.0 ], [ -99.269702714443341, 19.583750911414338, 0.0 ], [ -99.269541092228508, 19.583715082520598, 0.0 ], [ -99.269227354988061, 19.583737475580119, 0.0 ], [ -99.26900393604403, 19.583791218910335, 0.0 ], [ -99.268875588991122, 19.583844962222592, 0.0 ], [ -99.268775763505531, 19.583912141337706, 0.0 ], [ -99.268699705992702, 19.584033063674319, 0.0 ], [ -99.26864266285807, 19.584113678514935, 0.0 ], [ -99.268542837372493, 19.584198771914057, 0.0 ] ] ] } },
{ "type": "Feature", "properties": { "NOMBRE": "VILLAHERMOSA" }, "geometry": { "type": "MultiLineString", "coordinates": [ [ [ -99.268542837372493, 19.584198771914057, 0.0 ], [ -99.268419243914039, 19.584095764109406, 0.0 ], [ -99.268267128888382, 19.58392557715738, 0.0 ], [ -99.268105506673635, 19.583782261689876, 0.0 ], [ -99.267879580271753, 19.583724240581869, 0.0 ] ] ] } },
{ "type": "Feature", "properties": { "NOMBRE": "AV. JALISCO" }, "geometry": { "type": "MultiLineString", "coordinates": [ [ [ -99.273325686338183, 19.588636199740133, 0.0 ], [ -99.273379798089564, 19.588836898755844, 0.0 ], [ -99.273385502403031, 19.588965878633658, 0.0 ], [ -99.273425432597264, 19.589152182719058, 0.0 ], [ -99.273478672856285, 19.589315198617019, 0.0 ], [ -99.273564237558219, 19.589454926398162, 0.0 ], [ -99.273750578464714, 19.589592862678497, 0.0 ], [ -99.274197416352663, 19.589836490105835, 0.0 ], [ -99.274370447194343, 19.589952929554851, 0.0 ], [ -99.274476927712371, 19.590071160293892, 0.0 ], [ -99.274537773722614, 19.590302247396554, 0.0 ], [ -99.274547280911719, 19.590420477879068, 0.0 ], [ -99.274528266533508, 19.590513629107097, 0.0 ], [ -99.27441774546017, 19.590667780089493, 0.0 ], [ -99.274339311149987, 19.590755109233136, 0.0 ], [ -99.27424518997789, 19.590833033659887, 0.0 ], [ -99.274153920962448, 19.590877369954843, 0.0 ], [ -99.273985643715321, 19.590919019190434, 0.0 ], [ -99.27384303587867, 19.590928423855093, 0.0 ], [ -99.273694723728696, 19.590956637845657, 0.0 ], [ -99.273569228832486, 19.591019783425573, 0.0 ], [ -99.273436603544482, 19.591121891119609, 0.0 ], [ -99.2733424823723, 19.591215937622533, 0.0 ], [ -99.273269752375612, 19.591339541514174, 0.0 ], [ -99.273245509043392, 19.591449710120344, 0.0 ], [ -99.273249787278473, 19.591671390623592, 0.0 ], [ -99.273251213356886, 19.59185813941675, 0.0 ], [ -99.27322554394631, 19.592012643650182, 0.0 ], [ -99.2731456835578, 19.592183269892242, 0.0 ], [ -99.273041579837127, 19.59226119362755, 0.0 ], [ -99.27292321533271, 19.592306873041135, 0.0 ], [ -99.272769198869241, 19.592329712743112, 0.0 ], [ -99.272559565349482, 19.592359269999555, 0.0 ], [ -99.272455461628724, 19.592384796716733, 0.0 ], [ -99.272363004214711, 19.592451972268861, 0.0 ], [ -99.272315943628683, 19.592473468439589, 0.0 ], [ -99.272240361475241, 19.592504369179924, 0.0 ], [ -99.272170756781335, 19.592518240600949, 0.0 ], [ -99.27209775363869, 19.592497651628168, 0.0 ], [ -99.272017893250222, 19.592434506627953, 0.0 ], [ -99.27198651952618, 19.592372705114357, 0.0 ], [ -99.271985093447768, 19.59229612494493, 0.0 ], [ -99.272009336779988, 19.591960246578903, 0.0 ], [ -99.272005058544906, 19.591820520972195, 0.0 ], [ -99.27199507599633, 19.591331480393709, 0.0 ], [ -99.271970832664167, 19.590948576705909, 0.0 ], [ -99.271942311096865, 19.590876026430845, 0.0 ], [ -99.271905233059314, 19.59081691136771, 0.0 ], [ -99.271838207376121, 19.590725551682162, 0.0 ], [ -99.271764051301147, 19.59064225309999, 0.0 ], [ -99.271661373658816, 19.590576420319071, 0.0 ], [ -99.271497374646714, 19.590494465186918, 0.0 ], [ -99.27135476681012, 19.590438037038933, 0.0 ], [ -99.271109481331223, 19.590409822957533, 0.0 ], [ -99.270673101351292, 19.590333241854349, 0.0 ], [ -99.270588962727686, 19.590302340697125, 0.0 ], [ -99.270521937044492, 19.590262034831024, 0.0 ], [ -99.270464893909875, 19.590210980719522, 0.0 ], [ -99.270389311756446, 19.590135743051835, 0.0 ], [ -99.270293764505936, 19.59002154295349, 0.0 ], [ -99.270178252158345, 19.589830761432026, 0.0 ], [ -99.270084130986163, 19.589664163298732, 0.0 ], [ -99.2699843055006, 19.589502939134636, 0.0 ], [ -99.269925836287527, 19.589431731744092, 0.0 ], [ -99.2697575590404, 19.589302752239586, 0.0 ], [ -99.269637768457656, 19.589242293061211, 0.0 ], [ -99.269121528089229, 19.589095847401712, 0.0 ], [ -99.268988902801226, 19.589083755552419, 0.0 ], [ -99.26879067790837, 19.589036731685052, 0.0 ], [ -99.268546818507815, 19.588939996828962, 0.0 ], [ -99.268338611066383, 19.588804299224631, 0.0 ], [ -99.268019169512442, 19.588528873042211, 0.0 ], [ -99.267900046113596, 19.588350212984047, 0.0 ], [ -99.267848707292458, 19.588251686321119, 0.0 ], [ -99.267816382849475, 19.588122705871246, 0.0 ], [ -99.2678201857251, 19.587954314572801, 0.0 ], [ -99.267833495789873, 19.587861161863891, 0.0 ], [ -99.267886736048879, 19.587766217701461, 0.0 ], [ -99.267949483496935, 19.587699935894378, 0.0 ], [ -99.268088288457875, 19.587569163600488, 0.0 ], [ -99.268185261786826, 19.587450931024271, 0.0 ], [ -99.268234699170122, 19.587347029597694, 0.0 ], [ -99.268259417861827, 19.587253876537552, 0.0 ], [ -99.268272727926544, 19.587149974983642, 0.0 ], [ -99.26826702361312, 19.58700487097753, 0.0 ], [ -99.268230896294511, 19.586879472348304, 0.0 ], [ -99.268090189895688, 19.586630466209332, 0.0 ], [ -99.267972300750813, 19.586419079400667, 0.0 ], [ -99.267846805854589, 19.586164698296876, 0.0 ], [ -99.26776124115267, 19.585854782747184, 0.0 ], [ -99.267700395142356, 19.58566130915365, 0.0 ], [ -99.267455347343287, 19.585368859044465, 0.0 ], [ -99.26735195666177, 19.585214348435318, 0.0 ], [ -99.267205783629279, 19.584945633979558, 0.0 ], [ -99.267195088041547, 19.584817994455971, 0.0 ], [ -99.267227174804773, 19.584629893921075, 0.0 ], [ -99.267262826763897, 19.58438133216282, 0.0 ], [ -99.267268198325738, 19.584150258955496, 0.0 ], [ -99.267229575369996, 19.584007503513366, 0.0 ], [ -99.267098851519819, 19.583850752293973, 0.0 ], [ -99.267003779628766, 19.58373878704386, 0.0 ], [ -99.266873055778504, 19.583618424313251, 0.0 ], [ -99.266775012890875, 19.583537249397509, 0.0 ], [ -99.266685882993016, 19.583481266673203, 0.0 ], [ -99.266575956118999, 19.583428083067023, 0.0 ], [ -99.266341247387913, 19.583310519243824, 0.0 ], [ -99.266079799687546, 19.583142570776111, 0.0 ], [ -99.265937191850995, 19.583044600755638, 0.0 ], [ -99.265693570130111, 19.582829066501084, 0.0 ], [ -99.265536107310581, 19.582680711586722, 0.0 ], [ -99.26539944146721, 19.582577142980622, 0.0 ], [ -99.26531031156928, 19.582535155688959, 0.0 ], [ -99.265164732736139, 19.582537954842042, 0.0 ], [ -99.264980530947227, 19.582546352301151, 0.0 ], [ -99.264751764209322, 19.58250996330862, 0.0 ], [ -99.264624011355764, 19.582479172616345, 0.0 ], [ -99.264517055478336, 19.582414792058703, 0.0 ], [ -99.264430896577068, 19.582378403036572, 0.0 ], [ -99.264017928050293, 19.582286030866342, 0.0 ], [ -99.263735683373682, 19.582171265368935, 0.0 ], [ -99.263159310034169, 19.581983721575362, 0.0 ] ] ] } },
{ "type": "Feature", "properties": { "NOMBRE": "AV. JARDÍN" }, "geometry": { "type": "MultiLineString", "coordinates": [ [ [ -99.263340294348268, 19.581718198451625, 0.0 ], [ -99.263159310034169, 19.581983721575352, 0.0 ], [ -99.263097473690891, 19.582037689422865, 0.0 ], [ -99.262952489056985, 19.582245946925568, 0.0 ], [ -99.262759968477553, 19.582637828592933, 0.0 ], [ -99.26260785345184, 19.582962529823451, 0.0 ], [ -99.262398695291523, 19.583394717342571, 0.0 ], [ -99.262213305103941, 19.583835860919667, 0.0 ], [ -99.262058100241703, 19.584204226077382, 0.0 ], [ -99.261981206287402, 19.584349530694272, 0.0 ], [ -99.261922737074372, 19.584432832531927, 0.0 ], [ -99.261830041980602, 19.58461421541632, 0.0 ], [ -99.261685463383131, 19.584873195111811, 0.0 ], [ -99.261608999833868, 19.585030723488927, 0.0 ], [ -99.261410774940956, 19.58538408271874, 0.0 ], [ -99.261306671220254, 19.585611145845036, 0.0 ], [ -99.261159785148564, 19.585869110665151, 0.0 ], [ -99.26097233920855, 19.586219608800889, 0.0 ] ] ] } },
{ "type": "Feature", "properties": { "NOMBRE": "BLVD. HOGARES DE ATIZAPÁN" }, "geometry": { "type": "MultiLineString", "coordinates": [ [ [ -99.263257911594337, 19.592038475753533, 0.0 ], [ -99.263159508099776, 19.591739553190205, 0.0 ], [ -99.263149050191728, 19.59158034638153, 0.0 ], [ -99.26321179763984, 19.591213117699255, 0.0 ], [ -99.26330686953095, 19.590840514082522, 0.0 ], [ -99.263331588222584, 19.590693622035133, 0.0 ], [ -99.263322081033493, 19.590480449191308, 0.0 ], [ -99.263297362341802, 19.590324599958741, 0.0 ], [ -99.263230812018051, 19.590156210963237, 0.0 ], [ -99.26302165385772, 19.589797935918675, 0.0 ], [ -99.262644042908974, 19.589195045379803, 0.0 ], [ -99.262399883690051, 19.588769682113043, 0.0 ], [ -99.262323826177195, 19.588674738486397, 0.0 ], [ -99.26219262696749, 19.588538592810494, 0.0 ], [ -99.26146627771962, 19.587961763801754, 0.0 ], [ -99.260633447953822, 19.58727923985218, 0.0 ], [ -99.259992663407942, 19.586757940083704, 0.0 ], [ -99.259119903447825, 19.586035999816584, 0.0 ], [ -99.258865110779766, 19.585829986491632, 0.0 ], [ -99.258747221634835, 19.58575474677685, 0.0 ], [ -99.258621467876495, 19.585700535212752, 0.0 ], [ -99.258482921777656, 19.585674132757735, 0.0 ], [ -99.258382145573137, 19.585672341334597, 0.0 ], [ -99.258015144305475, 19.585708214578453, 0.0 ], [ -99.257984404394023, 19.585711797423826, 0.0 ] ] ] } },
{ "type": "Feature", "properties": { "NOMBRE": "BLVD. HOGARES DE ATIZAPÁN" }, "geometry": { "type": "MultiLineString", "coordinates": [ [ [ -99.262590546424747, 19.591994801107681, 0.0 ], [ -99.262720886007273, 19.591923771617029, 0.0 ], [ -99.262839725871075, 19.591861074230106, 0.0 ], [ -99.262941928153992, 19.591740157772282, 0.0 ], [ -99.263027492855954, 19.591596849260199, 0.0 ], [ -99.2630702752069, 19.591386364651676, 0.0 ], [ -99.263217636638089, 19.590784018879202, 0.0 ], [ -99.263227143827194, 19.590633991886321, 0.0 ], [ -99.263224767029911, 19.590506356871927, 0.0 ], [ -99.263196245462609, 19.590340655123278, 0.0 ], [ -99.263141579125246, 19.590190627717348, 0.0 ], [ -99.262951435343112, 19.589872658723081, 0.0 ], [ -99.262515821485735, 19.589169632823783, 0.0 ], [ -99.262266917727331, 19.588786633127054, 0.0 ], [ -99.262121933093454, 19.588627647321932, 0.0 ], [ -99.261703616772721, 19.588289522059583, 0.0 ], [ -99.261088026278017, 19.587778973960415, 0.0 ], [ -99.260353595919455, 19.587178853949407, 0.0 ], [ -99.259431398575998, 19.586417504448082, 0.0 ], [ -99.258839576054072, 19.585927103892654, 0.0 ], [ -99.258725489784766, 19.585844250683326, 0.0 ], [ -99.25864705547464, 19.58580618297815, 0.0 ], [ -99.25858525874547, 19.585786029483586, 0.0 ], [ -99.258483056462552, 19.585763636708883, 0.0 ], [ -99.258359463004183, 19.585745722486898, 0.0 ], [ -99.258233492748488, 19.585754679598146, 0.0 ], [ -99.257995813020798, 19.585788268761018, 0.0 ] ] ] } },
{ "type": "Feature", "properties": { "NOMBRE": "AV. OCÉANO PACÍFICO" }, "geometry": { "type": "MultiLineString", "coordinates": [ [ [ -99.257984404394008, 19.585711797423826, 0.0 ], [ -99.257880757606273, 19.585709351294735, 0.0 ], [ -99.257650683629834, 19.585686062797876, 0.0 ], [ -99.257454835534261, 19.585675314259671, 0.0 ], [ -99.257131591104596, 19.585691437066583, 0.0 ], [ -99.256907221441637, 19.585702185603669, 0.0 ], [ -99.256629611519756, 19.585680688528878, 0.0 ], [ -99.256388128916413, 19.585625154405555, 0.0 ], [ -99.255924178087952, 19.58549617185168, 0.0 ], [ -99.255633258101284, 19.585399434868588, 0.0 ], [ -99.255532481896751, 19.585342109221447, 0.0 ], [ -99.255469734448624, 19.585270452133951, 0.0 ], [ -99.25541839562743, 19.585191629300766, 0.0 ], [ -99.255393676935796, 19.58505906353998, 0.0 ], [ -99.255408888438325, 19.584937246258093, 0.0 ], [ -99.255465931573013, 19.584856631829616, 0.0 ], [ -99.255540087648043, 19.584779600227137, 0.0 ], [ -99.255574313528783, 19.584691819983831, 0.0 ], [ -99.255589525031368, 19.584605831127739, 0.0 ], [ -99.255570510653186, 19.584505510737579, 0.0 ], [ -99.25531001367159, 19.583810432032188, 0.0 ], [ -99.254969656301583, 19.582921873442235, 0.0 ], [ -99.254847251241799, 19.582642406420749, 0.0 ], [ -99.254651165466484, 19.582326661846629, 0.0 ], [ -99.254461497043778, 19.582043834798334, 0.0 ], [ -99.254370228028364, 19.581853939557735, 0.0 ], [ -99.254328396396318, 19.581735702785242, 0.0 ], [ -99.254282761888604, 19.581438319004445, 0.0 ], [ -99.254239028818688, 19.581096147830372, 0.0 ], [ -99.254254240321217, 19.580976119026325, 0.0 ], [ -99.254273254699442, 19.580908042948533, 0.0 ], [ -99.254408019105128, 19.580704874500487, 0.0 ], [ -99.254528641566949, 19.580610821858574, 0.0 ], [ -99.254552409539727, 19.580504452733049, 0.0 ], [ -99.254513786583985, 19.580417677868088, 0.0 ], [ -99.254457337648617, 19.580336501339328, 0.0 ], [ -99.254338497784801, 19.58024692719107, 0.0 ], [ -99.25401168815921, 19.580098569898436, 0.0 ], [ -99.253717559496238, 19.579958610063034, 0.0 ], [ -99.253509589734506, 19.579860638106069, 0.0 ], [ -99.253420459836605, 19.57977666209533, 0.0 ], [ -99.253331329938689, 19.579636701980377, 0.0 ], [ -99.253274881003364, 19.579491143331797, 0.0 ], [ -99.25323625804765, 19.578950895659162, 0.0 ], [ -99.253292706982961, 19.578766147334544, 0.0 ], [ -99.253506618737859, 19.578273484100031, 0.0 ], [ -99.253622487605128, 19.577931978019176, 0.0 ], [ -99.253667052554064, 19.577783618594548, 0.0 ], [ -99.253678936540439, 19.577652054462188, 0.0 ], [ -99.253667052554064, 19.577458906924306, 0.0 ], [ -99.253604661625573, 19.577240565950486, 0.0 ], [ -99.253563067673227, 19.577011027684541, 0.0 ], [ -99.253557125680032, 19.576770292078635, 0.0 ], [ -99.253622487605128, 19.57649876427762, 0.0 ], [ -99.25376806643834, 19.576199243388952, 0.0 ], [ -99.253955239223856, 19.575924915357483, 0.0 ], [ -99.254056253108146, 19.575765357001934, 0.0 ], [ -99.25416320898556, 19.575751360647455, 0.0 ], [ -99.254228570910669, 19.575720568663179, 0.0 ], [ -99.254228570910669, 19.575653386131773, 0.0 ] ] ] } },
{ "type": "Feature", "properties": { "NOMBRE": "BRILLANTE" }, "geometry": { "type": "MultiLineString", "coordinates": [ [ [ -99.254228570910669, 19.575653386131773, 0.0 ], [ -99.253866406425615, 19.574581820968437, 0.0 ], [ -99.253486118861332, 19.57351136840289, 0.0 ], [ -99.253295975079169, 19.572982857819515, 0.0 ], [ -99.253200903188073, 19.57273203863101, 0.0 ], [ -99.253134828223821, 19.572460168105547, 0.0 ] ] ] } },
{ "type": "Feature", "properties": { "NOMBRE": "ZAFIRO" }, "geometry": { "type": "MultiLineString", "coordinates": [ [ [ -99.255390514051186, 19.571566501309633, 0.0 ], [ -99.255456539262397, 19.571838559283613, 0.0 ], [ -99.255483159391886, 19.571980093801248, 0.0 ], [ -99.255507878083534, 19.572119836620718, 0.0 ], [ -99.255483159391886, 19.572170000680241, 0.0 ], [ -99.255393791814285, 19.57219329113116, 0.0 ], [ -99.255161816400033, 19.572161042813605, 0.0 ], [ -99.254562863486285, 19.572066089396824, 0.0 ], [ -99.254357508201593, 19.572075047268719, 0.0 ], [ -99.254030460896303, 19.57213954393173, 0.0 ], [ -99.253591228759504, 19.572315118050113, 0.0 ], [ -99.253420099355623, 19.572386780900604, 0.0 ], [ -99.253134828223821, 19.572460168105547, 0.0 ] ] ] } },
{ "type": "Feature", "properties": { "NOMBRE": "AV. OCÉANO PACÍFICO" }, "geometry": { "type": "MultiLineString", "coordinates": [ [ [ -99.253392205380791, 19.573250333166047, 0.0 ], [ -99.25325674207879, 19.573141724699965, 0.0 ], [ -99.253152757197896, 19.573127728117502, 0.0 ], [ -99.25301014936133, 19.573074541093195, 0.0 ], [ -99.252849715545125, 19.572942973115751, 0.0 ], [ -99.2523624721034, 19.572553867191768, 0.0 ], [ -99.252231748253209, 19.572388706839423, 0.0 ], [ -99.252145589351898, 19.572223546317677, 0.0 ], [ -99.252071314437003, 19.572033191608067, 0.0 ], [ -99.251836605705932, 19.571333356184017, 0.0 ], [ -99.25177421477737, 19.571165395230103, 0.0 ], [ -99.251708852852275, 19.571019828928438, 0.0 ], [ -99.251640519930604, 19.570927450245687, 0.0 ], [ -99.251554361029264, 19.570837870866441, 0.0 ], [ -99.251242406386737, 19.570667110036737, 0.0 ], [ -99.250380817373895, 19.570230409387047, 0.0 ], [ -99.250051036751771, 19.570090440979616, 0.0 ], [ -99.249846037986629, 19.570037252953014, 0.0 ], [ -99.249688575167042, 19.570014857989175, 0.0 ], [ -99.249486547398504, 19.57001765735976, 0.0 ], [ -99.249251838667419, 19.570059647913741, 0.0 ], [ -99.249076549868263, 19.570126832777245, 0.0 ], [ -99.248916116052115, 19.570213613184578, 0.0 ], [ -99.248767566222298, 19.57032278846923, 0.0 ], [ -99.248624958385662, 19.57047675348867, 0.0 ], [ -99.248562567457157, 19.570591527316612, 0.0 ], [ -99.248375394671598, 19.570997434101113, 0.0 ], [ -99.248182279892916, 19.571487320238059, 0.0 ], [ -99.247995107107357, 19.571966007539231, 0.0 ], [ -99.247959455148234, 19.572061184961786, 0.0 ], [ -99.247959455148234, 19.572175957661333, 0.0 ], [ -99.247986194117587, 19.57225993763355, 0.0 ], [ -99.248027788069919, 19.572329920910374, 0.0 ], [ -99.248116917967778, 19.572416700131409, 0.0 ], [ -99.248984448973786, 19.573113731533926, 0.0 ], [ -99.249076549868306, 19.573200510332757, 0.0 ], [ -99.249109230830868, 19.573276091829261, 0.0 ], [ -99.249118143820638, 19.573362870540766, 0.0 ], [ -99.249106259834249, 19.573449649205557, 0.0 ], [ -99.249088433854695, 19.573528029894678, 0.0 ], [ -99.249097346844479, 19.573600811929275, 0.0 ], [ -99.24915676677638, 19.573684791158939, 0.0 ], [ -99.249225099698052, 19.573732379369751, 0.0 ], [ -99.249278577636844, 19.573782766871652, 0.0 ], [ -99.249367707534702, 19.573897538344902, 0.0 ], [ -99.249441982449568, 19.574177468424974, 0.0 ], [ -99.249646981214767, 19.574832502911818, 0.0 ], [ -99.249795531044512, 19.575104033520955, 0.0 ], [ -99.250068862731311, 19.575459541977182, 0.0 ], [ -99.250247122527114, 19.575658290457344, 0.0 ], [ -99.250493715244559, 19.575837443806904, 0.0 ], [ -99.250731394972235, 19.575994202824265, 0.0 ], [ -99.251046320611437, 19.576234939589796, 0.0 ], [ -99.251156247485468, 19.576346910055801, 0.0 ], [ -99.252151531345135, 19.577609371675297, 0.0 ], [ -99.252323849147729, 19.577889295306459, 0.0 ], [ -99.252680368739192, 19.578759854690809, 0.0 ], [ -99.252956671422666, 19.57939247688665, 0.0 ], [ -99.253069569293274, 19.579641606184619, 0.0 ], [ -99.253149786201419, 19.579773168692146, 0.0 ], [ -99.253274568058416, 19.579882337499832, 0.0 ], [ -99.253420146891642, 19.579955116663779, 0.0 ], [ -99.253613261670381, 19.580047490170788, 0.0 ], [ -99.253797463459279, 19.580170654764242, 0.0 ], [ -99.253907390333353, 19.580277024110138, 0.0 ], [ -99.253975723255053, 19.580386192576345, 0.0 ], [ -99.254038114183544, 19.58051775447575, 0.0 ], [ -99.254106447105301, 19.580811668969123, 0.0 ], [ -99.254174780026972, 19.581399496347032, 0.0 ], [ -99.254252025938456, 19.58184176505527, 0.0 ], [ -99.254329271849983, 19.582004116554906, 0.0 ], [ -99.254537241611715, 19.582331618219783, 0.0 ], [ -99.254816515291722, 19.582782281815284, 0.0 ], [ -99.255312671723217, 19.584106273779568, 0.0 ], [ -99.25542259859732, 19.584388985241315, 0.0 ], [ -99.255476076536056, 19.58452614210816, 0.0 ], [ -99.255496873512186, 19.584612914759621, 0.0 ], [ -99.255473105539423, 19.584688490901826, 0.0 ], [ -99.255404772617737, 19.584780861694124, 0.0 ], [ -99.255318613716412, 19.584842442192848, 0.0 ], [ -99.255223541825373, 19.584895625331825, 0.0 ], [ -99.255149266910436, 19.584932013785313, 0.0 ], [ -99.25509875996832, 19.584960004897734, 0.0 ], [ -99.255080933988751, 19.585013187998015, 0.0 ], [ -99.255092817975139, 19.58510275949552, 0.0 ], [ -99.255167092890019, 19.585276304130158, 0.0 ], [ -99.25524730979815, 19.585365875481301, 0.0 ], [ -99.255363178665348, 19.585410661138351, 0.0 ], [ -99.256482412503004, 19.585737372128531, 0.0 ], [ -99.256619316026146, 19.585789771225013, 0.0 ], [ -99.2566834895526, 19.585839483172617, 0.0 ], [ -99.256726271903574, 19.585870385186244, 0.0 ], [ -99.256777610724754, 19.585894569366779, 0.0 ], [ -99.256823245232482, 19.58590263075946, 0.0 ], [ -99.256881714445512, 19.585890538670238, 0.0 ], [ -99.256951592285461, 19.585858293094585, 0.0 ], [ -99.257018617968654, 19.58580723758676, 0.0 ], [ -99.257067104633094, 19.585788427658681, 0.0 ], [ -99.25742077206786, 19.585760212762487, 0.0 ], [ -99.257549119120796, 19.585760212762487, 0.0 ], [ -99.257656074998252, 19.585762899895624, 0.0 ], [ -99.257782995972804, 19.585784396959472, 0.0 ], [ -99.257871412831548, 19.585792458357783, 0.0 ], [ -99.257995813020798, 19.585788268761018, 0.0 ] ] ] } },
{ "type": "Feature", "properties": { "NOMBRE": "CELAYA" }, "geometry": { "type": "MultiLineString", "coordinates": [ [ [ -99.267802533143922, 19.586004342510194, 0.0 ], [ -99.267665307071468, 19.586330630418043, 0.0 ], [ -99.267456148911108, 19.586817670850138, 0.0 ], [ -99.267201831602506, 19.587385323011908, 0.0 ], [ -99.267087745333185, 19.587510721247288, 0.0 ], [ -99.266842935213688, 19.587618205371214, 0.0 ] ] ] } },
{ "type": "Feature", "properties": { "NOMBRE": "BAJA CALIFORNIA NORTE" }, "geometry": { "type": "MultiLineString", "coordinates": [ [ [ -99.264634890543618, 19.586626213752609, 0.0 ], [ -99.264292631735799, 19.586428598439458, 0.0 ], [ -99.26410248795365, 19.586322233156267, 0.0 ], [ -99.263894518191933, 19.586227064159186, 0.0 ], [ -99.263543940593635, 19.586131895105883, 0.0 ], [ -99.263104233097451, 19.586014333256522, 0.0 ], [ -99.262691858769983, 19.58568292034284, 0.0 ], [ -99.262282752538738, 19.585300675006916, 0.0 ], [ -99.262105918821376, 19.585095108598704, 0.0 ], [ -99.262014649805948, 19.585003745666356, 0.0 ], [ -99.26186491157749, 19.584929849139048, 0.0 ], [ -99.261685463383131, 19.584873195111811, 0.0 ] ] ] } },
{ "type": "Feature", "properties": { "NOMBRE": "DURANGO" }, "geometry": { "type": "MultiLineString", "coordinates": [ [ [ -99.266842935213688, 19.587618205371214, 0.0 ], [ -99.266667052215183, 19.587322623857645, 0.0 ], [ -99.266595748296908, 19.587275599475909, 0.0 ], [ -99.266194069557116, 19.587186029187038, 0.0 ], [ -99.265538073508736, 19.586751612579032, 0.0 ], [ -99.265331292145703, 19.586664281263808, 0.0 ], [ -99.265088858823475, 19.586473943617776, 0.0 ], [ -99.265019931702412, 19.586453790206797, 0.0 ], [ -99.264634890543618, 19.586626213752609, 0.0 ], [ -99.264446707619385, 19.586960199875136, 0.0 ], [ -99.264100883615626, 19.587427085113699, 0.0 ] ] ] } },
{ "type": "Feature", "properties": { "NOMBRE": "NUEVO LEÓN" }, "geometry": { "type": "MultiLineString", "coordinates": [ [ [ -99.264100883615626, 19.587427085113699, 0.0 ], [ -99.263623147362964, 19.588162678534385, 0.0 ], [ -99.263370018453017, 19.588468335086194, 0.0 ], [ -99.263284453751083, 19.588565741997225, 0.0 ], [ -99.262725906391054, 19.588880354721244, 0.0 ], [ -99.262521732489475, 19.588981961780071, 0.0 ] ] ] } },
{ "type": "Feature", "properties": { "NOMBRE": "VERACRUZ" }, "geometry": { "type": "MultiLineString", "coordinates": [ [ [ -99.264100883615626, 19.587427085113699, 0.0 ], [ -99.263685568001165, 19.58722372335659, 0.0 ], [ -99.263504337208786, 19.587212527069649, 0.0 ], [ -99.263150788613913, 19.587198531709827, 0.0 ], [ -99.262838833971358, 19.587159344695838, 0.0 ] ] ] } },
{ "type": "Feature", "properties": { "NOMBRE": "ALHELÍ" }, "geometry": { "type": "MultiLineString", "coordinates": [ [ [ -99.262838833971358, 19.587159344695838, 0.0 ], [ -99.262257707037236, 19.58702764826818, 0.0 ], [ -99.261831071926039, 19.586892620830625, 0.0 ], [ -99.261697971278522, 19.586800811065551, 0.0 ], [ -99.260920758569043, 19.586178294691894, 0.0 ], [ -99.259905390772445, 19.585388277642036, 0.0 ] ] ] } },
{ "type": "Feature", "properties": { "NOMBRE": "AZAHARES" }, "geometry": { "type": "MultiLineString", "coordinates": [ [ [ -99.261250895710731, 19.585147987484923, 0.0 ], [ -99.260026845113217, 19.585363518636157, 0.0 ], [ -99.259905390772445, 19.585388277642036, 0.0 ], [ -99.259518804695333, 19.585444692631214, 0.0 ], [ -99.259399964831459, 19.585450290836281, 0.0 ] ] ] } },
{ "type": "Feature", "properties": { "NOMBRE": "AZUCENA" }, "geometry": { "type": "MultiLineString", "coordinates": [ [ [ -99.259399964831459, 19.585450290836281, 0.0 ], [ -99.259092011130946, 19.585257525863636, 0.0 ], [ -99.258658738384156, 19.585716602269358, 0.0 ] ] ] } },
{ "type": "Feature", "properties": { "NOMBRE": "AV. DE LAS FLORES" }, "geometry": { "type": "MultiLineString", "coordinates": [ [ [ -99.262058100241703, 19.584204226077382, 0.0 ], [ -99.2619969327625, 19.584161466933732, 0.0 ], [ -99.261972214070866, 19.584107723727051, 0.0 ], [ -99.261966509757372, 19.584032483207643, 0.0 ], [ -99.261947495379175, 19.583964408421632, 0.0 ], [ -99.261888550806731, 19.583842590311711, 0.0 ], [ -99.26179538035349, 19.583722563554417, 0.0 ], [ -99.261740238656614, 19.583681360318735, 0.0 ], [ -99.261683195521996, 19.583665237310509, 0.0 ], [ -99.26150255892901, 19.583670611646756, 0.0 ], [ -99.261337133838495, 19.583681360318735, 0.0 ], [ -99.261247766260922, 19.583713606330157, 0.0 ], [ -99.26118501881281, 19.583765558224076, 0.0 ], [ -99.261133679991616, 19.583831841650511, 0.0 ], [ -99.261093749797396, 19.58391962236254, 0.0 ], [ -99.261078538294797, 19.583996654376509, 0.0 ], [ -99.261078538294797, 19.584102349405384, 0.0 ], [ -99.261158398683307, 19.584578871894962, 0.0 ], [ -99.261250895710731, 19.585147987484923, 0.0 ], [ -99.261329207059575, 19.585561992411566, 0.0 ] ] ] } },
{ "type": "Feature", "properties": { "NOMBRE": "BAJA CALIFORNIA SUR" }, "geometry": { "type": "MultiLineString", "coordinates": [ [ [ -99.265389736088409, 19.586688964278299, 0.0 ], [ -99.265519108646842, 19.586588625808734, 0.0 ], [ -99.265477277014824, 19.586427398565039, 0.0 ], [ -99.265308049048684, 19.586203471569764, 0.0 ], [ -99.264992410370354, 19.585789653663198, 0.0 ], [ -99.264769942145236, 19.585592597143371, 0.0 ], [ -99.264501839412432, 19.58541882892138, 0.0 ], [ -99.264263684325286, 19.585308730831326, 0.0 ], [ -99.26396658466571, 19.585230355874003, 0.0 ], [ -99.263788324869992, 19.585196766594866, 0.0 ], [ -99.263731875934639, 19.585171574630994, 0.0 ], [ -99.263657601019759, 19.585098797824088, 0.0 ], [ -99.263591882575057, 19.585001500780184, 0.0 ], [ -99.263565262445553, 19.584928052109767, 0.0 ], [ -99.263551952380837, 19.584863560566575, 0.0 ] ] ] } },
{ "type": "Feature", "properties": { "NOMBRE": "SINALOA" }, "geometry": { "type": "MultiLineString", "coordinates": [ [ [ -99.262481442887392, 19.583959780529451, 0.0 ], [ -99.262411089687973, 19.584050248333455, 0.0 ], [ -99.262354997272283, 19.58412459312439, 0.0 ], [ -99.26230460917003, 19.584183710644556, 0.0 ], [ -99.262254221067749, 19.584216852275176, 0.0 ], [ -99.262230453095, 19.584232079508606, 0.0 ], [ -99.262179114273792, 19.584240140984527, 0.0 ], [ -99.262138233360631, 19.584232079508602, 0.0 ], [ -99.262097352447469, 19.584219539434098, 0.0 ], [ -99.262058100241703, 19.584204226077382, 0.0 ] ] ] } },
{ "type": "Feature", "properties": { "NOMBRE": "CHIHUAHUA" }, "geometry": { "type": "MultiLineString", "coordinates": [ [ [ -99.263551952380837, 19.584863560566586, 0.0 ], [ -99.263549100224083, 19.584739055986528, 0.0 ], [ -99.263537691597165, 19.584623508484473, 0.0 ], [ -99.263518677218954, 19.58455005964159, 0.0 ], [ -99.26347589486798, 19.584466757864565, 0.0 ], [ -99.263411245982056, 19.58436016735596, 0.0 ], [ -99.2632287079512, 19.584193563562497, 0.0 ], [ -99.263112720244081, 19.584104887279626, 0.0 ], [ -99.262928280775427, 19.583987547880668, 0.0 ], [ -99.26281704666286, 19.58392753456722, 0.0 ], [ -99.262678241701906, 19.583897975762756, 0.0 ], [ -99.262591726281016, 19.583910515862332, 0.0 ], [ -99.262511865892535, 19.583940074664387, 0.0 ], [ -99.262481442887392, 19.583959780529451, 0.0 ] ] ] } },
{ "type": "Feature", "properties": { "NOMBRE": "AV. DE LAS FLORES" }, "geometry": { "type": "MultiLineString", "coordinates": [ [ [ -99.26146613903461, 19.583672978068382, 0.0 ], [ -99.261345413015732, 19.583224877025483, 0.0 ], [ -99.261185692238698, 19.582698189763978, 0.0 ], [ -99.261001252770043, 19.582103425207404, 0.0 ], [ -99.260873856436007, 19.581694971167657, 0.0 ], [ -99.26078639029619, 19.581420876428552, 0.0 ], [ -99.260856743495609, 19.581137823855588, 0.0 ], [ -99.260892237001684, 19.581047354415652, 0.0 ] ] ] } },
{ "type": "Feature", "properties": { "NOMBRE": "MÉRIDA" }, "geometry": { "type": "MultiLineString", "coordinates": [ [ [ -99.263623147362964, 19.588162678534385, 0.0 ], [ -99.263856538951785, 19.588342857357247, 0.0 ], [ -99.264207116550125, 19.588698336593719, 0.0 ], [ -99.26475377992378, 19.58922455638486, 0.0 ] ] ] } },
{ "type": "Feature", "properties": { "NOMBRE": "OAXACA" }, "geometry": { "type": "MultiLineString", "coordinates": [ [ [ -99.26475377992378, 19.58922455638486, 0.0 ], [ -99.2644083124395, 19.589558201233888, 0.0 ] ] ] } },
{ "type": "Feature", "properties": { "NOMBRE": "JALAPA" }, "geometry": { "type": "MultiLineString", "coordinates": [ [ [ -99.2644083124395, 19.589558201233888, 0.0 ], [ -99.26505004770425, 19.590187422188272, 0.0 ] ] ] } },
{ "type": "Feature", "properties": { "NOMBRE": "DURANGO" }, "geometry": { "type": "MultiLineString", "coordinates": [ [ [ -99.26505004770425, 19.590187422188272, 0.0 ], [ -99.265309118607405, 19.590151594726628, 0.0 ], [ -99.266335895030934, 19.589764209788619, 0.0 ] ] ] } },
{ "type": "Feature", "properties": { "NOMBRE": "CUERNAVACA" }, "geometry": { "type": "MultiLineString", "coordinates": [ [ [ -99.266335895030934, 19.589764209788619, 0.0 ], [ -99.266184770337432, 19.589420675448601, 0.0 ], [ -99.266057017483831, 19.589185556466436, 0.0 ], [ -99.266015423531428, 19.589109982434909, 0.0 ], [ -99.265997597551859, 19.589067996846627, 0.0 ] ] ] } },
{ "type": "Feature", "properties": { "NOMBRE": "QUERÉTARO" }, "geometry": { "type": "MultiLineString", "coordinates": [ [ [ -99.267978564110763, 19.588467973497298, 0.0 ], [ -99.266773027663362, 19.588838475436578, 0.0 ], [ -99.265997597551859, 19.589067996846627, 0.0 ] ] ] } },
{ "type": "Feature", "properties": { "NOMBRE": "HOGAR DE LA SIMPATÍA" }, "geometry": { "type": "MultiLineString", "coordinates": [ [ [ -99.261703616772721, 19.588289522059583, 0.0 ], [ -99.260334491810511, 19.589023100245353, 0.0 ] ] ] } },
{ "type": "Feature", "properties": { "NOMBRE": "HOGAR FESTIVO" }, "geometry": { "type": "MultiLineString", "coordinates": [ [ [ -99.260334491810511, 19.589023100245353, 0.0 ], [ -99.260254274902366, 19.588904420889946, 0.0 ] ] ] } },
{ "type": "Feature", "properties": { "NOMBRE": "HOGAR RISUEÑO" }, "geometry": { "type": "MultiLineString", "coordinates": [ [ [ -99.260254274902366, 19.588904420889946, 0.0 ], [ -99.260138406035153, 19.588977195976764, 0.0 ], [ -99.259244136059792, 19.589481022598768, 0.0 ], [ -99.2587895735806, 19.589732935318473, 0.0 ], [ -99.25791610058144, 19.590219965458981, 0.0 ], [ -99.257102047514209, 19.590673405989499, 0.0 ] ] ] } },
{ "type": "Feature", "properties": { "NOMBRE": "FRANCISCO I. MADERO" }, "geometry": { "type": "MultiLineString", "coordinates": [ [ [ -99.257102047514209, 19.590673405989499, 0.0 ], [ -99.256946763425518, 19.590682176225883, 0.0 ], [ -99.256715025691022, 19.590634593022969, 0.0 ], [ -99.255969305545406, 19.590461054163463, 0.0 ], [ -99.255054238593843, 19.590228735720046, 0.0 ], [ -99.253684609163201, 19.589892853040588, 0.0 ], [ -99.25320924970778, 19.589777393207587, 0.0 ], [ -99.252688731104186, 19.589666551690087, 0.0 ], [ -99.252310820337172, 19.589592657302688, 0.0 ], [ -99.252146821325127, 19.589535557070889, 0.0 ], [ -99.251932909570215, 19.589481815657876, 0.0 ], [ -99.249603363023226, 19.588897376632918, 0.0 ] ] ] } },
{ "type": "Feature", "properties": { "NOMBRE": "AZTECA  2000" }, "geometry": { "type": "MultiLineString", "coordinates": [ [ [ -99.249603363023226, 19.588897376632918, 0.0 ], [ -99.248848670467993, 19.588696076830548, 0.0 ], [ -99.2486597150845, 19.588642335137319, 0.0 ], [ -99.24819980481152, 19.588507980825757, 0.0 ], [ -99.247725633754797, 19.588390420711203, 0.0 ] ] ] } },
{ "type": "Feature", "properties": { "NOMBRE": "AV. FELIPE ÁNGELES" }, "geometry": { "type": "MultiLineString", "coordinates": [ [ [ -99.247725633754797, 19.588390420711203, 0.0 ], [ -99.24758466590832, 19.588222365579224, 0.0 ], [ -99.247443959509567, 19.587996649682967, 0.0 ], [ -99.247331774678059, 19.587860503433824, 0.0 ], [ -99.247111207890782, 19.587649118239963, 0.0 ], [ -99.246749934704766, 19.587348162569892, 0.0 ], [ -99.246611129743812, 19.587165439209986, 0.0 ], [ -99.246481831971977, 19.586980924234265, 0.0 ], [ -99.246419084523865, 19.586860899816056, 0.0 ], [ -99.246392464394347, 19.586721169783775, 0.0 ], [ -99.246413380210356, 19.586615476473721, 0.0 ], [ -99.246569298111723, 19.586312727455692, 0.0 ], [ -99.246607326868158, 19.58620524246021, 0.0 ], [ -99.246158587542283, 19.585572870951317, 0.0 ], [ -99.245795412918454, 19.585092768543959, 0.0 ], [ -99.245289630457989, 19.584429938241456, 0.0 ], [ -99.244871314137271, 19.583754565100207, 0.0 ], [ -99.244580394150645, 19.583337158002507, 0.0 ], [ -99.244403897146256, 19.583137859167586, 0.0 ], [ -99.244097290297574, 19.582932961793777, 0.0 ], [ -99.243886943738588, 19.582449268598619, 0.0 ], [ -99.243762161881577, 19.582143600622121, 0.0 ], [ -99.243715814334649, 19.581931983990749, 0.0 ], [ -99.243890508934498, 19.58081679334062, 0.0 ], [ -99.243776422665235, 19.580588379845111, 0.0 ], [ -99.243580336889906, 19.580309580580881, 0.0 ], [ -99.243216686906536, 19.580027421798093, 0.0 ], [ -99.242942166821138, 19.579842674708122, 0.0 ], [ -99.242564256054109, 19.57975198060468, 0.0 ], [ -99.242264779597264, 19.579711672097851, 0.0 ], [ -99.241199905094177, 19.579726143972735, 0.0 ] ] ] } },
{ "type": "Feature", "properties": { "NOMBRE": "LÁZARO CÁRDENAS" }, "geometry": { "type": "MultiLineString", "coordinates": [ [ [ -99.241199905094177, 19.579726143972735, 0.0 ], [ -99.241000254122923, 19.579061052213717, 0.0 ], [ -99.240836255110807, 19.578520243254133, 0.0 ], [ -99.2407827771721, 19.57838252142783, 0.0 ], [ -99.240693647274227, 19.578295185574405, 0.0 ], [ -99.240597386984504, 19.578170899855404, 0.0 ], [ -99.240551039437605, 19.578006305106978, 0.0 ], [ -99.240583126200917, 19.577223637981586, 0.0 ], [ -99.240902330075144, 19.57677267890924, 0.0 ], [ -99.241351544760434, 19.576235221382941, 0.0 ], [ -99.24149771779291, 19.576030315228895, 0.0 ], [ -99.241618934454067, 19.575748148951067, 0.0 ], [ -99.241683107980521, 19.575388722143369, 0.0 ], [ -99.241736585919284, 19.575247638504429, 0.0 ], [ -99.241729455527405, 19.575099836464368, 0.0 ], [ -99.241668847196863, 19.574831105135264, 0.0 ], [ -99.241444239854189, 19.573944288569184, 0.0 ], [ -99.241344414368612, 19.573551266030211, 0.0 ], [ -99.241323023193132, 19.573316123881952, 0.0 ], [ -99.241337283976776, 19.573154883353293, 0.0 ], [ -99.241374124334556, 19.573075382755547, 0.0 ] ] ] } },
{ "type": "Feature", "properties": { "NOMBRE": "LLUVIA" }, "geometry": { "type": "MultiLineString", "coordinates": [ [ [ -99.241374124334556, 19.573075382755547, 0.0 ], [ -99.241695942685766, 19.572717219012631, 0.0 ], [ -99.241975216365773, 19.572442885053142, 0.0 ] ] ] } },
{ "type": "Feature", "properties": { "NOMBRE": "LÁZARO CÁRDENAS" }, "geometry": { "type": "MultiLineString", "coordinates": [ [ [ -99.241975216365773, 19.572442885053235, 0.0 ], [ -99.242089857221146, 19.572376074399035, 0.0 ], [ -99.242266690938493, 19.572340242975379, 0.0 ], [ -99.24248725772577, 19.572325910403681, 0.0 ], [ -99.242877052479173, 19.572334868261116, 0.0 ], [ -99.243605540844399, 19.572340242975375, 0.0 ], [ -99.243799249822558, 19.572348081099999, 0.0 ], [ -99.243956118442782, 19.572092781988339, 0.0 ], [ -99.244198551764981, 19.571618014143695, 0.0 ], [ -99.244536056978276, 19.570887943880184, 0.0 ], [ -99.24514261564326, 19.56968112600395, 0.0 ] ] ] } },
{ "type": "Feature", "properties": { "NOMBRE": "BOSQUES" }, "geometry": { "type": "MultiLineString", "coordinates": [ [ [ -99.247056349429002, 19.574711116451951, 0.0 ], [ -99.246955573224483, 19.574626913813972, 0.0 ], [ -99.246824374014807, 19.574533753397095, 0.0 ], [ -99.246655146048752, 19.574363556342792, 0.0 ], [ -99.246575285660256, 19.574299060569896, 0.0 ], [ -99.246465002266604, 19.574207691514179, 0.0 ], [ -99.24624063260373, 19.574001663061239, 0.0 ], [ -99.24598393849783, 19.573801009010303, 0.0 ], [ -99.245544706361102, 19.573465987850703, 0.0 ], [ -99.244869695934554, 19.572971516845001, 0.0 ], [ -99.244643424833853, 19.572810275971623, 0.0 ], [ -99.244354406285055, 19.572656201208527, 0.0 ], [ -99.243804890754674, 19.572398215228873, 0.0 ], [ -99.243671452838541, 19.572342909999136, 0.0 ] ] ] } },
{ "type": "Feature", "properties": { "NOMBRE": "CALLE 5" }, "geometry": { "type": "MultiLineString", "coordinates": [ [ [ -99.249735546623043, 19.576162261385289, 0.0 ], [ -99.249104506946111, 19.576498172701484, 0.0 ], [ -99.247895905531024, 19.57627647131131, 0.0 ], [ -99.247179059701338, 19.576150838162434, 0.0 ], [ -99.246737216858691, 19.576064846972631, 0.0 ], [ -99.24569617965156, 19.57576924425631, 0.0 ], [ -99.245353920843741, 19.57567518873287, 0.0 ], [ -99.2449581840972, 19.575601287925938, 0.0 ], [ -99.24429149246113, 19.575517309695115, 0.0 ], [ -99.243988450808359, 19.575473640997767, 0.0 ], [ -99.24362480082506, 19.575386303567601, 0.0 ], [ -99.243425149853863, 19.575302325224715, 0.0 ], [ -99.243328889564125, 19.575157882372419, 0.0 ], [ -99.243225498882623, 19.575016798531358, 0.0 ], [ -99.243100717025555, 19.574905946855306, 0.0 ], [ -99.242890370466611, 19.574761503647846, 0.0 ], [ -99.242762023413704, 19.574623778608458, 0.0 ], [ -99.242697849887193, 19.574432307016568, 0.0 ], [ -99.242565937638375, 19.573928433319342, 0.0 ], [ -99.242537416071059, 19.573652981698817, 0.0 ], [ -99.242590894009766, 19.573259958449356, 0.0 ], [ -99.242487503328277, 19.573095358684053, 0.0 ], [ -99.241975216365773, 19.572442885053235, 0.0 ] ] ] } },
{ "type": "Feature", "properties": { "NOMBRE": "AV. 1RO. DE MAYO" }, "geometry": { "type": "MultiLineString", "coordinates": [ [ [ -99.243599545847474, 19.564379309500364, 0.0 ], [ -99.243619651097859, 19.564753177634351, 0.0 ], [ -99.243640448073961, 19.565545423448551, 0.0 ], [ -99.243679071029746, 19.566032526716267, 0.0 ], [ -99.243687984019559, 19.566642803445532, 0.0 ], [ -99.243598854121686, 19.566928344974979, 0.0 ], [ -99.243533492196548, 19.567230682513809, 0.0 ], [ -99.24350378223059, 19.567516223001906, 0.0 ], [ -99.243581028142131, 19.568837541027897, 0.0 ] ] ] } },
{ "type": "Feature", "properties": { "NOMBRE": "AV. UNO" }, "geometry": { "type": "MultiLineString", "coordinates": [ [ [ -99.243581028142131, 19.568837541027897, 0.0 ], [ -99.24400290965869, 19.569100683578633, 0.0 ], [ -99.244377255229736, 19.569347029407144, 0.0 ], [ -99.244632760936994, 19.5694758009403, 0.0 ], [ -99.244816962725949, 19.569565381076583, 0.0 ], [ -99.24514261564326, 19.56968112600395, 0.0 ], [ -99.245497419979571, 19.569839719934304, 0.0 ], [ -99.246314959016217, 19.571028702878941, 0.0 ], [ -99.247127823684835, 19.572273850312342, 0.0 ], [ -99.247674487058418, 19.573021829936447, 0.0 ], [ -99.248058387354561, 19.573566285256781, 0.0 ], [ -99.248543887811493, 19.574227070119168, 0.0 ], [ -99.248914668186629, 19.574822759527475, 0.0 ], [ -99.249380520452817, 19.575593121511677, 0.0 ], [ -99.249735546623043, 19.576162261385289, 0.0 ], [ -99.250269442634263, 19.577039779703401, 0.0 ], [ -99.251199839928205, 19.578493590917297, 0.0 ], [ -99.251759575686847, 19.579010886567222, 0.0 ], [ -99.25250826682894, 19.579967095364871, 0.0 ] ] ] } },
{ "type": "Feature", "properties": { "NOMBRE": "AV. DE LAS ÁGUILAS" }, "geometry": { "type": "MultiLineString", "coordinates": [ [ [ -99.25524730979815, 19.585365875481301, 0.0 ], [ -99.255021452655924, 19.585312727952751, 0.0 ], [ -99.254850323252057, 19.585164935147851, 0.0 ], [ -99.254369021803512, 19.584489789018502, 0.0 ], [ -99.253968977111953, 19.583896374660448, 0.0 ], [ -99.253790717316193, 19.583674683452504, 0.0 ], [ -99.253616022716329, 19.583526889144224, 0.0 ], [ -99.253427067332879, 19.583295120524184, 0.0 ], [ -99.252988548235322, 19.582666992297362, 0.0 ], [ -99.252706897758031, 19.582300862949406, 0.0 ], [ -99.252403856105275, 19.581175597817243, 0.0 ], [ -99.252271943856385, 19.580654950095923, 0.0 ] ] ] } },
{ "type": "Feature", "properties": { "NOMBRE": "CALLE CUATRO" }, "geometry": { "type": "MultiLineString", "coordinates": [ [ [ -99.24915676677638, 19.573684791158939, 0.0 ], [ -99.248983335840435, 19.573656497628686, 0.0 ], [ -99.248669598599918, 19.573710244322168, 0.0 ], [ -99.248531744357905, 19.573777427663767, 0.0 ], [ -99.24840815089955, 19.573938667569376, 0.0 ], [ -99.248332093386651, 19.574180527125385, 0.0 ], [ -99.248194239144638, 19.574498527100136, 0.0 ], [ -99.248137196010006, 19.574700076055077, 0.0 ], [ -99.248004095362532, 19.575353988706144, 0.0 ], [ -99.247885255498687, 19.575922800977217, 0.0 ], [ -99.247804435812526, 19.576260440493634, 0.0 ], [ -99.247595286230933, 19.577356019842203, 0.0 ], [ -99.247314824152355, 19.578807140953018, 0.0 ] ] ] } },
{ "type": "Feature", "properties": { "NOMBRE": "CHABACANO" }, "geometry": { "type": "MultiLineString", "coordinates": [ [ [ -99.247314824152355, 19.578807140953018, 0.0 ], [ -99.246668335293137, 19.57887432216938, 0.0 ], [ -99.246549297362847, 19.578864991446579, 0.0 ], [ -99.244900394252241, 19.5789965545884, 0.0 ], [ -99.244029892249728, 19.579083330218786, 0.0 ] ] ] } },
{ "type": "Feature", "properties": { "NOMBRE": "ÁLVARO OBREGÓN" }, "geometry": { "type": "MultiLineString", "coordinates": [ [ [ -99.244029892249728, 19.579083330218786, 0.0 ], [ -99.243932047428515, 19.578899888347131, 0.0 ], [ -99.243863714506759, 19.578815911835672, 0.0 ], [ -99.243617121789399, 19.578743132157012, 0.0 ], [ -99.243418065017437, 19.578642360239957, 0.0 ], [ -99.24329031216385, 19.578513596031883, 0.0 ], [ -99.243183356286366, 19.578415623196072, 0.0 ], [ -99.243055603432779, 19.578351241014285, 0.0 ], [ -99.242939734565553, 19.578323248753332, 0.0 ], [ -99.242755532776599, 19.578317650300576, 0.0 ], [ -99.242449520127238, 19.578303654167861, 0.0 ], [ -99.242280173321248, 19.578298055714388, 0.0 ], [ -99.24186720479446, 19.578113306641132, 0.0 ], [ -99.241674090015792, 19.578043325876326, 0.0 ], [ -99.241365106369827, 19.577962148150924, 0.0 ], [ -99.241136339631936, 19.577864174979645, 0.0 ], [ -99.240919456880434, 19.577718614729488, 0.0 ], [ -99.240690690142628, 19.57757585358728, 0.0 ], [ -99.24057305890237, 19.577469202068265, 0.0 ] ] ] } },
{ "type": "Feature", "properties": { "NOMBRE": "JERUSALÉN" }, "geometry": { "type": "MultiLineString", "coordinates": [ [ [ -99.243054778950622, 19.574874401577883, 0.0 ], [ -99.242721742641976, 19.574979267595875, 0.0 ], [ -99.242134198355174, 19.575111841652305, 0.0 ], [ -99.241734192594663, 19.575198028586463, 0.0 ] ] ] } },
{ "type": "Feature", "properties": { "NOMBRE": "LA ESPERANZA" }, "geometry": { "type": "MultiLineString", "coordinates": [ [ [ -99.246008952308472, 19.58111581672047, 0.0 ], [ -99.245723736635284, 19.581109098693446, 0.0 ], [ -99.245573998406869, 19.58108558559714, 0.0 ], [ -99.2454349557662, 19.581035200379194, 0.0 ], [ -99.245374347435643, 19.581011687272099, 0.0 ], [ -99.24516756607261, 19.581004969240869, 0.0 ], [ -99.244714786191381, 19.580894121685091, 0.0 ], [ -99.244368962187664, 19.580813505233007, 0.0 ], [ -99.244290527877538, 19.580826941311162, 0.0 ], [ -99.244237049938761, 19.580860531501646, 0.0 ], [ -99.24416218082456, 19.580897480703083, 0.0 ], [ -99.244087311710359, 19.580900839720975, 0.0 ], [ -99.244030268575742, 19.580863890520277, 0.0 ], [ -99.243864004704463, 19.580763728931004, 0.0 ] ] ] } },
{ "type": "Feature", "properties": { "NOMBRE": "MARRUECOS" }, "geometry": { "type": "MultiLineString", "coordinates": [ [ [ -99.250353077355555, 19.593587373960879, 0.0 ], [ -99.249593746897688, 19.591218245751858, 0.0 ], [ -99.249154039401475, 19.589941895686486, 0.0 ], [ -99.249139184418496, 19.58986632201001, 0.0 ], [ -99.249623353288229, 19.588902391820177, 0.0 ] ] ] } },
{ "type": "Feature", "properties": { "NOMBRE": "DE LAS TORRES" }, "geometry": { "type": "MultiLineString", "coordinates": [ [ [ -99.25177386419962, 19.594854668343121, 0.0 ], [ -99.252040065494555, 19.593909743771885, 0.0 ], [ -99.252325281167728, 19.593690305518422, 0.0 ], [ -99.252301513194979, 19.593515650368264, 0.0 ], [ -99.252075483797043, 19.593066978170096, 0.0 ] ] ] } },
{ "type": "Feature", "properties": { "NOMBRE": "PORTUGAL" }, "geometry": { "type": "MultiLineString", "coordinates": [ [ [ -99.252075483797043, 19.593066978170096, 0.0 ], [ -99.252035311899988, 19.592727460666573, 0.0 ], [ -99.251783371388655, 19.591907918417974, 0.0 ], [ -99.251312765527942, 19.590559919087056, 0.0 ], [ -99.250914168280332, 19.589226233060181, 0.0 ] ] ] } },
{ "type": "Feature", "properties": { "NOMBRE": "ALDAMA" }, "geometry": { "type": "MultiLineString", "coordinates": [ [ [ -99.255865174094964, 19.590913065587134, 0.0 ], [ -99.254956049136609, 19.591168334869892, 0.0 ], [ -99.254307183480066, 19.591403450956307, 0.0 ], [ -99.254214488386282, 19.591473985715282, 0.0 ], [ -99.253718926154093, 19.591699024977888, 0.0 ] ] ] } },
{ "type": "Feature", "properties": { "NOMBRE": null }, "geometry": { "type": "MultiLineString", "coordinates": [ [ [ -99.253718926154093, 19.591699024977888, 0.0 ], [ -99.252945872839845, 19.591807625902497, 0.0 ], [ -99.251791794400134, 19.591935317865406, 0.0 ], [ -99.249886034593402, 19.592130194103326, 0.0 ] ] ] } },
{ "type": "Feature", "properties": { "NOMBRE": null }, "geometry": { "type": "MultiLineString", "coordinates": [ [ [ -99.255865174094964, 19.590913065587134, 0.0 ], [ -99.255757188706397, 19.590407201681504, 0.0 ] ] ] } },
{ "type": "Feature", "properties": { "NOMBRE": "BULGARIA" }, "geometry": { "type": "MultiLineString", "coordinates": [ [ [ -99.249167373420292, 19.589980600828955, 0.0 ], [ -99.247751699298078, 19.590300996121005, 0.0 ], [ -99.247361904544732, 19.590399521529864, 0.0 ] ] ] } },
{ "type": "Feature", "properties": { "NOMBRE": "MÉXICO" }, "geometry": { "type": "MultiLineString", "coordinates": [ [ [ -99.248682551610329, 19.594160897146846, 0.0 ], [ -99.248565752365337, 19.593718001217734, 0.0 ], [ -99.248399376556009, 19.593046249718459, 0.0 ], [ -99.248128421666408, 19.592320754950368, 0.0 ], [ -99.247843205993206, 19.591613170483789, 0.0 ], [ -99.247553236725452, 19.590721967900947, 0.0 ], [ -99.247434396861649, 19.590511482148514, 0.0 ], [ -99.247361904544732, 19.590399521529864, 0.0 ] ] ] } },
{ "type": "Feature", "properties": { "NOMBRE": "FERNANDO MONTES DE OCA" }, "geometry": { "type": "MultiLineString", "coordinates": [ [ [ -99.249175864327938, 19.588783349564615, 0.0 ], [ -99.249448970233232, 19.588401571197434, 0.0 ], [ -99.249891054526714, 19.587874229092357, 0.0 ], [ -99.25001227118787, 19.587736515264641, 0.0 ] ] ] } },
{ "type": "Feature", "properties": { "NOMBRE": "EMILIANO ZAPATA" }, "geometry": { "type": "MultiLineString", "coordinates": [ [ [ -99.25001227118787, 19.587736515264726, 0.0 ], [ -99.249368159125851, 19.587202453208683, 0.0 ], [ -99.248750786033256, 19.586666150116198, 0.0 ], [ -99.248076369806029, 19.58606434650282, 0.0 ], [ -99.247321736670685, 19.585406558585209, 0.0 ], [ -99.247119708902162, 19.585235813197098, 0.0 ], [ -99.246692241911958, 19.585015952584975, 0.0 ], [ -99.246546781918568, 19.584661248971489, 0.0 ], [ -99.24643079421152, 19.584374619218181, 0.0 ], [ -99.246207375267488, 19.584065595944008, 0.0 ], [ -99.246084732528004, 19.583909740502435, 0.0 ], [ -99.24589744090261, 19.583625796580478, 0.0 ], [ -99.245698740650298, 19.583301544549506, 0.0 ], [ -99.245596063007937, 19.583056115782526, 0.0 ], [ -99.24553711843545, 19.582828601189998, 0.0 ], [ -99.245429687198552, 19.582732758332504, 0.0 ], [ -99.245162535184647, 19.582533906614227, 0.0 ], [ -99.244868763041268, 19.582350282061736, 0.0 ], [ -99.244728056642515, 19.582258021841774, 0.0 ], [ -99.244073962031919, 19.582019757339708, 0.0 ], [ -99.243715814334649, 19.581931983990749, 0.0 ] ] ] } },
{ "type": "Feature", "properties": { "NOMBRE": "XICOTÉNCATL" }, "geometry": { "type": "MultiLineString", "coordinates": [ [ [ -99.247852090213883, 19.573273710624406, 0.0 ], [ -99.247700627866834, 19.573628630519718, 0.0 ], [ -99.247643584732188, 19.573810025569681, 0.0 ], [ -99.247468890132339, 19.574636378213519, 0.0 ], [ -99.247301325924326, 19.575506395319884, 0.0 ], [ -99.247101674953058, 19.576433512625552, 0.0 ], [ -99.246959067116435, 19.577101974329526, 0.0 ], [ -99.246805763692123, 19.577891360207307, 0.0 ], [ -99.24661048491609, 19.578869787599459, 0.0 ] ] ] } },
{ "type": "Feature", "properties": { "NOMBRE": "CALLE DOS" }, "geometry": { "type": "MultiLineString", "coordinates": [ [ [ -99.248086790928028, 19.574947712433776, 0.0 ], [ -99.247063646196636, 19.574750439925918, 0.0 ], [ -99.247056349429002, 19.574711116451951, 0.0 ] ] ] } },
{ "type": "Feature", "properties": { "NOMBRE": "GOLONDRINAS DE MAR" }, "geometry": { "type": "MultiLineString", "coordinates": [ [ [ -99.253090737237656, 19.579676323412549, 0.0 ], [ -99.25250826682894, 19.579967095364879, 0.0 ], [ -99.252462087638463, 19.580237311029855, 0.0 ], [ -99.252414551692951, 19.580485879183517, 0.0 ], [ -99.252388406922904, 19.580557538399809, 0.0 ], [ -99.252271943856385, 19.580654950095923, 0.0 ], [ -99.252057019982132, 19.580791750913363, 0.0 ], [ -99.251857765143768, 19.5810528212109, 0.0 ], [ -99.251317043763322, 19.581811396908531, 0.0 ], [ -99.251298267064826, 19.581848905724801, 0.0 ] ] ] } },
{ "type": "Feature", "properties": { "NOMBRE": "TEJOCOTES" }, "geometry": { "type": "MultiLineString", "coordinates": [ [ [ -99.251298267064826, 19.581848905724801, 0.0 ], [ -99.250448324358672, 19.581331133998695, 0.0 ], [ -99.250320214985464, 19.581256116116144, 0.0 ], [ -99.249785910957613, 19.581125338589583, 0.0 ], [ -99.249359988885658, 19.581087717637597, 0.0 ], [ -99.248667865518726, 19.581075177318358, 0.0 ], [ -99.247688625040709, 19.581093092059856, 0.0 ], [ -99.247428128059155, 19.581118172694598, 0.0 ], [ -99.246008952308472, 19.58111581672047, 0.0 ] ] ] } },
{ "type": "Feature", "properties": { "NOMBRE": "AV. DE LOS CISNES" }, "geometry": { "type": "MultiLineString", "coordinates": [ [ [ -99.250925763511589, 19.579094914294835, 0.0 ], [ -99.250840198809684, 19.579054605623618, 0.0 ], [ -99.25052289637317, 19.579481205216091, 0.0 ], [ -99.250120029234807, 19.580048883236795, 0.0 ], [ -99.249578119455734, 19.580814741538454, 0.0 ], [ -99.249449772402755, 19.580982692433501, 0.0 ], [ -99.249399423932971, 19.581091200866794, 0.0 ], [ -99.249289338586635, 19.581513416110997, 0.0 ], [ -99.249271512607052, 19.58203742005157, 0.0 ], [ -99.249246556235605, 19.582638678883189, 0.0 ], [ -99.24923942584384, 19.583004807463052, 0.0 ], [ -99.249332120937595, 19.583008166436993, 0.0 ], [ -99.249332120937595, 19.582245677554617, 0.0 ], [ -99.24934994691715, 19.581782136293537, 0.0 ], [ -99.249364207700822, 19.58166121226693, 0.0 ], [ -99.249501692941038, 19.581100234110075, 0.0 ], [ -99.249724292488224, 19.580777792318006, 0.0 ], [ -99.250162811585767, 19.580153013307459, 0.0 ], [ -99.250765329695398, 19.579313252755391, 0.0 ], [ -99.250923624394019, 19.579096929728141, 0.0 ] ] ] } },
{ "type": "Feature", "properties": { "NOMBRE": "HORNOS FRANCISCO BARRERA" }, "geometry": { "type": "MultiLineString", "coordinates": [ [ [ -99.238240187947198, 19.569701286647359, 0.0 ], [ -99.238703539070698, 19.570163208703086, 0.0 ], [ -99.239276941413607, 19.57079026593733, 0.0 ], [ -99.240096936473989, 19.571705653144413, 0.0 ], [ -99.240857511602471, 19.572525858059997, 0.0 ], [ -99.241374124334556, 19.573075382755547, 0.0 ] ] ] } },
{ "type": "Feature", "properties": { "NOMBRE": "AV. 16 DE SEPTIEMBRE" }, "geometry": { "type": "MultiLineString", "coordinates": [ [ [ -99.235911051047538, 19.572070963679579, 0.0 ], [ -99.236287237442838, 19.57235835557281, 0.0 ], [ -99.236421526488996, 19.572378510747335, 0.0 ], [ -99.237044247375408, 19.572226227143982, 0.0 ], [ -99.237424534939692, 19.572169120755714, 0.0 ], [ -99.237512476438894, 19.57217359968886, 0.0 ], [ -99.237575461566735, 19.572190395687041, 0.0 ], [ -99.23762180911362, 19.572248621800679, 0.0 ], [ -99.237647953883638, 19.572312446554772, 0.0 ], [ -99.237658649471371, 19.572402025114407, 0.0 ], [ -99.237628939505441, 19.572687556440862, 0.0 ], [ -99.237531490817105, 19.573177997303297, 0.0 ], [ -99.237476824479756, 19.57351279511688, 0.0 ], [ -99.237523172026641, 19.573800563919246, 0.0 ], [ -99.237675287052312, 19.574137599878583, 0.0 ], [ -99.237725199795108, 19.574342508439617, 0.0 ], [ -99.237802445706649, 19.575017697099831, 0.0 ], [ -99.237882068415388, 19.575623460969215, 0.0 ], [ -99.237936734752736, 19.576048949940873, 0.0 ], [ -99.237924850766362, 19.576910001816859, 0.0 ], [ -99.237882068415388, 19.577711705278301, 0.0 ], [ -99.237863054037206, 19.578195412699678, 0.0 ], [ -99.237882068415388, 19.57885826865899, 0.0 ], [ -99.237977140306498, 19.579610696442689, 0.0 ], [ -99.238162530494051, 19.58008544073591, 0.0 ], [ -99.238362181465234, 19.580596013225719, 0.0 ], [ -99.23879475856954, 19.581429049076714, 0.0 ], [ -99.239369943510468, 19.582544235487749, 0.0 ], [ -99.239897592505841, 19.583654935563352, 0.0 ], [ -99.240201822557239, 19.584331204841451, 0.0 ], [ -99.24065341403977, 19.585325449881637, 0.0 ], [ -99.241299902898987, 19.58673619244486, 0.0 ], [ -99.241551843410249, 19.587309443034282, 0.0 ], [ -99.241529026156428, 19.587378412108279, 0.0 ], [ -99.241490522040522, 19.587405283168096, 0.0 ] ] ] } },
{ "type": "Feature", "properties": { "NOMBRE": "MONTESQUIEU" }, "geometry": { "type": "MultiLineString", "coordinates": [ [ [ -99.241490522040493, 19.587405283168096, 0.0 ], [ -99.239146049206937, 19.587401700360267, 0.0 ] ] ] } },
{ "type": "Feature", "properties": { "NOMBRE": "TÁCITO" }, "geometry": { "type": "MultiLineString", "coordinates": [ [ [ -99.240743270123303, 19.587404141222741, 0.0 ], [ -99.240739691780874, 19.58825485419635, 0.0 ], [ -99.240728996193127, 19.589339763765416, 0.0 ], [ -99.240738367023411, 19.590500070852432, 0.0 ], [ -99.240687013844138, 19.590698713900476, 0.0 ] ] ] } },
{ "type": "Feature", "properties": { "NOMBRE": "LOMA LINDA" }, "geometry": { "type": "MultiLineString", "coordinates": [ [ [ -99.239245716239409, 19.587606815973569, 0.0 ], [ -99.238895851680283, 19.587662349413463, 0.0 ], [ -99.237829145062534, 19.587850446406115, 0.0 ], [ -99.236813777265994, 19.588024212004161, 0.0 ], [ -99.236560886035775, 19.588068996921706, 0.0 ], [ -99.236306093367702, 19.588129904389511, 0.0 ] ] ] } },
{ "type": "Feature", "properties": { "NOMBRE": "FRANCISCO LOZADA CHÁVEZ" }, "geometry": { "type": "MultiLineString", "coordinates": [ [ [ -99.236306093367702, 19.588129904389511, 0.0 ], [ -99.235048767608461, 19.588457281634685, 0.0 ], [ -99.233522863756832, 19.588914085980466, 0.0 ], [ -99.232603043210787, 19.589155923050548, 0.0 ], [ -99.232316543254228, 19.589253156588999, 0.0 ] ] ] } },
{ "type": "Feature", "properties": { "NOMBRE": "LOMA HERMOSA" }, "geometry": { "type": "MultiLineString", "coordinates": [ [ [ -99.240470371958239, 19.590291498918916, 0.0 ], [ -99.240205110459485, 19.589613770385245, 0.0 ], [ -99.239913952793103, 19.588947599843021, 0.0 ], [ -99.239777286949717, 19.588706882078277, 0.0 ] ] ] } },
{ "type": "Feature", "properties": { "NOMBRE": "SCHOPENHAUER" }, "geometry": { "type": "MultiLineString", "coordinates": [ [ [ -99.239777286949717, 19.588706882078277, 0.0 ], [ -99.239245716239409, 19.587606815973569, 0.0 ], [ -99.239146049206937, 19.587401700360267, 0.0 ], [ -99.238610279486906, 19.586123901833652, 0.0 ] ] ] } },
{ "type": "Feature", "properties": { "NOMBRE": "PRIV. PORFIRIO DÍAZ" }, "geometry": { "type": "MultiLineString", "coordinates": [ [ [ -99.240955663425865, 19.561036123851114, 0.0 ], [ -99.241093517667935, 19.561197376502122, 0.0 ], [ -99.241419138894827, 19.561640820460955, 0.0 ], [ -99.241768528094411, 19.562129055328235, 0.0 ], [ -99.242032352592119, 19.562509787914546, 0.0 ], [ -99.242286669900722, 19.562845727685197, 0.0 ] ] ] } },
{ "type": "Feature", "properties": { "NOMBRE": "RÍO SAN JAVIER" }, "geometry": { "type": "MultiLineString", "coordinates": [ [ [ -99.242286669900722, 19.562845727685197, 0.0 ], [ -99.242329452251695, 19.562930832315956, 0.0 ], [ -99.242424524142749, 19.563006978526495, 0.0 ], [ -99.242543364006551, 19.563042812024896, 0.0 ], [ -99.242887999611625, 19.563047291211618, 0.0 ], [ -99.243565386835456, 19.563009218120353, 0.0 ], [ -99.244278426018425, 19.562890519601773, 0.0 ], [ -99.244637322407172, 19.562906196769593, 0.0 ], [ -99.244886886121151, 19.562982342991745, 0.0 ], [ -99.245053261930551, 19.563083124701187, 0.0 ], [ -99.245314709630904, 19.563280208750655, 0.0 ], [ -99.245447810278435, 19.563354115207119, 0.0 ], [ -99.245633200465974, 19.563401146570843, 0.0 ], [ -99.246441311539982, 19.563508646779326, 0.0 ], [ -99.246959453346292, 19.563573594787179, 0.0 ], [ -99.247075916412825, 19.563618386501524, 0.0 ], [ -99.247192379479358, 19.563707969892853, 0.0 ], [ -99.247304088951395, 19.563831146974614, 0.0 ], [ -99.247446696787947, 19.564008073891205, 0.0 ], [ -99.24756078305721, 19.564106615380723, 0.0 ], [ -99.247736666055701, 19.564171563147745, 0.0 ], [ -99.247936317026884, 19.564214115118837, 0.0 ], [ -99.248071794471684, 19.564276823266258, 0.0 ], [ -99.248342749361171, 19.564455989267447, 0.0 ], [ -99.248480603603241, 19.564541093048213, 0.0 ], [ -99.24860419706161, 19.564581405349774, 0.0 ], [ -99.248725413722681, 19.564637394640865, 0.0 ], [ -99.248820485613734, 19.564740414885453, 0.0 ], [ -99.248858514370198, 19.564868070314599, 0.0 ], [ -99.248884659140245, 19.565071870877951, 0.0 ], [ -99.248932195085771, 19.565170411717283, 0.0 ], [ -99.249053411746843, 19.565340618479691, 0.0 ], [ -99.249314859447281, 19.565689989692306, 0.0 ], [ -99.249626695249987, 19.566032641492313, 0.0 ], [ -99.249821592626688, 19.566151337697619, 0.0 ], [ -99.24996182366597, 19.566274512912596, 0.0 ], [ -99.250144837056297, 19.566444718509278, 0.0 ], [ -99.250268430514652, 19.566541018964671, 0.0 ], [ -99.250489472661386, 19.566659714795591, 0.0 ], [ -99.250712891605346, 19.566726901076432, 0.0 ], [ -99.251057527210449, 19.566796326870371, 0.0 ], [ -99.25123341020894, 19.566836638607967, 0.0 ], [ -99.251425930788301, 19.566865752634413, 0.0 ], [ -99.251523379476694, 19.566859034013408, 0.0 ], [ -99.251630335354122, 19.566883668955739, 0.0 ], [ -99.251699262475114, 19.566941896986375, 0.0 ], [ -99.251742044826088, 19.567020280840598, 0.0 ], [ -99.251799535098115, 19.567300029099062, 0.0 ] ] ] } },
{ "type": "Feature", "properties": { "NOMBRE": "RÍO SAN JAVIER" }, "geometry": { "type": "MultiLineString", "coordinates": [ [ [ -99.252031060130761, 19.567593242121792, 0.0 ], [ -99.251861825505472, 19.567289351792983, 0.0 ], [ -99.251689507702977, 19.567079395305424, 0.0 ], [ -99.251425930788301, 19.566865752634413, 0.0 ], [ -99.251172554295337, 19.566754662066156, 0.0 ], [ -99.250869512642581, 19.566667879796555, 0.0 ], [ -99.250614006935336, 19.566611891210773, 0.0 ], [ -99.250447631126008, 19.566547504313018, 0.0 ], [ -99.250266400333643, 19.566446724769328, 0.0 ], [ -99.250126763493668, 19.56631515138135, 0.0 ], [ -99.250022778612845, 19.566169580699331, 0.0 ], [ -99.249859373800064, 19.565998814924001, 0.0 ], [ -99.249449376269851, 19.565665681169513, 0.0 ], [ -99.249268145477558, 19.565497714309615, 0.0 ], [ -99.249000755783939, 19.565144983334182, 0.0 ], [ -99.248947277845218, 19.565002211053198, 0.0 ], [ -99.248935393858829, 19.564870636486379, 0.0 ], [ -99.2489056838929, 19.564750259660801, 0.0 ], [ -99.248810612001833, 19.564604687565762, 0.0 ], [ -99.248676917155052, 19.564515104672573, 0.0 ], [ -99.24845409241037, 19.564414323858369, 0.0 ], [ -99.248035181890387, 19.564145574712487, 0.0 ], [ -99.247797502162726, 19.564086785777079, 0.0 ], [ -99.247604387384044, 19.564022397870929, 0.0 ], [ -99.247455837554284, 19.563882424073093, 0.0 ], [ -99.247212215833443, 19.563591278184205, 0.0 ], [ -99.247042869027482, 19.563501694728064, 0.0 ], [ -99.245741572518568, 19.563302931256882, 0.0 ], [ -99.245450414852257, 19.563230144572419, 0.0 ], [ -99.245304836019031, 19.563109766522132, 0.0 ], [ -99.245052301308377, 19.562905403579656, 0.0 ], [ -99.244898340567204, 19.562823876415163, 0.0 ], [ -99.244740346665893, 19.562779426294249, 0.0 ], [ -99.244520492917786, 19.562745832334869, 0.0 ], [ -99.244324407142514, 19.562743032838, 0.0 ], [ -99.243792598751924, 19.562838215706364, 0.0 ], [ -99.243222167405548, 19.562916601555781, 0.0 ], [ -99.242847821834502, 19.562944596492795, 0.0 ], [ -99.242708184994527, 19.562966992438859, 0.0 ], [ -99.242568548154509, 19.562969791931987, 0.0 ], [ -99.2424725255445, 19.562959265837808, 0.0 ], [ -99.242402647704566, 19.562924328158907, 0.0 ], [ -99.242351308883428, 19.562889390472439, 0.0 ], [ -99.242286669900722, 19.562845727685197, 0.0 ] ] ] } },
{ "type": "Feature", "properties": { "NOMBRE": "IGNACIO COMONFORT" }, "geometry": { "type": "MultiLineString", "coordinates": [ [ [ -99.245775182859518, 19.561734324304386, 0.0 ], [ -99.245346168523469, 19.561496803957066, 0.0 ], [ -99.244751969204387, 19.561201174522687, 0.0 ], [ -99.24411974112887, 19.560936899266522, 0.0 ], [ -99.243458991485994, 19.560627831044428, 0.0 ], [ -99.242912328112425, 19.56037251337079, 0.0 ], [ -99.242190794573787, 19.559993557187436, 0.0 ] ] ] } },
{ "type": "Feature", "properties": { "NOMBRE": "5 DE MAYO" }, "geometry": { "type": "MultiLineString", "coordinates": [ [ [ -99.245382905216985, 19.559486653944383, 0.0 ], [ -99.244623622151465, 19.56035011706436, 0.0 ], [ -99.24411974112887, 19.560936899266522, 0.0 ] ] ] } },
{ "type": "Feature", "properties": { "NOMBRE": "LÁZARO CÁRDENAS" }, "geometry": { "type": "MultiLineString", "coordinates": [ [ [ -99.245214762988908, 19.569713375146417, 0.0 ], [ -99.245745470465792, 19.569155656987945, 0.0 ], [ -99.246597552289401, 19.568292324157344, 0.0 ], [ -99.24696833266448, 19.566841108357753, 0.0 ] ] ] } },
{ "type": "Feature", "properties": { "NOMBRE": "AV. EDO. DE MÉXICO" }, "geometry": { "type": "MultiLineString", "coordinates": [ [ [ -99.249097943024154, 19.567603670140674, 0.0 ], [ -99.248563163636987, 19.567418908806367, 0.0 ], [ -99.247416358951142, 19.567015792432674, 0.0 ], [ -99.24696833266448, 19.566841108357753, 0.0 ], [ -99.246548827945233, 19.56671345449093, 0.0 ], [ -99.243679071029746, 19.566032526716267, 0.0 ] ] ] } },
{ "type": "Feature", "properties": { "NOMBRE": "AV. IGNACIO ZARAGOZA" }, "geometry": { "type": "MultiLineString", "coordinates": [ [ [ -99.249097943024154, 19.567603670140674, 0.0 ], [ -99.249387674612151, 19.566339450474597, 0.0 ], [ -99.249506633731158, 19.565900715432829, 0.0 ] ] ] } },
{ "type": "Feature", "properties": { "NOMBRE": "2 DE ABRIL" }, "geometry": { "type": "MultiLineString", "coordinates": [ [ [ -99.248984078589388, 19.559576800556577, 0.0 ], [ -99.249086280872277, 19.559617114099275, 0.0 ], [ -99.249480829220175, 19.559677584394443, 0.0 ], [ -99.24992529031087, 19.559733575388222, 0.0 ], [ -99.250196245200328, 19.559762690697312, 0.0 ], [ -99.250405403360645, 19.559769409614027, 0.0 ], [ -99.250980588301516, 19.559614874458294, 0.0 ], [ -99.251180239272699, 19.559565602348535, 0.0 ], [ -99.251959828779334, 19.559543205930005, 0.0 ], [ -99.252561158490252, 19.559543205930016, 0.0 ], [ -99.252699012732265, 19.559570081631829, 0.0 ] ] ] } },
{ "type": "Feature", "properties": { "NOMBRE": "CÓPORO" }, "geometry": { "type": "MultiLineString", "coordinates": [ [ [ -99.252699012732265, 19.559570081631829, 0.0 ], [ -99.252817852596067, 19.559652948351001, 0.0 ], [ -99.253022257161874, 19.559744773584651, 0.0 ], [ -99.253404921523341, 19.559726856470007, 0.0 ], [ -99.253711528372008, 19.559688782594726, 0.0 ], [ -99.254013381626066, 19.559655187991471, 0.0 ], [ -99.254403176379398, 19.559661906912673, 0.0 ], [ -99.254548161013233, 19.55957456091507, 0.0 ], [ -99.254745435187189, 19.559514090581306, 0.0 ], [ -99.255261200196088, 19.55935283624709, 0.0 ], [ -99.255387170451797, 19.559296845120979, 0.0 ], [ -99.255517894301974, 19.559227416097741, 0.0 ], [ -99.256116847215608, 19.559142309512421, 0.0 ], [ -99.256364034132318, 19.559007930601965, 0.0 ], [ -99.256870291952211, 19.558907146345653, 0.0 ], [ -99.257150754030761, 19.558880270533315, 0.0 ], [ -99.257766344525351, 19.558710056951274, 0.0 ], [ -99.258381935019926, 19.558575677680683, 0.0 ], [ -99.258973757541668, 19.558418901723435, 0.0 ], [ -99.259175785310219, 19.55838306719755, 0.0 ], [ -99.259266103606691, 19.558371868906562, 0.0 ], [ -99.259434856213304, 19.558389786171759, 0.0 ] ] ] } },
{ "type": "Feature", "properties": { "NOMBRE": "PALMA" }, "geometry": { "type": "MultiLineString", "coordinates": [ [ [ -99.255332215897113, 19.559321271265709, 0.0 ], [ -99.255301209616889, 19.560486092458333, 0.0 ], [ -99.255265557657737, 19.561082392553587, 0.0 ], [ -99.255075413875588, 19.561474325687517, 0.0 ], [ -99.255024906933471, 19.561790671022301, 0.0 ], [ -99.254983312981139, 19.562115414260187, 0.0 ], [ -99.25497142899475, 19.562456953856554, 0.0 ], [ -99.254897154079885, 19.562927269493567, 0.0 ], [ -99.25482287916499, 19.56340878170068, 0.0 ], [ -99.254769401226298, 19.563755917516058, 0.0 ], [ -99.254736720263736, 19.564125448369374, 0.0 ], [ -99.254713747075286, 19.564613115050413, 0.0 ], [ -99.254666842423802, 19.564938973156789, 0.0 ], [ -99.254608373210843, 19.565244001901849, 0.0 ], [ -99.254274670873244, 19.565503343068222, 0.0 ], [ -99.253621526981732, 19.566121460228143, 0.0 ], [ -99.252425047232848, 19.565919900545236, 0.0 ] ] ] } },
{ "type": "Feature", "properties": { "NOMBRE": "MUNICIPIO LIBRE" }, "geometry": { "type": "MultiLineString", "coordinates": [ [ [ -99.259434856213304, 19.558389786171759, 0.0 ], [ -99.259526620394581, 19.558593538931998, 0.0 ], [ -99.258742277293393, 19.559725680659344, 0.0 ], [ -99.258289497412321, 19.560390852210805, 0.0 ], [ -99.258285694536625, 19.560429821772207, 0.0 ] ] ] } },
{ "type": "Feature", "properties": { "NOMBRE": "ETADO DE MÉXICO" }, "geometry": { "type": "MultiLineString", "coordinates": [ [ [ -99.258675973468712, 19.560731437772439, 0.0 ], [ -99.25840952567475, 19.560468343398384, 0.0 ], [ -99.258285694536625, 19.560429821772207, 0.0 ], [ -99.256752897973257, 19.560257818119961, 0.0 ], [ -99.255305321756708, 19.560331611088159, 0.0 ] ] ] } },
{ "type": "Feature", "properties": { "NOMBRE": "AV. ADOLFO LÓPEZ MATEOS" }, "geometry": { "type": "MultiLineString", "coordinates": [ [ [ -99.252059832525077, 19.567453922027966, 0.0 ], [ -99.251967731630629, 19.56723556749818, 0.0 ], [ -99.251917224688526, 19.567078799961063, 0.0 ], [ -99.251955847644254, 19.566888439175308, 0.0 ], [ -99.252131136443367, 19.566429332825855, 0.0 ], [ -99.252425047232848, 19.565919900545236, 0.0 ], [ -99.252505482014328, 19.565760266963466, 0.0 ], [ -99.252582727925827, 19.56549711895963, 0.0 ], [ -99.252701567789629, 19.564923230865688, 0.0 ], [ -99.252864972602367, 19.56408619042201, 0.0 ], [ -99.252823378650021, 19.564030200939619, 0.0 ], [ -99.251284402413702, 19.563719458958964, 0.0 ], [ -99.25132599636602, 19.563209952793493, 0.0 ], [ -99.251299257396667, 19.562907607714521, 0.0 ], [ -99.251233895471572, 19.56267524953692, 0.0 ], [ -99.250915998835893, 19.562619259564546, 0.0 ], [ -99.25066346412531, 19.562563269572731, 0.0 ], [ -99.250559479244473, 19.562510079062452, 0.0 ], [ -99.250425784397692, 19.56236450494475, 0.0 ], [ -99.249849411058193, 19.562283319322074, 0.0 ], [ -99.248889779157949, 19.562104150906542, 0.0 ], [ -99.248310434821903, 19.562022965152661, 0.0 ], [ -99.248426303689058, 19.561507854589724, 0.0 ], [ -99.248524346576744, 19.561090725808587, 0.0 ] ] ] } },
{ "type": "Feature", "properties": { "NOMBRE": "AV. 2 DE ABRIL" }, "geometry": { "type": "MultiLineString", "coordinates": [ [ [ -99.248524346576744, 19.561090725808587, 0.0 ], [ -99.24868240359568, 19.56058401087105, 0.0 ], [ -99.248882054566863, 19.559915480661125, 0.0 ], [ -99.248984078589388, 19.559576800556577, 0.0 ], [ -99.249252834941942, 19.558484346372321, 0.0 ], [ -99.249356225623458, 19.558098005126816, 0.0 ], [ -99.249431094737645, 19.557748617464352, 0.0 ], [ -99.249437254188791, 19.557504230870638, 0.0 ] ] ] } },
{ "type": "Feature", "properties": { "NOMBRE": "AV. ADOLFO LÓPEZ MATEOS" }, "geometry": { "type": "MultiLineString", "coordinates": [ [ [ -99.248423304895596, 19.557380158282566, 0.0 ], [ -99.248281715188298, 19.557897181968915, 0.0 ], [ -99.247941833177819, 19.559214846082078, 0.0 ] ] ] } },
{ "type": "Feature", "properties": { "NOMBRE": "1RA. CDA. 2 DE ABRIL" }, "geometry": { "type": "MultiLineString", "coordinates": [ [ [ -99.247941833177819, 19.559214846082078, 0.0 ], [ -99.247834877300377, 19.559650456751001, 0.0 ], [ -99.24753064724905, 19.560838973602824, 0.0 ] ] ] } },
{ "type": "Feature", "properties": { "NOMBRE": "VICENTE SUÁREZ" }, "geometry": { "type": "MultiLineString", "coordinates": [ [ [ -99.24753064724905, 19.560838973602824, 0.0 ], [ -99.24730729381713, 19.561679639086968, 0.0 ] ] ] } },
{ "type": "Feature", "properties": { "NOMBRE": "CALLEJÓN MÉXICO NUEVO" }, "geometry": { "type": "MultiLineString", "coordinates": [ [ [ -99.255577972963778, 19.567337151565809, 0.0 ], [ -99.255997096246773, 19.567470214623548, 0.0 ], [ -99.256499788870684, 19.567799425476018, 0.0 ], [ -99.256795700131548, 19.568131994940217, 0.0 ], [ -99.257137958939367, 19.568931502561831, 0.0 ], [ -99.257202132465835, 19.569156573319702, 0.0 ], [ -99.257166480506669, 19.569845220701687, 0.0 ], [ -99.257219958445333, 19.570003105296593, 0.0 ], [ -99.257401783437047, 19.570375981066338, 0.0 ], [ -99.25776186822435, 19.570859710509243, 0.0 ], [ -99.258014997134254, 19.571195632879206, 0.0 ], [ -99.258164735362655, 19.571450933412105, 0.0 ], [ -99.258111970463162, 19.571798947697602, 0.0 ], [ -99.258054333128598, 19.571956046564065, 0.0 ], [ -99.258042924501694, 19.572138787176975, 0.0 ], [ -99.258094263322818, 19.572328693868943, 0.0 ], [ -99.258115179138898, 19.572452312255766, 0.0 ], [ -99.258115099912331, 19.572564695918182, 0.0 ], [ -99.258040824997394, 19.57284182899199, 0.0 ], [ -99.25802894101102, 19.573054577290897, 0.0 ], [ -99.258076476956603, 19.573312114329511, 0.0 ], [ -99.258135896888504, 19.573488470977331, 0.0 ], [ -99.258171548847642, 19.573569650956692, 0.0 ], [ -99.258189374827211, 19.573704017729163, 0.0 ], [ -99.258225026786349, 19.573874775340911, 0.0 ], [ -99.258227997782953, 19.573964353032029, 0.0 ], [ -99.258213142799974, 19.574107117374428, 0.0 ], [ -99.258171548847642, 19.574230286509302, 0.0 ], [ -99.258121041905554, 19.574333860481616, 0.0 ], [ -99.258022999017882, 19.574476624496633, 0.0 ], [ -99.257972492075766, 19.574627786256951, 0.0 ], [ -99.257945753106398, 19.574776148587532, 0.0 ], [ -99.257945753106398, 19.57496370077223, 0.0 ], [ -99.257980631632535, 19.575197797132031, 0.0 ] ] ] } },
{ "type": "Feature", "properties": { "NOMBRE": "CTO. DR. GUSTAVO BAZ" }, "geometry": { "type": "MultiLineString", "coordinates": [ [ [ -99.259132662644035, 19.566770784856121, 0.0 ], [ -99.259402096023933, 19.568528912524506, 0.0 ], [ -99.25956609503605, 19.569610595696215, 0.0 ], [ -99.259633833758471, 19.569902850462725, 0.0 ], [ -99.259719398460419, 19.570054016513311, 0.0 ], [ -99.259812093554189, 19.570127919864248, 0.0 ], [ -99.259954701390811, 19.570185026975807, 0.0 ], [ -99.260140091578364, 19.570228697106327, 0.0 ], [ -99.260731914100219, 19.570232056346622, 0.0 ], [ -99.262083123351871, 19.570221978625455, 0.0 ], [ -99.262443208139274, 19.570245493307336, 0.0 ], [ -99.262906683608236, 19.570309318854726, 0.0 ], [ -99.263598331615711, 19.570440329109733, 0.0 ], [ -99.263979807578579, 19.570571339258191, 0.0 ], [ -99.264339892365967, 19.570759456208229, 0.0 ], [ -99.264675020781965, 19.570940854487805, 0.0 ], [ -99.264970932042843, 19.571095378787277, 0.0 ], [ -99.265209800169146, 19.571253262157459, 0.0 ], [ -99.2651066471674, 19.571028866172163, 0.0 ], [ -99.265021082465466, 19.570844108764145, 0.0 ], [ -99.264721606008621, 19.570484671018097, 0.0 ], [ -99.264486303078229, 19.570215931992507, 0.0 ], [ -99.264101261919421, 19.569886726075662, 0.0 ], [ -99.263274136467217, 19.56939627519721, 0.0 ], [ -99.262742922275876, 19.569177923298639, 0.0 ], [ -99.262382837488488, 19.56907042687056, 0.0 ], [ -99.26211544779494, 19.568942774769283, 0.0 ], [ -99.261858753689054, 19.568768092782602, 0.0 ], [ -99.261609189975047, 19.568559817858752, 0.0 ], [ -99.261427364983376, 19.568344824106713, 0.0 ], [ -99.261156410093832, 19.56797530292523, 0.0 ], [ -99.260796325306515, 19.56730008476017, 0.0 ], [ -99.260618065510741, 19.566812985322731, 0.0 ], [ -99.260480426956647, 19.566404355635672, 0.0 ] ] ] } },
{ "type": "Feature", "properties": { "NOMBRE": "AV. ALFREDO DEL MAZO" }, "geometry": { "type": "MultiLineString", "coordinates": [ [ [ -99.265209800169146, 19.571253262157459, 0.0 ], [ -99.26564261495318, 19.571669356880168, 0.0 ], [ -99.265989627355538, 19.572041109060631, 0.0 ], [ -99.266217799894051, 19.57235015540121, 0.0 ], [ -99.266636116214698, 19.573066782316335, 0.0 ] ] ] } },
{ "type": "Feature", "properties": { "NOMBRE": "PROL. ALFREDO DEL MAZO" }, "geometry": { "type": "MultiLineString", "coordinates": [ [ [ -99.266636116214698, 19.573066782316335, 0.0 ], [ -99.266854781564163, 19.573147402644864, 0.0 ], [ -99.267025910968044, 19.57321010731691, 0.0 ], [ -99.267258837101167, 19.573228022933151, 0.0 ], [ -99.267510777612443, 19.573241459643945, 0.0 ], [ -99.267967122689512, 19.573196670603657, 0.0 ], [ -99.269131753355012, 19.572972725215461, 0.0 ], [ -99.269700894556465, 19.572891966824319, 0.0 ] ] ] } },
{ "type": "Feature", "properties": { "NOMBRE": "AV. LUIS LUSATI" }, "geometry": { "type": "MultiLineString", "coordinates": [ [ [ -99.263251219817306, 19.56425275321903, 0.0 ], [ -99.263617821353563, 19.564535878575644, 0.0 ], [ -99.264238165442677, 19.565070015770434, 0.0 ], [ -99.264940509037899, 19.565667978580766, 0.0 ], [ -99.265500244796485, 19.566138284850794, 0.0 ], [ -99.265689200179949, 19.566312969687434, 0.0 ], [ -99.266630411901403, 19.566759758888924, 0.0 ], [ -99.267311364321145, 19.567226702670965, 0.0 ], [ -99.268281097609901, 19.567908639720883, 0.0 ], [ -99.268776659842032, 19.568137071191185, 0.0 ] ] ] } },
{ "type": "Feature", "properties": { "NOMBRE": "CONTROL DEMOCRÁTICO" }, "geometry": { "type": "MultiLineString", "coordinates": [ [ [ -99.268776659842032, 19.568137071191185, 0.0 ], [ -99.267958744479301, 19.568830201955041, 0.0 ], [ -99.267429907085301, 19.569233313791109, 0.0 ], [ -99.267328893200997, 19.56928370269971, 0.0 ] ] ] } },
{ "type": "Feature", "properties": { "NOMBRE": "AV. MÉXICO" }, "geometry": { "type": "MultiLineString", "coordinates": [ [ [ -99.272138811907354, 19.558259600396148, 0.0 ], [ -99.271863103423371, 19.558313352223315, 0.0 ], [ -99.271682466830356, 19.558308872904931, 0.0 ], [ -99.26996166560221, 19.557668329116495, 0.0 ], [ -99.269766768225495, 19.557480196891095, 0.0 ], [ -99.269467291768734, 19.556660475347748, 0.0 ], [ -99.269214162858759, 19.555817232855734, 0.0 ] ] ] } },
{ "type": "Feature", "properties": { "NOMBRE": "MÉXICO NUEVO" }, "geometry": { "type": "MultiLineString", "coordinates": [ [ [ -99.267800315934238, 19.556200783123824, 0.0 ], [ -99.268200458820374, 19.556101673710941, 0.0 ], [ -99.269214162858759, 19.555817232855734, 0.0 ], [ -99.269588508429806, 19.555685090870487, 0.0 ], [ -99.270505952178496, 19.555152042440884, 0.0 ], [ -99.271680090033016, 19.554466691871767, 0.0 ], [ -99.272274289352097, 19.554211364444587, 0.0 ], [ -99.272939792589483, 19.554063543117838, 0.0 ], [ -99.273244022640881, 19.5540545842452, 0.0 ] ] ] } },
{ "type": "Feature", "properties": { "NOMBRE": "PIONEROS DEL COOPERATIVISMO" }, "geometry": { "type": "MultiLineString", "coordinates": [ [ [ -99.267328893200997, 19.56928370269971, 0.0 ], [ -99.267215995330389, 19.569054153099607, 0.0 ], [ -99.267013967561923, 19.568813405606793, 0.0 ], [ -99.266764403847873, 19.568695831119051, 0.0 ], [ -99.266300928378968, 19.568595052918511, 0.0 ], [ -99.266044679922572, 19.568548396322814, 0.0 ], [ -99.265946637034915, 19.56846721381422, 0.0 ], [ -99.265863449130279, 19.568383231865695, 0.0 ], [ -99.265786203218795, 19.568234863649693, 0.0 ], [ -99.265688160331138, 19.568036106014201, 0.0 ], [ -99.26558120445371, 19.56775896467688, 0.0 ], [ -99.265628740399237, 19.567565805281099, 0.0 ], [ -99.265789174215371, 19.567431433391029, 0.0 ], [ -99.265910985075791, 19.567294261971014, 0.0 ], [ -99.265964463014512, 19.567098302597135, 0.0 ], [ -99.265979317997463, 19.566910741258969, 0.0 ], [ -99.265839681157487, 19.566591606540339, 0.0 ], [ -99.265705986310735, 19.566457233838062, 0.0 ], [ -99.265486132562685, 19.566345256500721, 0.0 ], [ -99.265206858882678, 19.566325660458787, 0.0 ], [ -99.263655998659829, 19.566446036107831, 0.0 ], [ -99.263207378173902, 19.566440437242552, 0.0 ], [ -99.262889481538153, 19.566334058762724, 0.0 ], [ -99.261900139671852, 19.56578256920309, 0.0 ], [ -99.261724850872739, 19.565659393612265, 0.0 ], [ -99.261320795335749, 19.565211481579464, 0.0 ], [ -99.260432467353681, 19.564156083931358, 0.0 ], [ -99.26005515078603, 19.563688571359304, 0.0 ], [ -99.259778848102698, 19.563487008634571, 0.0 ], [ -99.258816245205736, 19.562999897676054, 0.0 ], [ -99.258022989114721, 19.562613567248729, 0.0 ], [ -99.25778233839057, 19.562391286858862, 0.0 ], [ -99.257639730553947, 19.562167326458315, 0.0 ], [ -99.257630223364842, 19.561867219033783, 0.0 ], [ -99.257706280877684, 19.561625341001584, 0.0 ], [ -99.257825120741543, 19.56140585876954, 0.0 ], [ -99.258020018118174, 19.561199813953174, 0.0 ], [ -99.258675973468712, 19.560731437772432, 0.0 ], [ -99.259099084081726, 19.560344277225909, 0.0 ], [ -99.259973745479385, 19.559497694530513, 0.0 ], [ -99.260273221936245, 19.559188623550209, 0.0 ], [ -99.261081333010239, 19.558216613852778, 0.0 ], [ -99.261827647355005, 19.557235639601121, 0.0 ], [ -99.26201779113714, 19.557101259102009, 0.0 ], [ -99.262288746026627, 19.556948961067565, 0.0 ], [ -99.262483643403343, 19.556886250070448, 0.0 ], [ -99.262764105481907, 19.556845935845132, 0.0 ], [ -99.263077842722424, 19.556801142249626, 0.0 ], [ -99.263272740099112, 19.556733951833078, 0.0 ], [ -99.263838417850906, 19.556509983575701, 0.0 ], [ -99.264651282519452, 19.556106839928731, 0.0 ], [ -99.265316785756823, 19.555788803673856, 0.0 ], [ -99.266086868074396, 19.555461807997599, 0.0 ], [ -99.266319794207462, 19.555408055220244, 0.0 ], [ -99.26655272034057, 19.555378939124918, 0.0 ], [ -99.266868834378357, 19.555390137623817, 0.0 ], [ -99.267734746984331, 19.555511133157275, 0.0 ], [ -99.268039644716723, 19.555456731347114, 0.0 ], [ -99.268970160850515, 19.555171169503257, 0.0 ], [ -99.269640417682439, 19.554771382072445, 0.0 ], [ -99.270442586763238, 19.554270806497481, 0.0 ], [ -99.271095017615608, 19.553924770124766, 0.0 ], [ -99.271415885247933, 19.553770229369057, 0.0 ], [ -99.271619101415098, 19.553736633532999, 0.0 ], [ -99.271884494598766, 19.553749982279459, 0.0 ], [ -99.272279042946664, 19.553817173939009, 0.0 ], [ -99.273244022640881, 19.554054584245211, 0.0 ], [ -99.273605295826854, 19.554094899168174, 0.0 ], [ -99.273952308229227, 19.5541800084169, 0.0 ], [ -99.274308827820704, 19.554350226779608, 0.0 ], [ -99.274736651330471, 19.554663786451371, 0.0 ], [ -99.275283314704026, 19.55521475411226, 0.0 ], [ -99.275563776782619, 19.555640296952593, 0.0 ] ] ] } },
{ "type": "Feature", "properties": { "NOMBRE": "MÉXICO COOPERATIVO" }, "geometry": { "type": "MultiLineString", "coordinates": [ [ [ -99.275563776782619, 19.555640296952593, 0.0 ], [ -99.275567341978515, 19.555985209799356, 0.0 ], [ -99.275472270087477, 19.55650593721305, 0.0 ], [ -99.275299952284968, 19.557217035374173, 0.0 ], [ -99.274979084652628, 19.557894535430254, 0.0 ], [ -99.274705752965872, 19.558006518636507, 0.0 ], [ -99.274129379626345, 19.557967324523158, 0.0 ], [ -99.27278054717199, 19.557782552146254, 0.0 ], [ -99.272530983457983, 19.55781054797454, 0.0 ], [ -99.272382433628238, 19.557933729561267, 0.0 ], [ -99.272138811907354, 19.558259600396148, 0.0 ], [ -99.271937972537557, 19.558443252397897, 0.0 ], [ -99.271453105893144, 19.559099470646661, 0.0 ] ] ] } },
{ "type": "Feature", "properties": { "NOMBRE": "RÍO BRAVO" }, "geometry": { "type": "MultiLineString", "coordinates": [ [ [ -99.271453105893144, 19.559099470646661, 0.0 ], [ -99.271300990867417, 19.559540680732429, 0.0 ], [ -99.27114174544991, 19.559928138340315, 0.0 ], [ -99.270956355262385, 19.560389502832443, 0.0 ], [ -99.270804240236714, 19.560779198025735, 0.0 ], [ -99.270585574887249, 19.561359259816214, 0.0 ], [ -99.270438213456117, 19.561782546832966, 0.0 ] ] ] } },
{ "type": "Feature", "properties": { "NOMBRE": "DR. GUSTAVO BAZ" }, "geometry": { "type": "MultiLineString", "coordinates": [ [ [ -99.270438213456117, 19.561782546832966, 0.0 ], [ -99.270107838634743, 19.561804942940487, 0.0 ], [ -99.269751319043294, 19.561867652024912, 0.0 ], [ -99.26947798735651, 19.561948277954777, 0.0 ], [ -99.268902802415582, 19.562192395107747, 0.0 ], [ -99.268719789025312, 19.562221509972879, 0.0 ], [ -99.268503500473201, 19.562185676291982, 0.0 ], [ -99.268199270421789, 19.562147602997243, 0.0 ], [ -99.267624085480904, 19.562051299917609, 0.0 ], [ -99.267201015565703, 19.561984111688471, 0.0 ], [ -99.266965712635368, 19.562024424629332, 0.0 ], [ -99.266738911364399, 19.562047663164204, 0.0 ] ] ] } },
{ "type": "Feature", "properties": { "NOMBRE": "GUSTAVO BAZ PRADA" }, "geometry": { "type": "MultiLineString", "coordinates": [ [ [ -99.26628339342804, 19.562176354184366, 0.0 ], [ -99.265059323153338, 19.561546640978353, 0.0 ], [ -99.26391846046063, 19.56094642326045, 0.0 ], [ -99.263599969625574, 19.560740377857098, 0.0 ], [ -99.262820380118868, 19.560350682570007, 0.0 ], [ -99.262021776233979, 19.559907235063427, 0.0 ], [ -99.261703285398966, 19.559817649560486, 0.0 ], [ -99.260719291326538, 19.559790773899909, 0.0 ], [ -99.260129845601938, 19.559786294622707, 0.0 ], [ -99.259953962603518, 19.559750460400636, 0.0 ], [ -99.259782224129466, 19.559683067971584, 0.0 ] ] ] } },
{ "type": "Feature", "properties": { "NOMBRE": "ALBERTO GARCÍA GRANADOS" }, "geometry": { "type": "MultiLineString", "coordinates": [ [ [ -99.268280180562641, 19.564181805481791, 0.0 ], [ -99.267410272759449, 19.563845868494887, 0.0 ], [ -99.265399502263577, 19.563006470884229, 0.0 ], [ -99.265055033431381, 19.562846324732028, 0.0 ] ] ] } },
{ "type": "Feature", "properties": { "NOMBRE": "JUAN ÁNGULO" }, "geometry": { "type": "MultiLineString", "coordinates": [ [ [ -99.267671463463188, 19.558309635094513, 0.0 ], [ -99.266267825535337, 19.55806405931029, 0.0 ], [ -99.265551221156457, 19.557946476983521, 0.0 ], [ -99.265130528038526, 19.557912882017309, 0.0 ], [ -99.264848877561292, 19.557943117487206, 0.0 ], [ -99.263540450660642, 19.558544466211377, 0.0 ], [ -99.262891585004127, 19.558890492673232, 0.0 ], [ -99.262588543351427, 19.559179407402638, 0.0 ], [ -99.262021776233979, 19.559907235063427, 0.0 ] ] ] } },
{ "type": "Feature", "properties": { "NOMBRE": "LEANDRO VALLE" }, "geometry": { "type": "MultiLineString", "coordinates": [ [ [ -99.260742141793642, 19.566191383107217, 0.0 ], [ -99.260669279550598, 19.566131122021535, 0.0 ], [ -99.26054093249769, 19.566126642920501, 0.0 ], [ -99.260441107012085, 19.566075133249349, 0.0 ], [ -99.260317513553673, 19.56598331162083, 0.0 ], [ -99.259766096585622, 19.565712325534129, 0.0 ], [ -99.259060187794503, 19.565365193931239, 0.0 ], [ -99.258485002853675, 19.565130039839921, 0.0 ], [ -99.258173642410441, 19.564979988954839, 0.0 ], [ -99.257626979036871, 19.564876968863356, 0.0 ], [ -99.256574057843437, 19.56476051128935, 0.0 ], [ -99.256189016684644, 19.564753792580571, 0.0 ], [ -99.255827743498671, 19.564704522041112, 0.0 ], [ -99.255540151028271, 19.564619418346599, 0.0 ], [ -99.255178877842241, 19.564637334917595, 0.0 ], [ -99.254713747075286, 19.564613115050413, 0.0 ], [ -99.254620330482368, 19.564560069690899, 0.0 ], [ -99.25400355158915, 19.564486163787294, 0.0 ], [ -99.25377537905058, 19.564445851461944, 0.0 ], [ -99.253654162389509, 19.564244289683959, 0.0 ], [ -99.253483032985613, 19.564197258566058, 0.0 ], [ -99.252864972602367, 19.56408619042201, 0.0 ] ] ] } },
{ "type": "Feature", "properties": { "NOMBRE": "AV. OCÉANO PACÍFICO" }, "geometry": { "type": "MultiLineString", "coordinates": [ [ [ -99.253087316045722, 19.578794200164676, 0.0 ], [ -99.253194271923135, 19.578724779539449, 0.0 ], [ -99.253339256557055, 19.578386633485596, 0.0 ], [ -99.253550791514627, 19.577829026853379, 0.0 ], [ -99.253579313081943, 19.577614045467637, 0.0 ], [ -99.253503255569044, 19.577231109163566, 0.0 ], [ -99.253467603609963, 19.577007169382743, 0.0 ], [ -99.253508009163653, 19.576583922346909, 0.0 ], [ -99.253579313081943, 19.576308475265996, 0.0 ], [ -99.253802732025918, 19.575986000036327, 0.0 ], [ -99.253923948686975, 19.575775495024217, 0.0 ], [ -99.253916818295153, 19.5756164963754, 0.0 ], [ -99.253840760782325, 19.57537687839698, 0.0 ], [ -99.253828876795936, 19.575249231291014, 0.0 ], [ -99.253857398363238, 19.575090232122871, 0.0 ], [ -99.253802732025918, 19.574839416214729, 0.0 ], [ -99.2535341539337, 19.574033219579832, 0.0 ], [ -99.253272706233261, 19.573448724497315, 0.0 ], [ -99.252966099384651, 19.57318894822458, 0.0 ], [ -99.252395668038304, 19.572727620363089, 0.0 ], [ -99.252174625891641, 19.572593252776468, 0.0 ], [ -99.252060539622391, 19.572543984633306, 0.0 ], [ -99.252013003676865, 19.57243872991334, 0.0 ], [ -99.252017757271446, 19.572337954053236, 0.0 ], [ -99.25200349648776, 19.572205825607824, 0.0 ], [ -99.251808599111072, 19.571601168627829, 0.0 ], [ -99.251575672978007, 19.571021143689297, 0.0 ], [ -99.251437818735994, 19.570884535195436, 0.0 ], [ -99.251245298156562, 19.570783758363437, 0.0 ], [ -99.250544142960095, 19.570429919209815, 0.0 ], [ -99.250009363572929, 19.5701723775652, 0.0 ], [ -99.249800205412626, 19.570118629691802, 0.0 ], [ -99.249591047252338, 19.570107432215952, 0.0 ], [ -99.249403280267472, 19.570125348176848, 0.0 ], [ -99.249208382890814, 19.570174617059546, 0.0 ], [ -99.248999224730525, 19.570268675793535, 0.0 ], [ -99.248825718529361, 19.570396326844719, 0.0 ], [ -99.248680733895512, 19.570571007066732, 0.0 ], [ -99.248569024423475, 19.570747926585749, 0.0 ], [ -99.248267171169417, 19.571545181755774, 0.0 ], [ -99.24806276660361, 19.572062499714026, 0.0 ], [ -99.248060389806341, 19.572158796812982, 0.0 ], [ -99.248088911373642, 19.572248375457988, 0.0 ], [ -99.24815308490011, 19.572324517267145, 0.0 ], [ -99.24831233031766, 19.572456645615205, 0.0 ], [ -99.249056267865143, 19.573043383750733, 0.0 ], [ -99.249241658052682, 19.573193427129368, 0.0 ], [ -99.249365251511037, 19.573265089589263, 0.0 ], [ -99.249453193010268, 19.573352428169212, 0.0 ], [ -99.249446062618418, 19.573459921741044, 0.0 ], [ -99.249412787456563, 19.573668190332434, 0.0 ], [ -99.249460323402076, 19.573856303667476, 0.0 ], [ -99.24970513352153, 19.574729684132148, 0.0 ], [ -99.24982159658812, 19.574958105934211, 0.0 ], [ -99.249940436451922, 19.575121584083941, 0.0 ], [ -99.250137710625836, 19.575385836084823, 0.0 ], [ -99.250458578258176, 19.57570607309826, 0.0 ], [ -99.251121704698264, 19.576160674199194, 0.0 ], [ -99.251345123642224, 19.576411488050582, 0.0 ], [ -99.252008250082312, 19.577291572851149, 0.0 ], [ -99.252331494511864, 19.577699142300474, 0.0 ], [ -99.252485986334804, 19.578021614101154, 0.0 ], [ -99.252683260508732, 19.578514278105811, 0.0 ], [ -99.252726042859706, 19.578608331971814, 0.0 ], [ -99.252764071616127, 19.578691188903623, 0.0 ], [ -99.252804477169803, 19.57874045516699, 0.0 ], [ -99.252849636318061, 19.578774045792688, 0.0 ], [ -99.252911433047231, 19.578791960790124, 0.0 ], [ -99.25299462095191, 19.578803157662502, 0.0 ], [ -99.253087316045722, 19.578794200164676, 0.0 ] ] ] } },
{ "type": "Feature", "properties": { "NOMBRE": "AV. CENTENARIO" }, "geometry": { "type": "MultiLineString", "coordinates": [ [ [ -99.26005766117953, 19.555003939196876, 0.0 ], [ -99.259107802966085, 19.555374351473425, 0.0 ], [ -99.258115490103251, 19.555839088532665, 0.0 ], [ -99.256404196064395, 19.556611780920306, 0.0 ], [ -99.253849138992422, 19.557754015060393, 0.0 ] ] ] } },
{ "type": "Feature", "properties": { "NOMBRE": "MUNICIPIO LIBRE" }, "geometry": { "type": "MultiLineString", "coordinates": [ [ [ -99.254342324427256, 19.558780899043793, 0.0 ], [ -99.253849138992422, 19.557754015060393, 0.0 ], [ -99.253336512123226, 19.556870021096262, 0.0 ] ] ] } },
{ "type": "Feature", "properties": { "NOMBRE": "CDA. FEDERACIÓN" }, "geometry": { "type": "MultiLineString", "coordinates": [ [ [ -99.252388625766088, 19.557292678688654, 0.0 ], [ -99.252855875410674, 19.55825771534926, 0.0 ], [ -99.25318743863069, 19.558912814527616, 0.0 ], [ -99.253251612157143, 19.559047193517301, 0.0 ], [ -99.253233786177589, 19.559154696628458, 0.0 ], [ -99.253183873434793, 19.559248761791885, 0.0 ], [ -99.253048395990049, 19.559373062102317, 0.0 ], [ -99.252927179328921, 19.55944697034959, 0.0 ], [ -99.252795267080089, 19.559510800172237, 0.0 ], [ -99.252664361528005, 19.559563326124287, 0.0 ] ] ] } },
{ "type": "Feature", "properties": { "NOMBRE": "MÉXICO NUEVO" }, "geometry": { "type": "MultiLineString", "coordinates": [ [ [ -99.258984843320462, 19.557504441324234, 0.0 ], [ -99.258163037120283, 19.555816820524889, 0.0 ], [ -99.257796964239276, 19.555112617305362, 0.0 ] ] ] } },
{ "type": "Feature", "properties": { "NOMBRE": "ACOLMAN" }, "geometry": { "type": "MultiLineString", "coordinates": [ [ [ -99.258984843320462, 19.557504441324234, 0.0 ], [ -99.258312605824159, 19.557822474196019, 0.0 ], [ -99.257754058464215, 19.557844870853522, 0.0 ], [ -99.257029135294928, 19.558365592263147, 0.0 ], [ -99.255395087167543, 19.558617553631908, 0.0 ], [ -99.254342324427256, 19.558780899043793, 0.0 ] ] ] } },
{ "type": "Feature", "properties": { "NOMBRE": "AV. TOLUCA SUR" }, "geometry": { "type": "MultiLineString", "coordinates": [ [ [ -99.262387228621449, 19.552387833327113, 0.0 ], [ -99.264540606953787, 19.551830136763929, 0.0 ], [ -99.265232254961205, 19.551648716984438, 0.0 ], [ -99.265809816699345, 19.551359788766312, 0.0 ], [ -99.265995206886871, 19.550835685096452, 0.0 ], [ -99.265988076495063, 19.550620667713808, 0.0 ], [ -99.266052250021502, 19.550257825230826, 0.0 ], [ -99.265959554927733, 19.550042807078096, 0.0 ] ] ] } },
{ "type": "Feature", "properties": { "NOMBRE": "AV. TOLUCA" }, "geometry": { "type": "MultiLineString", "coordinates": [ [ [ -99.262387228621449, 19.552387833327113, 0.0 ], [ -99.261321235043042, 19.552680119310256, 0.0 ], [ -99.260372892929809, 19.552851459123072, 0.0 ], [ -99.260034199317914, 19.552895133948216, 0.0 ], [ -99.258636642519505, 19.552733872996619, 0.0 ], [ -99.258579599384944, 19.552982483563024, 0.0 ], [ -99.258479773899282, 19.553506580258709, 0.0 ], [ -99.258379948413676, 19.553929887885253, 0.0 ], [ -99.258187427834315, 19.554077709334422, 0.0 ], [ -99.257752473932797, 19.554225530648271, 0.0 ], [ -99.25654723958209, 19.554600096124769, 0.0 ], [ -99.255798746571713, 19.554850410159702, 0.0 ], [ -99.255497487516891, 19.55466451435726, 0.0 ], [ -99.255384589646283, 19.554829692866953, 0.0 ], [ -99.255239010813142, 19.555006069733043, 0.0 ], [ -99.255105315966347, 19.555118054944732, 0.0 ], [ -99.255001556613905, 19.555166221412275, 0.0 ] ] ] } },
{ "type": "Feature", "properties": { "NOMBRE": "BLVD. ATIZAPÁN" }, "geometry": { "type": "MultiLineString", "coordinates": [ [ [ -99.256588045585701, 19.55458741435627, 0.0 ], [ -99.256740592105473, 19.554368144491921, 0.0 ], [ -99.256850875499111, 19.554208676785574, 0.0 ], [ -99.256959257454923, 19.553995455673682, 0.0 ], [ -99.257027709216459, 19.553821653382347, 0.0 ], [ -99.257063836535096, 19.553701604267506, 0.0 ], [ -99.257111372480594, 19.553579763283619, 0.0 ], [ -99.257280600446677, 19.553350415299569, 0.0 ], [ -99.257478349980062, 19.553126442344244, 0.0 ], [ -99.257632366443616, 19.552963389837089, 0.0 ], [ -99.257704621080819, 19.552854090811611, 0.0 ], [ -99.257771171404556, 19.552725082030413, 0.0 ], [ -99.257809200160963, 19.552613991052727, 0.0 ], [ -99.257809200160963, 19.552495732831318, 0.0 ], [ -99.257813003036574, 19.552354181209697, 0.0 ], [ -99.257676099513489, 19.551567581961478, 0.0 ], [ -99.257548703179467, 19.550960159872233, 0.0 ] ] ] } },
{ "type": "Feature", "properties": { "NOMBRE": "BLVD. ATIZAPÁN" }, "geometry": { "type": "MultiLineString", "coordinates": [ [ [ -99.256429789886511, 19.554639374148788, 0.0 ], [ -99.256620167710182, 19.554318497493441, 0.0 ], [ -99.256734253979431, 19.554163957114934, 0.0 ], [ -99.256834079465023, 19.55392878668966, 0.0 ], [ -99.256951730930254, 19.553670098825869, 0.0 ], [ -99.257065817199532, 19.553397972183781, 0.0 ], [ -99.25715494709732, 19.55323335214042, 0.0 ], [ -99.257415206399116, 19.552974663161482, 0.0 ], [ -99.257572075019326, 19.552799963876069, 0.0 ], [ -99.257650509329437, 19.55260846636514, 0.0 ], [ -99.257686161288575, 19.552427047460881, 0.0 ], [ -99.257607726978463, 19.552037332087707, 0.0 ], [ -99.25745085835824, 19.551197425065805, 0.0 ], [ -99.257397380419519, 19.550501978742602, 0.0 ], [ -99.257336772088934, 19.550223127442596, 0.0 ], [ -99.257276163758391, 19.550092100761706, 0.0 ], [ -99.257308250521689, 19.549920758018331, 0.0 ], [ -99.257440162770493, 19.549705739416403, 0.0 ], [ -99.257579205411162, 19.54944704478125, 0.0 ], [ -99.2579927681372, 19.548966610786977, 0.0 ], [ -99.258213810283877, 19.548681037455196, 0.0 ], [ -99.258281549006242, 19.548445859037798, 0.0 ], [ -99.258288679398078, 19.548116608677478, 0.0 ], [ -99.258274418614405, 19.547639530432974, 0.0 ], [ -99.258292244593989, 19.547468185085442, 0.0 ], [ -99.258374244100025, 19.547196047983043, 0.0 ], [ -99.258605981834478, 19.54696758685137, 0.0 ] ] ] } },
{ "type": "Feature", "properties": { "NOMBRE": "BLVD. VALLE ESCONDIDO" }, "geometry": { "type": "MultiLineString", "coordinates": [ [ [ -99.258605981834478, 19.54696758685137, 0.0 ], [ -99.258703430522814, 19.546661851595584, 0.0 ], [ -99.258673720556871, 19.546376274185125, 0.0 ], [ -99.258477634781585, 19.54627548203726, 0.0 ], [ -99.25712880232733, 19.545793918684101, 0.0 ], [ -99.256279097301075, 19.544774791500796, 0.0 ], [ -99.255797795852644, 19.54418123094516, 0.0 ], [ -99.255613594063746, 19.544034520358146, 0.0 ], [ -99.255314117606972, 19.543920287595022, 0.0 ], [ -99.255043162717428, 19.543879970129897, 0.0 ], [ -99.254891047691757, 19.54388444984874, 0.0 ], [ -99.254717541490606, 19.543857571533827, 0.0 ], [ -99.254520267316678, 19.543794855448269, 0.0 ], [ -99.254432325817461, 19.543595507728753, 0.0 ], [ -99.254401427452876, 19.543255048132835, 0.0 ], [ -99.254406181047429, 19.542574126786644, 0.0 ], [ -99.254399050655607, 19.541756569401784, 0.0 ], [ -99.254353891507364, 19.541552739381576, 0.0 ], [ -99.254263573210864, 19.541362348470816, 0.0 ], [ -99.254118588576958, 19.541221235062686, 0.0 ], [ -99.253956966362182, 19.541084601327761, 0.0 ], [ -99.253835749701111, 19.540959166977466, 0.0 ], [ -99.253724990948072, 19.540738312688145, 0.0 ], [ -99.253692666505131, 19.54047310794952, 0.0 ], [ -99.253692666505131, 19.540016166330613, 0.0 ], [ -99.25367935644033, 19.539747376538894, 0.0 ], [ -99.253618510430101, 19.539602229865206, 0.0 ], [ -99.25352153710125, 19.539439163693459, 0.0 ], [ -99.253409352269799, 19.53931731194124, 0.0 ], [ -99.25326864587106, 19.539238466640686, 0.0 ], [ -99.253114629407563, 19.539191876217789, 0.0 ], [ -99.252907372685087, 19.539166789061358, 0.0 ], [ -99.252165811934901, 19.539172164880934, 0.0 ], [ -99.251960456650195, 19.539111238915552, 0.0 ], [ -99.251821651689312, 19.538926668938792, 0.0 ], [ -99.251796932997621, 19.538749266529209, 0.0 ], [ -99.251806440186726, 19.538629206202124, 0.0 ], [ -99.251909117829072, 19.538501977996745, 0.0 ], [ -99.252336941338754, 19.538136420341967, 0.0 ], [ -99.252784920089354, 19.537710831343322, 0.0 ], [ -99.252963179885072, 19.537502516319272, 0.0 ], [ -99.252970310276879, 19.537186683350669, 0.0 ], [ -99.252784920089354, 19.536628934259227, 0.0 ], [ -99.252214488743022, 19.534942235525403, 0.0 ], [ -99.251850838759779, 19.534008159722596, 0.0 ], [ -99.251060553665482, 19.533364719471241, 0.0 ], [ -99.24981273509546, 19.532524715284993, 0.0 ], [ -99.249427693936738, 19.532242472897874, 0.0 ], [ -99.248806755648303, 19.531679666665518, 0.0 ], [ -99.248643350835565, 19.531545264887086, 0.0 ], [ -99.248420526090911, 19.531427663239239, 0.0 ], [ -99.247858172069598, 19.530765828229534, 0.0 ] ] ] } },
{ "type": "Feature", "properties": { "NOMBRE": "BLVD. VALLE ESCONDIDO" }, "geometry": { "type": "MultiLineString", "coordinates": [ [ [ -99.248235870144924, 19.530418797434322, 0.0 ], [ -99.248251575417839, 19.530649623513288, 0.0 ], [ -99.248413197632615, 19.531008029994641, 0.0 ], [ -99.248684152522088, 19.531384355944127, 0.0 ], [ -99.248993136168039, 19.531671079888518, 0.0 ], [ -99.249649132216234, 19.532249006292052, 0.0 ], [ -99.249924840700274, 19.532459568111175, 0.0 ], [ -99.25041446093914, 19.532656689565336, 0.0 ], [ -99.250704430206852, 19.532764210257113, 0.0 ], [ -99.250980138690934, 19.532979251425942, 0.0 ], [ -99.251426976578841, 19.533449652984647, 0.0 ], [ -99.25190233603405, 19.533906613186687, 0.0 ], [ -99.252192305301733, 19.534072372940404, 0.0 ], [ -99.252420477840246, 19.534144052781226, 0.0 ], [ -99.252482274569488, 19.534430771826287, 0.0 ], [ -99.252325405949193, 19.534506931487037, 0.0 ], [ -99.25223984124726, 19.534583091111916, 0.0 ], [ -99.252254102030932, 19.534780209974151, 0.0 ], [ -99.252515549731285, 19.535398444845008, 0.0 ], [ -99.252796011809863, 19.536285473351626, 0.0 ], [ -99.253085981077618, 19.537203856317642, 0.0 ], [ -99.253100241861276, 19.537387532284011, 0.0 ], [ -99.253062213104855, 19.537557768358976, 0.0 ], [ -99.252867315728196, 19.537768323256017, 0.0 ], [ -99.252021175897866, 19.538538862240301, 0.0 ], [ -99.251959379168653, 19.538655338743567, 0.0 ], [ -99.251983147141445, 19.538803174184466, 0.0 ], [ -99.252040190276077, 19.538928610209901, 0.0 ], [ -99.25212575497801, 19.539036126725591, 0.0 ], [ -99.252344420327418, 19.539085405104537, 0.0 ], [ -99.252971894808354, 19.539094364808207, 0.0 ], [ -99.253223835319631, 19.539143643169528, 0.0 ], [ -99.253404471912603, 19.539233240151646, 0.0 ], [ -99.253575601316513, 19.539358675842983, 0.0 ], [ -99.25367542680209, 19.539506510639733, 0.0 ], [ -99.253741977125827, 19.539654345301159, 0.0 ], [ -99.253765745098576, 19.539891776443735, 0.0 ], [ -99.253799020260502, 19.540572709104584, 0.0 ], [ -99.253832295422384, 19.540729502402566, 0.0 ], [ -99.25394638169162, 19.540913174357947, 0.0 ], [ -99.254060467960883, 19.541038608743964, 0.0 ], [ -99.254298147688488, 19.541231239932742, 0.0 ], [ -99.254369451606777, 19.541347714493519, 0.0 ], [ -99.254450262714172, 19.541495547468838, 0.0 ], [ -99.254493045065161, 19.541634420746576, 0.0 ], [ -99.254502552254237, 19.542001762389152, 0.0 ], [ -99.254516813037881, 19.54342632329125, 0.0 ], [ -99.254645160090789, 19.54360999217808, 0.0 ], [ -99.254773507143724, 19.54371302585238, 0.0 ], [ -99.254944636547592, 19.543766782525896, 0.0 ], [ -99.25515379470788, 19.54380710001929, 0.0 ], [ -99.255400981624604, 19.543860856661453, 0.0 ], [ -99.255595879001248, 19.543923572721372, 0.0 ], [ -99.255800283567041, 19.544040045339433, 0.0 ], [ -99.256142542374818, 19.544416340915649, 0.0 ], [ -99.257197840365464, 19.545697531179936, 0.0 ], [ -99.258115284114027, 19.546029026305344, 0.0 ], [ -99.258590643569249, 19.546239570153055, 0.0 ], [ -99.258673720556871, 19.546376274185125, 0.0 ] ] ] } },
{ "type": "Feature", "properties": { "NOMBRE": "CAMINO REAL CALACOAYA" }, "geometry": { "type": "MultiLineString", "coordinates": [ [ [ -99.255396043790398, 19.527348940102971, 0.0 ], [ -99.255013737967062, 19.527503855705639, 0.0 ], [ -99.254173302450198, 19.527878397753668, 0.0 ], [ -99.253901396841854, 19.527985921626204, 0.0 ], [ -99.253574349536635, 19.528104197803369, 0.0 ], [ -99.253272020923092, 19.528233226261406, 0.0 ], [ -99.253112300146114, 19.528292364270285, 0.0 ], [ -99.252802365781363, 19.528308492814475, 0.0 ], [ -99.252327006326155, 19.528342541957819, 0.0 ], [ -99.251988550394003, 19.52843393699137, 0.0 ], [ -99.251657700213158, 19.528539668436384, 0.0 ], [ -99.25081346182067, 19.528550420782761, 0.0 ], [ -99.25064613529247, 19.528575509588446, 0.0 ], [ -99.250436977132097, 19.528645399812113, 0.0 ], [ -99.250170775837191, 19.528754715229578, 0.0 ], [ -99.249549005669778, 19.529107749760957, 0.0 ], [ -99.249054631836358, 19.529389101601513, 0.0 ], [ -99.248801740606154, 19.529622067722837, 0.0 ], [ -99.248550750813763, 19.529872953939282, 0.0 ], [ -99.248425255917581, 19.52999122873479, 0.0 ], [ -99.248330184026543, 19.530143552207402, 0.0 ], [ -99.248246520762464, 19.530347844639376, 0.0 ], [ -99.248235870144924, 19.530418797434322, 0.0 ], [ -99.248148644250577, 19.530530139575884, 0.0 ], [ -99.247858172069598, 19.530765828229534, 0.0 ], [ -99.247278736447527, 19.5311752711469, 0.0 ], [ -99.247200302137401, 19.531208871678988, 0.0 ], [ -99.246897260484729, 19.531121510281078, 0.0 ], [ -99.24656213206876, 19.531265992567462, 0.0 ], [ -99.246116482579453, 19.531554956752426, 0.0 ], [ -99.245827701710411, 19.531780079654567, 0.0 ], [ -99.245445750388114, 19.531940017525731, 0.0 ], [ -99.245070216418497, 19.532096819206441, 0.0 ], [ -99.244847985873193, 19.532233460546959, 0.0 ], [ -99.24467566807067, 19.532387461919125, 0.0 ], [ -99.244562770200062, 19.532538663123685, 0.0 ], [ -99.244414220370288, 19.532776664732697, 0.0 ], [ -99.244307264492875, 19.532930665587021, 0.0 ], [ -99.244164656656309, 19.533053866164732, 0.0 ], [ -99.243906179952461, 19.533149066546635, 0.0 ], [ -99.243531834381486, 19.53328906700661, 0.0 ], [ -99.242468217600418, 19.533591467585747, 0.0 ], [ -99.241532353672966, 19.53381826764841, 0.0 ], [ -99.240700474626308, 19.534137467197137, 0.0 ], [ -99.239711132760078, 19.534504265899539, 0.0 ], [ -99.239096136464909, 19.534764664472736, 0.0 ], [ -99.238573241064145, 19.535027862603794, 0.0 ], [ -99.237777013976654, 19.535559857516287, 0.0 ], [ -99.237414552392053, 19.535842654098392, 0.0 ], [ -99.23706991678695, 19.536173049477895, 0.0 ], [ -99.236915971627383, 19.536360019363777, 0.0 ], [ -99.236714419218373, 19.536601935271687, 0.0 ], [ -99.236592727197817, 19.536761420375896, 0.0 ], [ -99.236554699231547, 19.536874238944065, 0.0 ], [ -99.236493852431096, 19.537053510663771, 0.0 ], [ -99.236459626550342, 19.537225539052368, 0.0 ], [ -99.236452020799064, 19.53747641345711, 0.0 ], [ -99.236471035177274, 19.53757855506737, 0.0 ], [ -99.236518571122801, 19.53771295182457, 0.0 ], [ -99.236607938700345, 19.537899315142695, 0.0 ], [ -99.236910267313888, 19.538359846650735, 0.0 ] ] ] } },
{ "type": "Feature", "properties": { "NOMBRE": "BLVD. CALACOAYA" }, "geometry": { "type": "MultiLineString", "coordinates": [ [ [ -99.236910267313888, 19.538359846650735, 0.0 ], [ -99.237109918285071, 19.538594367784427, 0.0 ], [ -99.237277482493042, 19.538735483488693, 0.0 ], [ -99.237484263856047, 19.538947156813819, 0.0 ], [ -99.237612610908982, 19.539246186911328, 0.0 ], [ -99.238001217263601, 19.540465820786011, 0.0 ], [ -99.238115303532922, 19.540737969236293, 0.0 ], [ -99.23836843244284, 19.541537612645236, 0.0 ], [ -99.238625126548655, 19.542360770840371, 0.0 ], [ -99.238771299581131, 19.542824425445076, 0.0 ], [ -99.238796255952522, 19.542999135530348, 0.0 ], [ -99.238806951540269, 19.543130167970197, 0.0 ], [ -99.238781995168878, 19.543412391325663, 0.0 ], [ -99.238696430466945, 19.543650936872169, 0.0 ], [ -99.238607300569086, 19.544040672499431, 0.0 ], [ -99.23853599665081, 19.544443846295952, 0.0 ], [ -99.238489649103911, 19.544756305295561, 0.0 ], [ -99.238457562340685, 19.545132599201825, 0.0 ], [ -99.238475388320268, 19.545438337354682, 0.0 ], [ -99.238553822630365, 19.545683599410292, 0.0 ], [ -99.238671474095526, 19.545868385644471, 0.0 ], [ -99.23890321182995, 19.546197640591668, 0.0 ], [ -99.239052950058351, 19.546496657257627, 0.0 ], [ -99.239117123584791, 19.546718399595953, 0.0 ], [ -99.239191992699006, 19.547061091701337, 0.0 ], [ -99.239323904947824, 19.548156357668304, 0.0 ], [ -99.239434426021162, 19.548932446537332, 0.0 ], [ -99.239509295135377, 19.54935576616538, 0.0 ], [ -99.239466433340013, 19.54955624415372, 0.0 ] ] ] } },
{ "type": "Feature", "properties": { "NOMBRE": "BLVD. CALACOAYA" }, "geometry": { "type": "MultiLineString", "coordinates": [ [ [ -99.239410123266765, 19.548761790741327, 0.0 ], [ -99.239423136234123, 19.548570720155176, 0.0 ], [ -99.239449875203462, 19.548447531418724, 0.0 ], [ -99.239378571285187, 19.547792389741126, 0.0 ], [ -99.239268644411155, 19.546980458330243, 0.0 ], [ -99.239283499394077, 19.54677887472624, 0.0 ], [ -99.239286470390667, 19.546636086187636, 0.0 ], [ -99.239274586404335, 19.546440101713426, 0.0 ], [ -99.23915871753708, 19.545989336519479, 0.0 ], [ -99.239114152588215, 19.545908142654977, 0.0 ], [ -99.239048790663119, 19.545810150005632, 0.0 ], [ -99.238971544751593, 19.545740155219612, 0.0 ], [ -99.238891327843518, 19.545563768224334, 0.0 ], [ -99.238817052928638, 19.545339784460388, 0.0 ], [ -99.238790313959285, 19.545182995640548, 0.0 ], [ -99.238781400969486, 19.544987009401694, 0.0 ], [ -99.238778429972896, 19.544813421391382, 0.0 ], [ -99.238796255952465, 19.544631433760792, 0.0 ], [ -99.238811110935444, 19.544455045553697, 0.0 ], [ -99.238808139938854, 19.544281456971259, 0.0 ], [ -99.23880516894225, 19.544015474103666, 0.0 ], [ -99.238781995168878, 19.543412391325663, 0.0 ] ] ] } },
{ "type": "Feature", "properties": { "NOMBRE": "AV. SAGITARIO" }, "geometry": { "type": "MultiLineString", "coordinates": [ [ [ -99.236949378730387, 19.538405789122503, 0.0 ], [ -99.237653372982223, 19.538285368759979, 0.0 ], [ -99.237838763169819, 19.538195771251925, 0.0 ], [ -99.238361658570568, 19.537853060324824, 0.0 ], [ -99.239205421603643, 19.537400591189122, 0.0 ], [ -99.239485883682221, 19.537252754464074, 0.0 ], [ -99.239832896084536, 19.537140756854978, 0.0 ], [ -99.240386689849856, 19.537013079485838, 0.0 ], [ -99.241563204501588, 19.536665886129402, 0.0 ], [ -99.24222870773896, 19.536518048731658, 0.0 ], [ -99.243174673054909, 19.53640605061295, 0.0 ], [ -99.243828292305835, 19.536280612627774, 0.0 ], [ -99.24395901615604, 19.536309732168721, 0.0 ], [ -99.244182435100072, 19.536471009531247, 0.0 ], [ -99.2447433592572, 19.536990679936984, 0.0 ], [ -99.245064226889482, 19.537176596098348, 0.0 ] ] ] } },
{ "type": "Feature", "properties": { "NOMBRE": "AV. EMILIO G. BAZ" }, "geometry": { "type": "MultiLineString", "coordinates": [ [ [ -99.245064226889482, 19.537176596098348, 0.0 ], [ -99.245075318610063, 19.537658745145883, 0.0 ], [ -99.245146622528338, 19.537933138269917, 0.0 ], [ -99.245220897443204, 19.538084334281844, 0.0 ], [ -99.245509084112967, 19.538395125639564, 0.0 ], [ -99.245889371677194, 19.538775914235185, 0.0 ], [ -99.246317195186876, 19.539067104908248, 0.0 ], [ -99.246736105706788, 19.539361094958842, 0.0 ], [ -99.247330305025883, 19.539722282002277, 0.0 ], [ -99.247850229430028, 19.540013470968404, 0.0 ], [ -99.248102764140626, 19.540159065254649, 0.0 ], [ -99.248613775555043, 19.540607046849825, 0.0 ], [ -99.248922759200937, 19.541004629474351, 0.0 ], [ -99.249044570061329, 19.541077426186874, 0.0 ], [ -99.24947833556422, 19.541223019513435, 0.0 ] ] ] } },
{ "type": "Feature", "properties": { "NOMBRE": "AV. SAN MARTÍN" }, "geometry": { "type": "MultiLineString", "coordinates": [ [ [ -99.24947833556422, 19.541223019513435, 0.0 ], [ -99.251936538147163, 19.54216489316882, 0.0 ], [ -99.252674533701452, 19.542857015609915, 0.0 ] ] ] } },
{ "type": "Feature", "properties": { "NOMBRE": "BLVD GOLONDRINAS" }, "geometry": { "type": "MultiLineString", "coordinates": [ [ [ -99.2463742698137, 19.539107159728651, 0.0 ], [ -99.245970182784575, 19.539201724418763, 0.0 ], [ -99.245378360262833, 19.539332759941008, 0.0 ], [ -99.244875667638922, 19.539467155237972, 0.0 ], [ -99.244269584333466, 19.539598190544794, 0.0 ], [ -99.243813239256426, 19.539604910301239, 0.0 ], [ -99.243424632901821, 19.539628429446676, 0.0 ], [ -99.24204133688707, 19.539947617509693, 0.0 ], [ -99.241114385949317, 19.54012905044317, 0.0 ], [ -99.24033360804404, 19.5402970437184, 0.0 ], [ -99.239043007123144, 19.540465036818716, 0.0 ], [ -99.238451184601317, 19.540549033303282, 0.0 ], [ -99.238046789434563, 19.540574531519209, 0.0 ] ] ] } },
{ "type": "Feature", "properties": { "NOMBRE": "BLVD. GOLONDRINAS" }, "geometry": { "type": "MultiLineString", "coordinates": [ [ [ -99.238094022888149, 19.540687205103552, 0.0 ], [ -99.238415186025932, 19.54064730913478, 0.0 ], [ -99.239273804041972, 19.540540913644996, 0.0 ], [ -99.240147277040919, 19.540417718779768, 0.0 ], [ -99.240245676448183, 19.540409543117264, 0.0 ], [ -99.240285606642402, 19.540375944499626, 0.0 ], [ -99.24033360804404, 19.5402970437184, 0.0 ] ] ] } },
{ "type": "Feature", "properties": { "NOMBRE": "MORELOS" }, "geometry": { "type": "MultiLineString", "coordinates": [ [ [ -99.244820543218296, 19.537035401655888, 0.0 ], [ -99.245456372691464, 19.537109628972278, 0.0 ], [ -99.245527676609754, 19.537065277888999, 0.0 ], [ -99.245733031894432, 19.536832770495721, 0.0 ], [ -99.245897030906491, 19.536502152469907, 0.0 ], [ -99.246384591254483, 19.535543595297526, 0.0 ] ] ] } },
{ "type": "Feature", "properties": { "NOMBRE": "ADOLFO LÓPEZ MATEOS" }, "geometry": { "type": "MultiLineString", "coordinates": [ [ [ -99.246384591254483, 19.535543595297526, 0.0 ], [ -99.247023474362365, 19.53582851988071, 0.0 ], [ -99.24726495696558, 19.536733465694684, 0.0 ], [ -99.247377141797088, 19.537211920144692, 0.0 ], [ -99.247748872891023, 19.538533038412709, 0.0 ], [ -99.24781542321476, 19.538600236408008, 0.0 ], [ -99.248433390506605, 19.538909346826305, 0.0 ] ] ] } },
{ "type": "Feature", "properties": { "NOMBRE": "BENITO JUÁREZ" }, "geometry": { "type": "MultiLineString", "coordinates": [ [ [ -99.248433390506605, 19.538909346826305, 0.0 ], [ -99.248749504544321, 19.539570124358907, 0.0 ], [ -99.248882605191852, 19.539861313599484, 0.0 ], [ -99.249039473812076, 19.540206260174095, 0.0 ], [ -99.249096516946693, 19.540376493276952, 0.0 ], [ -99.249286660728799, 19.540797595444314, 0.0 ], [ -99.249362124042307, 19.540968947873555, 0.0 ], [ -99.249450782485908, 19.541213771330732, 0.0 ] ] ] } },
{ "type": "Feature", "properties": { "NOMBRE": "AV. CALACOAYA" }, "geometry": { "type": "MultiLineString", "coordinates": [ [ [ -99.236579396320124, 19.536800969450542, 0.0 ], [ -99.236355679302122, 19.536968982237678, 0.0 ], [ -99.236241593032872, 19.537105619455708, 0.0 ], [ -99.236170289114654, 19.537269135974483, 0.0 ], [ -99.236141767547338, 19.537408012887781, 0.0 ], [ -99.236137013952785, 19.537502090728939, 0.0 ], [ -99.236144144344621, 19.537600648408496, 0.0 ], [ -99.236150086337872, 19.537816989770597, 0.0 ], [ -99.23612394156784, 19.537937946678493, 0.0 ], [ -99.236066898433222, 19.538046583824187, 0.0 ], [ -99.235937362981659, 19.538193299853109, 0.0 ], [ -99.235850609881084, 19.538280657425521, 0.0 ], [ -99.235177679152187, 19.539036494446712, 0.0 ], [ -99.234506233921635, 19.539747669594501, 0.0 ], [ -99.233576311987292, 19.540752829125815, 0.0 ], [ -99.233365371229027, 19.541046816106647, 0.0 ], [ -99.233286540786025, 19.54118083666047, 0.0 ] ] ] } },
{ "type": "Feature", "properties": { "NOMBRE": "AV. DE LA PIEDRA" }, "geometry": { "type": "MultiLineString", "coordinates": [ [ [ -99.238077615007384, 19.54064806474474, 0.0 ], [ -99.237630909120966, 19.540770629573572, 0.0 ], [ -99.237122274503832, 19.540873665060204, 0.0 ], [ -99.236437756888307, 19.540981180280642, 0.0 ], [ -99.235558341896152, 19.541030458066018, 0.0 ], [ -99.234512551094596, 19.541102134817891, 0.0 ], [ -99.233813772695413, 19.541164851949635, 0.0 ], [ -99.233286540786025, 19.54118083666047, 0.0 ], [ -99.232877187806068, 19.541195314547721, 0.0 ], [ -99.232677536834871, 19.541177395373055, 0.0 ], [ -99.232423704732312, 19.541167545124836, 0.0 ] ] ] } },
{ "type": "Feature", "properties": { "NOMBRE": "ANTIGUO CAMINO A ATIZAPÁN" }, "geometry": { "type": "MultiLineString", "coordinates": [ [ [ -99.23584680585887, 19.533574154922025, 0.0 ], [ -99.235365504410382, 19.531389017766589, 0.0 ], [ -99.235369069606307, 19.531278136107936, 0.0 ], [ -99.235422547545014, 19.531170614426863, 0.0 ] ] ] } },
{ "type": "Feature", "properties": { "NOMBRE": "AV. GUERRERO" }, "geometry": { "type": "MultiLineString", "coordinates": [ [ [ -99.236740093216611, 19.536571119740604, 0.0 ], [ -99.236600666534926, 19.536302454838253, 0.0 ], [ -99.236391508374567, 19.535912700529558, 0.0 ], [ -99.236263161321659, 19.53554534503256, 0.0 ], [ -99.236082524728673, 19.534649352510581, 0.0 ], [ -99.23584680585887, 19.533574154922025, 0.0 ] ] ] } },
{ "type": "Feature", "properties": { "NOMBRE": "CALZ. AILES" }, "geometry": { "type": "MultiLineString", "coordinates": [ [ [ -99.235422547545014, 19.531170614426863, 0.0 ], [ -99.235365959963147, 19.531070391462098, 0.0 ], [ -99.235259004085663, 19.531031190807077, 0.0 ], [ -99.235012411368274, 19.530949989419927, 0.0 ], [ -99.234944078446574, 19.530891188390036, 0.0 ], [ -99.234507003003174, 19.530375182333547, 0.0 ] ] ] } },
{ "type": "Feature", "properties": { "NOMBRE": "AV. MIGUEL HIDALGO" }, "geometry": { "type": "MultiLineString", "coordinates": [ [ [ -99.236147965056716, 19.53773975631805, 0.0 ], [ -99.235965408042844, 19.537787749859007, 0.0 ], [ -99.235148383979109, 19.537846548377811, 0.0 ], [ -99.234949327207246, 19.537846548377818, 0.0 ], [ -99.234684908510275, 19.537796149648678, 0.0 ], [ -99.233344989045804, 19.537752657399494, 0.0 ], [ -99.232386189024609, 19.537732049908985, 0.0 ], [ -99.229914695808745, 19.537556455028749, 0.0 ] ] ] } },
{ "type": "Feature", "properties": { "NOMBRE": "AV. PORFIRIO DÍAZ" }, "geometry": { "type": "MultiLineString", "coordinates": [ [ [ -99.244185027627239, 19.557590813819207, 0.0 ], [ -99.244014376559861, 19.557963389001451, 0.0 ], [ -99.243651914975246, 19.558640885922017, 0.0 ], [ -99.243301337376963, 19.559153206083838, 0.0 ], [ -99.243140903560828, 19.559346375558409, 0.0 ], [ -99.242653660119231, 19.55966832416841, 0.0 ], [ -99.242190794573787, 19.559993557187436, 0.0 ], [ -99.24183366505892, 19.560194638772749, 0.0 ], [ -99.241518739419831, 19.560427000524953, 0.0 ], [ -99.241200842784153, 19.560796539007377, 0.0 ], [ -99.240955663425865, 19.561036123851114, 0.0 ], [ -99.240523455560464, 19.561532813913772, 0.0 ], [ -99.240089690057516, 19.561977936656103, 0.0 ], [ -99.239620272595474, 19.562425857672334, 0.0 ], [ -99.239103319187919, 19.562910170870893, 0.0 ], [ -99.238438261600095, 19.563413472457938, 0.0 ], [ -99.238292255791833, 19.563516974165136, 0.0 ], [ -99.237800091531454, 19.563850191575536, 0.0 ], [ -99.237415050372718, 19.564142456785824, 0.0 ], [ -99.237247486164776, 19.564266753323828, 0.0 ], [ -99.236969400883453, 19.564619486220806, 0.0 ], [ -99.236762619520434, 19.565009171190788, 0.0 ], [ -99.236579606130121, 19.565435807965571, 0.0 ] ] ] } },
{ "type": "Feature", "properties": { "NOMBRE": "AV. SAN DIEGO DE LOS PADRES" }, "geometry": { "type": "MultiLineString", "coordinates": [ [ [ -99.236579606130121, 19.565435807965571, 0.0 ], [ -99.236551916441883, 19.565417443571143, 0.0 ], [ -99.236490595072169, 19.565418787307358, 0.0 ], [ -99.236298074492737, 19.565437599613588, 0.0 ], [ -99.23525988944256, 19.565490005312252, 0.0 ], [ -99.234626710648115, 19.565524942435168, 0.0 ], [ -99.23444417261733, 19.565547785934633, 0.0 ], [ -99.234083374790828, 19.565655284711745, 0.0 ], [ -99.233937914797465, 19.565687534330941, 0.0 ], [ -99.233097954640115, 19.565812501544134, 0.0 ], [ -99.232400602319231, 19.56591596894846, 0.0 ], [ -99.231620537453182, 19.56603287359825, 0.0 ], [ -99.230974523953492, 19.566133653400613, 0.0 ], [ -99.230823359646763, 19.566133653400627, 0.0 ], [ -99.230710699455827, 19.56611080998421, 0.0 ], [ -99.230342771237531, 19.565928062536873, 0.0 ], [ -99.229862182828285, 19.565678128192594, 0.0 ], [ -99.229730936082603, 19.565641175501284, 0.0 ] ] ] } },
{ "type": "Feature", "properties": { "NOMBRE": "AV. SAN DIEGO DE LOS PADRES" }, "geometry": { "type": "MultiLineString", "coordinates": [ [ [ -99.236579606130121, 19.565435807965571, 0.0 ], [ -99.236520326825257, 19.56546746041268, 0.0 ], [ -99.23638912761561, 19.565475522827427, 0.0 ], [ -99.235651845100563, 19.565510459953483, 0.0 ], [ -99.23483898043213, 19.565549428277532, 0.0 ], [ -99.234563747307504, 19.565573615508313, 0.0 ], [ -99.234452513194981, 19.565587052857229, 0.0 ], [ -99.23414020203289, 19.5656891766724, 0.0 ], [ -99.233951959688667, 19.565726801219487, 0.0 ], [ -99.233546953432821, 19.56579130042277, 0.0 ], [ -99.232587202692727, 19.565936423535767, 0.0 ], [ -99.231677364695372, 19.566062734286916, 0.0 ], [ -99.231149715700084, 19.566151420500002, 0.0 ], [ -99.230991421001519, 19.566180982560137, 0.0 ], [ -99.230843108851474, 19.566185013749656, 0.0 ], [ -99.230709057485072, 19.566159482880575, 0.0 ], [ -99.230507980435533, 19.566062734286913, 0.0 ], [ -99.229861966935843, 19.565728144953113, 0.0 ], [ -99.229725063412772, 19.565685145470351, 0.0 ] ] ] } },
{ "type": "Feature", "properties": { "NOMBRE": "STA. BÁRBARA" }, "geometry": { "type": "MultiLineString", "coordinates": [ [ [ -99.229730936082603, 19.565641175501284, 0.0 ], [ -99.229157266350185, 19.565561204622622, 0.0 ], [ -99.22883164512335, 19.565532090360584, 0.0 ], [ -99.228546429450219, 19.565514173889021, 0.0 ], [ -99.228306372925331, 19.565516413448087, 0.0 ], [ -99.227967679313494, 19.565561204622622, 0.0 ], [ -99.227693159228025, 19.565623912246096, 0.0 ], [ -99.22727603130609, 19.565721332969904, 0.0 ], [ -99.227101336706284, 19.565761644976337, 0.0 ], [ -99.226913569721475, 19.565791878974533, 0.0 ], [ -99.226751947506699, 19.565804196527711, 0.0 ], [ -99.226566557319174, 19.56579075919694, 0.0 ], [ -99.226398993111204, 19.565748207641988, 0.0 ], [ -99.226258762071922, 19.565687739623538, 0.0 ], [ -99.226085255870757, 19.565601516669084, 0.0 ], [ -99.225974734797418, 19.565516413448087, 0.0 ], [ -99.225868967318647, 19.565392117873483, 0.0 ], [ -99.225603954422354, 19.565025949272435, 0.0 ], [ -99.225323492343762, 19.564635144557496, 0.0 ], [ -99.22508462421753, 19.564305927243012, 0.0 ], [ -99.224802973740324, 19.563968870724558, 0.0 ], [ -99.224586685188171, 19.563794183348055, 0.0 ], [ -99.224183818049809, 19.563533271721724, 0.0 ], [ -99.223719154182348, 19.563206291748237, 0.0 ], [ -99.223585581029667, 19.563104442618307, 0.0 ] ] ] } },
{ "type": "Feature", "properties": { "NOMBRE": "STA. BÁRBARA" }, "geometry": { "type": "MultiLineString", "coordinates": [ [ [ -99.223540184201724, 19.563237922278635, 0.0 ], [ -99.223647800747486, 19.563278448558847, 0.0 ], [ -99.223817147553405, 19.563348435735158, 0.0 ], [ -99.224087508243556, 19.56351920431776, 0.0 ], [ -99.224393520892846, 19.563709569081897, 0.0 ], [ -99.224740295615462, 19.563975071563053, 0.0 ], [ -99.224871494825109, 19.564105863008216, 0.0 ], [ -99.22520995075719, 19.564560944744386, 0.0 ], [ -99.225749959098366, 19.565311647635721, 0.0 ], [ -99.225892566934903, 19.565508728960875, 0.0 ], [ -99.226057992025304, 19.565628769286533, 0.0 ], [ -99.22624053005616, 19.56572730978543, 0.0 ], [ -99.226426870962555, 19.565797183920822, 0.0 ], [ -99.226626521933753, 19.565838391730157, 0.0 ], [ -99.226871807412664, 19.565841975017388, 0.0 ], [ -99.227067655508236, 19.565807933785209, 0.0 ], [ -99.227493577580134, 19.56571297662564, 0.0 ], [ -99.227940415468026, 19.565609061179455, 0.0 ], [ -99.228153376504011, 19.565576811544524, 0.0 ], [ -99.228423380674542, 19.565555311784429, 0.0 ], [ -99.228687680531664, 19.565555311784429, 0.0 ], [ -99.22910219397663, 19.56560368624071, 0.0 ], [ -99.229533820361965, 19.565655643974001, 0.0 ], [ -99.229725063412772, 19.565685145470351, 0.0 ] ] ] } },
{ "type": "Feature", "properties": { "NOMBRE": "AV. DE LA IGLESIA" }, "geometry": { "type": "MultiLineString", "coordinates": [ [ [ -99.223778101609099, 19.561416676843578, 0.0 ], [ -99.223835781643984, 19.561380254109924, 0.0 ], [ -99.223921346345932, 19.561384733342837, 0.0 ], [ -99.224273112342786, 19.561534787573862, 0.0 ], [ -99.224703312649766, 19.56170499817437, 0.0 ], [ -99.225019426687467, 19.561879687814475, 0.0 ], [ -99.226324288392121, 19.562724018406421, 0.0 ], [ -99.227025443588573, 19.563178656124578, 0.0 ], [ -99.22737958638271, 19.563395896355033, 0.0 ], [ -99.229411351920945, 19.564707170086969, 0.0 ], [ -99.229563466946615, 19.564805711149202, 0.0 ], [ -99.22968706040497, 19.564823627699486, 0.0 ], [ -99.229862943403404, 19.564821388130824, 0.0 ], [ -99.230699576044643, 19.564615347679304, 0.0 ], [ -99.231186819486268, 19.564512327354787, 0.0 ], [ -99.231281891377307, 19.564454098446596, 0.0 ], [ -99.231296152160951, 19.564380192494365, 0.0 ], [ -99.231267630593649, 19.564297328204628, 0.0 ], [ -99.231155921121669, 19.564218943026493, 0.0 ], [ -99.230400099587868, 19.563741912406346, 0.0 ], [ -99.229492163028397, 19.563155140412011, 0.0 ], [ -99.228453502618663, 19.562485501061285, 0.0 ], [ -99.227067879323357, 19.56158695191634, 0.0 ], [ -99.226387521103007, 19.561161424766603, 0.0 ], [ -99.226197377320901, 19.561066240908552, 0.0 ], [ -99.225306078342371, 19.560842278667593, 0.0 ], [ -99.224150360666812, 19.560581922171441, 0.0 ], [ -99.223520509388649, 19.560419549090089, 0.0 ], [ -99.223300655640585, 19.560374756487153, 0.0 ], [ -99.222661891372653, 19.560355159719386, 0.0 ], [ -99.222198415903762, 19.560394353252409, 0.0 ], [ -99.221812186346384, 19.560489537507227, 0.0 ], [ -99.221365704978083, 19.560637128981828, 0.0 ], [ -99.221181740868886, 19.560693567567753, 0.0 ], [ -99.22110558152572, 19.560723274558658, 0.0 ] ] ] } },
{ "type": "Feature", "properties": { "NOMBRE": "AV. DE LA IGLESIA" }, "geometry": { "type": "MultiLineString", "coordinates": [ [ [ -99.221385247899619, 19.560919378266775, 0.0 ], [ -99.221369725726703, 19.560843547787815, 0.0 ], [ -99.221389690823841, 19.560765608855561, 0.0 ], [ -99.221426768861335, 19.560719920498485, 0.0 ], [ -99.221585063559957, 19.560652731714544, 0.0 ], [ -99.222116990790326, 19.560519697839766, 0.0 ], [ -99.222539109986613, 19.560453852750147, 0.0 ], [ -99.22280863879773, 19.560444446306498, 0.0 ], [ -99.223116671724696, 19.560447133861814, 0.0 ], [ -99.223414722103144, 19.56047938452274, 0.0 ], [ -99.223768389537824, 19.560557323593294, 0.0 ], [ -99.223949501490267, 19.560619137312102, 0.0 ], [ -99.224830817920292, 19.560823391171041, 0.0 ], [ -99.225824794541182, 19.561046457589715, 0.0 ], [ -99.226080062568585, 19.561125740158225, 0.0 ], [ -99.226351017458072, 19.561248023365337, 0.0 ], [ -99.22675174547885, 19.561497964577182, 0.0 ], [ -99.227175290753465, 19.561766718136131, 0.0 ], [ -99.227751426413221, 19.562136253548324, 0.0 ], [ -99.228424535401828, 19.562563569805491, 0.0 ], [ -99.228989262434681, 19.562945197203565, 0.0 ], [ -99.229593919661738, 19.563318761176202, 0.0 ], [ -99.230171481399822, 19.563693668033881, 0.0 ], [ -99.230837459996607, 19.564112917680866, 0.0 ], [ -99.230997180773571, 19.564216386175946, 0.0 ], [ -99.231047093516381, 19.564268792271537, 0.0 ], [ -99.23106848469186, 19.564346729510461, 0.0 ], [ -99.231044241359626, 19.564405854287248, 0.0 ], [ -99.230982919989927, 19.564479760227712, 0.0 ], [ -99.230100177481518, 19.564665196801798, 0.0 ], [ -99.229769327300687, 19.564743133849085, 0.0 ], [ -99.229639554169452, 19.56473372765576, 0.0 ], [ -99.229531172213626, 19.564686696680639, 0.0 ], [ -99.229295869283348, 19.564536197468481, 0.0 ], [ -99.228440222263885, 19.563979886660906, 0.0 ], [ -99.227684400730084, 19.563497480324546, 0.0 ], [ -99.227225203496332, 19.56321260459573, 0.0 ], [ -99.225509037023073, 19.562102575469673, 0.0 ], [ -99.224982219906735, 19.561748941221929, 0.0 ], [ -99.224816794816348, 19.561665627657312, 0.0 ], [ -99.224259198175389, 19.561435843248105, 0.0 ], [ -99.223797034851557, 19.561245024879721, 0.0 ] ] ] } },
{ "type": "Feature", "properties": { "NOMBRE": "AV. REAL DE ATIZAPÁN" }, "geometry": { "type": "MultiLineString", "coordinates": [ [ [ -99.241408649024464, 19.560554975041065, 0.0 ], [ -99.241143732306739, 19.560491499048858, 0.0 ], [ -99.24024054934182, 19.560407512945584, 0.0 ], [ -99.238986788778618, 19.56029553140662, 0.0 ], [ -99.236804888879078, 19.560093964440362, 0.0 ] ] ] } },
{ "type": "Feature", "properties": { "NOMBRE": "REAL DE LAS LOMAS" }, "geometry": { "type": "MultiLineString", "coordinates": [ [ [ -99.240387332418891, 19.559955088386708, 0.0 ], [ -99.23909910829525, 19.559829668705913, 0.0 ], [ -99.238005781548253, 19.559731124602539, 0.0 ], [ -99.236829686797364, 19.559632879057705, 0.0 ], [ -99.23670252814307, 19.559611602469079, 0.0 ], [ -99.236527833543292, 19.559574648387432, 0.0 ], [ -99.236395921294459, 19.559528735728708, 0.0 ] ] ] } },
{ "type": "Feature", "properties": { "NOMBRE": "AV. DE LAS COLONIAS" }, "geometry": { "type": "MultiLineString", "coordinates": [ [ [ -99.238621516728017, 19.5578834529238, 0.0 ], [ -99.238431799682346, 19.558000811915186, 0.0 ], [ -99.23811592332433, 19.558240679689796, 0.0 ], [ -99.237464205511202, 19.558722765804877, 0.0 ], [ -99.236551515357178, 19.559405858645391, 0.0 ], [ -99.236395921294459, 19.559528735728708, 0.0 ], [ -99.235733897094164, 19.560030718086853, 0.0 ], [ -99.23499708993856, 19.560601824060736, 0.0 ], [ -99.23438149944397, 19.561069905487983, 0.0 ], [ -99.234148573310932, 19.561237876960835, 0.0 ], [ -99.233915647177867, 19.561350977653934, 0.0 ], [ -99.233228752765086, 19.561722753630669, 0.0 ], [ -99.233052869766638, 19.56183025495811, 0.0 ] ] ] } },
{ "type": "Feature", "properties": { "NOMBRE": "REAL DE JACARANDAS" }, "geometry": { "type": "MultiLineString", "coordinates": [ [ [ -99.236804888879078, 19.560093964440362, 0.0 ], [ -99.236852530197908, 19.559634787290808, 0.0 ] ] ] } },
{ "type": "Feature", "properties": { "NOMBRE": "REAL DE LAS LOMAS" }, "geometry": { "type": "MultiLineString", "coordinates": [ [ [ -99.240387332418891, 19.559955088386708, 0.0 ], [ -99.240287703546514, 19.560411897770244, 0.0 ] ] ] } },
{ "type": "Feature", "properties": { "NOMBRE": "AV. LAS GRANJAS" }, "geometry": { "type": "MultiLineString", "coordinates": [ [ [ -99.238292255791833, 19.563516974165136, 0.0 ], [ -99.238198546739795, 19.563446760201167, 0.0 ], [ -99.237743984260675, 19.563194806378025, 0.0 ], [ -99.23729239277823, 19.563010039990822, 0.0 ], [ -99.237161668928039, 19.562940052667681, 0.0 ], [ -99.236710077445565, 19.562489333578629, 0.0 ], [ -99.235896024378491, 19.562237378259329, 0.0 ], [ -99.235358273994734, 19.562209383199558, 0.0 ], [ -99.235022551379473, 19.562170190107711, 0.0 ], [ -99.234380816114935, 19.562089004387186, 0.0 ], [ -99.23388763068013, 19.561974224505533, 0.0 ], [ -99.233052869766638, 19.561830254958121, 0.0 ], [ -99.232699232042023, 19.561769860123807, 0.0 ], [ -99.232743796990945, 19.561453514748322, 0.0 ], [ -99.232541769222479, 19.56117356257089, 0.0 ], [ -99.232063438770666, 19.560708840883301, 0.0 ], [ -99.231448442475411, 19.560120938034409, 0.0 ], [ -99.230999821989556, 19.559653413762682, 0.0 ], [ -99.230910692091712, 19.559519035278122, 0.0 ], [ -99.230812649204054, 19.559222282394739, 0.0 ], [ -99.230717577313072, 19.558779951611548, 0.0 ], [ -99.230673012364107, 19.558516792215592, 0.0 ], [ -99.23065518638451, 19.558220037487992, 0.0 ], [ -99.23065518638451, 19.558035265400491, 0.0 ], [ -99.230714606316411, 19.557881288499367, 0.0 ], [ -99.230768084255118, 19.557732910619208, 0.0 ], [ -99.23087801112915, 19.557626526394515, 0.0 ], [ -99.230963302499461, 19.557592281857666, 0.0 ], [ -99.231197179351398, 19.557574364503893, 0.0 ], [ -99.231381618820052, 19.557511653749934, 0.0 ], [ -99.231849372523968, 19.557276936140216, 0.0 ] ] ] } },
{ "type": "Feature", "properties": { "NOMBRE": "FRANCISCO VILLA" }, "geometry": { "type": "MultiLineString", "coordinates": [ [ [ -99.235921123357954, 19.556386551490981, 0.0 ], [ -99.235728602778579, 19.556507494481178, 0.0 ], [ -99.235179562607797, 19.556460461106873, 0.0 ], [ -99.234837303799978, 19.556447022997439, 0.0 ], [ -99.234495044992244, 19.556477258742138, 0.0 ], [ -99.233928178841865, 19.556514213533649, 0.0 ], [ -99.233603746013685, 19.556464716508, 0.0 ], [ -99.23319256008493, 19.556444559343934, 0.0 ], [ -99.232902590817233, 19.556427117795813, 0.0 ] ] ] } },
{ "type": "Feature", "properties": { "NOMBRE": "FRANCISCO VILLA" }, "geometry": { "type": "MultiLineString", "coordinates": [ [ [ -99.232755348226092, 19.5564025857744, 0.0 ], [ -99.232331327592007, 19.556436628992319, 0.0 ], [ -99.231675331543812, 19.556368542549428, 0.0 ], [ -99.231032744593591, 19.556336011105589, 0.0 ] ] ] } },
{ "type": "Feature", "properties": { "NOMBRE": "REVOLUCIÓN" }, "geometry": { "type": "MultiLineString", "coordinates": [ [ [ -99.231849372523968, 19.557276936140202, 0.0 ], [ -99.23156796368815, 19.557141407841812, 0.0 ], [ -99.231267061153019, 19.557036591000955, 0.0 ], [ -99.230966158617818, 19.556749016241337, 0.0 ], [ -99.230951897834231, 19.55657297723366, 0.0 ], [ -99.231032744593591, 19.556336011105589, 0.0 ] ] ] } },
{ "type": "Feature", "properties": { "NOMBRE": "GRAL. DE DIV. RODOLFO CASILLAS" }, "geometry": { "type": "MultiLineString", "coordinates": [ [ [ -99.241763494061203, 19.55865417268614, 0.0 ], [ -99.241607604899357, 19.55859798346734, 0.0 ], [ -99.241481643351548, 19.558583115392704, 0.0 ], [ -99.24109183989043, 19.558477042044782, 0.0 ], [ -99.240766198857088, 19.558379206340039, 0.0 ], [ -99.240239738260442, 19.558234748323265, 0.0 ], [ -99.239083611361067, 19.557981906189198, 0.0 ], [ -99.238621516728017, 19.5578834529238, 0.0 ], [ -99.237949149402041, 19.557749487887964, 0.0 ], [ -99.23753023888213, 19.557665500356698, 0.0 ] ] ] } },
{ "type": "Feature", "properties": { "NOMBRE": "AZALEAS" }, "geometry": { "type": "MultiLineString", "coordinates": [ [ [ -99.23753023888213, 19.557665500356698, 0.0 ], [ -99.237223651840097, 19.55722396785367, 0.0 ], [ -99.236795828330401, 19.556615895158281, 0.0 ], [ -99.236328787665627, 19.556011179706989, 0.0 ], [ -99.23599009405379, 19.555544203446079, 0.0 ], [ -99.236017715139653, 19.555111666070321, 0.0 ] ] ] } },
{ "type": "Feature", "properties": { "NOMBRE": "P. DE MÉXICO" }, "geometry": { "type": "MultiLineString", "coordinates": [ [ [ -99.23636689284551, 19.556060517660871, 0.0 ], [ -99.235921123357954, 19.556386551490981, 0.0 ] ] ] } },
{ "type": "Feature", "properties": { "NOMBRE": "EMILIANO ZAPATA" }, "geometry": { "type": "MultiLineString", "coordinates": [ [ [ -99.2347087367189, 19.551235699800323, 0.0 ], [ -99.234853721579853, 19.551564945732892, 0.0 ], [ -99.235050995753753, 19.552147280406416, 0.0 ], [ -99.235310066656865, 19.552951346750685, 0.0 ], [ -99.235417022534293, 19.553258189953716, 0.0 ], [ -99.235464558479791, 19.553529196968839, 0.0 ], [ -99.235552499979022, 19.554333256425501, 0.0 ], [ -99.235623803897283, 19.555032045790004, 0.0 ], [ -99.23571325070148, 19.556131139774283, 0.0 ], [ -99.235901871601286, 19.556398645604787, 0.0 ] ] ] } },
{ "type": "Feature", "properties": { "NOMBRE": "5 DE MAYO" }, "geometry": { "type": "MultiLineString", "coordinates": [ [ [ -99.235067890196419, 19.556456076512511, 0.0 ], [ -99.234888977406129, 19.55674296576267, 0.0 ], [ -99.23473567398176, 19.557102434145477, 0.0 ], [ -99.234632283300257, 19.557455182714257, 0.0 ], [ -99.234543153402413, 19.557885198973704, 0.0 ], [ -99.234208024986472, 19.558436155630499, 0.0 ], [ -99.233512811783157, 19.558835933977452, 0.0 ], [ -99.233309595616049, 19.558899764042092, 0.0 ], [ -99.23317055297538, 19.558906482994633, 0.0 ], [ -99.232981597591959, 19.558852731365437, 0.0 ], [ -99.232874641714517, 19.558772103887694, 0.0 ], [ -99.232760555445267, 19.558661241040198, 0.0 ], [ -99.232603686824987, 19.558489907398652, 0.0 ], [ -99.232325601543678, 19.5583051356205, 0.0 ], [ -99.23193342999312, 19.558086768700605, 0.0 ], [ -99.231081348169639, 19.55770378600408, 0.0 ], [ -99.230913433466867, 19.557612304305358, 0.0 ] ] ] } },
{ "type": "Feature", "properties": { "NOMBRE": "RUISEÑOR" }, "geometry": { "type": "MultiLineString", "coordinates": [ [ [ -99.226783147975382, 19.55799645429579, 0.0 ], [ -99.228033343342673, 19.557951661019835, 0.0 ], [ -99.228432645285054, 19.557956140347994, 0.0 ], [ -99.228627542661698, 19.557942702363185, 0.0 ], [ -99.228908004740276, 19.557884471082559, 0.0 ], [ -99.229169452440658, 19.557741132456197, 0.0 ], [ -99.229735130192367, 19.557329033195689, 0.0 ], [ -99.229730376597814, 19.557234966912546, 0.0 ], [ -99.229606981205876, 19.557216302960928, 0.0 ] ] ] } },
{ "type": "Feature", "properties": { "NOMBRE": "GOLONDRINA" }, "geometry": { "type": "MultiLineString", "coordinates": [ [ [ -99.229606981205876, 19.557216302960928, 0.0 ], [ -99.228032353010462, 19.557269495217323, 0.0 ], [ -99.22791648414325, 19.557219102553855, 0.0 ], [ -99.227874890190918, 19.557165910280833, 0.0 ], [ -99.227848151221551, 19.557093120826238, 0.0 ], [ -99.227863006204529, 19.557034329319752, 0.0 ], [ -99.227892716170487, 19.556955940611058, 0.0 ], [ -99.229101911784724, 19.556074065012783, 0.0 ], [ -99.229142495598225, 19.556040021718452, 0.0 ], [ -99.229055029458493, 19.556011353675505, 0.0 ], [ -99.22848079523655, 19.556115275306855, 0.0 ], [ -99.227855578713061, 19.556514275517252, 0.0 ], [ -99.227570363039874, 19.556766239778213, 0.0 ] ] ] } },
{ "type": "Feature", "properties": { "NOMBRE": "AV. PAVO REAL" }, "geometry": { "type": "MultiLineString", "coordinates": [ [ [ -99.225782357869008, 19.559497167427971, 0.0 ], [ -99.225945762681732, 19.55945797367691, 0.0 ], [ -99.226453803099517, 19.559415980361567, 0.0 ], [ -99.22769270867974, 19.559365588368802, 0.0 ], [ -99.228765238450634, 19.5593235950295, 0.0 ], [ -99.228952411236079, 19.559287200793182, 0.0 ], [ -99.229026686151016, 19.559276002564985, 0.0 ], [ -99.229071251099953, 19.559262004778677, 0.0 ], [ -99.22910690305909, 19.559138824206507, 0.0 ], [ -99.229169293987582, 19.558937255794451, 0.0 ], [ -99.229193061960345, 19.558853268881787, 0.0 ], [ -99.229142555018214, 19.558682495357701, 0.0 ], [ -99.229080164089666, 19.558539717354623, 0.0 ], [ -99.228637485596991, 19.558212167340329, 0.0 ], [ -99.228569152675306, 19.558144977511557, 0.0 ], [ -99.228548355699132, 19.558063789764567, 0.0 ], [ -99.228571499382952, 19.557946566492941, 0.0 ] ] ] } },
{ "type": "Feature", "properties": { "NOMBRE": "AV. PAVO REAL" }, "geometry": { "type": "MultiLineString", "coordinates": [ [ [ -99.228398971877496, 19.557955762603271, 0.0 ], [ -99.228413076320876, 19.558122674215038, 0.0 ], [ -99.228473684651419, 19.558199942526251, 0.0 ], [ -99.228676900818513, 19.558341041086194, 0.0 ], [ -99.229004898842632, 19.558603080941531, 0.0 ], [ -99.229061941977264, 19.558697146426749, 0.0 ], [ -99.22909046354458, 19.558841604029354, 0.0 ], [ -99.229083333152744, 19.55898270202789, 0.0 ], [ -99.229012029234454, 19.559117080959329, 0.0 ], [ -99.22892646453252, 19.559197708264467, 0.0 ], [ -99.22868759640626, 19.559254819247887, 0.0 ], [ -99.225874656829873, 19.559348884352932, 0.0 ], [ -99.225678571054587, 19.559355603286928, 0.0 ], [ -99.225571615177159, 19.559395916884903, 0.0 ] ] ] } },
{ "type": "Feature", "properties": { "NOMBRE": "GAVILÁN" }, "geometry": { "type": "MultiLineString", "coordinates": [ [ [ -99.225782357869008, 19.559497167427971, 0.0 ], [ -99.225648682828876, 19.559586790436285, 0.0 ], [ -99.225598175886759, 19.559637182359946, 0.0 ], [ -99.225547668944628, 19.55976036255149, 0.0 ], [ -99.225488249012727, 19.559861146274574, 0.0 ], [ -99.225464481039978, 19.559970328570124, 0.0 ] ] ] } },
{ "type": "Feature", "properties": { "NOMBRE": "GAVILÁN" }, "geometry": { "type": "MultiLineString", "coordinates": [ [ [ -99.225571615177159, 19.559395916884903, 0.0 ], [ -99.225517958978699, 19.559458011004295, 0.0 ], [ -99.225479336022957, 19.559536398496874, 0.0 ], [ -99.225482307019533, 19.559617585502565, 0.0 ], [ -99.225440713067215, 19.559715569765462, 0.0 ], [ -99.225405061108077, 19.559807954872962, 0.0 ], [ -99.225345641176176, 19.559858346727513, 0.0 ], [ -99.225336728186392, 19.559950731753329, 0.0 ] ] ] } },
{ "type": "Feature", "properties": { "NOMBRE": "QUETZÁL" }, "geometry": { "type": "MultiLineString", "coordinates": [ [ [ -99.224204980341909, 19.559658798272942, 0.0 ], [ -99.224625075468595, 19.559827365070703, 0.0 ], [ -99.224878798577848, 19.559902392928286, 0.0 ], [ -99.224982783458671, 19.559933187934298, 0.0 ], [ -99.225125391295236, 19.559938787025676, 0.0 ], [ -99.225336728186392, 19.559950731753329, 0.0 ], [ -99.225464481039978, 19.559970328570124, 0.0 ], [ -99.225874082437201, 19.560112358762002, 0.0 ], [ -99.226102849175021, 19.560297128469596, 0.0 ], [ -99.226233573025212, 19.56047069982024, 0.0 ], [ -99.226569295640459, 19.560899028321678, 0.0 ], [ -99.227163795430627, 19.561649151765359, 0.0 ] ] ] } },
{ "type": "Feature", "properties": { "NOMBRE": "AV. PROL. PASEO DE LOS PÁJAROS" }, "geometry": { "type": "MultiLineString", "coordinates": [ [ [ -99.21882531822402, 19.559682800726161, 0.0 ], [ -99.218548931878615, 19.560823310377017, 0.0 ], [ -99.218339179518992, 19.561598218497998, 0.0 ], [ -99.218258368411625, 19.561893847204431, 0.0 ], [ -99.218020688684007, 19.562753854904884, 0.0 ], [ -99.21775686418637, 19.563725837252779, 0.0 ], [ -99.217604749160685, 19.564317086321715, 0.0 ], [ -99.217501833838639, 19.564657650773281, 0.0 ], [ -99.217487573054981, 19.564815540449366, 0.0 ], [ -99.217512529426386, 19.564959992570678, 0.0 ], [ -99.217516094622297, 19.565070851087629, 0.0 ], [ -99.217455486291755, 19.565218662324988, 0.0 ], [ -99.21739144560344, 19.565283475216312, 0.0 ] ] ] } },
{ "type": "Feature", "properties": { "NOMBRE": "AV. PASEO DE LAS GAVIOTAS" }, "geometry": { "type": "MultiLineString", "coordinates": [ [ [ -99.217630299944418, 19.564217774278198, 0.0 ], [ -99.217814200459244, 19.564307179931557, 0.0 ], [ -99.218086106067673, 19.564620720243891, 0.0 ], [ -99.21851773245298, 19.565145674944571, 0.0 ], [ -99.21877233497716, 19.565583822687124, 0.0 ], [ -99.219094034488535, 19.566200623803116, 0.0 ], [ -99.219237013699683, 19.566480777209176, 0.0 ], [ -99.219239984696273, 19.566640344757239, 0.0 ], [ -99.219302375624764, 19.566771917879709, 0.0 ], [ -99.219537084355792, 19.567065857446384, 0.0 ], [ -99.219647011229796, 19.56717223544317, 0.0 ], [ -99.219837590758132, 19.567395591682434, 0.0 ], [ -99.220493586806342, 19.568309318529089, 0.0 ], [ -99.221445494115486, 19.569599277024118, 0.0 ], [ -99.222187054865628, 19.570613768379658, 0.0 ], [ -99.222397401424629, 19.570906021327108, 0.0 ], [ -99.222583751804692, 19.571194668934194, 0.0 ] ] ] } },
{ "type": "Feature", "properties": { "NOMBRE": "AV. PROL. PASEO DE LOS PÁJAROS" }, "geometry": { "type": "MultiLineString", "coordinates": [ [ [ -99.21851773245298, 19.565145674944571, 0.0 ], [ -99.218370314572994, 19.564814061400874, 0.0 ], [ -99.218249097911837, 19.564590104365589, 0.0 ], [ -99.218170663601796, 19.564386303193224, 0.0 ], [ -99.218173040399009, 19.564245209922994, 0.0 ], [ -99.218322778627481, 19.563602450129412, 0.0 ], [ -99.218660283840663, 19.562426663388248, 0.0 ], [ -99.218787697510649, 19.562089394867694, 0.0 ], [ -99.218874195595518, 19.561810771673255, 0.0 ], [ -99.219080976958551, 19.560811902290567, 0.0 ], [ -99.219249729565149, 19.560184806242997, 0.0 ], [ -99.21934188747359, 19.559999739570198, 0.0 ] ] ] } },
{ "type": "Feature", "properties": { "NOMBRE": "ALONDRA" }, "geometry": { "type": "MultiLineString", "coordinates": [ [ [ -99.223907564025723, 19.567896096046972, 0.0 ], [ -99.221264413925326, 19.569353890555963, 0.0 ], [ -99.220285617044624, 19.569954573674647, 0.0 ], [ -99.219886315102244, 19.570203157691836, 0.0 ], [ -99.219850537201125, 19.570453315149894, 0.0 ] ] ] } },
{ "type": "Feature", "properties": { "NOMBRE": "AV. DE LAS TORRES" }, "geometry": { "type": "MultiLineString", "coordinates": [ [ [ -99.217119644387324, 19.566663144068595, 0.0 ], [ -99.217048755867424, 19.566818668303977, 0.0 ], [ -99.217010727111003, 19.567051580394278, 0.0 ], [ -99.216787308167071, 19.567839895741209, 0.0 ], [ -99.216597758584285, 19.568547398017252, 0.0 ], [ -99.216410585798798, 19.569272439992552, 0.0 ], [ -99.216214500023455, 19.569980682479599, 0.0 ], [ -99.216104573149423, 19.570431380623575, 0.0 ], [ -99.215887690397977, 19.571190006330461, 0.0 ], [ -99.215578706752098, 19.572248157256212, 0.0 ], [ -99.215534141803161, 19.57235733116261, 0.0 ], [ -99.215323201044896, 19.572696049735054, 0.0 ], [ -99.214740885712203, 19.573421073046656, 0.0 ], [ -99.214461612032196, 19.573670211578232, 0.0 ], [ -99.214098202897759, 19.574115450101115, 0.0 ], [ -99.213884291142932, 19.574346112210272, 0.0 ], [ -99.213696524158038, 19.574561097956515, 0.0 ], [ -99.21356267594399, 19.574727230749939, 0.0 ] ] ] } },
{ "type": "Feature", "properties": { "NOMBRE": "AV. JUÁREZ" }, "geometry": { "type": "MultiLineString", "coordinates": [ [ [ -99.232790709012207, 19.575424526342012, 0.0 ], [ -99.232106534317381, 19.575424303895911, 0.0 ], [ -99.231851028610194, 19.575415906065494, 0.0 ], [ -99.231586697855477, 19.575368826623322, 0.0 ], [ -99.231387553141346, 19.575315132067285, 0.0 ], [ -99.23124197430819, 19.575289938557962, 0.0 ], [ -99.231096395474978, 19.575275942162083, 0.0 ], [ -99.230588355057193, 19.57535712124092, 0.0 ], [ -99.230326907356826, 19.575379515462348, 0.0 ], [ -99.229928793813016, 19.575404708957674, 0.0 ], [ -99.229248435592737, 19.57547749014449, 0.0 ], [ -99.228897857994511, 19.575555869847328, 0.0 ], [ -99.228576990362257, 19.575578264041155, 0.0 ], [ -99.227712430352994, 19.575553070572944, 0.0 ], [ -99.227254896877355, 19.575522278550789, 0.0 ], [ -99.226984536187189, 19.57555027129839, 0.0 ], [ -99.225695123664835, 19.575494285798321, 0.0 ], [ -99.224471073067591, 19.575418705342365, 0.0 ], [ -99.22373723690859, 19.57537391690731, 0.0 ], [ -99.22297963277677, 19.575541873474666, 0.0 ], [ -99.222260651600735, 19.575595059684456, 0.0 ], [ -99.221449569530279, 19.575625851692717, 0.0 ], [ -99.22118812182984, 19.575628650965822, 0.0 ], [ -99.220942822111056, 19.575602191879714, 0.0 ], [ -99.220843486224808, 19.575592260410744, 0.0 ], [ -99.220290880858116, 19.575578264041155, 0.0 ] ] ] } },
{ "type": "Feature", "properties": { "NOMBRE": "AV. NEZAHUALCÓYOTL" }, "geometry": { "type": "MultiLineString", "coordinates": [ [ [ -99.221056165631211, 19.57593362553509, 0.0 ], [ -99.221118917415907, 19.575826839383414, 0.0 ], [ -99.221151004179148, 19.575776452520703, 0.0 ], [ -99.221222308097424, 19.575689115254654, 0.0 ], [ -99.221325437965433, 19.575627180746935, 0.0 ] ], [ [ -99.221056165631211, 19.57593362553509, 0.0 ], [ -99.220899297010916, 19.575769028500968, 0.0 ], [ -99.220881471031348, 19.575685050357443, 0.0 ], [ -99.220942822111056, 19.575602191879714, 0.0 ] ], [ [ -99.224572745791576, 19.580441928223973, 0.0 ], [ -99.224150755685741, 19.579941007561512, 0.0 ], [ -99.223566063555651, 19.57926583953396, 0.0 ], [ -99.223074066519303, 19.578684722497961, 0.0 ], [ -99.222236245479181, 19.577609818409528, 0.0 ], [ -99.221466163161466, 19.576544984475557, 0.0 ], [ -99.221056165631211, 19.57593362553509, 0.0 ] ] ] } },
{ "type": "Feature", "properties": { "NOMBRE": "PROL. JUÁREZ" }, "geometry": { "type": "MultiLineString", "coordinates": [ [ [ -99.220899297010916, 19.575769028500968, 0.0 ], [ -99.220808697835295, 19.575708866917434, 0.0 ], [ -99.220290880858116, 19.575578264041141, 0.0 ], [ -99.219972065194113, 19.575495674238994, 0.0 ], [ -99.21956515750044, 19.575348768195564, 0.0 ], [ -99.219279515578407, 19.575267303188109, 0.0 ], [ -99.219008115445519, 19.575201320823815, 0.0 ], [ -99.218896405973553, 19.575192363125705, 0.0 ], [ -99.218622024281373, 19.575181462288118, 0.0 ] ] ] } },
{ "type": "Feature", "properties": { "NOMBRE": "DE LA PALÓMA" }, "geometry": { "type": "MultiLineString", "coordinates": [ [ [ -99.22308452750147, 19.571672243890404, 0.0 ], [ -99.22279625494447, 19.572009624143693, 0.0 ], [ -99.221762348129317, 19.573174143723072, 0.0 ], [ -99.221436779256237, 19.573542600363716, 0.0 ] ] ] } },
{ "type": "Feature", "properties": { "NOMBRE": "AV. NEVADO DE TOLUCA" }, "geometry": { "type": "MultiLineString", "coordinates": [ [ [ -99.215434808173185, 19.572516836439625, 0.0 ], [ -99.215312710653748, 19.57244128118079, 0.0 ], [ -99.2152877542824, 19.572364019694874, 0.0 ], [ -99.2152877542824, 19.572259884590054, 0.0 ], [ -99.215262797911009, 19.57190045000161, 0.0 ], [ -99.215180798404987, 19.571651868602373, 0.0 ], [ -99.214959756258253, 19.570966588164858, 0.0 ], [ -99.214695931760602, 19.570146935187239, 0.0 ], [ -99.214321586189612, 19.569024944434862, 0.0 ], [ -99.213940110226801, 19.567869352980516, 0.0 ], [ -99.213829589153391, 19.567462878435443, 0.0 ] ] ] } },
{ "type": "Feature", "properties": { "NOMBRE": "LA CRUZ" }, "geometry": { "type": "MultiLineString", "coordinates": [ [ [ -99.215312710653748, 19.57244128118079, 0.0 ], [ -99.21522278849028, 19.572368591933646, 0.0 ], [ -99.215132470193794, 19.572198392592497, 0.0 ], [ -99.215055778868347, 19.572066264032674, 0.0 ], [ -99.214965460571861, 19.571934135364494, 0.0 ], [ -99.21488464946448, 19.571884867019801, 0.0 ], [ -99.214746795222453, 19.571857993370909, 0.0 ], [ -99.214501985103013, 19.571815443417638, 0.0 ], [ -99.214347493280059, 19.57177737239731, 0.0 ], [ -99.214250044591751, 19.571728104004727, 0.0 ], [ -99.214044746367847, 19.571566077715879, 0.0 ] ] ] } },
{ "type": "Feature", "properties": { "NOMBRE": "PARICUTÍN" }, "geometry": { "type": "MultiLineString", "coordinates": [ [ [ -99.21393138738101, 19.56740098895683, 0.0 ], [ -99.213829589153391, 19.567462878435443, 0.0 ] ] ] } },
{ "type": "Feature", "properties": { "NOMBRE": "EMILIANO ZAPATA" }, "geometry": { "type": "MultiLineString", "coordinates": [ [ [ -99.218543133388323, 19.570303380257155, 0.0 ], [ -99.21799619004392, 19.570355402149559, 0.0 ], [ -99.216461729722425, 19.570559643672972, 0.0 ], [ -99.216056715271179, 19.57059878113412, 0.0 ] ] ] } },
{ "type": "Feature", "properties": { "NOMBRE": "SAN MIGUEL" }, "geometry": { "type": "MultiLineString", "coordinates": [ [ [ -99.218648044860416, 19.574764324486956, 0.0 ], [ -99.218477105262835, 19.574722865210603, 0.0 ], [ -99.217254243064161, 19.574269379771717, 0.0 ], [ -99.216434248003907, 19.573987210410127, 0.0 ] ] ] } },
{ "type": "Feature", "properties": { "NOMBRE": "SAN MIGUEL" }, "geometry": { "type": "MultiLineString", "coordinates": [ [ [ -99.216407955062238, 19.575297634422277, 0.0 ], [ -99.216434248003907, 19.573987210410127, 0.0 ], [ -99.216453262382046, 19.573902783449636, 0.0 ], [ -99.216467523165704, 19.573620613446117, 0.0 ], [ -99.216435436402477, 19.573509760809543, 0.0 ], [ -99.216439001598403, 19.572982369948573, 0.0 ], [ -99.21656734865131, 19.572532238803998, 0.0 ] ] ] } },
{ "type": "Feature", "properties": { "NOMBRE": "SAN JUÁN" }, "geometry": { "type": "MultiLineString", "coordinates": [ [ [ -99.21799619004392, 19.570355402149559, 0.0 ], [ -99.218003053046047, 19.571241296017952, 0.0 ], [ -99.217931749127686, 19.571802284655792, 0.0 ], [ -99.21776418491973, 19.572171797063035, 0.0 ], [ -99.217550273164889, 19.572642084356115, 0.0 ], [ -99.217015493777751, 19.573371026947846, 0.0 ] ] ] } },
{ "type": "Feature", "properties": { "NOMBRE": "SAN PEDRO" }, "geometry": { "type": "MultiLineString", "coordinates": [ [ [ -99.217196617259546, 19.574249550111762, 0.0 ], [ -99.217015493777751, 19.573371026947846, 0.0 ], [ -99.216816337972674, 19.572517607654468, 0.0 ] ] ] } },
{ "type": "Feature", "properties": { "NOMBRE": "EMILIANO BARRERA" }, "geometry": { "type": "MultiLineString", "coordinates": [ [ [ -99.217587856271834, 19.572559457590685, 0.0 ], [ -99.216816337972674, 19.572517607654468, 0.0 ], [ -99.21656734865131, 19.572532238803998, 0.0 ], [ -99.215434808173185, 19.572516836439625, 0.0 ] ] ] } },
{ "type": "Feature", "properties": { "NOMBRE": null }, "geometry": { "type": "MultiLineString", "coordinates": [ [ [ -99.222604803198564, 19.578082669914455, 0.0 ], [ -99.221548319515108, 19.578493157179675, 0.0 ], [ -99.219856039854449, 19.579115703257827, 0.0 ], [ -99.219547056208569, 19.579236629195389, 0.0 ], [ -99.218974248065024, 19.579429774601891, 0.0 ], [ -99.218855408201208, 19.579452168257234, 0.0 ], [ -99.218709829368052, 19.579446569843675, 0.0 ], [ -99.217331286947854, 19.579312207860347, 0.0 ], [ -99.217031216291744, 19.57930940865111, 0.0 ], [ -99.216834014039378, 19.57936267909697, 0.0 ] ] ] } },
{ "type": "Feature", "properties": { "NOMBRE": "AV. MOCTEZUMA" }, "geometry": { "type": "MultiLineString", "coordinates": [ [ [ -99.22008805740191, 19.57964450713089, 0.0 ], [ -99.219856039854449, 19.579115703257827, 0.0 ], [ -99.219810231048328, 19.579049656756808, 0.0 ], [ -99.219464169364898, 19.578359929020607, 0.0 ], [ -99.219291138523218, 19.577953256997397, 0.0 ], [ -99.21905726167121, 19.577397888259146, 0.0 ] ] ] } },
{ "type": "Feature", "properties": { "NOMBRE": "CHIMALPOPOCA" }, "geometry": { "type": "MultiLineString", "coordinates": [ [ [ -99.221094698236456, 19.575991082693953, 0.0 ], [ -99.22076493109428, 19.576180840241136, 0.0 ], [ -99.219977616996516, 19.576569937406575, 0.0 ], [ -99.21969834331658, 19.576732294219312, 0.0 ], [ -99.219392330667276, 19.576933840379912, 0.0 ], [ -99.219338852728569, 19.577054208105487, 0.0 ], [ -99.219148708946477, 19.57726975008725, 0.0 ], [ -99.21905726167121, 19.577397888259146, 0.0 ], [ -99.218908058222212, 19.577566469746216, 0.0 ], [ -99.218735740419689, 19.578061934373757, 0.0 ], [ -99.218536683647812, 19.578719752287284, 0.0 ], [ -99.218755896685096, 19.579448341419191, 0.0 ] ] ] } },
{ "type": "Feature", "properties": { "NOMBRE": "DE LAS FLORES" }, "geometry": { "type": "MultiLineString", "coordinates": [ [ [ -99.216428359791763, 19.574280676202122, 0.0 ], [ -99.21600153225306, 19.574305285414429, 0.0 ], [ -99.215169653206402, 19.574347834710231, 0.0 ], [ -99.214898698316929, 19.57436798963591, 0.0 ], [ -99.214682409764805, 19.574343355837541, 0.0 ], [ -99.214366295727018, 19.574276172731896, 0.0 ], [ -99.214190412728584, 19.574197792406515, 0.0 ], [ -99.214098202897759, 19.574115450101115, 0.0 ] ] ] } },
{ "type": "Feature", "properties": { "NOMBRE": "AV. CONSTITUYENTES" }, "geometry": { "type": "MultiLineString", "coordinates": [ [ [ -99.227081729254806, 19.588697762812981, 0.0 ], [ -99.2265154514767, 19.588675836134055, 0.0 ], [ -99.225927194150813, 19.588642247573649, 0.0 ], [ -99.225475602668283, 19.588633850432387, 0.0 ], [ -99.225145822046215, 19.588617056148703, 0.0 ], [ -99.224572419703293, 19.588580668528078, 0.0 ] ] ] } },
{ "type": "Feature", "properties": { "NOMBRE": "ALPINÍSMO" }, "geometry": { "type": "MultiLineString", "coordinates": [ [ [ -99.226449888268235, 19.581485642960324, 0.0 ], [ -99.226474996406239, 19.582155465468468, 0.0 ], [ -99.226507677368787, 19.582488565133456, 0.0 ], [ -99.226552242317723, 19.582841258145706, 0.0 ], [ -99.22661166224961, 19.583583030611194, 0.0 ], [ -99.226483909396038, 19.584056083720082, 0.0 ], [ -99.226344272556076, 19.584299607559892, 0.0 ], [ -99.226059056882931, 19.584484349537529, 0.0 ], [ -99.225595581414026, 19.584604711621079, 0.0 ], [ -99.224353704837199, 19.584954600887841, 0.0 ], [ -99.224083344146976, 19.58503857419889, 0.0 ] ] ] } },
{ "type": "Feature", "properties": { "NOMBRE": "DESNIVEL" }, "geometry": { "type": "MultiLineString", "coordinates": [ [ [ -99.224083344146976, 19.58503857419889, 0.0 ], [ -99.223706027579397, 19.585251306390585, 0.0 ] ] ] } },
{ "type": "Feature", "properties": { "NOMBRE": "JOSEFA ORTÍZ DE DOMÍNGUEZ" }, "geometry": { "type": "MultiLineString", "coordinates": [ [ [ -99.223706027579397, 19.585251306390585, 0.0 ], [ -99.223524796787032, 19.585424850865092, 0.0 ], [ -99.223444579878972, 19.585567605050709, 0.0 ], [ -99.223426753899389, 19.585685167226213, 0.0 ], [ -99.223521825790499, 19.586130223256099, 0.0 ], [ -99.224335878857644, 19.58654448814087, 0.0 ], [ -99.224656746489913, 19.586804802691994, 0.0 ] ] ] } },
{ "type": "Feature", "properties": { "NOMBRE": "JOSE MARÍA MORELOS Y PAVÓN" }, "geometry": { "type": "MultiLineString", "coordinates": [ [ [ -99.224453052875589, 19.584926610362682, 0.0 ], [ -99.224675760868109, 19.586061925429551, 0.0 ], [ -99.224775586353715, 19.586612785762636, 0.0 ] ] ] } },
{ "type": "Feature", "properties": { "NOMBRE": "MARGARITAS" }, "geometry": { "type": "MultiLineString", "coordinates": [ [ [ -99.224775586353715, 19.586612785762636, 0.0 ], [ -99.224656746489913, 19.586804802691994, 0.0 ], [ -99.224512950254706, 19.587071834600842, 0.0 ], [ -99.224423820356847, 19.587196113451359, 0.0 ], [ -99.224199213014245, 19.587364057691644, 0.0 ], [ -99.223960344887942, 19.587535360636238, 0.0 ], [ -99.223749998329012, 19.587726816652772, 0.0 ], [ -99.22341843510894, 19.588129881206587, 0.0 ], [ -99.223254436096866, 19.588294465609415, 0.0 ], [ -99.222790960628046, 19.588133240073631, 0.0 ], [ -99.222124268992047, 19.587773840902685, 0.0 ], [ -99.22136488226225, 19.58735398104217, 0.0 ], [ -99.220871834124452, 19.587103434183394, 0.0 ] ] ] } },
{ "type": "Feature", "properties": { "NOMBRE": "MÉXICO 86" }, "geometry": { "type": "MultiLineString", "coordinates": [ [ [ -99.226556212901286, 19.582890825282522, 0.0 ], [ -99.225907139923621, 19.583000249663694, 0.0 ], [ -99.225176274761154, 19.58309542056767, 0.0 ], [ -99.224780830825452, 19.583174000203403, 0.0 ] ] ] } },
{ "type": "Feature", "properties": { "NOMBRE": "PROL. OLÍMPICA" }, "geometry": { "type": "MultiLineString", "coordinates": [ [ [ -99.224741345939265, 19.583098248446916, 0.0 ], [ -99.224033480920752, 19.58337776058525, 0.0 ], [ -99.223420267223531, 19.583589375316869, 0.0 ], [ -99.223070878023876, 19.583710297895802, 0.0 ], [ -99.222881922640426, 19.583780836024928, 0.0 ], [ -99.222785662350745, 19.583797630813013, 0.0 ], [ -99.222725054020202, 19.583804348727782, 0.0 ], [ -99.222678706473317, 19.583760682276925, 0.0 ], [ -99.222610967750953, 19.58366663141944, 0.0 ] ] ] } },
{ "type": "Feature", "properties": { "NOMBRE": "TULIPÁN" }, "geometry": { "type": "MultiLineString", "coordinates": [ [ [ -99.222610967750953, 19.58366663141944, 0.0 ], [ -99.221370279572767, 19.584202944501207, 0.0 ] ] ] } },
{ "type": "Feature", "properties": { "NOMBRE": "AZUCENAS" }, "geometry": { "type": "MultiLineString", "coordinates": [ [ [ -99.221370279572767, 19.584202944501207, 0.0 ], [ -99.22129897565442, 19.584320507672967, 0.0 ], [ -99.221257381702088, 19.584508048745523, 0.0 ], [ -99.221275207681643, 19.584639607278064, 0.0 ], [ -99.221319772630579, 19.58479075950185, 0.0 ], [ -99.221462380467202, 19.58498109913738, 0.0 ], [ -99.22155448136165, 19.585104259958165, 0.0 ], [ -99.221685205211855, 19.585305795643514, 0.0 ], [ -99.22177136411311, 19.585484938263185, 0.0 ], [ -99.221815929062018, 19.585619295097157, 0.0 ], [ -99.221836726038219, 19.585720062649067, 0.0 ], [ -99.221852803717226, 19.586028094193093, 0.0 ] ] ] } },
{ "type": "Feature", "properties": { "NOMBRE": "ATLETAS" }, "geometry": { "type": "MultiLineString", "coordinates": [ [ [ -99.224581221401607, 19.582768952990225, 0.0 ], [ -99.223599517351403, 19.582053874598731, 0.0 ], [ -99.223360649225143, 19.581869129833159, 0.0 ], [ -99.22316456344987, 19.581748205871751, 0.0 ], [ -99.22276882670333, 19.581667589847132, 0.0 ], [ -99.22241587230782, 19.581677666852407, 0.0 ], [ -99.221873962528875, 19.581852334843845, 0.0 ], [ -99.221044566860371, 19.58212390085508, 0.0 ], [ -99.220544144452774, 19.582329311855755, 0.0 ], [ -99.220119886138917, 19.582772697670304, 0.0 ], [ -99.219717019000612, 19.583206005355173, 0.0 ], [ -99.21936406460506, 19.583595645378807, 0.0 ], [ -99.219143022458383, 19.583756875457617, 0.0 ], [ -99.218330512839415, 19.583880921719828, 0.0 ] ] ] } },
{ "type": "Feature", "properties": { "NOMBRE": "2 DE ABRIL" }, "geometry": { "type": "MultiLineString", "coordinates": [ [ [ -99.23026807289088, 19.575383238636238, 0.0 ], [ -99.230256005513439, 19.575826310320863, 0.0 ], [ -99.230229860743407, 19.576336896309286, 0.0 ], [ -99.230198962378807, 19.576919141514303, 0.0 ], [ -99.23014191924419, 19.577660381403909, 0.0 ], [ -99.230127658460532, 19.578222467384833, 0.0 ] ] ] } },
{ "type": "Feature", "properties": { "NOMBRE": "AV. MIGUEL HIDALGO" }, "geometry": { "type": "MultiLineString", "coordinates": [ [ [ -99.231567905438951, 19.575363759703514, 0.0 ], [ -99.231420826322591, 19.575864007148748, 0.0 ], [ -99.231270612734733, 19.576406840491874, 0.0 ], [ -99.231120399146874, 19.576736480969466, 0.0 ], [ -99.230835183473729, 19.577189735524826, 0.0 ], [ -99.230373134083194, 19.577854387132085, 0.0 ], [ -99.230127658460532, 19.578222467384833, 0.0 ], [ -99.229930099070899, 19.578692811663327, 0.0 ], [ -99.229821717115129, 19.578882710630587, 0.0 ], [ -99.229637277646489, 19.579104856308231, 0.0 ], [ -99.229241778579691, 19.579497193490425, 0.0 ], [ -99.228448879008354, 19.580147503701593, 0.0 ], [ -99.227943096547946, 19.580652701557884, 0.0 ], [ -99.227794784397886, 19.580840806737839, 0.0 ], [ -99.227726332636351, 19.581039660546388, 0.0 ], [ -99.22769400819341, 19.581202684656592, 0.0 ], [ -99.227695909631223, 19.58133883653446, 0.0 ], [ -99.227747248452374, 19.581498277402982, 0.0 ], [ -99.22791077210502, 19.581956892953663, 0.0 ], [ -99.227994435369155, 19.58227935623092, 0.0 ], [ -99.228019154060775, 19.582449544922646, 0.0 ], [ -99.228015351185149, 19.5826519796585, 0.0 ], [ -99.227952431062789, 19.582905122054349, 0.0 ] ] ] } },
{ "type": "Feature", "properties": { "NOMBRE": "AV. MORELOS" }, "geometry": { "type": "MultiLineString", "coordinates": [ [ [ -99.22976130697235, 19.578955470861469, 0.0 ], [ -99.229953411490939, 19.579431662199916, 0.0 ], [ -99.230269525528698, 19.580190805370719, 0.0 ], [ -99.230345583041498, 19.58030277308724, 0.0 ], [ -99.230438278135267, 19.580390107852132, 0.0 ], [ -99.230583262769116, 19.580517750884837, 0.0 ], [ -99.230630798714643, 19.580598367484967, 0.0 ], [ -99.230661697079228, 19.580822302273731, 0.0 ], [ -99.230685465051991, 19.581411249281768, 0.0 ], [ -99.230604653944596, 19.581883748936676, 0.0 ], [ -99.230483437283524, 19.582217408995405, 0.0 ], [ -99.230333699055137, 19.582555547007637, 0.0 ], [ -99.230245757555906, 19.582665273759606, 0.0 ], [ -99.230131671286657, 19.582824265451332, 0.0 ] ] ] } },
{ "type": "Feature", "properties": { "NOMBRE": "BENITO JUÁREZ" }, "geometry": { "type": "MultiLineString", "coordinates": [ [ [ -99.230131671286657, 19.582824265451332, 0.0 ], [ -99.228799238733572, 19.581991516732611, 0.0 ], [ -99.228724369619314, 19.582025106680202, 0.0 ], [ -99.228139677489395, 19.582555826922796, 0.0 ], [ -99.228015351185149, 19.5826519796585, 0.0 ] ] ] } },
{ "type": "Feature", "properties": { "NOMBRE": "PROL. MORELOS" }, "geometry": { "type": "MultiLineString", "coordinates": [ [ [ -99.230131671286657, 19.582824265451332, 0.0 ], [ -99.230327816481932, 19.583197615394909, 0.0 ], [ -99.230583322189105, 19.583687464435563, 0.0 ], [ -99.230797233943946, 19.584163316362584, 0.0 ], [ -99.23117157951495, 19.584933073855982, 0.0 ], [ -99.231352810307328, 19.585218582972654, 0.0 ], [ -99.231602374021293, 19.58554607810068, 0.0 ] ] ] } },
{ "type": "Feature", "properties": { "NOMBRE": "PROL. BLVD. LOMAS DE LA HACIENDA" }, "geometry": { "type": "MultiLineString", "coordinates": [ [ [ -99.233009999415103, 19.586436144678803, 0.0 ], [ -99.232966061458512, 19.586271043579369, 0.0 ], [ -99.232894757540237, 19.586251449960756, 0.0 ], [ -99.232695700768375, 19.586234655428576, 0.0 ], [ -99.232490702003318, 19.586178673641957, 0.0 ], [ -99.232336210180307, 19.586097500016759, 0.0 ], [ -99.232101501449279, 19.585960344488104, 0.0 ], [ -99.231884618697833, 19.585792398783937, 0.0 ], [ -99.231602374021293, 19.58554607810068, 0.0 ] ] ] } },
{ "type": "Feature", "properties": { "NOMBRE": "PROL. MORELOS" }, "geometry": { "type": "MultiLineString", "coordinates": [ [ [ -99.230190476972666, 19.582742313317098, 0.0 ], [ -99.230352970919739, 19.583001115532422, 0.0 ], [ -99.23055499868822, 19.583431063637732, 0.0 ], [ -99.230721374497605, 19.583769199101869, 0.0 ], [ -99.23103986533259, 19.584438750012012, 0.0 ], [ -99.231272791465656, 19.584897805047579, 0.0 ], [ -99.231365486559426, 19.585061273110135, 0.0 ], [ -99.231657832624435, 19.585446430081053, 0.0 ], [ -99.231914526730264, 19.58568827235932, 0.0 ], [ -99.232042279583936, 19.585779522939351, 0.0 ] ] ] } },
{ "type": "Feature", "properties": { "NOMBRE": "PROL. BLVD. LOMAS DE LA HACIENDA" }, "geometry": { "type": "MultiLineString", "coordinates": [ [ [ -99.233456111134359, 19.58595563979415, 0.0 ], [ -99.233213644508197, 19.586089177385329, 0.0 ], [ -99.233035384712494, 19.586145159203074, 0.0 ], [ -99.232909414456856, 19.586156355564274, 0.0 ], [ -99.232728777863898, 19.586145159203067, 0.0 ], [ -99.232576662838142, 19.58610933084196, 0.0 ], [ -99.232360374286031, 19.586015281356161, 0.0 ], [ -99.232042279583936, 19.585779522939351, 0.0 ] ] ] } },
{ "type": "Feature", "properties": { "NOMBRE": "CDA. LAGO DE GUADALUPE" }, "geometry": { "type": "MultiLineString", "coordinates": [ [ [ -99.230712442949368, 19.58397469689093, 0.0 ], [ -99.229799890193576, 19.583908371869661, 0.0 ], [ -99.229703629903895, 19.583857987534792, 0.0 ], [ -99.229461196581681, 19.583844551709483, 0.0 ], [ -99.22865189710916, 19.583787449439448, 0.0 ], [ -99.227915018596391, 19.583743058641826, 0.0 ] ] ] } },
{ "type": "Feature", "properties": { "NOMBRE": "AV. HDA. DE CARINDA PAZ" }, "geometry": { "type": "MultiLineString", "coordinates": [ [ [ -99.234256026591211, 19.582565280672188, 0.0 ], [ -99.234680686975139, 19.582649848571158, 0.0 ], [ -99.234971606961821, 19.582755544484037, 0.0 ], [ -99.235779718035829, 19.58321773935571, 0.0 ], [ -99.236236063112898, 19.583495413931615, 0.0 ], [ -99.236348366784199, 19.583614545135077, 0.0 ], [ -99.236416699705885, 19.583816082684717, 0.0 ], [ -99.236419670702475, 19.584230353522607, 0.0 ], [ -99.236315685821651, 19.584409497338623, 0.0 ], [ -99.23562641461146, 19.584767784372964, 0.0 ], [ -99.235094606220855, 19.585084083982778, 0.0 ], [ -99.234425932522925, 19.584797316354635, 0.0 ] ] ] } },
{ "type": "Feature", "properties": { "NOMBRE": "LOMA CENTRO" }, "geometry": { "type": "MultiLineString", "coordinates": [ [ [ -99.238610279486906, 19.586123901833652, 0.0 ], [ -99.23848563241188, 19.586172644402431, 0.0 ], [ -99.23738279847565, 19.586347307518896, 0.0 ], [ -99.236113232210457, 19.586570450570765, 0.0 ] ] ] } },
{ "type": "Feature", "properties": { "NOMBRE": "AV. CEREZOS" }, "geometry": { "type": "MultiLineString", "coordinates": [ [ [ -99.236113232210457, 19.586570450570765, 0.0 ], [ -99.236173384988192, 19.586941272660631, 0.0 ], [ -99.236280340865619, 19.587489890731877, 0.0 ], [ -99.236392679576781, 19.588109206203342, 0.0 ], [ -99.236402151726011, 19.588265230430853, 0.0 ], [ -99.236545290004344, 19.589056786237784, 0.0 ], [ -99.236582765105624, 19.589277056620034, 0.0 ] ] ] } },
{ "type": "Feature", "properties": { "NOMBRE": "AV. CEREZOS" }, "geometry": { "type": "MultiLineString", "coordinates": [ [ [ -99.236451835517116, 19.589346253738796, 0.0 ], [ -99.23644126082327, 19.589138878495596, 0.0 ], [ -99.23623180049276, 19.588149248477418, 0.0 ] ] ] } },
{ "type": "Feature", "properties": { "NOMBRE": "PROL. HDA. DE STA. ROSALÍA" }, "geometry": { "type": "MultiLineString", "coordinates": [ [ [ -99.232042279583936, 19.585779522939351, 0.0 ], [ -99.232194943253887, 19.585760020698192, 0.0 ], [ -99.232701201073752, 19.585729790446731, 0.0 ], [ -99.232840243714406, 19.585672688845129, 0.0 ], [ -99.232932938808176, 19.585585356944641, 0.0 ], [ -99.232993547138719, 19.585477871463805, 0.0 ], [ -99.233022068706092, 19.585356950212063, 0.0 ], [ -99.232986416746897, 19.585168850306676, 0.0 ], [ -99.232726157445171, 19.584550806213329, 0.0 ], [ -99.232198508449784, 19.583271044327454, 0.0 ] ] ] } },
{ "type": "Feature", "properties": { "NOMBRE": "PROL. HDA. REAL DEL PUENTE" }, "geometry": { "type": "MultiLineString", "coordinates": [ [ [ -99.234348598511573, 19.584739708903012, 0.0 ], [ -99.234159603882546, 19.584405363970642, 0.0 ], [ -99.23396946010044, 19.584122652537751, 0.0 ], [ -99.233746635355757, 19.583954704916838, 0.0 ], [ -99.233366347791517, 19.583744770144587, 0.0 ], [ -99.232870191360135, 19.583509642874706, 0.0 ], [ -99.232365121938884, 19.583280113541935, 0.0 ], [ -99.232198508449784, 19.583271044327454, 0.0 ] ] ] } },
{ "type": "Feature", "properties": { "NOMBRE": "RÍO MORITAS" }, "geometry": { "type": "MultiLineString", "coordinates": [ [ [ -99.241644897792042, 19.57560273207914, 0.0 ], [ -99.241393178423252, 19.575593024611599, 0.0 ], [ -99.240929702954361, 19.575598623159063, 0.0 ], [ -99.240656371267562, 19.575626615893409, 0.0 ], [ -99.240371155594431, 19.575671404258269, 0.0 ], [ -99.240204779785103, 19.575693798435974, 0.0 ], [ -99.240127533873562, 19.575665805713328, 0.0 ] ] ] } },
{ "type": "Feature", "properties": { "NOMBRE": "25 DE DICIEMBRE" }, "geometry": { "type": "MultiLineString", "coordinates": [ [ [ -99.240127533873562, 19.575665805713328, 0.0 ], [ -99.239931448098361, 19.575469856518442, 0.0 ], [ -99.238844063344402, 19.574378135212896, 0.0 ], [ -99.237539084760073, 19.573139778474705, 0.0 ] ] ] } },
{ "type": "Feature", "properties": { "NOMBRE": "BOSQUE DE ARRAYAN" }, "geometry": { "type": "MultiLineString", "coordinates": [ [ [ -99.28704453878369, 19.549661378014932, 0.0 ], [ -99.286992747228339, 19.549608253336164, 0.0 ], [ -99.28653836310238, 19.549391986169883, 0.0 ], [ -99.286435460076234, 19.549322808680127, 0.0 ], [ -99.286387445013617, 19.549270281521878, 0.0 ], [ -99.286364660641098, 19.549222496467785, 0.0 ], [ -99.286348100640041, 19.549128673657215, 0.0 ], [ -99.286370005559434, 19.549035387627775, 0.0 ], [ -99.286413981970995, 19.548943262126897, 0.0 ], [ -99.286468399599968, 19.548860245930843, 0.0 ], [ -99.286764741938342, 19.548706747910774, 0.0 ], [ -99.287917784103072, 19.548071761216999, 0.0 ], [ -99.288095208084954, 19.547993051585571, 0.0 ], [ -99.288183972645484, 19.547983345752687, 0.0 ], [ -99.288307073121132, 19.547992713546964, 0.0 ], [ -99.288414099481571, 19.548040363866861, 0.0 ], [ -99.288507038956382, 19.548109077941426, 0.0 ], [ -99.288628451683707, 19.548303994378642, 0.0 ], [ -99.288811148963887, 19.548657537115876, 0.0 ] ] ] } },
{ "type": "Feature", "properties": { "NOMBRE": "BOSQUE DE AMATES" }, "geometry": { "type": "MultiLineString", "coordinates": [ [ [ -99.286468399599968, 19.548860245930843, 0.0 ], [ -99.286447114932173, 19.548757073607899, 0.0 ], [ -99.286386456904239, 19.548686394444839, 0.0 ], [ -99.28634801464851, 19.548627157126315, 0.0 ], [ -99.286339778231863, 19.548533440665299, 0.0 ], [ -99.286355613321106, 19.548359346454117, 0.0 ], [ -99.286401934218532, 19.54830953898237, 0.0 ], [ -99.286589414271631, 19.548211686402443, 0.0 ], [ -99.286866882440265, 19.548071502888174, 0.0 ], [ -99.287041491089013, 19.547969366377327, 0.0 ], [ -99.287178281727961, 19.547875897641571, 0.0 ], [ -99.287364898752216, 19.547718508261056, 0.0 ], [ -99.287493308575662, 19.547592773321977, 0.0 ], [ -99.287589220010474, 19.547488609569168, 0.0 ], [ -99.287806712913152, 19.547248679030844, 0.0 ], [ -99.287957746658208, 19.547080585966025, 0.0 ], [ -99.288241720991977, 19.546782446173385, 0.0 ], [ -99.288329329925375, 19.546690489679328, 0.0 ], [ -99.288501449494831, 19.546466411715667, 0.0 ], [ -99.288585823659702, 19.546257537460622, 0.0 ], [ -99.288660099683625, 19.545901629144492, 0.0 ], [ -99.288678692159721, 19.545589466541319, 0.0 ], [ -99.288641954689282, 19.54535424498193, 0.0 ], [ -99.28847394615579, 19.545052283403837, 0.0 ], [ -99.288308149584751, 19.544859350449862, 0.0 ], [ -99.288152475961468, 19.544685529667952, 0.0 ], [ -99.288063489211638, 19.544568987860554, 0.0 ], [ -99.287988568940023, 19.544419905167882, 0.0 ], [ -99.287946030640853, 19.544326243422415, 0.0 ], [ -99.287943761896202, 19.544184696285548, 0.0 ], [ -99.287965586978942, 19.543976161061121, 0.0 ], [ -99.288015517439533, 19.543687241405049, 0.0 ], [ -99.288063542010633, 19.543461448756492, 0.0 ], [ -99.288101427027755, 19.543206979537302, 0.0 ], [ -99.288117310698169, 19.543061577742353, 0.0 ], [ -99.288102993338413, 19.542952568223591, 0.0 ], [ -99.288038172465889, 19.542809207956729, 0.0 ], [ -99.28793299439559, 19.542663999136028, 0.0 ], [ -99.287837938892793, 19.542537902607062, 0.0 ], [ -99.287702753358914, 19.542538117927844, 0.0 ], [ -99.287638214239962, 19.542553523476084, 0.0 ], [ -99.287606036151089, 19.542612873003073, 0.0 ], [ -99.28759403500132, 19.542672190407369, 0.0 ], [ -99.287608284231851, 19.542742943114892, 0.0 ], [ -99.287658794432105, 19.542781119668152, 0.0 ], [ -99.287702555531197, 19.542882517291588, 0.0 ], [ -99.287919572608558, 19.543059980125921, 0.0 ], [ -99.288002620660436, 19.543241568340669, 0.0 ], [ -99.287918772566059, 19.543746693903376, 0.0 ], [ -99.287874756007838, 19.543957177338289, 0.0 ], [ -99.287863192341021, 19.54426325145279, 0.0 ], [ -99.287913960865453, 19.544446803958103, 0.0 ], [ -99.287988915010402, 19.544615015107276, 0.0 ], [ -99.288067792761325, 19.544720095983593, 0.0 ], [ -99.288253745768728, 19.544901519918024, 0.0 ], [ -99.288366945542435, 19.545018022975434, 0.0 ], [ -99.288567342899768, 19.545379231201057, 0.0 ], [ -99.288596216751458, 19.54573114904429, 0.0 ], [ -99.288594586643697, 19.545949216274117, 0.0 ], [ -99.288550536409559, 19.546140571397917, 0.0 ], [ -99.288444123007253, 19.546437232710872, 0.0 ], [ -99.288287160258264, 19.546674676364869, 0.0 ], [ -99.288099862928604, 19.546873911315945, 0.0 ], [ -99.287529947981895, 19.547500320490101, 0.0 ], [ -99.28731038494611, 19.547711083067249, 0.0 ], [ -99.28718346578836, 19.547824142893525, 0.0 ], [ -99.287104871243741, 19.547879740406813, 0.0 ], [ -99.286945647323861, 19.547981374327289, 0.0 ], [ -99.286641248928731, 19.548142536813724, 0.0 ], [ -99.286397328920501, 19.548272997350491, 0.0 ], [ -99.286296548573176, 19.548334368232684, 0.0 ], [ -99.286244208063863, 19.548403313690841, 0.0 ], [ -99.286201969843233, 19.548479894516444, 0.0 ], [ -99.286177925232337, 19.548575574980688, 0.0 ], [ -99.286200262347378, 19.54865587917643, 0.0 ], [ -99.286214501415827, 19.548720893422313, 0.0 ], [ -99.286217106052405, 19.549053724718501, 0.0 ], [ -99.286215459286751, 19.549264140520499, 0.0 ], [ -99.286171216544162, 19.549348375899328, 0.0 ], [ -99.286069726761838, 19.549437129802953, 0.0 ] ] ] } },
{ "type": "Feature", "properties": { "NOMBRE": "PROL. ALFREDO DEL MAZO" }, "geometry": { "type": "MultiLineString", "coordinates": [ [ [ -99.269700894556436, 19.572891966824319, 0.0 ], [ -99.270321232641024, 19.572799847482059, 0.0 ], [ -99.27157605204485, 19.572696343380859, 0.0 ], [ -99.272345321617522, 19.572623452272026, 0.0 ], [ -99.27261331656247, 19.572605114663247, 0.0 ], [ -99.272817565782248, 19.572556984862469, 0.0 ], [ -99.273077194995253, 19.572439430434819, 0.0 ], [ -99.273283817311366, 19.572302827484755, 0.0 ], [ -99.273434756963965, 19.572056320158065, 0.0 ], [ -99.273555251758253, 19.571707043492921, 0.0 ], [ -99.273640627825117, 19.571474981699726, 0.0 ], [ -99.273716082929141, 19.571343359228202, 0.0 ], [ -99.273809228185925, 19.571230838324109, 0.0 ], [ -99.273998210596574, 19.571106216601493, 0.0 ], [ -99.274431634465088, 19.570835368736855, 0.0 ], [ -99.275197851716882, 19.570456415147209, 0.0 ], [ -99.275393253522964, 19.570316842396423, 0.0 ], [ -99.275459338505115, 19.570239032240437, 0.0 ], [ -99.275506570320971, 19.570200105490954, 0.0 ] ] ] } },
{ "type": "Feature", "properties": { "NOMBRE": null }, "geometry": { "type": "MultiLineString", "coordinates": [ [ [ -99.286195368409878, 19.543162680557874, 0.0 ], [ -99.286148325121232, 19.543253628580281, 0.0 ], [ -99.286098789754703, 19.543381742073361, 0.0 ], [ -99.286060623169377, 19.543549774511725, 0.0 ], [ -99.286028197654431, 19.543755457052903, 0.0 ], [ -99.286003207920771, 19.543887004940043, 0.0 ], [ -99.285960660012023, 19.544073575004411, 0.0 ], [ -99.285777002330462, 19.54433449119864, 0.0 ], [ -99.285611474945043, 19.544579119332521, 0.0 ], [ -99.285448520503479, 19.544852914183505, 0.0 ], [ -99.285239366148261, 19.545245378424866, 0.0 ], [ -99.285095658450615, 19.545531857202622, 0.0 ], [ -99.285030345120106, 19.545714356131562, 0.0 ], [ -99.284932207976127, 19.546131511824363, 0.0 ], [ -99.284783898513481, 19.546703687236754, 0.0 ], [ -99.284677799856624, 19.547183979289173, 0.0 ], [ -99.284603565540607, 19.547425115088902, 0.0 ], [ -99.284559412974986, 19.54756099684122, 0.0 ], [ -99.284545493196532, 19.547677702481717, 0.0 ], [ -99.284555891185079, 19.547770439735583, 0.0 ], [ -99.284568023860174, 19.54786895175933, 0.0 ], [ -99.284603361658952, 19.547959300231494, 0.0 ], [ -99.284644957055974, 19.548016119811471, 0.0 ], [ -99.284705600659976, 19.548079148207936, 0.0 ], [ -99.284782342804178, 19.54811728418365, 0.0 ], [ -99.285018528709259, 19.54817812277652, 0.0 ], [ -99.285198180376725, 19.548218009007751, 0.0 ], [ -99.285339447502594, 19.548231175834559, 0.0 ], [ -99.285441772729115, 19.54823402475423, 0.0 ], [ -99.285571483827468, 19.548226983440305, 0.0 ], [ -99.285680429705295, 19.548219159774717, 0.0 ], [ -99.285747022701131, 19.54822288013407, 0.0 ], [ -99.285799525018078, 19.548245751238966, 0.0 ], [ -99.285870197350263, 19.548274332114822, 0.0 ], [ -99.28592475789813, 19.548320154094434, 0.0 ], [ -99.285989414053134, 19.54836978576742, 0.0 ], [ -99.28601934348751, 19.548467922475684, 0.0 ], [ -99.286044197131162, 19.548541855283862, 0.0 ], [ -99.286066483610924, 19.548593466867267, 0.0 ], [ -99.286117106556119, 19.548694767593815, 0.0 ], [ -99.286200010554055, 19.548794104310247, 0.0 ] ] ] } },
{ "type": "Feature", "properties": { "NOMBRE": "AV. DE LAS GRANJAS" }, "geometry": { "type": "MultiLineString", "coordinates": [ [ [ -99.245687348734947, 19.545009835657755, 0.0 ], [ -99.245164617443692, 19.54491872886706, 0.0 ], [ -99.2443472434299, 19.544791675111192, 0.0 ], [ -99.243091980660793, 19.544636514600629, 0.0 ], [ -99.242468428440262, 19.54458761839183, 0.0 ], [ -99.241249496479711, 19.544438134839467, 0.0 ], [ -99.240973031142659, 19.544413636721721, 0.0 ], [ -99.240006628250427, 19.544474221653932, 0.0 ], [ -99.239847227865084, 19.544474433350096, 0.0 ], [ -99.239500105556502, 19.544425159670507, 0.0 ], [ -99.238807917992801, 19.544261586969231, 0.0 ] ] ] } },
{ "type": "Feature", "properties": { "NOMBRE": "CAMINO A MADÍN" }, "geometry": { "type": "MultiLineString", "coordinates": [ [ [ -99.267222302843365, 19.526331840993727, 0.0 ], [ -99.267258430161903, 19.526353345979793, 0.0 ], [ -99.267332586236932, 19.526351553897797, 0.0 ], [ -99.267401037998482, 19.526317504334841, 0.0 ], [ -99.267469489760074, 19.526231484354167, 0.0 ], [ -99.267634914850476, 19.525942958667986, 0.0 ], [ -99.267897313269785, 19.52550927312701, 0.0 ], [ -99.267948652090922, 19.525460886651405, 0.0 ], [ -99.268015202414645, 19.525417876438794, 0.0 ], [ -99.268186331818512, 19.525358737377712, 0.0 ], [ -99.268610352452598, 19.525231498718487, 0.0 ], [ -99.268918385379578, 19.525141893968705, 0.0 ], [ -99.269005851519395, 19.525138309777567, 0.0 ], [ -99.269116134912949, 19.525183112159805, 0.0 ], [ -99.269386139083551, 19.525330063885864, 0.0 ], [ -99.269517675006114, 19.525440781618599, 0.0 ], [ -99.269584225329851, 19.525594901472378, 0.0 ], [ -99.269603239708047, 19.525804575921018, 0.0 ], [ -99.269578521016356, 19.525951527081833, 0.0 ], [ -99.269443518931084, 19.526594884858849, 0.0 ], [ -99.269397884423384, 19.526874448999529, 0.0 ], [ -99.269371264293866, 19.527014230888533, 0.0 ], [ -99.269356052791338, 19.527134299850413, 0.0 ], [ -99.26932372834834, 19.527281249801881, 0.0 ], [ -99.269234360770795, 19.527526763446751, 0.0 ], [ -99.269124077377157, 19.527826038699054, 0.0 ], [ -99.269996837336961, 19.527854711748031, 0.0 ], [ -99.270145149487007, 19.527795573578942, 0.0 ], [ -99.270255432880589, 19.52768446544523, 0.0 ], [ -99.270508324110779, 19.527218527277885, 0.0 ], [ -99.270846780042859, 19.526686280881098, 0.0 ], [ -99.271310730871164, 19.525958695427683, 0.0 ], [ -99.271550312036595, 19.525628951187617, 0.0 ], [ -99.271883063655238, 19.525053689244515, 0.0 ], [ -99.272073207437344, 19.524747240457355, 0.0 ], [ -99.272145462074548, 19.524614625012635, 0.0 ], [ -99.272160673577076, 19.524503514691311, 0.0 ], [ -99.272151166388042, 19.524413909537827, 0.0 ], [ -99.272135954885456, 19.524333264857198, 0.0 ], [ -99.272096024691223, 19.524259788557551, 0.0 ], [ -99.271991445611079, 19.524159430630842, 0.0 ], [ -99.271877359341829, 19.524093122680902, 0.0 ], [ -99.271768977385989, 19.524057280534411, 0.0 ], [ -99.271179531661517, 19.523987388325953, 0.0 ], [ -99.270751708151764, 19.52395871459062, 0.0 ], [ -99.270630016131207, 19.523967675133445, 0.0 ], [ -99.270502619797227, 19.524019646272002, 0.0 ], [ -99.270399942154896, 19.524127172712706, 0.0 ], [ -99.270282053009964, 19.524295630659076, 0.0 ], [ -99.270232615626654, 19.524406741123347, 0.0 ], [ -99.27016416386509, 19.524530396227696, 0.0 ], [ -99.270061486222744, 19.524668388043885, 0.0 ], [ -99.269894159694488, 19.524817132337223, 0.0 ], [ -99.269262882337927, 19.525259780207239, 0.0 ] ] ] } },
{ "type": "Feature", "properties": { "NOMBRE": "AV. DE LA MANZANA" }, "geometry": { "type": "MultiLineString", "coordinates": [ [ [ -99.217101370055858, 19.566534001941033, 0.0 ], [ -99.217119644387324, 19.566663144068595, 0.0 ], [ -99.217549072505932, 19.567747471954888, 0.0 ], [ -99.218052953528655, 19.568988165716583, 0.0 ], [ -99.218552080956826, 19.570327387614874, 0.0 ], [ -99.218637645658816, 19.570587168500502, 0.0 ], [ -99.218632892064207, 19.571984603320953, 0.0 ], [ -99.218623384875116, 19.572907261977534, 0.0 ], [ -99.218618631280606, 19.574389775260091, 0.0 ], [ -99.218624177140839, 19.574629394706484, 0.0 ], [ -99.218664582694601, 19.574857816650869, 0.0 ], [ -99.218683597072811, 19.574974266929171, 0.0 ], [ -99.218674089883692, 19.575068322861902, 0.0 ], [ -99.218622024281373, 19.575181462288118, 0.0 ] ] ] } },
{ "type": "Feature", "properties": { "NOMBRE": "PROL. ÁLVARO OBREGÓN" }, "geometry": { "type": "MultiLineString", "coordinates": [ [ [ -99.21368371171441, 19.566320235096462, 0.0 ], [ -99.213703214842511, 19.56635288417225, 0.0 ], [ -99.21393138738101, 19.56740098895683, 0.0 ] ] ] } }
]
}
